ID,Education,Marital_Status,Income,Kidhome,Teenhome,Join_date,Recency,MntWines,MntFruits,MntMeatProducts,MntFishProducts,MntSweetProducts,MntGoldProds,NumDealsPurchases,NumWebPurchases,NumCatalogPurchases,NumStorePurchases,NumWebVisitsMonth,AcceptedCmp3,AcceptedCmp4,AcceptedCmp5,AcceptedCmp1,AcceptedCmp2,Complain,Response,Education_years,has_imputed_age,Age,Age_category,Minorhome,Adulthome,HouseholdSize,has_imputed_income,TotalSpend,NumAccepted,NumPurchases,MonthsSinceJoiningCapped,DaysSinceJoin,PercentGold,PercentDealPurchases,SpendPerPurchase,SpendPerMonth,PurchasesPerMonth,SpendPercIncomeMonth,Frequency,Monetary,R,F,M,FM_minus_2,RFM_score,RFplusM_score,Segment
5524,Graduation,Single,58138.0,0,0,2012-09-04,58,635,88,546,172,88,88,3,8,10,4,7,0,0,0,0,0,0,1,16,0,57,55-64,0,1,1,0,1529,0,22,24.0,761,0.0575539568345323,0.1363636363636363,69.5,63.708333333333336,0.9166666666666666,0.0131497471533248,22,1529,2,5,5,8,255,28,High value at risk
2174,Graduation,Single,46344.0,1,1,2014-03-08,38,11,1,6,2,1,6,2,1,1,2,5,0,0,0,0,0,0,0,16,0,60,55-64,2,1,3,0,21,0,4,6.936986301369863,211,0.2857142857142857,0.5,5.25,3.0272511848341237,0.5766192733017378,0.0007838558220699,4,21,2,1,1,0,211,20,Standard base
4141,Graduation,Together,71613.0,0,0,2013-08-21,26,426,49,127,111,21,42,1,8,2,10,4,0,0,0,0,0,0,0,16,0,49,45-54,0,2,2,0,734,0,20,13.47945205479452,410,0.0572207084468664,0.05,36.7,54.45325203252033,1.483739837398374,0.0091245866587106,20,734,3,4,4,6,344,36,Champions
6182,Graduation,Together,26646.0,1,0,2014-02-10,26,11,4,20,10,3,5,2,2,0,4,6,0,0,0,0,0,0,0,16,0,30,25-34,1,2,3,0,48,0,6,7.791780821917808,237,0.1041666666666666,0.3333333333333333,8.0,6.160337552742616,0.770042194092827,0.0027743019827708,6,48,3,2,2,2,322,32,Recents
5324,PhD,Married,58293.0,1,0,2014-01-19,94,173,43,118,46,27,15,5,5,3,6,5,0,0,0,0,0,0,0,22,0,33,25-34,1,2,3,0,407,0,14,8.515068493150684,259,0.0368550368550368,0.3571428571428571,29.071428571428573,47.79761904761905,1.6441441441441442,0.0098394563424669,14,407,1,3,3,4,133,14,Low-priority churn
7446,Master,Together,62513.0,0,1,2013-09-09,16,520,42,98,0,42,14,2,6,4,10,6,0,0,0,0,0,0,0,18,0,47,45-54,1,2,3,0,702,0,20,12.854794520547944,391,0.0199430199430199,0.1,35.1,54.60997442455243,1.555839727195226,0.0104829346391091,20,702,3,4,4,6,344,36,Champions
965,Graduation,Divorced,55635.0,0,1,2012-11-13,34,235,65,164,50,49,27,4,7,3,7,6,0,0,0,0,0,0,0,16,0,43,35-44,1,1,2,0,563,0,17,22.71780821917808,691,0.0479573712255772,0.2352941176470588,33.11764705882353,24.782320308731308,0.7483116256632899,0.0053453373542693,17,563,2,4,3,5,243,25,Standard base
6177,PhD,Married,33454.0,1,0,2013-05-08,32,76,10,56,3,1,23,2,4,0,4,8,0,0,0,0,0,0,0,22,0,29,25-34,1,2,3,0,146,0,8,16.931506849315067,515,0.1575342465753424,0.25,18.25,8.622977346278319,0.4724919093851133,0.0030930749134734,8,146,3,2,2,2,322,32,Recents
5899,PhD,Together,5648.0,1,1,2014-03-13,68,28,0,6,1,1,13,1,1,0,0,20,1,0,0,0,0,0,0,22,0,64,55-64,2,2,4,0,36,1,1,6.772602739726027,206,0.3611111111111111,1.0,36.0,5.315533980582525,0.1476537216828479,0.0112936274374982,1,36,1,1,1,0,111,10,Low-priority churn
1994,Graduation,Married,38872.0,1,0,2013-11-15,11,5,5,6,0,2,1,1,1,0,2,7,0,0,0,0,0,0,0,16,0,31,25-34,1,2,3,1,18,0,3,10.652054794520549,324,0.0555555555555555,0.3333333333333333,6.0,1.689814814814815,0.2816358024691358,0.0005216551187944,3,18,3,1,1,0,311,30,Recents
387,Basic,Married,7500.0,0,0,2012-11-13,59,6,16,11,11,1,16,1,2,0,3,8,0,0,0,0,0,0,0,12,0,38,35-44,0,2,2,0,45,0,5,22.71780821917808,691,0.3555555555555555,0.2,9.0,1.9808248914616495,0.2200916546068499,0.0031693198263386,5,45,2,1,2,1,212,21,Standard base
2125,Graduation,Divorced,63033.0,0,0,2013-11-15,82,194,61,480,225,112,30,1,3,4,8,2,0,0,0,0,0,0,0,16,0,55,55-64,0,1,1,0,1072,0,15,10.652054794520549,324,0.0279850746268656,0.0666666666666666,71.46666666666667,100.63786008230454,1.4081790123456792,0.0191590804973213,15,1072,1,3,4,5,134,15,Critical retention
8180,Master,Divorced,59354.0,1,1,2013-11-15,53,233,2,53,3,5,14,3,6,1,5,6,0,0,0,0,0,0,0,18,0,62,55-64,2,1,3,0,296,0,12,10.652054794520549,324,0.0472972972972973,0.25,24.666666666666668,27.788065843621403,1.126543209876543,0.0056181013937301,12,296,2,3,3,4,233,24,Standard base
2569,Graduation,Married,17323.0,0,0,2012-10-10,38,3,14,17,6,1,5,1,1,0,3,8,0,0,0,0,0,0,0,16,0,27,25-34,0,2,2,0,41,0,4,23.83561643835616,725,0.1219512195121951,0.25,10.25,1.720114942528736,0.167816091954023,0.0011915591589415,4,41,2,1,1,0,211,20,Standard base
2114,PhD,Single,82800.0,0,0,2012-11-24,23,1006,22,115,59,68,45,1,7,6,12,3,0,0,1,1,0,0,1,22,0,68,65-74,0,1,1,0,1270,2,25,22.356164383561644,680,0.0354330708661417,0.04,50.8,56.80759803921568,1.1182598039215683,0.0082329852230747,25,1270,3,5,5,8,355,38,Champions
9736,Graduation,Married,41850.0,1,1,2012-12-24,51,53,5,19,2,13,4,3,3,0,3,8,0,0,0,0,0,0,0,16,0,34,25-34,2,2,4,0,92,0,6,21.36986301369863,650,0.0434782608695652,0.5,15.333333333333334,4.305128205128205,0.2807692307692307,0.0012344453634776,6,92,2,2,2,2,222,22,Standard base
4939,Graduation,Together,37760.0,0,0,2012-08-31,20,84,5,38,150,12,28,2,4,1,6,7,0,0,0,0,0,0,0,16,0,68,65-74,0,2,2,0,289,0,11,24.0,765,0.0968858131487889,0.1818181818181818,26.272727272727277,12.041666666666666,0.4583333333333333,0.0038268008474576,11,289,3,3,3,4,333,34,Loyal
6565,Master,Married,76995.0,0,1,2013-03-28,91,1012,80,498,0,16,176,2,11,4,9,5,0,0,0,1,0,0,0,18,0,65,65-74,1,2,3,0,1606,1,24,18.27945205479452,556,0.1095890410958904,0.0833333333333333,66.91666666666667,87.85821342925661,1.3129496402877698,0.0136930782667845,24,1606,1,5,5,8,155,18,Critical retention
2278,2n Cycle,Single,33812.0,1,0,2012-11-03,86,4,17,19,30,24,39,2,2,1,3,6,0,0,0,0,0,0,0,18,0,29,25-34,1,1,2,0,94,0,6,23.046575342465754,701,0.4148936170212766,0.3333333333333333,15.666666666666666,4.078697099381835,0.2603423680456491,0.0014475442207672,6,94,1,2,2,2,122,12,Low-priority churn
9360,Graduation,Married,37040.0,0,0,2012-08-08,41,86,2,73,69,38,48,1,4,2,5,8,0,0,0,0,0,0,0,16,0,32,25-34,0,2,2,0,268,0,11,24.0,788,0.1791044776119403,0.0909090909090909,24.363636363636363,11.166666666666666,0.4583333333333333,0.0036177105831533,11,268,2,3,3,4,233,24,Standard base
5376,Graduation,Married,46099.0,1,0,2013-01-06,42,1,1,1725,1,1,1,15,0,28,0,1,0,0,0,0,0,0,0,16,0,35,35-44,1,2,3,1,1729,0,28,20.942465753424656,637,0.0005783689994216,0.5357142857142857,61.75,82.55952380952381,1.3369963369963371,0.021491014679587,28,1729,2,5,5,8,255,28,High value at risk
1993,PhD,Married,58607.0,0,1,2012-12-23,63,867,0,86,0,0,19,3,2,3,9,8,0,1,0,0,0,0,0,22,0,65,65-74,1,2,3,0,953,1,14,21.402739726027395,651,0.0199370409233997,0.2142857142857142,68.07142857142857,44.52700972862264,0.6541218637992833,0.0091170699190108,14,953,2,3,4,5,234,25,High value at risk
4047,PhD,Married,65324.0,0,1,2014-01-11,0,384,0,102,21,32,5,3,6,2,9,4,0,0,0,0,0,0,0,22,0,60,55-64,1,2,3,0,539,0,17,8.778082191780822,267,0.0092764378478664,0.1764705882352941,31.705882352941178,61.40293383270912,1.936641697877653,0.0112797012735366,17,539,3,4,3,5,343,35,High-potential growth
1409,Graduation,Together,40689.0,0,1,2013-03-18,69,270,3,27,39,6,99,7,7,1,5,8,0,0,0,0,0,0,0,16,0,63,55-64,1,2,3,0,345,0,13,18.60821917808219,566,0.2869565217391304,0.5384615384615384,26.53846153846154,18.540194346289752,0.6986160188457009,0.0054678741712865,13,345,1,3,3,4,133,14,Low-priority churn
7892,Graduation,Single,18589.0,0,0,2013-01-02,89,6,4,25,15,12,13,2,2,1,3,7,0,0,0,0,0,0,0,16,0,45,45-54,0,1,1,0,62,0,6,21.07397260273973,641,0.2096774193548387,0.3333333333333333,10.333333333333334,2.942017680707228,0.2847113884555382,0.0018991991053034,6,62,1,2,2,2,122,12,Low-priority churn
2404,Graduation,Married,53359.0,1,1,2013-05-27,4,173,4,30,3,6,41,4,5,1,4,7,0,0,0,0,0,0,0,16,0,38,35-44,2,2,4,0,216,0,10,16.306849315068494,496,0.1898148148148148,0.4,21.6,13.245967741935484,0.6132392473118279,0.0029789091419109,10,216,3,3,3,4,333,34,Loyal
9422,Graduation,Married,38360.0,1,0,2013-05-31,26,36,2,42,20,21,10,2,2,1,4,3,0,0,0,0,0,0,0,16,0,25,25-34,1,2,3,0,121,0,7,16.175342465753424,492,0.0826446280991735,0.2857142857142857,17.285714285714285,7.480521680216802,0.4327574525745257,0.0023401006298905,7,121,3,2,2,2,322,32,Recents
1966,PhD,Married,84618.0,0,0,2013-11-22,96,684,100,801,21,66,0,1,6,9,10,2,0,0,1,0,0,0,0,22,0,49,45-54,0,2,2,0,1672,1,25,10.421917808219176,317,0.0,0.04,66.88,160.4311251314406,2.3987907465825447,0.0227513472497256,25,1672,1,5,5,8,155,18,Critical retention
6864,Master,Divorced,10979.0,0,0,2014-05-22,34,8,4,10,2,2,4,2,3,0,3,5,0,0,0,0,0,0,0,18,0,25,25-34,0,1,1,0,26,0,6,4.471232876712328,136,0.1538461538461538,0.3333333333333333,4.333333333333333,5.814950980392157,1.3419117647058825,0.0063557165283455,6,26,2,2,1,1,221,21,Standard base
3033,Master,Together,38620.0,0,0,2013-05-11,56,112,17,44,34,22,89,1,2,5,3,3,0,0,0,0,0,0,0,18,0,51,45-54,0,2,2,0,229,0,10,16.832876712328765,512,0.388646288209607,0.1,22.9,13.604329427083334,0.5940755208333334,0.0042271349851113,10,229,2,3,3,4,233,24,Standard base
5710,Graduation,Together,40548.0,0,1,2012-10-10,31,110,0,5,2,0,3,2,2,1,4,5,0,1,0,0,0,0,0,16,0,44,35-44,1,2,3,0,117,1,7,23.83561643835616,725,0.0256410256410256,0.2857142857142857,16.714285714285715,4.908620689655173,0.2936781609195402,0.0014526844302027,7,117,3,2,2,2,322,32,Recents
7373,PhD,Divorced,46610.0,0,2,2012-10-29,8,96,12,96,33,22,43,6,4,1,6,6,0,0,0,0,0,0,1,22,0,62,55-64,2,1,3,0,259,0,11,23.21095890410959,706,0.166023166023166,0.5454545454545454,23.545454545454547,11.158522190745988,0.4739140698772426,0.0028728227051909,11,259,3,3,3,4,333,34,Loyal
8755,Master,Married,68657.0,0,0,2013-02-20,4,482,34,471,119,68,22,1,3,5,9,7,0,0,0,0,0,0,0,18,0,68,65-74,0,2,2,0,1174,0,17,19.46301369863013,592,0.0187393526405451,0.0588235294117647,69.05882352941177,60.31953828828829,0.8734515765765767,0.0105427627111504,17,1174,3,4,5,7,345,37,Champions
10738,Master,Single,49389.0,1,1,2013-08-29,55,40,0,19,2,1,3,1,2,0,3,7,0,0,0,0,0,0,0,18,0,63,55-64,2,1,3,0,62,0,5,13.216438356164383,402,0.0483870967741935,0.2,12.4,4.691127694859039,0.3783167495854063,0.0011397989904292,5,62,2,1,2,1,212,21,Standard base
4339,PhD,Married,67353.0,0,1,2013-12-31,37,702,17,151,0,8,35,5,5,6,12,2,0,0,0,0,0,0,0,22,0,44,35-44,1,2,3,0,878,0,23,9.13972602739726,278,0.0398633257403189,0.217391304347826,38.17391304347826,96.06414868105516,2.516486810551559,0.0171153442930925,23,878,2,5,4,7,254,27,High value at risk
10755,2n Cycle,Married,23718.0,1,0,2013-09-02,76,6,3,14,15,7,36,3,3,1,2,7,0,0,0,0,0,0,0,18,0,38,35-44,1,2,3,0,45,0,6,13.084931506849314,398,0.8,0.5,7.5,3.439070351758794,0.4585427135678392,0.0017399799401764,6,45,1,2,2,2,122,12,Low-priority churn
8595,Graduation,Widow,42429.0,0,1,2014-02-11,99,55,0,6,2,0,4,2,1,1,3,5,0,0,0,0,0,0,0,16,0,41,35-44,1,1,2,0,63,0,5,7.758904109589041,236,0.0634920634920634,0.4,12.6,8.119703389830509,0.6444209039548022,0.0022964585702695,5,63,1,1,2,1,112,11,Low-priority churn
2968,PhD,Divorced,48948.0,0,0,2013-02-01,53,437,8,206,160,49,42,2,7,10,5,6,1,0,0,0,0,0,1,22,0,71,65-74,0,1,1,0,860,1,22,20.087671232876712,611,0.0488372093023255,0.0909090909090909,39.09090909090909,42.812329514457176,1.095199127114021,0.0104957905159247,22,860,2,5,4,7,254,27,High value at risk
8601,Graduation,Married,80011.0,0,1,2013-04-29,3,421,76,536,82,178,102,2,8,6,5,4,0,0,0,0,0,0,0,16,0,34,25-34,1,2,3,0,1293,0,19,17.22739726027397,524,0.0788863109048723,0.1052631578947368,68.05263157894737,75.05486641221374,1.1028944020356235,0.0112566821680339,19,1293,3,4,5,7,345,37,Champions
503,Master,Married,20559.0,1,0,2013-03-12,88,13,1,29,3,0,7,2,2,0,3,8,0,0,0,0,0,0,0,18,0,29,25-34,1,2,3,0,46,0,5,18.805479452054797,572,0.1521739130434782,0.4,9.2,2.4460955710955714,0.2658799533799534,0.0014277516831142,5,46,1,1,2,1,112,11,Low-priority churn
8430,Graduation,Together,21994.0,0,1,2012-12-24,4,9,0,6,3,1,3,1,0,0,3,5,0,0,0,0,0,0,0,16,0,57,55-64,1,2,3,0,19,0,3,21.36986301369863,650,0.1578947368421052,0.3333333333333333,6.333333333333333,0.889102564102564,0.1403846153846153,0.000485097334238,3,19,3,1,1,0,311,30,Recents
7281,PhD,Single,55521.0,0,0,2013-11-05,80,81,11,50,3,2,39,1,1,3,4,2,0,0,0,0,0,0,0,22,0,55,55-64,0,1,1,1,147,0,8,10.98082191780822,334,0.2653061224489796,0.125,18.375,13.386976047904191,0.7285429141716566,0.0028933865127582,8,147,1,2,2,2,122,12,Low-priority churn
2139,Master,Married,7500.0,1,0,2013-10-02,19,3,1,10,3,2,12,3,2,0,3,5,0,0,0,0,0,0,0,18,0,39,35-44,1,2,3,0,19,0,5,12.0986301369863,368,0.631578947368421,0.6,3.8,1.5704257246376812,0.4132699275362319,0.0025126811594202,5,19,3,1,1,0,311,30,Recents
1371,Graduation,Single,79941.0,0,0,2014-06-28,72,123,164,266,227,30,174,1,2,4,9,1,0,0,0,0,0,0,0,16,0,38,35-44,0,1,1,0,810,0,15,3.254794520547945,99,0.2148148148148148,0.0666666666666666,54.0,248.8636363636364,4.608585858585859,0.0373570963130763,15,810,1,3,4,5,134,15,Critical retention
9909,2n Cycle,Married,7500.0,0,0,2012-11-09,24,3,18,14,15,22,50,3,3,1,3,9,0,0,0,0,0,0,1,18,0,18,18-24,0,2,2,0,72,0,7,22.84931506849315,695,0.6944444444444444,0.4285714285714285,10.285714285714286,3.1510791366906474,0.3063549160671462,0.005041726618705,7,72,3,2,2,2,322,32,Recents
7286,Graduation,Together,41728.0,1,0,2013-05-24,92,13,6,15,3,5,13,1,2,0,2,10,0,0,0,0,0,0,0,16,0,46,45-54,1,2,3,0,42,0,4,16.405479452054795,499,0.3095238095238095,0.25,10.5,2.5601202404809618,0.2438209752839011,0.0007362308973775,4,42,1,1,1,0,111,10,Low-priority churn
7244,Graduation,Single,60230.0,2,1,2014-01-01,96,48,5,48,6,10,7,3,2,1,4,6,0,0,0,0,0,0,0,16,0,63,55-64,3,1,4,1,117,0,7,9.106849315068493,277,0.0598290598290598,0.4285714285714285,16.714285714285715,12.847472924187729,0.7686522262334538,0.0025596824687074,7,117,1,2,2,2,122,12,Low-priority churn
6566,PhD,Married,72550.0,1,1,2012-11-08,39,826,50,317,50,38,38,9,5,2,12,8,0,0,0,0,0,0,0,22,0,60,55-64,2,2,4,0,1281,0,19,22.88219178082192,696,0.0296643247462919,0.4736842105263157,67.42105263157895,55.98239942528736,0.8303400383141764,0.0092596663418807,19,1281,2,4,5,7,245,27,High value at risk
8614,Graduation,Widow,65486.0,0,1,2014-05-12,29,245,19,125,37,67,14,1,4,2,10,2,0,0,0,0,0,0,0,16,0,57,55-64,1,1,2,0,493,0,16,4.8,146,0.0283975659229208,0.0625,30.8125,102.70833333333334,3.333333333333333,0.0188208166631035,16,493,3,4,3,5,343,35,High-potential growth
4114,Master,Married,79143.0,0,0,2012-08-11,2,650,37,780,27,167,32,1,6,9,13,3,0,0,0,0,0,0,0,18,0,50,45-54,0,2,2,0,1661,0,28,24.0,785,0.0192655027092113,0.0357142857142857,59.32142857142857,69.20833333333333,1.1666666666666667,0.0104936633688386,28,1661,3,5,5,8,355,38,Champions
1331,Graduation,Single,35790.0,1,0,2013-01-02,54,12,6,20,30,1,3,2,2,0,3,7,0,0,0,0,0,0,0,16,0,37,35-44,1,1,2,0,69,0,5,21.07397260273973,641,0.0434782608695652,0.4,13.8,3.274180967238689,0.2372594903796152,0.0010977974743465,5,69,2,1,2,1,212,21,Standard base
2225,Graduation,Divorced,82582.0,0,0,2014-06-07,54,510,120,550,156,40,241,1,4,9,7,1,1,0,0,1,0,0,1,16,0,37,35-44,0,1,1,0,1376,2,20,3.945205479452055,120,0.1751453488372093,0.05,68.8,348.77777777777777,5.069444444444445,0.0506809393491721,20,1376,2,4,5,7,245,27,High value at risk
9381,Graduation,Married,66373.0,1,1,2013-06-12,57,328,9,124,12,24,109,7,4,2,10,3,0,0,0,0,0,0,0,16,0,36,35-44,2,2,4,0,497,0,16,15.780821917808218,480,0.2193158953722334,0.4375,31.0625,31.493923611111114,1.0138888888888888,0.0056939882683219,16,497,2,4,3,5,243,25,Standard base
6260,Master,Together,82384.0,0,0,2012-11-19,55,984,51,432,180,120,190,1,3,10,13,1,0,0,1,0,0,0,1,18,0,59,55-64,0,2,2,0,1767,1,26,22.52054794520548,685,0.1075268817204301,0.0384615384615384,67.96153846153847,78.46167883211679,1.154501216545012,0.0114286772429768,26,1767,2,5,5,8,255,28,High value at risk
10383,Graduation,Divorced,70287.0,0,0,2013-04-02,30,295,35,482,121,120,40,1,5,5,10,3,0,0,0,0,0,0,1,16,0,48,45-54,0,1,1,0,1053,0,20,18.115068493150684,551,0.0379867046533713,0.05,52.65,58.128402903811256,1.104053236539625,0.0099241799315056,20,1053,3,4,4,6,344,36,Champions
7437,Graduation,Single,27938.0,1,0,2014-04-28,31,13,0,8,2,1,5,1,1,0,4,3,0,0,0,0,0,0,0,16,0,26,25-34,1,1,2,0,24,0,5,5.260273972602739,160,0.2083333333333333,0.2,4.8,4.5625,0.9505208333333334,0.0019596964707566,5,24,3,1,1,0,311,30,Recents
8557,Graduation,Single,37585.0,1,0,2013-06-17,57,11,3,22,2,2,6,2,2,0,3,6,0,0,0,0,0,0,0,16,0,32,25-34,1,1,2,1,40,0,5,15.616438356164384,475,0.15,0.4,8.0,2.56140350877193,0.3201754385964912,0.0008177954531132,5,40,2,1,1,0,211,20,Standard base
8375,PhD,Married,55954.0,0,1,2014-03-03,63,447,0,28,0,0,43,3,8,2,6,7,0,0,0,0,0,0,0,22,0,46,45-54,1,2,3,0,475,0,16,7.101369863013699,216,0.0905263157894736,0.1875,29.6875,66.88850308641975,2.253086419753086,0.0143450340822289,16,475,2,4,3,5,243,25,Standard base
6853,Master,Single,75777.0,0,0,2013-07-04,12,712,26,538,69,13,80,1,3,6,11,1,0,1,1,0,0,0,1,18,0,32,25-34,0,1,1,0,1358,2,20,15.057534246575342,458,0.0589101620029455,0.05,67.9,90.18740902474528,1.3282387190684135,0.0142820236786484,20,1358,3,4,5,7,345,37,Champions
3076,Graduation,Together,66653.0,1,1,2012-09-07,18,452,18,102,16,18,6,4,4,2,12,3,0,0,0,0,0,0,0,16,0,39,35-44,2,2,4,0,606,0,18,24.0,758,0.0099009900990099,0.2222222222222222,33.666666666666664,25.25,0.75,0.0045459319160427,18,606,3,4,4,6,344,36,Champions
1012,Graduation,Single,61823.0,0,1,2013-02-18,26,523,7,134,37,14,169,4,8,2,10,7,0,0,0,0,0,0,0,16,0,62,55-64,1,1,2,0,715,0,20,19.528767123287672,594,0.2363636363636363,0.2,35.75,36.61265432098765,1.0241301907968574,0.0071066084119478,20,715,3,4,4,6,344,36,Champions
6518,PhD,Widow,67680.0,0,1,2013-06-11,8,546,0,48,0,6,6,1,7,3,8,5,0,0,0,0,0,0,0,22,0,63,55-64,1,1,2,0,600,0,18,15.813698630136985,481,0.01,0.0555555555555555,33.333333333333336,37.94178794178794,1.1382536382536383,0.0067272673655652,18,600,3,4,4,6,344,36,Champions
4137,Graduation,Together,70666.0,0,0,2013-12-06,29,398,40,367,119,122,30,1,7,4,4,4,0,0,0,0,0,0,0,16,0,66,65-74,0,2,2,0,1046,0,15,9.96164383561644,303,0.02868068833652,0.0666666666666666,69.73333333333333,105.0027502750275,1.5057755775577557,0.0178308239224001,15,1046,3,3,4,5,334,35,High-potential growth
8082,Graduation,Married,25721.0,1,0,2013-05-21,75,1,3,6,3,6,15,1,1,1,2,7,0,0,0,0,0,0,1,16,0,43,35-44,1,2,3,0,19,0,4,16.504109589041096,502,0.7894736842105263,0.25,4.75,1.1512284196547145,0.2423638778220451,0.0005370996864762,4,19,1,1,1,0,111,10,Low-priority churn
1386,Graduation,Together,32474.0,1,1,2014-05-11,0,10,0,1,0,0,0,1,1,0,2,7,0,0,0,0,0,0,0,16,0,47,45-54,2,2,4,0,11,0,3,4.832876712328767,147,0.0,0.3333333333333333,3.6666666666666665,2.276077097505669,0.6207482993197279,0.0008410705539837,3,11,3,1,1,0,311,30,Recents
9369,2n Cycle,Single,88194.0,0,1,2014-03-19,19,688,14,309,201,24,38,1,11,10,10,5,1,0,0,1,0,0,1,18,0,35,35-44,1,1,2,0,1236,2,31,6.575342465753424,200,0.0307443365695792,0.032258064516129,39.87096774193548,187.975,4.714583333333334,0.0255765698346826,31,1236,3,5,5,8,355,38,Champions
4477,Graduation,Together,69096.0,0,1,2013-09-27,4,247,49,159,7,82,109,1,5,2,10,4,0,0,0,0,0,0,0,16,0,56,55-64,1,2,3,0,544,0,17,12.263013698630136,373,0.2003676470588235,0.0588235294117647,32.0,44.36103663985702,1.386282394995532,0.0077042439457896,17,544,3,4,3,5,343,35,High-potential growth
1357,Graduation,Together,74854.0,1,2,2013-04-08,90,856,59,487,58,29,73,7,2,5,5,5,0,0,0,0,0,0,0,16,0,44,35-44,3,2,5,0,1489,0,12,17.91780821917808,545,0.0490261920752182,0.5833333333333334,124.08333333333331,83.10168195718656,0.6697247706422019,0.0133222030016597,12,1489,1,3,5,6,135,16,Critical retention
1402,Master,Married,66991.0,0,0,2012-09-11,1,496,36,460,189,60,12,3,4,8,6,3,0,0,0,0,0,0,0,18,0,60,55-64,0,2,2,0,1241,0,18,24.0,754,0.0096696212731668,0.1666666666666666,68.94444444444444,51.708333333333336,0.75,0.0092624382379722,18,1241,3,4,5,7,345,37,Champions
10629,2n Cycle,Married,35688.0,1,0,2012-09-14,25,25,3,43,17,4,17,3,3,0,3,8,0,0,0,0,0,0,0,18,0,41,35-44,1,2,3,1,92,0,6,24.0,751,0.1847826086956521,0.5,15.333333333333334,3.8333333333333335,0.25,0.0012889486662183,6,92,3,2,2,2,322,32,Recents
6312,Graduation,Married,65031.0,0,1,2013-03-17,29,258,107,291,84,37,86,4,10,3,13,7,0,0,0,0,0,0,0,16,0,55,55-64,1,2,3,0,777,0,26,18.64109589041096,567,0.1106821106821106,0.1538461538461538,29.884615384615383,41.6820987654321,1.3947677836566723,0.0076914884468205,26,777,3,5,4,7,354,37,Champions
8132,PhD,Married,60631.0,1,1,2013-04-05,88,565,6,65,0,6,19,5,9,2,8,7,0,1,0,0,0,0,0,22,0,39,35-44,2,2,4,0,642,1,19,18.016438356164382,548,0.0295950155763239,0.2631578947368421,33.78947368421053,35.634124087591246,1.054592457420925,0.0070526544020566,19,642,1,4,4,6,144,16,Critical retention
1050,Graduation,Married,28332.0,0,0,2014-04-30,58,14,10,13,4,15,9,1,2,1,4,2,0,0,0,0,0,0,0,16,0,62,55-64,0,2,2,0,56,0,7,5.1945205479452055,158,0.1607142857142857,0.1428571428571428,8.0,10.780590717299578,1.3475738396624473,0.0045661121208384,7,56,2,2,2,2,222,22,Standard base
5846,Graduation,Divorced,40246.0,1,0,2012-12-19,68,2,1,6,2,1,1,1,1,0,2,6,0,0,0,0,0,0,0,16,0,37,35-44,1,1,2,0,12,0,3,21.534246575342465,655,0.0833333333333333,0.3333333333333333,4.0,0.5572519083969466,0.1393129770992366,0.0001661537270974,3,12,1,1,1,0,111,10,Low-priority churn
1859,Master,Married,75251.0,0,0,2012-08-27,34,721,111,925,97,18,18,1,7,6,5,5,0,0,0,0,0,0,1,18,0,42,35-44,0,2,2,0,1872,0,18,24.0,769,0.0096153846153846,0.0555555555555555,104.0,78.0,0.75,0.0124383729119878,18,1872,2,4,5,7,245,27,High value at risk
7503,Graduation,Single,75825.0,0,0,2012-10-12,40,1032,105,779,137,105,51,0,5,8,9,4,1,0,0,0,0,0,1,16,0,38,35-44,0,1,1,0,2158,1,22,23.76986301369863,723,0.0236329935125115,0.0,98.0909090909091,90.78722913785155,0.9255417242969112,0.0143679096558419,22,2158,2,5,5,8,255,28,High value at risk
10401,2n Cycle,Together,26326.0,0,0,2013-09-04,12,1,0,5,0,3,9,1,0,0,3,3,0,0,0,0,0,1,0,18,0,38,35-44,0,2,2,0,9,0,3,13.01917808219178,396,1.0,0.3333333333333333,3.0,0.6912878787878788,0.2304292929292929,0.0003151050119826,3,9,3,1,1,0,311,30,Recents
1618,Graduation,Together,56046.0,0,0,2013-01-02,9,577,0,64,0,0,51,2,10,1,8,8,1,0,0,0,0,0,1,16,0,49,45-54,0,2,2,0,641,1,19,21.07397260273973,641,0.079563182527301,0.1052631578947368,33.73684210526316,30.416666666666668,0.9015860634425376,0.0065125075830567,19,641,3,4,4,6,344,36,Champions
3332,Graduation,Single,29760.0,1,0,2012-08-29,87,64,4,68,7,5,17,4,3,1,4,8,0,0,0,0,0,0,0,16,0,29,25-34,1,1,2,0,148,0,8,24.0,767,0.1148648648648648,0.5,18.5,6.166666666666667,0.3333333333333333,0.0024865591397849,8,148,1,2,2,2,122,12,Low-priority churn
2261,Graduation,Married,26304.0,1,0,2013-06-23,5,4,1,5,2,0,4,1,1,0,2,7,0,0,0,0,0,0,0,16,0,45,45-54,1,2,3,0,12,0,3,15.41917808219178,469,0.3333333333333333,0.3333333333333333,4.0,0.7782515991471215,0.1945628997867803,0.000355041787932,3,12,3,1,1,0,311,30,Recents
5346,2n Cycle,Married,23559.0,1,0,2013-07-03,87,25,5,19,7,0,23,3,3,0,3,7,0,0,0,0,0,0,0,18,0,41,35-44,1,2,3,0,56,0,6,15.090410958904108,459,0.4107142857142857,0.5,9.333333333333334,3.710965867828613,0.3976034858387799,0.0018902156464172,6,56,1,2,2,2,122,12,Low-priority churn
5268,Graduation,Married,29440.0,1,1,2013-08-11,95,17,8,14,10,4,3,2,1,0,4,7,0,0,0,0,0,0,0,16,0,54,45-54,2,2,4,0,53,0,5,13.808219178082192,420,0.0566037735849056,0.4,10.6,3.8382936507936503,0.3621031746031746,0.00156452186853,5,53,1,1,2,1,112,11,Low-priority churn
273,Master,Married,36138.0,1,1,2013-07-16,48,130,0,16,0,0,5,5,3,1,4,7,0,1,0,0,0,0,0,18,0,44,35-44,2,2,4,0,146,1,8,14.663013698630136,446,0.0342465753424657,0.625,18.25,9.957025411061286,0.5455904334828102,0.0033063341892947,8,146,2,2,2,2,222,22,Standard base
4452,Graduation,Single,50388.0,0,1,2014-05-28,3,292,6,37,0,3,34,4,6,1,6,7,0,1,0,1,0,0,1,16,0,57,55-64,1,1,2,0,338,2,13,4.273972602739726,130,0.1005917159763313,0.3076923076923077,26.0,79.08333333333333,3.0416666666666665,0.0188338493292053,13,338,3,3,3,4,333,34,Loyal
8504,Graduation,Married,79593.0,0,0,2014-05-12,70,350,60,568,110,133,145,1,5,6,7,2,0,0,1,0,0,0,0,16,0,41,35-44,0,2,2,0,1221,1,18,4.8,146,0.1187551187551187,0.0555555555555555,67.83333333333333,254.375,3.75,0.0383513625570087,18,1221,1,4,5,7,145,17,Critical retention
771,Graduation,Together,54178.0,0,1,2014-01-21,79,135,9,39,4,0,7,1,2,2,5,2,0,0,0,0,0,0,0,16,0,47,45-54,1,2,3,0,187,0,9,8.449315068493151,257,0.0374331550802139,0.1111111111111111,20.77777777777778,22.131971465629054,1.0651750972762646,0.0049020572480997,9,187,1,2,3,3,123,13,Low-priority churn
8996,PhD,Married,55517.0,2,1,2012-11-19,4,230,42,192,49,37,53,12,7,2,8,9,0,0,0,0,0,0,0,22,0,57,55-64,3,2,5,1,550,0,17,22.52054794520548,685,0.0963636363636363,0.7058823529411765,32.35294117647059,24.42214111922141,0.7548661800486618,0.0052788460008764,17,550,3,4,3,5,343,35,High-potential growth
9235,Graduation,Single,60230.0,1,1,2014-05-27,45,7,0,8,2,0,1,1,1,0,2,7,0,0,0,0,0,0,0,16,0,57,55-64,2,1,3,1,17,0,3,4.306849315068493,131,0.0588235294117647,0.3333333333333333,5.666666666666667,3.947201017811705,0.6965648854961832,0.0007864255722022,3,17,2,1,1,0,211,20,Standard base
5798,Master,Together,46106.0,0,0,2013-11-23,87,445,37,359,98,28,18,1,2,4,8,1,0,0,0,0,0,0,0,18,0,41,35-44,0,2,2,1,967,0,14,10.389041095890413,316,0.0186142709410548,0.0714285714285714,69.07142857142857,93.07885021097046,1.3475738396624473,0.0242256149423425,14,967,1,3,4,5,134,15,Critical retention
11178,Master,Single,42394.0,1,0,2014-03-23,69,15,2,10,0,1,4,1,1,0,3,7,0,0,0,0,0,0,0,18,0,42,35-44,1,1,2,0,28,0,4,6.443835616438356,196,0.1428571428571428,0.25,7.0,4.345238095238095,0.6207482993197279,0.0012299584172962,4,28,1,1,1,0,111,10,Low-priority churn
2230,PhD,Married,23626.0,1,0,2014-05-24,84,27,2,14,0,0,0,3,3,1,3,5,0,0,0,0,0,0,0,22,0,44,35-44,1,2,3,0,43,0,7,4.405479452054794,134,0.0,0.4285714285714285,6.142857142857143,9.760572139303484,1.5889303482587065,0.0049575410848912,7,43,1,2,1,1,121,11,Low-priority churn
7516,Graduation,Married,30096.0,1,0,2014-05-22,30,5,3,11,12,5,9,1,2,0,3,6,0,0,0,0,0,0,0,16,0,31,25-34,1,2,3,0,36,0,5,4.471232876712328,136,0.25,0.2,7.2,8.051470588235295,1.1182598039215688,0.003210315226569,5,36,3,1,1,0,311,30,Recents
7247,Graduation,Widow,47916.0,0,1,2012-11-22,72,505,0,26,0,0,75,5,7,4,6,6,0,1,0,0,0,0,0,16,0,54,45-54,1,1,2,0,531,1,17,22.421917808219177,682,0.1412429378531073,0.2941176470588235,31.235294117647054,23.68218475073314,0.7581867057673509,0.0059309253069704,17,531,1,4,3,5,143,15,Low-priority churn
11100,Graduation,Divorced,51813.0,1,1,2013-04-11,37,51,2,7,0,1,2,2,2,0,3,7,0,0,0,0,0,0,0,16,0,42,35-44,2,1,3,0,61,0,5,17.81917808219178,542,0.0327868852459016,0.4,12.2,3.423277982779828,0.2805965559655596,0.0007928383956412,5,61,2,1,2,1,212,21,Standard base
4646,2n Cycle,Married,78497.0,0,0,2013-12-01,44,207,26,447,75,0,223,1,5,7,12,2,0,0,0,1,0,0,0,18,0,63,55-64,0,2,2,0,755,1,24,10.126027397260271,308,0.295364238410596,0.0416666666666666,31.45833333333333,74.56033549783551,2.3701298701298703,0.0113981938924293,24,755,2,5,4,7,254,27,High value at risk
3037,PhD,Married,50150.0,0,0,2013-06-20,32,135,46,92,65,61,11,2,5,2,7,5,0,0,0,0,0,0,0,22,0,31,25-34,0,2,2,0,399,0,14,15.517808219178082,472,0.0275689223057644,0.1428571428571428,28.5,25.71239406779661,0.9021892655367232,0.0061525170251955,14,399,3,3,3,4,333,34,Loyal
1473,2n Cycle,Single,47823.0,0,1,2013-07-23,0,53,1,5,2,1,10,2,2,0,3,8,0,0,0,0,0,0,0,18,0,54,45-54,1,1,2,0,62,0,5,14.432876712328769,439,0.1612903225806451,0.4,12.4,4.295747911921032,0.3464312832194381,0.0010779117776603,5,62,3,1,2,1,312,31,Recents
1016,PhD,Single,34554.0,0,1,2014-03-30,43,41,1,6,2,0,5,2,2,0,3,6,0,0,0,0,0,0,0,22,0,55,55-64,1,1,2,0,50,0,5,6.213698630136986,189,0.1,0.4,10.0,8.04673721340388,0.8046737213403881,0.0027944911315866,5,50,2,1,2,1,212,21,Standard base
4518,Graduation,Together,85693.0,0,1,2013-04-20,59,386,172,183,185,132,111,2,9,5,11,5,0,0,0,0,0,0,0,16,0,35,35-44,1,2,3,0,1058,0,25,17.523287671232875,533,0.1049149338374291,0.08,42.32,60.376797998749225,1.4266729205753597,0.0084548513412413,25,1058,2,5,4,7,254,27,High value at risk
9370,PhD,Married,65846.0,0,0,2013-05-17,68,562,81,276,80,40,81,1,6,3,6,4,0,0,0,0,0,0,0,22,0,69,65-74,0,2,2,0,1039,0,15,16.635616438356163,506,0.0779595765158806,0.0666666666666666,69.26666666666667,62.45635704874836,0.9016798418972332,0.0113822598879959,15,1039,1,3,4,5,134,15,Critical retention
8908,Graduation,Married,87195.0,0,0,2014-05-08,35,217,76,690,50,26,38,1,3,11,5,1,0,0,0,0,0,0,1,16,0,55,55-64,0,2,2,0,1059,0,19,4.931506849315069,150,0.0358829084041548,0.0526315789473684,55.73684210526316,214.74166666666665,3.852777777777778,0.0295533000745455,19,1059,2,4,4,6,244,26,High value at risk
8373,Basic,Together,24594.0,1,0,2013-12-10,94,1,3,6,10,0,9,1,1,0,3,5,0,0,0,0,0,0,0,12,0,35,35-44,1,2,3,0,20,0,4,9.830136986301367,299,0.45,0.25,5.0,2.0345596432552955,0.4069119286510591,0.0009927102431106,4,20,1,1,1,0,111,10,Low-priority churn
7533,Graduation,Married,49096.0,1,1,2013-09-24,15,144,1,32,2,1,7,4,4,1,4,7,0,0,0,0,0,0,0,16,0,50,45-54,2,2,4,0,180,0,9,12.361643835616436,376,0.0388888888888888,0.4444444444444444,20.0,14.561170212765958,0.728058510638298,0.0035590280787272,9,180,3,2,2,2,322,32,Recents
2683,Graduation,Married,52413.0,0,2,2013-02-02,56,295,106,271,75,98,65,4,6,4,12,6,0,0,0,0,0,0,0,16,0,45,45-54,2,2,4,0,845,0,22,20.054794520547944,610,0.0769230769230769,0.1818181818181818,38.40909090909091,42.134562841530055,1.0969945355191255,0.0096467432525968,22,845,2,5,4,7,254,27,High value at risk
3629,Graduation,Single,38557.0,1,0,2012-12-19,17,76,3,31,4,4,27,2,3,1,3,7,0,0,0,0,0,0,0,16,0,36,35-44,1,1,2,0,118,0,7,21.534246575342465,655,0.2288135593220339,0.2857142857142857,16.857142857142858,5.479643765903308,0.3250636132315522,0.001705416012419,7,118,3,2,2,2,322,32,Recents
10991,Master,Married,89058.0,0,0,2012-12-07,18,454,194,106,31,22,43,1,5,4,4,2,0,0,0,0,0,0,0,18,0,54,45-54,0,2,2,0,807,0,13,21.92876712328767,667,0.0532837670384138,0.0769230769230769,62.07692307692308,36.80097451274363,0.5928285857071465,0.004958697636966,13,807,3,3,4,5,334,35,High-potential growth
5077,Graduation,Together,77298.0,0,1,2013-11-02,46,425,115,292,23,35,79,1,6,6,11,3,0,0,0,0,0,0,0,16,0,35,35-44,1,2,3,0,890,0,23,11.07945205479452,337,0.0887640449438202,0.0434782608695652,38.69565217391305,80.32888229475766,2.0759149357072206,0.0124705243025316,23,890,2,5,4,7,254,27,High value at risk
7431,PhD,Single,68126.0,0,0,2012-11-10,40,1332,17,311,23,51,86,1,7,4,5,9,0,1,0,0,0,0,1,22,0,23,18-24,0,1,1,0,1734,1,16,22.816438356164383,694,0.04959630911188,0.0625,108.375,75.9978386167147,0.7012487992315082,0.0133865787423388,16,1734,2,4,5,7,245,27,High value at risk
3267,Master,Together,57288.0,0,1,2014-06-25,27,527,0,21,0,0,60,3,8,1,8,6,0,1,0,0,0,0,0,18,0,51,45-54,1,2,3,0,548,1,17,3.3534246575342466,102,0.1094890510948905,0.1764705882352941,32.23529411764706,163.41503267973857,5.069444444444445,0.0342302121239502,17,548,3,4,3,5,343,35,High-potential growth
999,Graduation,Single,86037.0,0,0,2013-01-02,95,490,44,125,29,20,22,1,6,7,11,3,0,1,1,0,0,0,1,16,0,23,18-24,0,1,1,0,708,2,24,21.07397260273973,641,0.0310734463276836,0.0416666666666666,29.5,33.59594383775351,1.138845553822153,0.0046857901374181,24,708,1,5,4,7,154,17,Critical retention
9215,PhD,Married,43974.0,1,0,2012-12-12,19,378,0,101,0,0,72,5,6,4,6,7,0,0,0,0,0,0,0,22,0,34,25-34,1,2,3,0,479,0,16,21.76438356164384,662,0.150313152400835,0.3125,29.9375,22.008434038267875,0.7351460221550856,0.0060058491030885,16,479,3,4,3,5,343,35,High-potential growth
2286,Graduation,Single,50785.0,1,1,2013-09-10,27,64,1,21,0,1,27,2,2,1,3,6,0,0,0,0,0,0,0,16,0,52,45-54,2,1,3,0,87,0,6,12.821917808219178,390,0.3103448275862069,0.3333333333333333,14.5,6.785256410256411,0.4679487179487179,0.0016032898872319,6,87,3,2,2,2,322,32,Recents
1592,Graduation,Married,90765.0,0,0,2014-01-24,25,547,99,812,151,82,33,0,4,6,5,1,0,0,1,1,0,0,0,16,0,44,35-44,0,2,2,0,1691,2,15,8.35068493150685,254,0.0195150798344175,0.0,112.73333333333332,202.4983595800525,1.796259842519685,0.0267722174291922,15,1691,3,3,5,6,335,36,High-potential growth
367,2n Cycle,Married,36550.0,1,0,2013-02-19,74,47,90,94,123,103,120,5,9,1,5,9,0,0,0,0,0,0,0,18,0,36,35-44,1,2,3,0,457,0,15,19.495890410958904,593,0.2625820568927789,0.3333333333333333,30.466666666666665,23.440837549184938,0.7693929173693086,0.0076960342158746,15,457,1,3,3,4,133,14,Low-priority churn
5234,2n Cycle,Together,30753.0,1,1,2013-07-11,85,12,5,25,0,9,30,2,1,1,3,5,0,0,0,0,0,0,0,18,0,47,45-54,2,2,4,0,51,0,5,14.827397260273973,451,0.5882352941176471,0.4,10.2,3.4395787139689578,0.3372135994087213,0.0013421436792386,5,51,1,1,2,1,112,11,Low-priority churn
9862,Graduation,Together,21918.0,1,0,2013-11-14,37,1,6,7,11,5,3,2,2,0,3,6,0,0,0,0,0,0,0,16,0,45,45-54,1,2,3,0,30,0,5,10.684931506849315,325,0.1,0.4,6.0,2.8076923076923075,0.4679487179487179,0.0015371980879782,5,30,2,1,1,0,211,20,Standard base
9805,Master,Together,56129.0,0,1,2013-06-20,65,320,48,133,39,72,48,4,6,2,10,4,0,0,0,0,0,0,0,18,0,61,55-64,1,2,3,0,612,0,18,15.517808219178082,472,0.0784313725490196,0.2222222222222222,34.0,39.438559322033896,1.159957627118644,0.0084316968387893,18,612,2,4,4,6,244,26,High value at risk
6205,Master,Single,32557.0,1,0,2014-02-24,13,34,3,29,0,4,10,3,2,1,3,5,0,0,0,0,0,0,1,18,0,47,45-54,1,1,2,0,70,0,6,7.331506849315068,223,0.1428571428571428,0.5,11.666666666666666,9.54783258594918,0.8183856502242153,0.0035191814673154,6,70,3,2,2,2,322,32,Recents
8442,Master,Married,19510.0,2,0,2013-09-04,63,9,0,7,3,4,7,2,1,0,3,7,0,0,0,0,0,0,0,18,0,29,25-34,2,2,4,0,23,0,4,13.01917808219178,396,0.3043478260869565,0.5,5.75,1.7666245791245792,0.3072390572390572,0.0010865963582519,4,23,2,1,1,0,211,20,Standard base
7386,Graduation,Divorced,30992.0,1,0,2013-04-22,83,17,0,14,7,3,2,1,1,0,3,7,0,0,0,0,0,0,0,16,0,38,35-44,1,1,2,0,41,0,4,17.457534246575342,531,0.048780487804878,0.25,10.25,2.348556183301946,0.229127432517263,0.0009093531943605,4,41,1,1,1,0,111,10,Low-priority churn
7215,Graduation,Single,101970.0,0,0,2013-03-12,69,722,27,102,44,72,168,0,6,8,13,2,0,1,1,1,0,0,1,16,0,31,25-34,0,1,1,0,967,3,27,18.805479452054797,572,0.1737331954498449,0.0,35.81481481481482,51.42118298368299,1.4357517482517483,0.0060513307424163,27,967,1,5,4,7,154,17,Critical retention
1491,2n Cycle,Together,71488.0,0,0,2013-02-18,87,162,33,124,40,28,172,2,3,4,7,1,0,0,0,0,0,0,0,18,0,49,45-54,0,2,2,0,387,0,14,19.528767123287672,594,0.4444444444444444,0.1428571428571428,27.642857142857142,19.81691919191919,0.7168911335578002,0.0033264747972111,14,387,1,3,3,4,133,14,Low-priority churn
11071,Graduation,Single,79607.0,0,0,2013-04-21,37,450,133,951,173,0,216,1,3,6,6,1,0,0,0,0,0,0,1,16,0,30,25-34,0,1,1,0,1707,0,15,17.49041095890411,532,0.1265377855887522,0.0666666666666666,113.8,97.59633458646616,0.8576127819548872,0.0147117215199366,15,1707,2,3,5,6,235,26,High value at risk
3381,Master,Married,54348.0,1,1,2014-06-08,51,70,0,16,0,0,4,2,2,0,4,6,0,0,0,0,0,0,0,18,0,61,55-64,2,2,4,0,86,0,6,3.912328767123288,119,0.0465116279069767,0.3333333333333333,14.333333333333334,21.98179271708684,1.5336134453781514,0.004853564300527,6,86,2,2,2,2,222,22,Standard base
8268,PhD,Married,56320.0,0,1,2013-07-11,23,352,0,27,10,0,15,3,6,1,7,6,0,0,0,0,0,0,0,22,0,53,45-54,1,2,3,1,389,0,14,14.827397260273973,451,0.0385604113110539,0.2142857142857142,27.785714285714285,26.23521803399852,0.9441980783444198,0.0055898902061076,14,389,3,3,3,4,333,34,Loyal
11051,PhD,Together,77376.0,1,1,2014-05-10,72,492,19,110,16,12,12,4,6,3,10,4,0,0,0,0,0,0,0,22,0,58,55-64,2,2,4,0,649,0,19,4.865753424657534,148,0.0184899845916795,0.2105263157894736,34.1578947368421,133.38119369369372,3.904842342342343,0.0206856689971609,19,649,1,4,4,6,144,16,Critical retention
8026,Graduation,Married,62998.0,0,1,2013-09-30,10,120,58,73,65,89,58,5,5,4,5,5,0,0,0,0,0,0,0,16,0,62,55-64,1,2,3,0,405,0,14,12.164383561643834,370,0.1432098765432098,0.3571428571428571,28.928571428571427,33.29391891891892,1.150900900900901,0.006341900171863,14,405,3,3,3,4,333,34,Loyal
433,Master,Single,61331.0,1,1,2013-03-10,42,534,5,47,0,5,41,5,11,1,6,8,0,0,0,0,0,0,0,18,0,56,55-64,2,1,3,0,591,0,18,18.871232876712327,574,0.0693739424703891,0.2777777777777778,32.833333333333336,31.3175087108014,0.9538327526132404,0.0061275717749525,18,591,2,4,4,6,244,26,High value at risk
9597,Graduation,Married,73448.0,0,0,2014-02-10,10,236,106,189,23,41,130,1,7,2,9,4,0,0,0,0,0,0,0,16,0,45,45-54,0,2,2,0,595,0,18,7.791780821917808,237,0.2184873949579832,0.0555555555555555,33.05555555555556,76.36251758087202,2.3101265822784813,0.01247617649181,18,595,3,4,4,6,344,36,Champions
1295,Graduation,Married,56181.0,0,1,2013-08-11,96,231,65,196,38,71,124,1,6,5,7,4,0,0,0,0,0,0,0,16,0,51,45-54,1,2,3,1,601,0,18,13.808219178082192,420,0.2063227953410981,0.0555555555555555,33.388888888888886,43.52480158730159,1.3035714285714286,0.0092966949510976,18,601,1,4,4,6,144,16,Critical retention
5290,PhD,Married,41551.0,1,1,2013-08-14,51,220,0,33,3,0,23,5,5,1,5,8,0,0,0,0,0,0,0,22,0,50,45-54,2,2,4,0,256,0,11,13.70958904109589,417,0.08984375,0.4545454545454545,23.272727272727277,18.673061550759392,0.8023581135091926,0.0053928121732115,11,256,2,3,3,4,233,24,Standard base
1685,PhD,Together,62981.0,0,0,2013-03-17,21,796,14,590,38,44,0,1,4,5,13,3,0,1,0,0,0,0,0,22,0,47,45-54,0,2,2,0,1482,1,22,18.64109589041096,567,0.0,0.0454545454545454,67.36363636363636,79.50176366843033,1.1801881246325692,0.0151477614522024,22,1482,3,5,5,8,355,38,Champions
5342,Basic,Divorced,9548.0,1,0,2012-08-08,31,0,1,3,10,6,9,2,1,0,3,8,0,0,0,0,0,0,0,12,0,38,35-44,1,1,2,0,20,0,4,24.0,788,0.45,0.5,5.0,0.8333333333333334,0.1666666666666666,0.0010473397570171,4,20,3,1,1,0,311,30,Recents
9579,PhD,Married,33762.0,2,1,2013-07-07,61,53,1,34,2,0,16,3,2,2,2,8,0,0,0,0,0,0,0,22,0,55,55-64,3,2,5,0,90,0,6,14.95890410958904,455,0.1777777777777777,0.5,15.0,6.016483516483516,0.4010989010989011,0.0021384338071738,6,90,2,2,2,2,222,22,Standard base
7660,PhD,Single,35860.0,1,1,2014-05-19,37,15,0,8,4,2,20,2,1,1,2,5,1,0,0,0,0,0,1,22,0,41,35-44,2,1,3,0,29,1,4,4.56986301369863,139,0.6896551724137931,0.5,7.25,6.3459232613908885,0.8752997601918466,0.0021235660662769,4,29,2,1,1,0,211,20,Standard base
1461,PhD,Divorced,36921.0,1,1,2013-07-28,74,17,1,12,3,1,4,2,2,0,3,7,0,0,0,0,0,0,0,22,0,49,45-54,2,1,3,0,34,0,5,14.26849315068493,434,0.1176470588235294,0.4,6.8,2.382872503840246,0.3504224270353303,0.0007744771280865,5,34,1,1,1,0,111,10,Low-priority churn
821,Master,Single,92859.0,0,0,2012-10-19,46,962,61,921,52,61,20,1,5,4,12,2,0,0,0,0,0,0,0,18,0,22,18-24,0,1,1,0,2057,0,21,23.539726027397258,716,0.0097228974234321,0.0476190476190476,97.95238095238096,87.38419459962758,0.8921089385474862,0.0112925008367043,21,2057,2,5,5,8,255,28,High value at risk
8690,Graduation,Married,86111.0,0,0,2013-04-19,73,399,28,756,36,40,126,1,5,7,10,2,0,0,0,0,0,0,0,16,0,52,45-54,0,2,2,0,1259,0,22,17.556164383561644,534,0.1000794281175536,0.0454545454545454,57.22727272727273,71.71270287141074,1.2531210986267167,0.0099935250369514,22,1259,1,5,5,8,155,18,Critical retention
2937,PhD,Single,68352.0,0,1,2013-08-28,47,614,16,132,43,33,33,3,8,5,9,6,0,0,0,0,0,0,0,22,0,40,35-44,1,1,2,0,838,0,22,13.24931506849315,403,0.0393794749403341,0.1363636363636363,38.09090909090909,63.24855252274608,1.6604631927212574,0.0111040295861562,22,838,2,5,4,7,254,27,High value at risk
9701,Graduation,Together,41883.0,1,0,2013-03-19,13,32,34,41,73,16,116,3,4,2,3,7,0,0,0,0,0,0,0,16,0,26,25-34,1,2,3,0,196,0,9,18.575342465753423,565,0.5918367346938775,0.3333333333333333,21.77777777777778,10.551622418879058,0.4845132743362832,0.0030231709530489,9,196,3,2,3,3,323,33,Recents
9949,Graduation,Married,59809.0,0,2,2012-10-18,36,598,16,141,32,41,49,3,3,3,6,8,0,0,0,0,0,0,0,16,0,38,35-44,2,2,4,0,828,0,12,23.572602739726022,717,0.0591787439613526,0.25,69.0,35.1255230125523,0.5090655509065551,0.007047539269184,12,828,2,3,4,5,234,25,High value at risk
10837,Graduation,Married,23957.0,1,0,2012-10-28,47,2,1,18,20,11,16,1,2,0,3,6,0,0,0,0,0,0,1,16,0,39,35-44,1,2,3,0,52,0,5,23.243835616438357,707,0.3076923076923077,0.2,10.4,2.237152286657237,0.2151107967939651,0.0011205838560707,5,52,2,1,2,1,212,21,Standard base
3120,Graduation,Together,38547.0,1,0,2013-08-28,49,6,1,10,0,1,4,1,1,0,2,8,0,0,0,0,0,1,0,16,0,33,25-34,1,2,3,0,18,0,3,13.24931506849315,403,0.2222222222222222,0.3333333333333333,6.0,1.3585607940446651,0.2264267990074441,0.0004229312145831,3,18,2,1,1,0,211,20,Standard base
5885,2n Cycle,Married,35688.0,2,1,2012-08-22,94,73,3,90,12,1,32,7,4,1,4,8,0,0,0,0,0,0,0,18,0,41,35-44,3,2,5,0,179,0,9,24.0,774,0.1787709497206704,0.7777777777777778,19.88888888888889,7.458333333333333,0.375,0.00250784577449,9,179,1,2,2,2,122,12,Low-priority churn
4050,Master,Married,49605.0,0,0,2014-06-21,65,42,16,29,12,20,8,1,2,1,4,3,0,0,0,0,0,0,0,18,0,48,45-54,0,2,2,0,119,0,7,3.484931506849315,106,0.0672268907563025,0.1428571428571428,17.0,34.147012578616355,2.0086477987421385,0.0082605412950992,7,119,2,2,2,2,222,22,Standard base
3830,Master,Married,59354.0,0,2,2014-04-24,59,295,21,78,39,13,13,1,4,4,7,3,0,0,0,0,0,0,0,18,0,61,55-64,2,2,4,0,446,0,15,5.391780821917808,164,0.0291479820627802,0.0666666666666666,29.73333333333333,82.71849593495935,2.782012195121951,0.016723758318218,15,446,2,3,3,4,233,24,Standard base
7987,Graduation,Married,65747.0,0,1,2014-03-07,96,346,17,48,23,13,13,4,8,1,6,6,0,1,0,0,0,0,0,16,0,45,45-54,1,2,3,0,447,1,15,6.96986301369863,212,0.029082774049217,0.2666666666666666,29.8,64.13325471698113,2.152122641509434,0.011705462707101,15,447,1,3,3,4,133,14,Low-priority churn
7798,2n Cycle,Together,46344.0,0,1,2012-12-14,28,233,20,57,8,20,91,4,7,1,5,7,0,0,0,0,0,0,0,18,0,42,35-44,1,2,3,0,338,0,13,21.6986301369863,660,0.2692307692307692,0.3076923076923077,26.0,15.577020202020204,0.5991161616161617,0.004033407613159,13,338,3,3,3,4,333,34,Loyal
92,Graduation,Single,34176.0,1,0,2014-05-12,12,5,7,24,19,14,20,4,3,0,4,6,0,0,0,0,0,0,0,16,0,26,25-34,1,1,2,0,69,0,7,4.8,146,0.2898550724637681,0.5714285714285714,9.857142857142858,14.375,1.4583333333333337,0.0050474016853932,7,69,3,2,2,2,322,32,Recents
7055,PhD,Together,61010.0,0,1,2012-10-09,57,888,0,57,0,0,76,2,8,5,11,5,0,0,0,0,0,0,0,22,0,62,55-64,1,2,3,0,945,0,24,23.86849315068493,726,0.0804232804232804,0.0833333333333333,39.375,39.59194214876033,1.0055096418732783,0.0077873021764485,24,945,2,5,4,7,254,27,High value at risk
10240,Graduation,Together,69372.0,0,0,2013-02-19,10,997,26,269,34,13,42,1,10,4,6,4,0,1,1,0,0,0,1,16,0,65,65-74,0,2,2,0,1339,2,20,19.495890410958904,593,0.0313666915608663,0.05,66.95,68.68114109050029,1.025857223159078,0.0118804949127314,20,1339,3,4,5,7,345,37,Champions
3025,Graduation,Single,49967.0,0,1,2013-07-08,4,212,6,69,4,12,3,3,6,1,5,7,0,0,0,0,0,0,0,16,0,56,55-64,1,1,2,0,303,0,12,14.926027397260274,454,0.0099009900990099,0.25,25.25,20.30011013215859,0.8039647577092511,0.0048752440928193,12,303,3,3,3,4,333,34,Loyal
9283,Graduation,Single,60199.0,1,2,2013-09-12,49,8,1,7,2,0,0,1,0,0,3,4,0,0,0,0,0,0,0,16,0,36,35-44,3,1,4,0,18,0,3,12.756164383561645,388,0.0,0.3333333333333333,6.0,1.4110824742268042,0.235180412371134,0.0002812835710015,3,18,2,1,1,0,211,20,Standard base
9970,Graduation,Together,55375.0,0,1,2013-10-17,3,42,11,57,10,28,14,1,1,1,6,2,0,0,0,0,0,0,0,16,0,37,35-44,1,2,3,0,148,0,8,11.605479452054794,353,0.0945945945945946,0.125,18.5,12.752596789423984,0.6893295561850803,0.0027635424193785,8,148,3,2,2,2,322,32,Recents
2730,Graduation,Single,80317.0,0,0,2013-08-20,64,536,11,387,149,91,57,1,3,4,10,1,0,0,0,0,0,0,0,16,0,59,55-64,0,1,1,0,1174,0,17,13.512328767123288,411,0.0485519591141396,0.0588235294117647,69.05882352941177,86.88361719383617,1.258110300081103,0.0129811049507082,17,1174,2,4,5,7,245,27,High value at risk
2795,Master,Single,30523.0,2,1,2013-07-01,0,5,0,3,0,0,5,1,1,0,2,7,0,0,0,0,0,0,0,18,0,56,55-64,3,1,4,0,8,0,3,15.156164383561643,461,0.625,0.3333333333333333,2.6666666666666665,0.5278380332610267,0.197939262472885,0.0002075174916991,3,8,3,1,1,0,311,30,Recents
9260,PhD,Married,70356.0,0,0,2012-11-05,20,1349,16,249,43,16,33,2,10,6,9,6,0,0,0,0,0,0,0,22,0,69,65-74,0,2,2,0,1673,0,25,22.980821917808218,699,0.0197250448296473,0.08,66.92,72.79983309489748,1.087863614687649,0.012416822973716,25,1673,3,5,5,8,355,38,Champions
8182,Graduation,Married,23228.0,1,0,2014-01-05,91,53,3,49,7,4,5,4,3,0,4,8,0,0,0,0,0,0,0,16,0,30,25-34,1,2,3,0,116,0,7,8.975342465753425,273,0.043103448275862,0.5714285714285714,16.571428571428573,12.924297924297925,0.7799145299145299,0.0066769233292394,7,116,1,2,2,2,122,12,Low-priority churn
10095,PhD,Divorced,74165.0,0,0,2013-05-01,9,1001,12,240,16,12,12,1,5,4,10,2,0,0,0,0,0,0,0,22,0,39,35-44,0,1,1,0,1281,0,19,17.161643835616438,522,0.009367681498829,0.0526315789473684,67.42105263157895,74.64319923371647,1.1071200510855683,0.0120773733001361,19,1281,3,4,5,7,345,37,Champions
8475,PhD,Married,157243.0,0,1,2014-03-01,98,20,2,1582,1,2,1,15,0,22,0,0,0,0,0,0,0,0,0,22,0,41,35-44,1,2,3,0,1607,0,22,7.167123287671233,218,0.0006222775357809,0.6818181818181818,73.04545454545455,224.21827217125383,3.069571865443425,0.0171112180895495,22,1607,1,5,5,8,155,18,Critical retention
4370,Graduation,Together,43482.0,2,1,2013-11-13,83,18,1,32,6,3,28,3,2,0,4,6,0,0,0,0,0,0,0,16,0,48,45-54,3,2,5,0,60,0,6,10.717808219178082,326,0.4666666666666667,0.5,10.0,5.598159509202454,0.5598159509202454,0.0015449591580522,6,60,1,2,2,2,122,12,Low-priority churn
10573,Graduation,Divorced,62551.0,0,0,2013-11-18,27,125,16,98,134,21,27,1,6,7,4,3,1,0,0,0,0,0,0,16,0,61,55-64,0,1,1,0,394,1,17,10.553424657534244,321,0.0685279187817258,0.0588235294117647,23.176470588235293,37.33385254413293,1.610851505711319,0.0071622552881583,17,394,3,4,3,5,343,35,High-potential growth
3712,Graduation,Divorced,52332.0,0,0,2013-08-28,63,212,5,33,7,0,2,1,3,2,6,4,0,1,0,0,0,0,0,16,0,55,55-64,0,1,1,0,257,1,11,13.24931506849315,403,0.0077821011673151,0.0909090909090909,23.363636363636363,19.39722911497105,0.8302315963606287,0.004447885603066,11,257,2,3,3,4,233,24,Standard base
6637,Graduation,Single,66951.0,0,0,2013-11-02,46,277,162,305,173,76,124,1,3,4,7,1,0,0,0,0,0,0,0,16,0,26,25-34,0,1,1,0,993,0,14,11.07945205479452,337,0.1248741188318227,0.0714285714285714,70.92857142857143,89.6253709198813,1.2636003956478734,0.0160640535770724,14,993,2,3,4,5,234,25,High value at risk
3152,Graduation,Together,26091.0,1,1,2014-02-25,84,15,10,19,8,17,20,3,2,1,3,5,0,0,0,0,0,0,0,16,0,57,55-64,2,2,4,0,69,0,6,7.298630136986301,222,0.2898550724637681,0.5,11.5,9.45382882882883,0.8220720720720721,0.0043480873077285,6,69,1,2,2,2,122,12,Low-priority churn
5610,Graduation,Together,33456.0,1,1,2014-04-21,58,7,3,10,8,1,7,2,1,0,3,7,0,0,0,0,0,0,0,16,0,49,45-54,2,2,4,0,29,0,4,5.49041095890411,167,0.2413793103448276,0.5,7.25,5.281936127744511,0.7285429141716566,0.0018945251534234,4,29,2,1,1,0,211,20,Standard base
6460,Graduation,Married,28718.0,1,0,2013-07-13,78,12,4,6,11,8,16,2,2,0,3,8,0,0,0,0,0,0,0,16,0,32,25-34,1,2,3,0,41,0,5,14.761643835616438,449,0.3902439024390244,0.4,8.2,2.7774684484038605,0.3387156644394952,0.0011605829577563,5,41,1,1,1,0,111,10,Low-priority churn
1349,Graduation,Married,50447.0,2,0,2014-04-21,4,85,7,24,2,3,27,1,3,1,3,6,0,0,0,0,0,0,0,16,0,44,35-44,2,2,4,0,121,0,7,5.49041095890411,167,0.2231404958677686,0.1428571428571428,17.285714285714285,22.038423153692616,1.274950099800399,0.005242354904044,7,121,3,2,2,2,322,32,Recents
1880,PhD,Together,53537.0,1,1,2014-01-30,17,81,0,6,0,0,6,2,2,1,3,5,0,0,0,0,0,0,0,22,0,55,55-64,2,2,4,0,87,0,6,8.153424657534247,248,0.0689655172413793,0.3333333333333333,14.5,10.670362903225806,0.7358870967741935,0.0023916983551321,6,87,3,2,2,2,322,32,Recents
641,Graduation,Single,52074.0,0,1,2014-04-04,77,59,0,12,0,0,48,1,2,2,2,4,1,0,0,0,0,0,0,16,0,47,45-54,1,1,2,0,71,1,6,6.049315068493151,184,0.676056338028169,0.1666666666666666,11.833333333333334,11.736865942028986,0.9918478260869564,0.0027046585878624,6,71,1,2,2,2,122,12,Low-priority churn
8717,PhD,Married,80427.0,0,1,2012-09-12,56,1149,71,449,69,71,26,1,11,8,8,5,0,0,0,0,0,0,0,22,0,39,35-44,1,2,3,0,1809,0,27,24.0,753,0.0143725815367606,0.037037037037037,67.0,75.375,1.125,0.0112462232832257,27,1809,2,5,5,8,255,28,High value at risk
10314,PhD,Married,83837.0,0,0,2012-12-16,79,847,66,119,86,89,111,1,9,10,5,4,0,1,0,1,0,0,1,22,0,66,65-74,0,2,2,0,1207,2,24,21.63287671232877,658,0.0919635459817729,0.0416666666666666,50.29166666666666,55.79470618034448,1.109422492401216,0.0079861692828242,24,1207,1,5,5,8,155,18,Critical retention
10854,PhD,Married,38853.0,1,1,2014-05-23,90,29,0,14,0,0,2,2,2,0,3,7,0,0,0,0,0,0,0,22,0,44,35-44,2,2,4,0,43,0,5,4.438356164383562,135,0.0465116279069767,0.4,8.6,9.688271604938272,1.126543209876543,0.0029922852613507,5,43,1,1,1,0,111,10,Low-priority churn
10492,Graduation,Together,38285.0,2,1,2014-06-24,96,2,0,5,2,0,1,1,0,0,3,2,0,0,0,0,0,0,0,16,0,55,55-64,3,2,5,0,9,0,3,3.3863013698630136,103,0.1111111111111111,0.3333333333333333,3.0,2.6577669902912624,0.8859223300970874,0.0008330469866395,3,9,1,1,1,0,111,10,Low-priority churn
7698,PhD,Married,51650.0,0,1,2014-05-11,81,152,3,22,2,5,7,1,4,1,4,5,0,0,0,0,0,0,0,22,0,38,35-44,1,2,3,0,184,0,9,4.832876712328767,147,0.0380434782608695,0.1111111111111111,20.444444444444443,38.07256235827664,1.862244897959184,0.0088455130358048,9,184,1,2,3,3,123,13,Low-priority churn
3559,2n Cycle,Married,16248.0,1,0,2014-05-10,77,12,11,10,3,12,9,3,2,1,3,6,0,0,0,0,0,0,0,18,0,26,25-34,1,2,3,0,48,0,6,4.865753424657534,148,0.1875,0.5,8.0,9.864864864864863,1.233108108108108,0.0072857199888219,6,48,1,2,2,2,122,12,Low-priority churn
10562,Master,Married,66835.0,0,0,2013-09-28,21,620,26,195,34,17,141,1,6,4,13,2,0,0,0,0,0,0,0,18,0,68,65-74,0,2,2,0,892,0,23,12.23013698630137,372,0.1580717488789237,0.0434782608695652,38.78260869565217,72.93458781362007,1.8806003584229392,0.0130951605261231,23,892,3,5,4,7,354,37,Champions
10796,Master,Married,30477.0,1,0,2014-01-22,16,47,1,6,0,0,12,1,1,1,3,6,0,0,0,0,0,0,0,18,0,30,25-34,1,2,3,0,54,0,5,8.416438356164383,256,0.2222222222222222,0.2,10.8,6.416015625000001,0.5940755208333334,0.002526239049119,5,54,3,1,2,1,312,31,Recents
2563,Basic,Married,28249.0,0,0,2014-06-15,80,1,9,7,2,14,10,1,2,0,3,6,0,0,0,0,0,0,0,12,0,53,45-54,0,2,2,0,33,0,5,3.682191780821918,112,0.303030303030303,0.2,6.6,8.962053571428571,1.3578869047619049,0.0038070247745811,5,33,1,1,1,0,111,10,Low-priority churn
3518,Graduation,Married,25271.0,1,0,2012-12-05,45,10,1,18,10,4,7,1,1,1,2,9,0,0,0,0,0,0,0,16,0,31,25-34,1,2,3,0,43,0,4,21.994520547945204,669,0.1627906976744186,0.25,10.75,1.9550323866467365,0.1818634778276034,0.0009283522076594,4,43,2,1,1,0,211,20,Standard base
5823,PhD,Single,32303.0,0,1,2014-03-08,63,35,0,2,0,0,2,2,1,0,4,5,0,0,0,0,0,0,0,22,0,44,35-44,1,1,2,0,37,0,5,6.936986301369863,211,0.054054054054054,0.4,7.4,5.333728278041074,0.7207740916271722,0.0019813868475526,5,37,2,1,1,0,211,20,Standard base
3934,Graduation,Married,61286.0,0,1,2013-08-02,34,356,0,107,19,9,117,2,7,1,8,5,0,0,0,0,0,0,0,16,0,48,45-54,1,2,3,0,491,0,16,14.104109589041096,429,0.2382892057026476,0.125,30.6875,34.812548562548564,1.1344211344211343,0.006816411297043,16,491,2,4,3,5,243,25,Standard base
6982,Graduation,Married,74068.0,0,0,2013-03-19,14,783,30,537,140,76,15,1,4,10,9,2,0,0,0,0,0,0,0,16,0,38,35-44,0,2,2,0,1566,0,23,18.575342465753423,565,0.0095785440613026,0.0434782608695652,68.08695652173913,84.30530973451329,1.2382005899705015,0.0136585801805659,23,1566,3,5,5,8,355,38,Champions
6431,PhD,Married,45759.0,1,1,2013-02-23,13,42,1,18,3,0,4,2,2,0,3,7,0,0,0,0,0,0,0,22,0,50,45-54,2,2,4,0,64,0,5,19.364383561643837,589,0.0625,0.4,12.8,3.305036785512168,0.2582059988681381,0.0008667243914016,5,64,3,1,2,1,312,31,Recents
9733,Basic,Together,24882.0,1,0,2012-09-09,52,1,4,10,29,0,36,1,1,1,2,6,1,0,0,0,0,0,0,12,0,36,35-44,1,2,3,0,44,1,4,24.0,756,0.8181818181818182,0.25,11.0,1.8333333333333333,0.1666666666666666,0.0008841732979664,4,44,2,1,2,1,212,21,Standard base
5602,PhD,Together,66973.0,0,0,2013-05-17,98,466,22,432,147,113,102,1,8,7,12,3,0,0,0,0,0,0,0,22,0,25,25-34,0,2,2,0,1180,0,27,16.635616438356163,506,0.0864406779661016,0.037037037037037,43.7037037037037,70.93214756258236,1.62302371541502,0.0127093869283291,27,1180,1,5,5,8,155,18,Critical retention
7829,2n Cycle,Divorced,36640.0,1,0,2013-09-26,99,15,6,8,7,4,25,1,2,1,2,5,0,0,0,0,0,1,0,18,1,44,35-44,1,1,2,0,40,0,5,12.295890410958904,374,0.625,0.2,8.0,3.2531194295900177,0.4066399286987522,0.0010654321275949,5,40,1,1,1,0,111,10,Low-priority churn
1324,Graduation,Married,38872.0,1,0,2013-05-30,93,23,3,21,3,19,22,2,3,0,3,8,0,0,0,0,0,0,0,16,0,26,25-34,1,2,3,0,69,0,6,16.208219178082192,493,0.3188405797101449,0.3333333333333333,11.5,4.25709939148073,0.370182555780933,0.0013141899747316,6,69,1,2,2,2,122,12,Low-priority churn
326,Graduation,Married,51148.0,1,1,2013-02-18,38,235,6,45,8,9,12,4,5,1,6,6,0,0,0,0,0,0,0,16,0,41,35-44,2,2,4,0,303,0,12,19.528767123287672,594,0.0396039603960396,0.3333333333333333,25.25,15.51557239057239,0.6144781144781145,0.0036401593158455,12,303,2,3,3,4,233,24,Standard base
6999,Master,Married,69661.0,0,0,2014-05-13,80,656,16,106,32,16,8,1,7,3,12,3,0,0,0,0,0,0,0,18,0,34,25-34,0,2,2,0,826,0,22,4.767123287671232,145,0.009685230024213,0.0454545454545454,37.54545454545455,173.27011494252875,4.614942528735632,0.0298479978655251,22,826,1,5,4,7,154,17,Critical retention
9938,Graduation,Married,80067.0,0,0,2013-09-19,82,519,17,813,27,173,51,1,4,6,6,2,0,0,1,0,0,0,0,16,0,60,55-64,0,2,2,0,1549,1,16,12.526027397260274,381,0.0329244673983215,0.0625,96.8125,123.662510936133,1.2773403324584427,0.018533854537245,16,1549,1,4,5,7,145,17,Critical retention
6422,Graduation,Married,86718.0,0,0,2013-01-17,20,344,189,482,50,33,172,1,5,6,5,2,0,0,0,0,0,0,0,16,0,60,55-64,0,2,2,0,1098,0,16,20.58082191780822,626,0.1566484517304189,0.0625,68.625,53.35063897763578,0.777422790202343,0.0073826387570242,16,1098,3,4,4,6,344,36,Champions
3182,PhD,Single,46854.0,1,1,2014-03-31,81,96,1,79,7,1,79,6,5,1,3,8,1,0,0,0,0,0,1,22,0,41,35-44,2,1,3,0,184,1,9,6.180821917808219,188,0.4293478260869565,0.6666666666666666,20.444444444444443,29.76950354609929,1.456117021276596,0.0076244086428734,9,184,1,2,3,3,123,13,Low-priority churn
7300,Graduation,Divorced,69142.0,0,1,2014-06-29,50,448,4,34,6,4,39,3,8,1,7,5,0,1,0,0,0,0,0,16,0,62,55-64,1,1,2,0,496,1,16,3.221917808219178,98,0.0786290322580645,0.1875,31.0,153.9455782312925,4.965986394557823,0.0267181588437637,16,496,2,4,3,5,243,25,Standard base
10424,Graduation,Single,75922.0,0,0,2013-12-09,60,265,138,553,224,23,92,1,4,4,9,1,0,0,0,0,0,0,0,16,0,46,45-54,0,1,1,0,1203,0,17,9.863013698630136,300,0.0764754779717373,0.0588235294117647,70.76470588235294,121.97083333333332,1.723611111111111,0.0192783382945654,17,1203,2,4,5,7,245,27,High value at risk
8727,Graduation,Divorced,63693.0,0,1,2013-10-14,63,587,43,337,42,87,54,3,11,6,9,6,0,0,0,0,0,0,0,16,0,36,35-44,1,1,2,0,1096,0,26,11.704109589041096,356,0.0492700729927007,0.1153846153846153,42.15384615384615,93.64232209737828,2.221441947565543,0.017642564570181,26,1096,2,5,4,7,254,27,High value at risk
2798,PhD,Together,102160.0,0,0,2012-11-02,54,763,29,138,76,176,58,0,7,9,10,4,0,1,1,1,0,0,1,22,0,37,35-44,0,2,2,0,1182,3,26,23.07945205479452,702,0.0490693739424703,0.0,45.46153846153846,51.21438746438747,1.126543209876543,0.0060157855283148,26,1182,2,5,5,8,255,28,High value at risk
1030,PhD,Single,40637.0,1,1,2013-07-17,72,22,0,13,0,0,3,2,1,0,3,7,0,0,0,0,0,0,0,22,0,49,45-54,2,1,3,0,35,0,4,14.63013698630137,445,0.0857142857142857,0.5,8.75,2.392322097378277,0.2734082397003745,0.0007064464691916,4,35,1,1,1,0,111,10,Low-priority churn
624,Master,Single,18890.0,0,0,2012-11-10,5,6,4,1,7,2,15,1,0,1,2,6,1,0,0,0,0,0,1,18,0,30,25-34,0,1,1,0,20,1,3,22.816438356164383,694,0.75,0.3333333333333333,6.666666666666667,0.8765609990393852,0.1314841498559077,0.0005568412910784,3,20,3,1,1,0,311,30,Recents
5176,Graduation,Together,29604.0,1,0,2013-12-08,88,7,6,13,7,6,14,1,1,0,3,9,1,0,0,0,0,0,0,16,0,26,25-34,1,2,3,0,39,1,4,9.895890410958904,301,0.358974358974359,0.25,9.75,3.941029900332226,0.4042081949058693,0.001597498946223,4,39,1,1,1,0,111,10,Low-priority churn
5552,Master,Divorced,48721.0,1,1,2013-05-13,50,81,18,113,47,13,21,6,4,2,5,6,0,0,0,0,0,0,0,18,0,51,45-54,2,1,3,0,272,0,11,16.767123287671232,510,0.0772058823529411,0.5454545454545454,24.727272727272727,16.22222222222222,0.6560457516339869,0.0039955392267536,11,272,2,3,3,4,233,24,Standard base
868,Graduation,Married,44794.0,0,1,2014-06-08,99,54,0,7,0,0,4,1,2,0,3,6,0,0,0,0,0,0,0,16,0,48,45-54,1,2,3,0,61,0,5,3.912328767123288,119,0.0655737704918032,0.2,12.2,15.591736694677872,1.2780112044817928,0.0041769174518045,5,61,1,1,2,1,112,11,Low-priority churn
380,Graduation,Divorced,64497.0,0,1,2012-09-10,17,1170,48,320,42,32,192,5,11,4,9,8,1,0,0,0,0,0,1,16,0,60,55-64,1,1,2,0,1612,1,24,24.0,755,0.119106699751861,0.2083333333333333,67.16666666666667,67.16666666666667,1.0,0.0124967052731134,24,1612,3,5,5,8,355,38,Champions
2677,Graduation,Together,46097.0,0,1,2013-03-31,11,72,24,68,65,4,8,5,3,1,6,4,0,0,0,0,0,0,0,16,0,58,55-64,1,2,3,0,233,0,10,18.180821917808217,553,0.0343347639484978,0.5,23.3,12.815702230259197,0.5500301386377336,0.0033361916559236,10,233,3,3,3,4,333,34,Loyal
6521,Graduation,Together,77972.0,0,0,2014-03-18,18,613,22,319,33,102,12,1,4,6,9,1,0,0,0,0,0,0,0,16,0,60,55-64,0,2,2,0,1089,0,19,6.608219178082192,201,0.0110192837465564,0.0526315789473684,57.31578947368421,164.794776119403,2.875207296849088,0.0253621468403123,19,1089,3,4,4,6,344,36,Champions
6927,PhD,Married,44377.0,1,1,2012-10-05,70,224,0,30,0,0,10,8,5,1,5,8,0,0,0,0,0,0,0,22,0,46,45-54,2,2,4,0,254,0,11,24.0,730,0.0393700787401574,0.7272727272727273,23.09090909090909,10.583333333333334,0.4583333333333333,0.0028618428465195,11,254,1,3,3,4,133,14,Low-priority churn
2877,Master,Together,46014.0,1,1,2013-01-21,21,410,0,59,19,9,44,10,7,1,8,7,0,0,0,0,0,0,0,18,0,40,35-44,2,2,4,0,497,0,16,20.44931506849315,622,0.0885311871227364,0.625,31.0625,24.303992497320472,0.782422293676313,0.0063382429253671,16,497,3,4,3,5,343,35,High-potential growth
0,Graduation,Married,70951.0,0,0,2013-05-04,66,239,10,554,254,87,54,1,3,4,9,1,0,0,0,0,0,0,0,16,0,29,25-34,0,2,2,0,1144,0,16,17.063013698630137,519,0.0472027972027972,0.0625,71.5,67.04560051380861,0.9377007064868336,0.0113394766270482,16,1144,2,4,5,7,245,27,High value at risk
1584,Graduation,Married,41443.0,1,0,2014-04-01,79,171,7,171,25,19,89,6,8,1,5,8,0,0,0,0,0,0,0,16,0,37,35-44,1,2,3,0,393,0,14,6.147945205479452,187,0.2264631043256997,0.4285714285714285,28.071428571428573,63.92379679144385,2.2771836007130126,0.0185094119995494,14,393,1,3,3,4,133,14,Low-priority churn
7264,2n Cycle,Single,52195.0,2,1,2014-05-12,2,12,0,4,0,0,1,1,1,0,2,8,0,0,0,0,0,0,0,18,0,36,35-44,3,1,4,0,16,0,3,4.8,146,0.0625,0.3333333333333333,5.333333333333333,3.333333333333333,0.625,0.0007663569307404,3,16,3,1,1,0,311,30,Recents
6274,Master,Married,83790.0,0,0,2013-11-15,81,1076,16,417,42,48,16,1,8,10,6,3,0,1,1,0,0,0,0,18,0,66,65-74,0,2,2,0,1599,2,24,10.652054794520549,324,0.0100062539086929,0.0416666666666666,66.625,150.1118827160494,2.2530864197530867,0.0214983004247833,24,1599,1,5,5,8,155,18,Critical retention
1377,Master,Widow,44551.0,0,1,2013-08-31,24,182,4,33,0,0,66,2,4,1,5,7,0,0,0,0,0,0,0,18,0,60,55-64,1,1,2,0,219,0,10,13.150684931506849,400,0.3013698630136986,0.2,21.9,16.653125,0.7604166666666667,0.0044855895490561,10,219,3,3,3,4,333,34,Loyal
454,Graduation,Together,69508.0,1,0,2012-11-14,48,824,32,162,42,32,43,2,11,4,11,6,0,0,0,0,0,0,0,16,0,34,25-34,1,2,3,0,1092,0,26,22.684931506849317,690,0.0393772893772893,0.0769230769230769,42.0,48.137681159420296,1.146135265700483,0.008310585456538,26,1092,2,5,4,7,254,27,High value at risk
1755,2n Cycle,Together,45204.0,1,0,2014-04-11,93,30,11,25,29,1,18,1,1,1,4,3,0,0,0,0,0,0,0,18,0,26,25-34,1,2,3,0,96,0,6,5.8191780821917805,177,0.1875,0.1666666666666666,16.0,16.497175141242938,1.0310734463276836,0.0043793934540066,6,96,1,2,2,2,122,12,Low-priority churn
2075,Graduation,Married,72460.0,0,0,2013-11-14,56,377,10,540,80,30,10,1,3,5,7,1,0,0,0,0,0,0,0,16,0,45,45-54,0,2,2,0,1037,0,15,10.684931506849315,325,0.0096432015429122,0.0666666666666666,69.13333333333334,97.0525641025641,1.4038461538461535,0.0160727403978853,15,1037,2,3,4,5,234,25,High value at risk
4785,PhD,Together,77622.0,0,2,2014-04-14,3,520,7,154,19,0,14,2,6,3,11,3,0,0,0,0,0,0,0,22,0,44,35-44,2,2,4,0,700,0,20,5.720547945205479,174,0.02,0.1,35.0,122.36590038314178,3.49616858237548,0.01891719879155,20,700,3,4,4,6,344,36,Champions
9076,PhD,Married,30732.0,1,0,2013-01-05,44,155,1,25,0,1,3,4,4,1,4,8,0,0,0,0,0,0,0,22,0,34,25-34,1,2,3,0,182,0,9,20.975342465753425,638,0.0164835164835164,0.4444444444444444,20.22222222222222,8.676854754440962,0.4290752351097178,0.0033880729224681,9,182,2,2,3,3,223,23,Standard base
7079,Graduation,Divorced,63887.0,0,1,2012-09-08,38,897,23,207,15,11,92,5,9,6,12,6,0,0,0,0,0,0,0,16,0,52,45-54,1,1,2,0,1153,0,27,24.0,757,0.0797918473547268,0.1851851851851851,42.7037037037037,48.04166666666666,1.125,0.0090237450498536,27,1153,2,5,5,8,255,28,High value at risk
4653,Graduation,Together,42011.0,1,0,2013-03-26,46,131,0,16,2,1,39,4,3,1,4,8,0,0,0,0,0,0,0,16,0,36,35-44,1,2,3,0,150,0,8,18.34520547945205,558,0.26,0.5,18.75,8.17652329749104,0.4360812425328554,0.0023355378250908,8,150,2,2,2,2,222,22,Standard base
7375,Graduation,Together,51369.0,0,1,2012-10-25,84,297,7,79,0,11,182,2,8,2,4,8,0,0,0,0,0,0,0,16,0,38,35-44,1,2,3,0,394,0,14,23.34246575342465,710,0.4619289340101523,0.1428571428571428,28.142857142857142,16.87910798122066,0.5997652582159625,0.0039430258672477,14,394,1,3,3,4,133,14,Low-priority churn
709,Graduation,Divorced,51537.0,0,1,2012-12-09,27,787,20,204,0,0,92,3,2,2,11,8,0,0,0,0,0,0,0,16,0,62,55-64,1,1,2,0,1011,0,15,21.863013698630137,665,0.0909990108803165,0.2,67.4,46.24248120300752,0.6860902255639098,0.010767211409979,15,1011,3,3,4,5,334,35,High-potential growth
460,PhD,Married,79930.0,0,0,2012-08-08,72,792,86,740,67,51,17,1,3,5,8,2,0,0,0,0,0,0,0,22,0,42,35-44,0,2,2,0,1736,0,16,24.0,788,0.0097926267281105,0.0625,108.5,72.33333333333333,0.6666666666666666,0.0108595020643062,16,1736,1,4,5,7,145,17,Critical retention
3726,PhD,Together,34320.0,1,0,2014-02-16,66,4,1,9,3,0,0,1,1,0,2,8,0,0,0,0,0,0,0,22,0,28,25-34,1,2,3,0,17,0,3,7.594520547945205,231,0.0,0.3333333333333333,5.666666666666667,2.2384559884559887,0.395021645021645,0.0007826769190405,3,17,2,1,1,0,211,20,Standard base
6798,Graduation,Single,37070.0,1,1,2013-03-20,30,231,7,137,4,15,39,9,5,1,8,7,0,0,0,0,0,0,1,16,0,48,45-54,2,1,3,0,394,0,14,18.542465753424658,564,0.098984771573604,0.6428571428571429,28.142857142857142,21.24852245862884,0.7550236406619385,0.0068783995010398,14,394,3,3,3,4,333,34,Loyal
5341,2n Cycle,Divorced,81975.0,0,1,2013-01-05,2,983,76,184,180,138,27,1,6,3,4,7,0,0,1,0,0,0,0,18,0,52,45-54,1,1,2,0,1561,1,13,20.975342465753425,638,0.0172966047405509,0.0769230769230769,120.07692307692308,74.4207157784744,0.6197753396029259,0.0108941578449733,13,1561,3,3,5,6,335,36,High-potential growth
1606,Graduation,Together,38590.0,1,0,2013-05-15,65,3,1,8,4,3,3,1,1,0,2,8,0,0,0,0,0,0,0,16,0,43,35-44,1,2,3,0,19,0,3,16.7013698630137,508,0.1578947368421052,0.3333333333333333,6.333333333333333,1.1376312335958003,0.1796259842519685,0.0003537593885242,3,19,2,1,1,0,211,20,Standard base
9617,Graduation,Single,15033.0,0,0,2014-04-16,37,0,4,5,6,0,4,1,1,0,3,3,0,0,0,0,0,0,0,16,0,63,55-64,0,1,1,0,15,0,4,5.654794520547945,172,0.2666666666666666,0.25,3.75,2.6526162790697674,0.7073643410852714,0.0021174346669884,4,15,2,1,1,0,211,20,Standard base
3233,PhD,Married,62745.0,0,1,2013-03-23,89,562,21,464,28,10,32,3,7,8,11,5,0,0,0,0,0,0,0,22,0,49,45-54,1,2,3,0,1085,0,26,18.44383561643836,561,0.0294930875576036,0.1153846153846153,41.73076923076923,58.82724301841949,1.4096850861556744,0.0112507278065349,26,1085,1,5,4,7,154,17,Critical retention
89,2n Cycle,Married,22212.0,1,0,2013-12-09,49,5,9,20,6,8,21,2,2,0,4,6,0,0,0,0,0,0,0,18,0,39,35-44,1,2,3,0,48,0,6,9.863013698630136,300,0.4375,0.3333333333333333,8.0,4.866666666666666,0.6083333333333333,0.0026292094363407,6,48,2,2,2,2,222,22,Standard base
2936,Master,Together,23661.0,1,0,2013-12-04,46,18,0,4,0,0,1,1,1,0,3,7,0,0,0,0,0,0,0,18,0,32,25-34,1,2,3,0,22,0,4,10.027397260273972,305,0.0454545454545454,0.25,5.5,2.1939890710382515,0.3989071038251366,0.0011127115866809,4,22,2,1,1,0,211,20,Standard base
9449,PhD,Single,79761.0,0,1,2013-10-04,32,415,5,124,15,35,11,1,5,2,11,3,0,0,0,0,0,0,0,22,0,56,55-64,1,1,2,0,594,0,18,12.032876712328768,366,0.0185185185185185,0.0555555555555555,33.0,49.364754098360656,1.4959016393442623,0.0074269009814361,18,594,3,4,4,6,344,36,Champions
7297,Graduation,Single,7500.0,1,0,2013-12-26,54,5,3,10,12,7,20,4,3,1,3,7,0,0,0,0,0,0,0,16,0,41,35-44,1,1,2,0,37,0,7,9.304109589041095,283,0.5405405405405406,0.5714285714285714,5.285714285714286,3.976737338044759,0.7523557126030624,0.0063627797408716,7,37,2,2,1,1,221,21,Standard base
11004,2n Cycle,Single,60182.0,0,1,2014-05-17,23,8,0,5,7,0,2,1,1,0,2,4,0,0,0,0,0,0,0,18,1,44,35-44,1,1,2,0,20,0,3,4.635616438356164,141,0.1,0.3333333333333333,6.666666666666667,4.314420803782506,0.6471631205673759,0.0008602746609516,3,20,3,1,1,0,311,30,Recents
313,Graduation,Widow,73455.0,0,0,2013-10-28,98,901,61,757,186,163,20,1,6,5,10,3,0,1,0,0,0,0,0,16,0,46,45-54,0,1,1,0,2068,1,21,11.243835616438355,342,0.0096711798839458,0.0476190476190476,98.47619047619048,183.92300194931772,1.8676900584795324,0.030046641118941,21,2068,1,5,5,8,155,18,Critical retention
9940,Graduation,Together,64961.0,0,1,2012-12-23,97,382,114,276,75,124,38,2,6,4,4,3,0,0,0,0,0,0,0,16,0,56,55-64,1,2,3,0,971,0,14,21.402739726027395,651,0.03913491246138,0.1428571428571428,69.35714285714286,45.36802355350743,0.6541218637992833,0.00838066351568,14,971,1,3,4,5,134,15,Critical retention
10735,Graduation,Single,22804.0,1,0,2013-07-31,75,14,1,7,2,1,1,1,2,0,2,9,0,0,0,0,0,0,0,16,0,43,35-44,1,1,2,0,25,0,4,14.16986301369863,431,0.04,0.25,6.25,1.7643078112915702,0.2822892498066512,0.0009284201778415,4,25,1,1,1,0,111,10,Low-priority churn
9529,Graduation,Married,73687.0,0,0,2013-11-28,8,559,153,503,218,13,181,1,3,9,9,2,0,0,0,1,0,0,1,16,0,24,18-24,0,2,2,0,1446,1,21,10.224657534246576,311,0.1251728907330567,0.0476190476190476,68.85714285714286,141.42282958199357,2.053858520900321,0.0230308460784659,21,1446,3,5,5,8,355,38,Champions
6439,Graduation,Married,61074.0,0,1,2012-08-17,37,789,0,133,0,28,152,7,11,5,8,7,0,0,0,0,0,0,0,16,0,56,55-64,1,2,3,0,950,0,24,24.0,779,0.16,0.2916666666666667,39.583333333333336,39.583333333333336,1.0,0.0077774503061859,24,950,2,5,4,7,254,27,High value at risk
7411,PhD,Married,31686.0,1,1,2014-06-05,31,11,0,5,0,0,1,2,1,0,3,6,0,0,0,0,0,0,0,22,0,50,45-54,2,2,4,0,16,0,4,4.0109589041095886,122,0.0625,0.5,4.0,3.989071038251367,0.9972677595628416,0.0015107256346341,4,16,3,1,1,0,311,30,Recents
2176,Graduation,Married,80134.0,1,0,2013-05-20,40,1218,16,272,104,0,80,2,5,3,6,6,0,1,1,1,0,0,1,16,0,42,35-44,1,2,3,0,1610,3,14,16.53698630136986,503,0.0496894409937888,0.1428571428571428,115.0,97.35752153744204,0.8465871438038437,0.0145792080571206,14,1610,2,3,5,6,235,26,High value at risk
9265,Graduation,Married,75027.0,0,1,2013-01-09,74,925,64,179,133,12,77,2,9,4,6,5,0,0,0,0,0,0,0,16,0,61,55-64,1,2,3,0,1313,0,19,20.843835616438355,634,0.0586443259710586,0.1052631578947368,69.10526315789474,62.99224500525763,0.9115404837013672,0.010075132153266,19,1313,1,4,5,7,145,17,Critical retention
8867,PhD,Married,67546.0,0,0,2012-08-31,90,864,134,768,150,38,172,1,4,10,5,3,0,0,0,0,0,0,0,22,0,26,25-34,0,2,2,0,1954,0,19,24.0,765,0.0880245649948822,0.0526315789473684,102.84210526315788,81.41666666666667,0.7916666666666666,0.0144642169780593,19,1954,1,4,5,7,145,17,Critical retention
8932,Master,Together,65176.0,0,1,2012-10-29,57,960,28,183,220,70,70,4,9,6,6,6,0,0,0,0,0,0,0,18,0,45,45-54,1,2,3,0,1461,0,21,23.21095890410959,706,0.0479123887748117,0.1904761904761904,69.57142857142857,62.94440509915015,0.904745042492918,0.0115891257700656,21,1461,2,5,5,8,255,28,High value at risk
10236,Master,Single,31160.0,1,0,2013-09-16,59,16,3,25,6,1,13,2,2,0,3,8,0,0,0,0,0,0,0,18,0,39,35-44,1,1,2,0,51,0,5,12.624657534246577,384,0.2549019607843137,0.4,10.2,4.039713541666667,0.3960503472222222,0.001555730503851,5,51,2,1,2,1,212,21,Standard base
6340,Graduation,Single,29938.0,1,0,2013-10-27,52,3,3,7,0,2,11,2,1,0,3,6,0,0,0,0,0,0,0,16,0,29,25-34,1,1,2,0,15,0,4,11.276712328767124,343,0.7333333333333333,0.5,3.75,1.3301749271137029,0.3547133138969873,0.0005331718593548,4,15,2,1,1,0,211,20,Standard base
10089,Graduation,Divorced,102692.0,0,0,2013-04-05,5,168,148,444,32,172,148,1,6,9,13,2,0,1,1,1,1,0,1,16,0,40,35-44,0,1,1,0,964,4,28,18.016438356164382,548,0.1535269709543568,0.0357142857142857,34.42857142857143,53.50669099756691,1.5541362530413627,0.0062524859966774,28,964,3,5,4,7,354,37,Champions
2227,2n Cycle,Together,26490.0,0,0,2012-09-22,92,45,47,52,21,20,25,2,3,1,5,6,0,0,0,0,0,0,0,18,0,56,55-64,0,2,2,0,185,0,9,24.0,743,0.1351351351351351,0.2222222222222222,20.55555555555556,7.708333333333333,0.375,0.0034918837297093,9,185,1,2,3,3,123,13,Low-priority churn
10992,Graduation,Together,75702.0,1,1,2012-08-29,77,650,28,353,45,42,30,5,4,6,11,8,0,0,0,0,0,0,0,16,0,47,45-54,2,2,4,0,1118,0,21,24.0,767,0.0268336314847942,0.238095238095238,53.23809523809524,46.583333333333336,0.875,0.0073842170616364,21,1118,1,5,5,8,155,18,Critical retention
5304,PhD,Single,30899.0,1,0,2012-10-13,35,24,0,8,0,0,1,2,1,0,3,6,0,0,0,0,0,0,0,22,0,40,35-44,1,1,2,0,32,0,4,23.73698630136986,722,0.03125,0.5,8.0,1.3481071098799633,0.1685133887349954,0.0005235536851859,4,32,2,1,1,0,211,20,Standard base
3406,Graduation,Single,45989.0,0,1,2012-10-22,97,138,33,87,28,24,12,4,3,2,7,3,0,0,0,0,0,0,0,16,0,50,45-54,1,1,2,0,310,0,12,23.44109589041096,713,0.0387096774193548,0.3333333333333333,25.83333333333333,13.224637681159422,0.511921458625526,0.0034507306567638,12,310,1,3,3,4,133,14,Low-priority churn
2661,Graduation,Single,18701.0,1,1,2013-06-04,95,12,4,2,10,6,10,4,2,0,4,5,0,0,0,0,0,0,0,16,0,50,45-54,2,1,3,0,34,0,6,16.043835616438354,488,0.2941176470588235,0.6666666666666666,5.666666666666667,2.1191939890710385,0.3739754098360656,0.0013598378626197,6,34,1,2,1,1,121,11,Low-priority churn
3153,PhD,Single,40737.0,2,1,2013-12-08,24,11,0,4,0,0,2,1,1,0,2,8,0,0,0,0,0,0,0,22,0,57,55-64,3,1,4,0,15,0,3,9.895890410958904,301,0.1333333333333333,0.3333333333333333,5.0,1.51578073089701,0.303156146179402,0.0004465073218637,3,15,3,1,1,0,311,30,Recents
10264,Graduation,Divorced,15287.0,1,0,2012-10-10,60,1,2,8,4,3,13,2,1,1,2,7,1,0,0,0,0,0,1,16,0,35,35-44,1,1,2,0,18,1,4,23.83561643835616,725,0.7222222222222222,0.5,4.5,0.7551724137931035,0.167816091954023,0.0005927957719315,4,18,2,1,1,0,211,20,Standard base
1184,PhD,Divorced,69674.0,0,2,2013-05-22,46,554,41,215,11,0,24,3,10,2,10,5,0,0,0,0,0,0,0,22,0,46,45-54,2,1,3,0,821,0,22,16.471232876712328,501,0.0292326431181485,0.1363636363636363,37.31818181818182,49.84447771124418,1.335662009314704,0.008584748005496,22,821,2,5,4,7,254,27,High value at risk
4200,Master,Married,44159.0,1,0,2014-06-17,85,167,2,62,24,13,7,4,4,1,6,5,0,0,0,0,0,0,0,18,0,44,35-44,1,2,3,0,268,0,11,3.616438356164384,110,0.0261194029850746,0.3636363636363636,24.363636363636363,74.10606060606061,3.041666666666667,0.020137972491966,11,268,1,3,3,4,133,14,Low-priority churn
9396,PhD,Married,37717.0,1,0,2012-11-23,31,9,0,6,4,1,5,1,1,0,2,9,0,0,0,0,0,0,0,22,0,36,35-44,1,2,3,0,20,0,3,22.38904109589041,681,0.25,0.3333333333333333,6.666666666666667,0.8932941752325013,0.1339941262848752,0.0002842095103743,3,20,3,1,1,0,311,30,Recents
2387,Master,Together,43776.0,1,1,2013-02-03,9,177,2,71,3,2,20,6,5,2,4,8,0,0,0,0,0,0,1,18,0,62,55-64,2,2,4,0,255,0,11,20.02191780821918,609,0.0784313725490196,0.5454545454545454,23.181818181818183,12.736042692939243,0.5493979200875753,0.0034912397732837,11,255,3,3,3,4,333,34,Loyal
6690,Master,Married,38179.0,1,1,2013-03-14,30,38,4,22,4,2,20,4,3,1,3,7,0,0,0,0,0,0,0,18,0,48,45-54,2,2,4,0,70,0,7,18.73972602739726,570,0.2857142857142857,0.5714285714285714,10.0,3.735380116959064,0.3735380116959064,0.0011740632652376,7,70,3,2,2,2,322,32,Recents
1225,Graduation,Married,80124.0,0,0,2014-06-26,47,483,84,398,205,84,241,1,3,7,8,1,1,0,0,0,0,0,0,16,0,51,45-54,0,2,2,0,1254,1,18,3.320547945205479,101,0.1921850079744816,0.0555555555555555,69.66666666666667,377.6485148514852,5.420792079207922,0.0565596098324824,18,1254,2,4,5,7,245,27,High value at risk
9703,PhD,Married,38097.0,1,1,2012-10-15,70,77,2,35,0,1,69,4,3,2,2,7,1,0,0,0,0,0,1,22,0,44,35-44,2,2,4,0,115,1,7,23.671232876712327,720,0.6,0.5714285714285714,16.428571428571427,4.858217592592593,0.2957175925925926,0.0015302677667824,7,115,1,2,2,2,122,12,Low-priority churn
291,Graduation,Married,72940.0,0,0,2013-06-19,13,182,74,298,162,149,116,1,3,3,6,1,0,0,0,0,0,0,0,16,0,44,35-44,0,2,2,0,865,0,12,15.550684931506847,473,0.1341040462427745,0.0833333333333333,72.08333333333333,55.62455954897816,0.7716701902748414,0.0091512848174902,12,865,3,3,4,5,334,35,High-potential growth
4557,Graduation,Together,22070.0,1,0,2013-10-04,11,10,7,19,8,2,21,2,2,2,2,6,0,0,0,0,0,0,0,16,0,44,35-44,1,2,3,0,46,0,6,12.032876712328768,366,0.4565217391304347,0.3333333333333333,7.666666666666667,3.8228597449908928,0.4986338797814207,0.0020785825527816,6,46,3,2,2,2,322,32,Recents
2379,Graduation,Single,69267.0,0,0,2012-09-22,31,778,44,499,95,73,146,2,3,4,5,7,0,0,0,0,0,0,1,16,0,61,55-64,0,1,1,0,1489,0,12,24.0,743,0.0980523841504365,0.1666666666666666,124.08333333333331,62.04166666666666,0.5,0.010748263964081,12,1489,3,3,5,6,335,36,High-potential growth
5726,Master,Single,31788.0,1,0,2014-03-20,15,16,7,23,0,8,6,3,3,0,4,5,0,0,0,0,0,1,0,18,0,31,25-34,1,1,2,0,54,0,7,6.542465753424657,199,0.1111111111111111,0.4285714285714285,7.714285714285714,8.253768844221106,1.069932998324958,0.0031158055282072,7,54,3,2,2,2,322,32,Recents
3066,PhD,Together,61905.0,0,1,2014-02-04,2,167,0,43,6,2,13,2,4,2,4,5,0,0,0,0,0,0,0,22,0,39,35-44,1,2,3,0,218,0,10,7.989041095890411,243,0.0596330275229357,0.2,21.8,27.28737997256516,1.2517146776406036,0.0052895333118614,10,218,3,3,3,4,333,34,Loyal
6336,Graduation,Married,29315.0,1,1,2014-04-06,55,13,2,14,8,7,4,4,2,0,4,6,0,0,0,0,0,0,0,16,0,54,45-54,2,2,4,0,44,0,6,5.983561643835616,182,0.0909090909090909,0.6666666666666666,7.333333333333333,7.353479853479854,1.0027472527472527,0.0030101230851699,6,44,2,2,2,2,222,22,Standard base
10967,Graduation,Divorced,33378.0,1,1,2013-02-06,38,33,6,40,3,7,10,3,2,0,4,7,0,0,0,0,0,0,0,16,0,51,45-54,2,1,3,0,89,0,6,19.92328767123288,606,0.1123595505617977,0.5,14.833333333333334,4.467134213421342,0.3011551155115511,0.0016060162550499,6,89,2,2,2,2,222,22,Standard base
2304,PhD,Together,66313.0,0,1,2013-09-16,86,625,7,99,10,22,7,2,6,3,12,4,0,0,0,0,0,0,0,22,0,51,45-54,1,2,3,0,763,0,21,12.624657534246577,384,0.0091743119266055,0.0952380952380952,36.333333333333336,60.43728298611112,1.6634114583333337,0.0109367302916974,21,763,1,5,4,7,154,17,Critical retention
3445,Graduation,Single,60714.0,0,0,2013-01-17,56,216,162,224,101,92,162,2,7,4,10,5,0,0,0,0,0,0,1,16,0,58,55-64,0,1,1,0,795,0,21,20.58082191780822,626,0.2037735849056604,0.0952380952380952,37.85714285714285,38.62819488817891,1.020367412140575,0.0076347850357108,21,795,2,5,4,7,254,27,High value at risk
7828,Master,Together,77882.0,0,0,2014-04-30,29,68,129,396,188,22,15,1,3,3,5,1,0,0,0,0,0,0,0,18,0,33,25-34,0,2,2,0,803,0,11,5.1945205479452055,158,0.0186799501867995,0.0909090909090909,73.0,154.58597046413502,2.117616033755274,0.0238184900948822,11,803,3,3,4,5,334,35,High-potential growth
3762,PhD,Single,69867.0,0,0,2013-04-02,30,196,0,512,33,130,54,1,3,5,8,1,0,0,0,1,0,0,1,22,0,28,25-34,0,1,1,0,871,1,16,18.115068493150684,551,0.0619977037887485,0.0625,54.4375,48.08151845130067,0.8832425892317,0.0082582366698957,16,871,3,4,4,6,344,36,Champions
4391,Master,Divorced,63841.0,0,1,2013-04-21,64,635,15,100,20,7,131,1,9,3,9,6,0,0,0,0,0,0,0,18,0,46,45-54,1,1,2,0,777,0,21,17.49041095890411,532,0.1685971685971685,0.0476190476190476,37.0,44.42434210526316,1.200657894736842,0.0083503094447636,21,777,2,5,4,7,254,27,High value at risk
4669,Basic,Married,24480.0,1,0,2013-02-11,46,4,19,9,28,25,17,3,3,0,4,7,0,0,0,0,0,0,0,12,0,33,25-34,1,2,3,0,85,0,7,19.75890410958904,601,0.2,0.4285714285714285,12.142857142857142,4.301858014420411,0.3542706600110926,0.0021087539286374,7,85,2,2,2,2,222,22,Standard base
1672,PhD,Together,65640.0,0,1,2014-03-01,74,204,7,149,20,15,66,1,5,1,8,2,0,0,0,0,0,0,0,22,0,40,35-44,1,2,3,0,395,0,14,7.167123287671233,218,0.1670886075949367,0.0714285714285714,28.214285714285715,55.11276758409786,1.9533639143730888,0.0100754602530343,14,395,1,3,3,4,133,14,Low-priority churn
8962,Master,Married,44319.0,1,1,2014-04-17,18,26,0,8,0,0,3,2,2,0,3,5,0,0,0,0,0,0,0,18,0,39,35-44,2,2,4,0,34,0,5,5.621917808219178,171,0.088235294117647,0.4,6.8,6.04775828460039,0.8893762183235868,0.0016375166275232,5,34,3,1,1,0,311,30,Recents
9974,Graduation,Married,30631.0,1,0,2013-07-12,75,15,6,20,4,5,20,1,3,1,2,7,0,0,0,0,0,0,0,16,0,40,35-44,1,2,3,0,50,0,6,14.794520547945204,450,0.4,0.1666666666666666,8.333333333333334,3.3796296296296298,0.4055555555555556,0.0013240036419168,6,50,1,2,2,2,122,12,Low-priority churn
10983,Graduation,Together,75278.0,0,0,2013-01-29,17,304,98,230,150,74,74,1,6,3,13,3,0,0,0,0,0,0,0,16,0,62,55-64,0,2,2,0,856,0,22,20.186301369863013,614,0.0864485981308411,0.0454545454545454,38.90909090909091,42.40499457111835,1.0898479913137893,0.0067597430172616,22,856,3,5,4,7,354,37,Champions
8148,Master,Together,50898.0,1,1,2013-01-08,88,285,28,242,55,114,135,13,6,2,12,5,0,0,0,0,0,0,0,18,0,58,55-64,2,2,4,0,724,0,20,20.876712328767123,635,0.18646408839779,0.65,36.2,34.67979002624672,0.958005249343832,0.0081763032008126,20,724,1,4,4,6,144,16,Critical retention
10102,Graduation,Widow,79946.0,0,0,2014-05-12,19,395,183,565,166,141,28,1,5,11,5,3,0,0,0,0,0,0,0,16,0,48,45-54,0,1,1,0,1450,0,21,4.8,146,0.0193103448275862,0.0476190476190476,69.04761904761905,302.08333333333337,4.375,0.0453431065969529,21,1450,3,5,5,8,355,38,Champions
4697,Master,Divorced,35416.0,0,0,2013-06-13,62,248,3,81,4,3,51,3,7,1,5,8,0,0,0,0,0,0,0,18,0,65,65-74,0,1,1,0,339,0,13,15.747945205479452,479,0.1504424778761062,0.2307692307692307,26.07692307692308,21.526617954070986,0.8255045233124565,0.0072938619677222,13,339,2,3,3,4,233,24,Standard base
9262,2n Cycle,Together,32414.0,0,0,2013-07-04,11,20,6,5,0,9,12,1,1,0,3,7,1,0,0,0,0,0,0,18,0,30,25-34,0,2,2,0,40,1,4,15.057534246575342,458,0.3,0.25,10.0,2.656477438136827,0.2656477438136826,0.0009834555827001,4,40,3,1,1,0,311,30,Recents
7254,Graduation,Together,38361.0,1,0,2013-12-27,74,39,0,56,20,8,14,3,3,1,3,7,0,0,0,0,0,0,0,16,0,45,45-54,1,2,3,0,123,0,7,9.271232876712329,282,0.1138211382113821,0.4285714285714285,17.571428571428573,13.266843971631204,0.7550236406619385,0.0041501036901951,7,123,1,2,2,2,122,12,Low-priority churn
4543,Graduation,Married,82497.0,0,0,2012-10-31,32,777,129,573,216,21,203,1,2,7,9,4,0,0,1,0,0,0,0,16,0,34,25-34,0,2,2,0,1716,1,18,23.145205479452056,704,0.1182983682983683,0.0555555555555555,95.33333333333331,74.140625,0.7776988636363636,0.0107844830721117,18,1716,3,4,5,7,345,37,Champions
4927,Graduation,Together,16626.0,2,0,2014-01-15,76,8,3,22,21,1,13,3,3,0,3,9,0,0,0,0,0,0,0,16,0,43,35-44,2,2,4,0,55,0,6,8.646575342465754,263,0.2363636363636363,0.5,9.166666666666666,6.360899873257288,0.6939163498098859,0.0045910500709182,6,55,1,2,2,2,122,12,Low-priority churn
10451,Graduation,Together,29672.0,1,1,2013-03-12,6,9,1,3,0,4,8,1,0,0,3,6,0,0,0,0,0,0,0,16,0,49,45-54,2,2,4,0,17,0,3,18.805479452054797,572,0.4705882352941176,0.3333333333333333,5.666666666666667,0.9039918414918416,0.159527972027972,0.0003655938965321,3,17,3,1,1,0,311,30,Recents
2926,Master,Together,55951.0,0,1,2012-08-23,62,1241,0,80,0,13,40,3,3,6,11,8,0,1,0,0,1,0,0,18,0,62,55-64,1,2,3,0,1334,2,20,24.0,773,0.0299850074962518,0.15,66.7,55.583333333333336,0.8333333333333334,0.0119211452878411,20,1334,2,4,5,7,245,27,High value at risk
2874,2n Cycle,Divorced,35388.0,1,0,2013-03-07,20,6,4,7,4,3,8,1,1,0,3,7,0,0,0,0,0,0,0,18,0,26,25-34,1,1,2,0,24,0,4,18.969863013698628,577,0.3333333333333333,0.25,6.0,1.2651646447140383,0.2108607741190064,0.0004290147998352,4,24,3,1,1,0,311,30,Recents
9738,Master,Together,42386.0,1,0,2013-01-13,43,65,4,16,0,4,11,1,3,0,3,8,0,0,0,0,0,0,0,18,0,28,25-34,1,2,3,0,89,0,6,20.712328767123285,630,0.1235955056179775,0.1666666666666666,14.833333333333334,4.2969576719576725,0.2896825396825397,0.001216521777556,6,89,2,2,2,2,222,22,Standard base
7119,Graduation,Single,68627.0,0,0,2013-01-12,45,395,15,263,60,54,38,1,2,3,6,1,0,0,0,0,0,0,0,16,0,32,25-34,0,1,1,0,787,0,11,20.745205479452054,631,0.048284625158831,0.0909090909090909,71.54545454545455,37.936476492340205,0.530243000528262,0.0066335074811383,11,787,2,3,4,5,234,25,High value at risk
3924,PhD,Divorced,57912.0,0,1,2014-03-17,34,801,0,80,0,0,35,5,8,3,12,5,0,1,0,0,0,0,0,22,0,49,45-54,1,1,2,0,881,1,23,6.641095890410958,202,0.039727582292849,0.217391304347826,38.30434782608695,132.6588283828383,3.4632838283828384,0.0274883606263651,23,881,2,5,4,7,254,27,High value at risk
5827,Graduation,Divorced,35246.0,1,1,2014-04-16,53,36,0,12,2,2,10,4,3,1,3,5,0,0,0,0,0,0,0,16,0,56,55-64,2,1,3,0,52,0,7,5.654794520547945,172,0.1923076923076923,0.5714285714285714,7.428571428571429,9.195736434108529,1.237887596899225,0.0031308187371418,7,52,2,2,2,2,222,22,Standard base
5596,2n Cycle,Together,58821.0,0,1,2013-10-12,44,513,14,154,19,0,28,1,9,2,9,6,0,0,0,0,0,0,0,18,0,58,55-64,1,2,3,0,700,0,20,11.769863013698629,358,0.04,0.05,35.0,59.47392923649908,1.6992551210428308,0.0121332032919873,20,700,2,4,4,6,244,26,High value at risk
10812,PhD,Married,46377.0,1,0,2014-03-01,89,37,0,46,4,3,0,1,2,1,3,4,0,0,0,0,0,0,0,22,0,36,35-44,1,2,3,0,90,0,6,7.167123287671233,218,0.0,0.1666666666666666,15.0,12.557339449541283,0.8371559633027523,0.0032491983827003,6,90,1,2,2,2,122,12,Low-priority churn
1717,Graduation,Single,39747.0,1,0,2014-04-13,43,80,15,93,20,13,52,3,5,1,4,8,0,0,0,0,0,0,0,16,0,26,25-34,1,1,2,0,221,0,10,5.753424657534247,175,0.2352941176470588,0.3,22.1,38.411904761904765,1.738095238095238,0.0115969219599682,10,221,2,3,3,4,233,24,Standard base
9491,Graduation,Together,23976.0,1,0,2013-12-27,68,14,1,21,2,3,25,3,3,1,3,7,0,0,0,0,0,0,0,16,0,30,25-34,1,2,3,0,41,0,7,9.271232876712329,282,0.6097560975609756,0.4285714285714285,5.857142857142857,4.422281323877068,0.7550236406619385,0.0022133540159544,7,41,1,2,1,1,121,11,Low-priority churn
9274,Master,Married,80950.0,0,0,2013-03-28,44,525,147,112,219,147,63,1,6,7,9,2,0,0,0,1,0,0,0,18,0,53,45-54,0,2,2,0,1150,1,22,18.27945205479452,556,0.0547826086956521,0.0454545454545454,52.27272727272727,62.91217026378898,1.2035371702637891,0.0093260783590545,22,1150,2,5,5,8,255,28,High value at risk
6609,Graduation,Widow,27038.0,0,0,2012-09-18,64,1,26,25,17,23,15,1,3,0,3,9,0,0,0,0,0,0,1,16,0,48,45-54,0,1,1,0,92,0,6,24.0,747,0.1630434782608695,0.1666666666666666,15.333333333333334,3.8333333333333335,0.25,0.001701309268437,6,92,2,2,2,2,222,22,Standard base
6963,Graduation,Single,77457.0,0,0,2014-03-05,85,675,11,400,15,45,11,1,2,5,10,1,0,0,1,0,0,0,0,16,0,67,65-74,0,1,1,0,1146,1,17,7.035616438356164,214,0.0095986038394415,0.0588235294117647,67.41176470588235,162.8855140186916,2.4162772585669785,0.0252349841618485,17,1146,1,4,5,7,145,17,Critical retention
4440,Master,Married,64100.0,0,1,2013-09-10,93,509,0,27,0,0,10,1,8,3,6,7,0,1,0,0,0,0,0,18,0,50,45-54,1,2,3,0,536,1,17,12.821917808219178,390,0.0186567164179104,0.0588235294117647,31.529411764705884,41.80341880341881,1.3258547008547008,0.0078259130365214,17,536,1,4,3,5,143,15,Low-priority churn
1379,Master,Together,42670.0,0,0,2013-04-27,12,154,2,46,20,4,15,1,4,2,4,4,0,0,0,0,0,0,0,18,0,22,18-24,0,2,2,0,226,0,10,17.293150684931508,526,0.0663716814159292,0.1,22.6,13.068757921419518,0.5782636248415716,0.003675301032506,10,226,3,3,3,4,333,34,Loyal
10032,Graduation,Divorced,12571.0,1,0,2014-01-18,86,3,5,14,2,12,17,4,3,1,3,6,0,0,0,0,0,0,0,16,0,38,35-44,1,1,2,0,36,0,7,8.547945205479452,260,0.4722222222222222,0.5714285714285714,5.142857142857143,4.211538461538462,0.8189102564102564,0.0040202419488076,7,36,1,2,1,1,121,11,Low-priority churn
2826,Graduation,Married,22574.0,2,1,2013-10-28,28,25,0,8,2,0,2,2,2,0,3,7,0,0,0,0,0,0,0,16,0,47,45-54,3,2,5,0,35,0,5,11.243835616438355,342,0.0571428571428571,0.4,7.0,3.1128167641325537,0.4446881091617934,0.0016547267285191,5,35,3,1,1,0,311,30,Recents
2437,Graduation,Married,38872.0,0,0,2013-06-03,69,861,138,461,60,30,61,1,6,5,12,3,0,1,0,1,0,0,0,16,0,25,25-34,0,2,2,1,1550,2,23,16.076712328767123,489,0.0393548387096774,0.0434782608695652,67.3913043478261,96.41274710293116,1.4306407634628495,0.0297631448146525,23,1550,1,5,5,8,155,18,Critical retention
6320,Master,Single,70893.0,0,0,2013-02-06,42,768,44,561,77,44,14,1,6,6,10,3,0,0,0,0,0,0,0,18,0,38,35-44,0,1,1,0,1494,0,22,19.92328767123288,606,0.0093708165997322,0.0454545454545454,67.9090909090909,74.98762376237623,1.1042354235423542,0.0126930936079516,22,1494,2,5,5,8,255,28,High value at risk
3050,Graduation,Married,54198.0,1,1,2013-12-17,13,185,0,28,3,2,17,6,3,1,6,4,0,0,0,0,0,0,0,16,0,48,45-54,2,2,4,0,218,0,10,9.6,292,0.0779816513761468,0.6,21.8,22.708333333333336,1.0416666666666667,0.0050278608066718,10,218,3,3,3,4,333,34,Loyal
231,Master,Together,28839.0,1,1,2014-03-11,86,24,0,7,0,0,1,2,2,0,3,5,0,0,0,0,0,0,0,18,0,58,55-64,2,2,4,0,31,0,5,6.838356164383561,208,0.032258064516129,0.4,6.2,4.533253205128205,0.7311698717948718,0.001886301136015,5,31,1,1,1,0,111,10,Low-priority churn
2392,Graduation,Married,40321.0,1,1,2013-07-29,59,44,4,21,6,0,27,2,3,0,3,7,0,0,0,0,0,0,0,16,0,42,35-44,2,2,4,0,75,0,6,14.235616438356164,433,0.36,0.3333333333333333,12.5,5.268475750577367,0.4214780600461894,0.0015679598473978,6,75,2,2,2,2,222,22,Standard base
9478,Graduation,Single,66503.0,1,0,2012-08-14,30,91,64,128,65,3,50,2,4,3,6,3,0,0,0,0,0,0,0,16,0,29,25-34,1,1,2,0,351,0,13,24.0,782,0.1424501424501424,0.1538461538461538,27.0,14.625,0.5416666666666666,0.0026389786926905,13,351,3,3,3,4,333,34,Loyal
113,Graduation,Married,30833.0,1,1,2013-07-16,33,11,0,7,3,1,6,2,1,0,3,5,0,0,0,0,0,0,0,16,0,63,55-64,2,2,4,0,22,0,4,14.663013698630136,446,0.2727272727272727,0.5,5.5,1.500373692077728,0.2727952167414051,0.000583935533517,4,22,2,1,1,0,211,20,Standard base
2863,Graduation,Single,43322.0,1,2,2013-08-23,67,738,20,172,52,50,20,6,2,3,10,7,0,1,0,1,0,0,0,16,0,44,35-44,3,1,4,1,1032,2,15,13.413698630136986,408,0.0193798449612403,0.4,68.8,76.93627450980392,1.1182598039215683,0.0213110035113255,15,1032,1,3,4,5,134,15,Critical retention
1802,Graduation,Married,64795.0,0,1,2013-01-17,23,412,5,119,38,29,77,3,3,3,12,2,0,0,0,0,0,0,0,16,0,43,35-44,1,2,3,0,603,0,18,20.58082191780822,626,0.1276948590381426,0.1666666666666666,33.5,29.2991214057508,0.8746006389776357,0.0054261819101629,18,603,3,4,4,6,344,36,Champions
520,Graduation,Married,34421.0,1,0,2013-07-01,81,3,3,7,6,2,9,1,1,0,2,7,0,0,0,0,0,0,0,16,0,40,35-44,1,2,3,0,21,0,3,15.156164383561643,461,0.4285714285714285,0.3333333333333333,7.0,1.3855748373101953,0.197939262472885,0.0004830451772964,3,21,1,1,1,0,111,10,Low-priority churn
8275,PhD,Divorced,47025.0,1,1,2014-02-09,6,16,0,3,0,0,1,1,1,0,2,7,0,0,0,0,0,0,0,22,0,49,45-54,2,1,3,0,19,0,3,7.824657534246575,238,0.0526315789473684,0.3333333333333333,6.333333333333333,2.4282212885154064,0.3834033613445378,0.0006196417961123,3,19,3,1,1,0,311,30,Recents
9750,PhD,Divorced,64325.0,0,1,2013-02-07,41,731,60,353,78,12,73,5,10,3,5,7,0,0,0,0,0,0,0,22,0,53,45-54,1,1,2,0,1234,0,18,19.89041095890411,605,0.0591572123176661,0.2777777777777778,68.55555555555556,62.03994490358127,0.9049586776859504,0.0115737168883478,18,1234,2,4,5,7,245,27,High value at risk
2607,Graduation,Single,40464.0,0,1,2013-01-11,78,424,17,118,7,23,41,6,8,2,8,8,0,0,0,0,0,0,0,16,0,61,55-64,1,1,2,0,589,0,18,20.778082191780825,632,0.0696095076400679,0.3333333333333333,32.72222222222222,28.347178270042196,0.8662974683544303,0.00840663649764,18,589,1,4,4,6,144,16,Critical retention
7214,Graduation,Married,62187.0,0,0,2013-07-05,49,792,0,275,45,45,126,1,4,8,5,3,0,0,0,0,0,0,0,16,0,57,55-64,0,2,2,0,1157,0,17,15.024657534246575,457,0.1089023336214347,0.0588235294117647,68.05882352941177,77.00674690007294,1.1314733770970096,0.0148597128467505,17,1157,2,4,5,7,245,27,High value at risk
5835,PhD,Divorced,14849.0,1,0,2013-07-02,39,21,2,28,3,2,9,3,2,0,4,8,0,0,0,0,0,0,0,22,0,38,35-44,1,1,2,0,56,0,6,15.123287671232877,460,0.1607142857142857,0.5,9.333333333333334,3.7028985507246377,0.3967391304347826,0.002992442764408,6,56,2,2,2,2,222,22,Standard base
3896,Graduation,Married,27255.0,1,0,2013-11-07,3,22,1,11,0,1,2,1,1,0,3,7,0,0,0,0,0,0,0,16,0,30,25-34,1,2,3,0,35,0,4,10.915068493150685,332,0.0571428571428571,0.25,8.75,3.206576305220884,0.3664658634538152,0.0014118112516107,4,35,3,1,1,0,311,30,Recents
10350,PhD,Married,54432.0,2,1,2013-05-09,37,33,0,5,0,0,0,1,1,0,3,4,0,0,0,0,0,0,0,22,0,64,55-64,3,2,5,0,38,0,4,16.898630136986302,514,0.0,0.25,9.5,2.248702983138781,0.2367055771725032,0.0004957458075702,4,38,2,1,1,0,211,20,Standard base
7786,PhD,Single,29999.0,1,0,2013-02-13,22,68,7,59,10,5,11,4,3,1,4,8,0,0,0,0,0,0,0,22,0,28,25-34,1,1,2,0,149,0,8,19.693150684931503,599,0.0738255033557047,0.5,18.625,7.5660823594880355,0.4062326099053979,0.0030265338282561,8,149,3,2,2,2,322,32,Recents
2861,Graduation,Single,24072.0,1,0,2013-04-16,79,9,1,6,3,0,4,1,1,0,2,8,0,0,0,0,0,0,0,16,0,31,25-34,1,1,2,0,19,0,3,17.654794520547945,537,0.2105263157894736,0.3333333333333333,6.333333333333333,1.0761949099937926,0.169925512104283,0.0005364879910238,3,19,1,1,1,0,111,10,Low-priority churn
663,PhD,Single,33996.0,0,0,2013-09-11,46,40,2,15,8,0,6,1,1,1,3,4,0,0,0,0,0,0,0,22,0,25,25-34,0,1,1,0,65,0,5,12.789041095890411,389,0.0923076923076923,0.2,13.0,5.082476435304199,0.3909597257926306,0.0017940262743749,5,65,2,1,2,1,212,21,Standard base
10675,PhD,Married,66334.0,0,1,2013-04-03,82,909,11,218,0,0,23,2,9,3,5,5,0,0,0,0,0,0,1,22,0,58,55-64,1,2,3,0,1138,0,17,18.082191780821915,550,0.0202108963093145,0.1176470588235294,66.94117647058823,62.934848484848494,0.9401515151515152,0.0113850842979193,17,1138,1,4,5,7,145,17,Critical retention
2521,Master,Married,35178.0,1,0,2013-01-10,10,23,1,13,2,2,18,1,1,1,2,7,1,0,0,0,0,0,1,18,0,43,35-44,1,2,3,0,41,1,4,20.810958904109587,633,0.4390243902439024,0.25,10.25,1.970115850447604,0.1922064244339126,0.0006720504350836,4,41,3,1,1,0,311,30,Recents
9592,Graduation,Together,22010.0,1,0,2013-06-30,51,11,2,9,3,0,8,2,2,0,3,8,0,0,0,0,0,0,0,16,0,31,25-34,1,2,3,0,25,0,5,15.18904109589041,462,0.32,0.4,5.0,1.645923520923521,0.3291847041847042,0.0008973685711532,5,25,2,1,1,0,211,20,Standard base
10151,Graduation,Divorced,62204.0,0,2,2012-09-12,38,317,46,247,151,46,139,1,4,5,12,3,0,0,0,0,0,0,0,16,0,54,45-54,2,1,3,0,807,0,21,24.0,753,0.1722428748451053,0.0476190476190476,38.42857142857143,33.625,0.875,0.0064867211111825,21,807,2,5,4,7,254,27,High value at risk
7381,Graduation,Divorced,75693.0,0,0,2012-12-06,10,797,153,293,72,97,30,1,11,4,6,4,0,1,1,1,0,0,1,16,0,46,45-54,0,1,1,0,1412,3,21,21.96164383561644,668,0.0212464589235127,0.0476190476190476,67.23809523809524,64.2939121756487,0.9562125748502994,0.010192844068907,21,1412,3,5,5,8,355,38,Champions
4099,Graduation,Married,30675.0,1,0,2012-11-12,14,10,2,16,11,2,21,1,1,0,3,8,0,0,0,0,0,0,0,16,0,42,35-44,1,2,3,0,41,0,4,22.75068493150685,692,0.5121951219512195,0.25,10.25,1.8021435452793837,0.1758188824662813,0.0007049950299381,4,41,3,1,1,0,311,30,Recents
9560,Graduation,Together,83003.0,0,0,2013-03-03,18,856,61,570,40,25,122,1,7,6,8,3,0,0,1,0,0,0,1,16,0,49,45-54,0,2,2,0,1552,1,21,19.101369863013694,581,0.0786082474226804,0.0476190476190476,73.9047619047619,81.25071715433161,1.099397590361446,0.0117466670584434,21,1552,3,5,5,8,355,38,Champions
1150,PhD,Together,83532.0,0,0,2013-09-26,36,755,144,562,104,64,224,1,4,6,4,1,0,0,1,0,0,0,0,22,1,44,35-44,0,2,2,0,1629,1,14,12.295890410958904,374,0.1375076734192756,0.0714285714285714,116.35714285714286,132.48328877005346,1.1385918003565063,0.0190322207685754,14,1629,2,3,5,6,235,26,High value at risk
10172,Graduation,Single,68655.0,0,0,2012-08-10,95,456,19,832,75,118,38,1,4,5,11,3,0,0,0,0,0,0,0,16,0,26,25-34,0,1,1,0,1500,0,20,24.0,786,0.0253333333333333,0.05,75.0,62.5,0.8333333333333334,0.0109241861481319,20,1500,1,4,5,7,145,17,Critical retention
11191,Graduation,Divorced,41411.0,0,0,2013-12-07,11,37,32,38,11,3,18,1,2,1,4,6,0,0,0,0,0,0,0,16,0,28,25-34,0,1,1,0,121,0,7,9.92876712328767,302,0.1487603305785124,0.1428571428571428,17.285714285714285,12.186810154525388,0.7050220750551877,0.0035314704270436,7,121,3,2,2,2,322,32,Recents
9707,PhD,Married,55212.0,0,1,2012-11-23,65,1103,0,45,0,0,34,3,4,2,11,8,0,1,0,0,1,0,0,22,0,45,45-54,1,2,3,0,1148,2,17,22.38904109589041,681,0.0296167247386759,0.1764705882352941,67.52941176470588,51.27508565834557,0.7593000489476261,0.0111443350702772,17,1148,2,4,5,7,245,27,High value at risk
6245,PhD,Together,59292.0,0,1,2013-06-13,71,378,14,68,19,14,14,2,3,5,8,3,0,0,0,0,0,0,0,22,0,64,55-64,1,2,3,0,493,0,16,15.747945205479452,479,0.0283975659229208,0.125,30.8125,31.30567153792624,1.0160055671537926,0.0063358979028387,16,493,1,4,3,5,143,15,Low-priority churn
8234,Basic,Together,27190.0,1,0,2013-08-15,13,1,6,7,0,1,3,1,1,0,2,8,1,0,0,0,0,0,1,12,0,41,35-44,1,2,3,0,15,1,3,13.676712328767122,416,0.2,0.3333333333333333,5.0,1.0967548076923077,0.2193509615384615,0.0004840403711771,3,15,3,1,1,0,311,30,Recents
1411,Graduation,Divorced,82623.0,0,0,2013-11-10,58,204,34,204,172,153,173,1,2,9,4,1,0,0,0,0,0,0,0,16,0,62,55-64,0,1,1,0,767,0,15,10.816438356164385,329,0.2255541069100391,0.0666666666666666,51.13333333333333,70.91058763931105,1.3867781155015195,0.0102989125506424,15,767,2,3,4,5,234,25,High value at risk
8553,Graduation,Married,44300.0,1,1,2013-06-23,65,30,0,9,0,0,3,2,1,0,3,6,0,0,0,0,0,0,0,16,0,49,45-54,2,2,4,0,39,0,4,15.41917808219178,469,0.0769230769230769,0.5,9.75,2.529317697228145,0.2594171997157072,0.0006851424913484,4,39,2,1,1,0,211,20,Standard base
1826,Graduation,Divorced,84835.0,0,0,2014-06-16,0,189,104,379,111,189,218,1,4,4,6,1,0,0,0,0,0,0,1,16,0,44,35-44,0,1,1,0,972,0,14,3.6493150684931503,111,0.2242798353909465,0.0714285714285714,69.42857142857143,266.3513513513513,3.8363363363363367,0.0376756788615101,14,972,3,3,4,5,334,35,High-potential growth
8842,Graduation,Widow,30372.0,1,1,2012-12-25,33,15,0,12,7,3,7,3,2,0,3,7,0,0,0,0,0,0,0,16,0,43,35-44,2,1,3,0,37,0,5,21.336986301369866,649,0.1891891891891892,0.6,7.4,1.7340780688238315,0.2343348741653826,0.0006851355467498,5,37,2,1,1,0,211,20,Standard base
11030,Master,Married,33181.0,1,0,2014-01-03,90,9,0,3,0,0,4,1,1,0,2,6,1,0,0,0,0,0,0,18,0,38,35-44,1,2,3,0,12,1,3,9.041095890410958,275,0.3333333333333333,0.3333333333333333,4.0,1.3272727272727274,0.3318181818181818,0.0004800118359082,3,12,1,1,1,0,111,10,Low-priority churn
2579,Graduation,Married,71113.0,0,1,2013-12-17,95,495,33,255,11,33,8,4,6,7,9,4,0,0,0,0,0,0,0,16,0,57,55-64,1,2,3,0,827,0,22,9.6,292,0.0096735187424425,0.1818181818181818,37.59090909090909,86.14583333333334,2.291666666666667,0.0145367232432888,22,827,1,5,4,7,154,17,Critical retention
175,Graduation,Married,71952.0,1,0,2013-01-10,93,656,80,455,52,107,93,2,8,4,8,4,1,0,1,0,0,0,0,16,0,28,25-34,1,2,3,0,1350,2,20,20.810958904109587,633,0.0688888888888888,0.1,67.5,64.8696682464455,0.961032122169563,0.01081882392369,20,1350,1,4,5,7,145,17,Critical retention
9185,PhD,Single,69759.0,0,0,2013-10-28,38,452,20,514,13,30,0,3,4,6,5,3,0,0,0,0,0,0,1,22,0,48,45-54,0,1,1,0,1029,0,15,11.243835616438355,342,0.0,0.2,68.6,91.51681286549707,1.3340643274853805,0.0157427966912651,15,1029,2,3,4,5,234,25,High value at risk
11056,Graduation,Married,72099.0,0,0,2012-10-27,18,546,91,410,119,0,22,1,3,4,10,1,0,0,0,0,0,0,0,16,0,40,35-44,0,2,2,0,1166,0,17,23.27671232876712,708,0.0188679245283018,0.0588235294117647,68.58823529411765,50.09298493408663,0.730343691148776,0.0083373669428014,17,1166,3,4,5,7,345,37,Champions
9365,PhD,Single,60000.0,0,1,2012-12-22,57,1048,0,217,0,0,12,5,11,3,5,6,0,0,0,0,0,0,0,22,0,38,35-44,1,1,2,0,1265,0,19,21.435616438356163,652,0.0094861660079051,0.2631578947368421,66.57894736842105,59.01393149284254,0.8863752556237219,0.0118027862985685,19,1265,2,4,5,7,245,27,High value at risk
6201,Graduation,Single,38643.0,1,1,2013-11-29,45,22,2,14,0,1,10,2,2,0,3,7,0,0,0,0,0,1,0,16,0,36,35-44,2,1,3,0,39,0,5,10.191780821917808,310,0.2564102564102564,0.4,7.8,3.8266129032258074,0.4905913978494624,0.0011882968413091,5,39,2,1,1,0,211,20,Standard base
2061,Graduation,Married,50737.0,0,1,2013-05-11,61,78,0,11,0,0,10,1,2,0,4,6,0,1,0,0,0,0,0,16,0,59,55-64,1,2,3,0,89,1,6,16.832876712328765,512,0.1123595505617977,0.1666666666666666,14.833333333333334,5.287272135416667,0.3564453125,0.0012505127544986,6,89,2,2,2,2,222,22,Standard base
6184,PhD,Married,68462.0,0,0,2012-12-12,6,561,64,785,84,128,48,1,3,3,8,1,0,0,0,0,0,0,0,22,0,45,45-54,0,2,2,0,1622,0,14,21.76438356164384,662,0.0295930949445129,0.0714285714285714,115.85714285714286,74.5254279959718,0.6432527693856999,0.0130627959444898,14,1622,3,3,5,6,335,36,High-potential growth
6142,Master,Married,65073.0,0,0,2013-08-20,65,629,17,177,69,0,8,1,5,3,5,2,0,0,0,0,0,1,0,18,0,71,65-74,0,2,2,0,892,0,13,13.512328767123288,411,0.0089686098654708,0.0769230769230769,68.61538461538461,66.01378751013787,0.9620843471208436,0.0121734890065258,13,892,2,3,4,5,234,25,High value at risk
4107,PhD,Together,46681.0,0,2,2013-10-08,52,269,15,69,15,19,38,2,4,6,4,5,0,0,0,0,0,0,0,22,0,66,65-74,2,2,4,0,387,0,14,11.9013698630137,362,0.0981912144702842,0.1428571428571428,27.642857142857142,32.517265193370164,1.1763351749539597,0.0083590150665247,14,387,2,3,3,4,233,24,Standard base
7274,Graduation,Married,78618.0,0,0,2012-09-28,87,736,163,818,212,163,61,1,4,7,10,2,0,1,0,0,0,0,0,16,0,57,55-64,0,2,2,0,2092,1,21,24.0,737,0.0291586998087954,0.0476190476190476,99.61904761904762,87.16666666666667,0.875,0.0133048411305299,21,2092,1,5,5,8,155,18,Critical retention
9336,PhD,Widow,62187.0,0,1,2014-03-22,38,512,0,83,0,0,41,3,6,2,10,4,0,0,0,0,0,0,0,22,0,45,45-54,1,1,2,0,595,0,18,6.476712328767123,197,0.06890756302521,0.1666666666666666,33.05555555555556,91.8675972927242,2.7791878172588835,0.0177273572854887,18,595,2,4,4,6,244,26,High value at risk
2958,Graduation,Married,28442.0,2,0,2014-02-24,53,19,3,10,11,8,6,3,2,1,4,4,0,0,0,0,0,0,0,16,0,36,35-44,2,2,4,0,51,0,7,7.331506849315068,223,0.1176470588235294,0.4285714285714285,7.285714285714286,6.95627802690583,0.954783258594918,0.0029349320133207,7,51,2,2,2,2,222,22,Standard base
5837,Graduation,Married,51479.0,1,1,2012-12-28,67,247,8,160,6,8,65,7,6,3,6,7,0,0,0,0,0,0,0,16,0,47,45-54,2,2,4,0,429,0,15,21.23835616438356,646,0.1515151515151515,0.4666666666666667,28.6,20.19930340557276,0.7062693498452013,0.0047085537960502,15,429,1,3,3,4,133,14,Low-priority churn
10704,Graduation,Single,54803.0,0,1,2012-08-21,65,404,0,92,28,27,142,2,6,2,9,4,0,0,0,0,0,0,0,16,0,45,45-54,1,1,2,0,551,0,17,24.0,775,0.2577132486388385,0.1176470588235294,32.411764705882355,22.95833333333333,0.7083333333333334,0.0050270970567304,17,551,2,4,3,5,243,25,Standard base
5125,Graduation,Married,79530.0,0,0,2013-05-17,64,333,0,815,129,42,29,1,4,10,11,2,0,0,0,0,0,0,0,16,0,54,45-54,0,2,2,0,1319,0,25,16.635616438356163,506,0.0219863532979529,0.04,52.76,79.28771409749672,1.502799736495389,0.0119634423383623,25,1319,2,5,5,8,255,28,High value at risk
4432,Graduation,Divorced,31615.0,1,0,2013-03-16,82,2,3,20,6,11,9,2,2,0,3,7,0,0,0,0,0,0,0,16,0,38,35-44,1,1,2,0,42,0,5,18.673972602739724,568,0.2142857142857142,0.4,8.4,2.2491197183098595,0.2677523474178404,0.0008536908625563,5,42,1,1,1,0,111,10,Low-priority churn
5955,Graduation,Together,72025.0,0,0,2012-11-17,27,833,33,549,151,133,233,1,4,3,8,3,0,0,0,0,0,0,0,16,0,52,45-54,0,2,2,0,1699,0,15,22.58630136986301,687,0.137139493819894,0.0666666666666666,113.26666666666668,75.22258612324116,0.6641193595342068,0.0125327460392765,15,1699,3,3,5,6,335,36,High-potential growth
2928,PhD,Single,52614.0,0,1,2012-12-01,63,789,0,142,12,9,38,2,2,4,8,8,0,0,0,0,0,0,0,22,0,39,35-44,1,1,2,0,952,0,14,22.126027397260277,673,0.0399159663865546,0.1428571428571428,68.0,43.02625061911838,0.6327389796929173,0.0098132627709244,14,952,2,3,4,5,234,25,High value at risk
5680,2n Cycle,Married,35684.0,1,0,2014-04-22,66,10,4,7,0,6,3,1,1,0,3,6,0,0,0,0,0,0,0,18,0,30,25-34,1,2,3,0,27,0,4,5.457534246575342,166,0.1111111111111111,0.25,6.75,4.947289156626506,0.7329317269076305,0.0016636999742046,4,27,2,1,1,0,211,20,Standard base
10313,Graduation,Married,48178.0,1,1,2012-10-28,69,159,4,45,6,2,38,6,5,1,4,8,0,0,0,0,0,0,0,16,0,39,35-44,2,2,4,0,216,0,10,23.243835616438357,707,0.1759259259259259,0.6,21.6,9.292786421499294,0.4302215935879303,0.0023146132479138,10,216,1,3,3,4,133,14,Low-priority churn
2557,Master,Single,29548.0,1,0,2013-08-29,52,7,1,6,3,1,11,1,1,1,2,4,1,0,0,0,0,0,0,18,0,44,35-44,1,1,2,0,18,1,4,13.216438356164383,402,0.6111111111111112,0.25,4.5,1.361940298507463,0.302653399668325,0.000553109637948,4,18,2,1,1,0,211,20,Standard base
1245,Graduation,Single,63810.0,0,1,2012-11-11,45,977,12,253,16,12,101,4,4,3,12,8,0,1,0,0,0,0,0,16,0,48,45-54,1,1,2,0,1270,1,19,22.78356164383561,693,0.0795275590551181,0.2105263157894736,66.84210526315789,55.74194324194325,0.833934583934584,0.0104827349773283,19,1270,2,4,5,7,245,27,High value at risk
1726,Graduation,Single,22585.0,0,0,2013-03-18,23,3,9,15,13,2,39,1,1,1,2,9,1,0,0,0,0,0,1,16,0,44,35-44,0,1,1,0,42,1,4,18.60821917808219,566,0.9285714285714286,0.25,10.5,2.2570671378091878,0.2149587750294464,0.0011992386829183,4,42,3,1,1,0,311,30,Recents
4459,Graduation,Single,30279.0,1,0,2012-12-30,13,10,4,14,4,4,1,1,1,0,3,8,0,0,0,0,0,0,0,16,0,25,25-34,1,1,2,0,36,0,4,21.172602739726027,644,0.0277777777777777,0.25,9.0,1.700310559006211,0.1889233954451345,0.0006738573502452,4,36,3,1,1,0,311,30,Recents
1729,PhD,Together,66426.0,0,1,2013-10-02,14,1043,24,97,32,24,157,2,3,5,10,6,0,0,0,0,0,0,0,22,0,53,45-54,1,2,3,0,1220,0,18,12.0986301369863,368,0.1286885245901639,0.1111111111111111,67.77777777777777,100.83786231884058,1.4877717391304348,0.0182165770605799,18,1220,3,4,5,7,345,37,Champions
1517,Graduation,Single,30822.0,1,0,2013-06-14,92,3,9,13,2,12,12,1,1,0,3,7,0,0,0,0,0,0,0,16,0,45,45-54,1,1,2,0,39,0,4,15.715068493150683,478,0.3076923076923077,0.25,9.75,2.4816945606694563,0.2545327754532775,0.000966203839077,4,39,1,1,1,0,111,10,Low-priority churn
2098,PhD,Married,33581.0,2,0,2013-01-08,38,11,0,5,0,0,1,1,1,0,2,8,0,0,0,0,0,0,0,22,0,45,45-54,2,2,4,0,16,0,3,20.876712328767123,635,0.0625,0.3333333333333333,5.333333333333333,0.7664041994750657,0.1437007874015748,0.0002738706528602,3,16,2,1,1,0,211,20,Standard base
9543,Graduation,Married,19986.0,1,0,2013-11-14,74,3,6,5,0,2,6,1,0,0,3,7,0,0,0,0,0,0,0,16,0,29,25-34,1,2,3,0,16,0,3,10.684931506849315,325,0.375,0.3333333333333333,5.333333333333333,1.4974358974358974,0.2807692307692307,0.000899090902093,3,16,1,1,1,0,111,10,Low-priority churn
6878,Graduation,Widow,27421.0,0,0,2012-12-12,14,43,12,96,78,40,55,3,4,1,6,7,0,0,0,0,0,0,0,16,0,60,55-64,0,1,1,0,269,0,11,21.76438356164384,662,0.2044609665427509,0.2727272727272727,24.454545454545453,12.359642497482376,0.5054128902316214,0.005408836656934,11,269,3,3,3,4,333,34,Loyal
2724,Master,Single,36143.0,1,0,2014-03-30,33,12,0,1,0,0,6,1,0,1,2,3,0,0,0,0,0,0,0,18,0,33,25-34,1,1,2,0,13,0,3,6.213698630136986,189,0.4615384615384615,0.3333333333333333,4.333333333333333,2.0921516754850087,0.4828042328042328,0.0006946246882057,3,13,2,1,1,0,211,20,Standard base
948,Graduation,Single,10245.0,1,0,2013-05-15,32,4,7,7,6,4,13,3,1,2,2,5,0,0,0,0,0,0,0,16,0,43,35-44,1,1,2,0,28,0,5,16.7013698630137,508,0.4642857142857143,0.6,5.6,1.676509186351706,0.2993766404199475,0.0019637003646872,5,28,3,1,1,0,311,30,Recents
6720,Master,Together,43795.0,0,1,2013-10-16,11,314,11,53,4,3,107,3,7,3,4,7,0,1,0,0,0,0,1,18,0,46,45-54,1,2,3,0,385,1,14,11.63835616438356,354,0.2779220779220779,0.2142857142857142,27.5,33.080273069679855,1.202919020715631,0.0090641232295046,14,385,3,3,3,4,333,34,Loyal
6202,Graduation,Together,63381.0,0,1,2012-10-05,78,571,50,142,33,50,159,4,4,5,13,2,0,0,0,0,0,0,0,16,0,54,45-54,1,2,3,0,846,0,22,24.0,730,0.1879432624113475,0.1818181818181818,38.45454545454545,35.25,0.9166666666666666,0.0066739243621905,22,846,1,5,4,7,154,17,Critical retention
2066,Graduation,Together,38823.0,0,1,2012-08-30,56,70,0,11,2,8,23,1,2,1,3,6,0,0,0,0,0,0,0,16,0,65,65-74,1,2,3,0,91,0,6,24.0,766,0.2527472527472527,0.1666666666666666,15.166666666666666,3.7916666666666665,0.25,0.0011719856785925,6,91,2,2,2,2,222,22,Standard base
9799,PhD,Divorced,83664.0,1,1,2013-05-08,57,866,21,151,28,21,86,3,2,2,12,5,0,0,0,0,0,0,0,22,0,46,45-54,2,1,3,0,1087,0,16,16.931506849315067,515,0.0791168353265869,0.1875,67.9375,64.19983818770227,0.9449838187702266,0.0092082384090221,16,1087,2,4,4,6,244,26,High value at risk
8318,Graduation,Together,90300.0,0,0,2014-01-03,7,594,134,786,33,134,57,0,5,6,8,1,0,0,1,0,0,0,0,16,0,35,35-44,0,2,2,0,1681,1,19,9.041095890410958,275,0.0339083878643664,0.0,88.47368421052632,185.92878787878792,2.101515151515152,0.0247081445686096,19,1681,3,4,5,7,345,37,Champions
5642,Master,Together,62499.0,1,0,2013-12-09,0,140,4,61,0,13,4,2,3,1,6,4,0,0,0,0,0,0,0,18,0,35,35-44,1,2,3,0,218,0,10,9.863013698630136,300,0.018348623853211,0.2,21.8,22.102777777777774,1.0138888888888888,0.004243801234153,10,218,3,3,3,4,333,34,Loyal
2669,Graduation,Single,74293.0,0,0,2014-05-04,66,375,152,335,93,91,81,1,5,4,6,2,0,0,0,0,0,0,0,16,0,21,18-24,0,1,1,0,1046,0,15,5.063013698630137,154,0.0774378585086042,0.0666666666666666,69.73333333333333,206.5963203463204,2.962662337662338,0.0333699789233958,15,1046,2,3,4,5,234,25,High value at risk
455,PhD,Married,51012.0,0,0,2013-04-18,86,102,9,63,2,9,24,1,4,1,4,6,0,0,0,0,0,0,0,22,0,68,65-74,0,2,2,0,185,0,9,17.589041095890412,535,0.1297297297297297,0.1111111111111111,20.55555555555556,10.51791277258567,0.5116822429906541,0.0024742208357058,9,185,1,2,3,3,123,13,Low-priority churn
7683,Master,Married,70777.0,0,1,2014-02-25,80,554,35,113,0,7,78,3,5,3,12,3,0,0,0,0,0,0,0,18,0,46,45-54,1,2,3,0,709,0,20,7.298630136986301,222,0.1100141043723554,0.15,35.45,97.14151651651652,2.7402402402402406,0.016470014244715,20,709,1,4,4,6,144,16,Critical retention
3428,PhD,Together,68682.0,0,0,2013-10-06,56,919,0,505,99,30,45,1,4,9,10,2,0,0,0,0,0,0,0,22,0,23,18-24,0,2,2,0,1553,0,23,11.967123287671232,364,0.0289761751448808,0.0434782608695652,67.52173913043478,129.77220695970698,1.9219322344322347,0.0226735750781352,23,1553,2,5,5,8,255,28,High value at risk
7414,Graduation,Married,43824.0,1,1,2012-09-15,18,96,1,42,12,3,32,4,3,1,4,8,0,0,0,0,0,0,0,16,0,43,35-44,2,2,4,0,154,0,8,24.0,750,0.2077922077922078,0.5,19.25,6.416666666666667,0.3333333333333333,0.0017570281124497,8,154,3,2,2,2,322,32,Recents
6354,Graduation,Together,15345.0,1,0,2012-08-31,51,5,2,16,3,2,19,2,1,1,2,8,0,0,0,0,0,0,1,16,0,30,25-34,1,2,3,0,28,0,4,24.0,765,0.6785714285714286,0.5,7.0,1.1666666666666667,0.1666666666666666,0.000912349299446,4,28,2,1,1,0,211,20,Standard base
798,Graduation,Single,23442.0,1,0,2012-12-24,71,2,0,6,8,6,5,1,1,0,3,7,0,0,0,0,0,0,0,16,0,27,25-34,1,1,2,0,22,0,4,21.36986301369863,650,0.2272727272727272,0.25,5.5,1.0294871794871794,0.1871794871794871,0.0005269962526169,4,22,1,1,1,0,111,10,Low-priority churn
8213,2n Cycle,Together,14515.0,1,0,2012-11-09,71,6,4,9,6,36,35,4,2,2,3,7,0,0,0,0,0,0,1,18,0,34,25-34,1,2,3,0,61,0,7,22.84931506849315,695,0.5737704918032787,0.5714285714285714,8.714285714285714,2.669664268585132,0.3063549160671462,0.0022070941249067,7,61,1,2,2,2,122,12,Low-priority churn
2488,2n Cycle,Divorced,31395.0,1,1,2013-03-23,80,23,1,25,0,8,7,4,2,1,3,6,0,0,0,0,0,0,0,18,0,58,55-64,2,1,3,0,57,0,6,18.44383561643836,561,0.1228070175438596,0.6666666666666666,9.5,3.090463458110517,0.3253119429590018,0.0011812569357326,6,57,1,2,2,2,122,12,Low-priority churn
9999,Graduation,Together,75276.0,0,0,2012-09-27,2,610,105,125,137,42,21,1,9,4,9,5,0,0,0,0,0,0,0,16,0,49,45-54,0,2,2,0,1019,0,22,24.0,738,0.0206084396467124,0.0454545454545454,46.31818181818182,42.458333333333336,0.9166666666666666,0.0067684255273925,22,1019,3,5,4,7,354,37,Champions
7617,Graduation,Single,42373.0,1,1,2013-08-15,83,67,5,61,3,8,19,5,2,1,5,5,0,0,0,0,0,0,0,16,0,40,35-44,2,1,3,0,144,0,8,13.676712328767122,416,0.1319444444444444,0.625,18.0,10.528846153846157,0.5849358974358975,0.0029817608818387,8,144,1,2,2,2,122,12,Low-priority churn
615,Graduation,Together,30507.0,0,0,2013-03-11,29,65,36,74,38,20,110,1,5,1,4,7,0,0,0,0,0,0,0,16,0,54,45-54,0,2,2,0,233,0,10,18.83835616438356,573,0.4721030042918455,0.1,23.3,12.368382780686446,0.5308318789994183,0.0048651323751348,10,233,3,3,3,4,333,34,Loyal
2552,PhD,Single,55521.0,1,2,2013-10-22,11,416,0,26,0,0,4,9,6,3,6,7,0,1,0,0,0,0,1,22,0,59,55-64,3,1,4,0,442,1,15,11.441095890410958,348,0.0090497737556561,0.6,29.466666666666665,38.63266283524904,1.3110632183908046,0.0083498487783539,15,442,3,3,3,4,333,34,Loyal
194,Graduation,Married,48006.0,1,1,2014-06-09,55,23,0,11,3,2,2,1,1,0,3,6,0,0,0,0,0,0,0,16,0,49,45-54,2,2,4,0,39,0,4,3.8794520547945206,118,0.0512820512820512,0.25,9.75,10.052966101694915,1.0310734463276836,0.0025129274094975,4,39,2,1,1,0,211,20,Standard base
3645,PhD,Single,27213.0,1,0,2012-08-30,19,19,3,26,10,9,3,3,2,0,4,8,0,0,0,0,0,0,1,22,0,42,35-44,1,1,2,0,67,0,6,24.0,766,0.044776119402985,0.5,11.166666666666666,2.7916666666666665,0.25,0.0012310292874728,6,67,3,2,2,2,322,32,Recents
8890,PhD,Divorced,65808.0,1,1,2014-05-30,1,155,7,80,13,7,10,3,5,1,5,6,0,0,0,0,0,0,0,22,0,43,35-44,2,1,3,0,262,0,11,4.208219178082191,128,0.0381679389312977,0.2727272727272727,23.818181818181817,62.25911458333334,2.613932291666667,0.0113528655330658,11,262,3,3,3,4,333,34,Loyal
9973,Graduation,Married,50437.0,0,2,2012-10-17,28,370,9,92,6,9,4,3,7,1,8,7,0,0,0,0,0,0,0,16,0,51,45-54,2,2,4,0,486,0,16,23.605479452054794,718,0.0082304526748971,0.1875,30.375,20.588440111420613,0.6778087279480037,0.0048984134928137,16,486,3,4,3,5,343,35,High-potential growth
7301,2n Cycle,Single,23616.0,1,0,2012-11-17,76,4,22,11,3,7,32,2,3,0,3,8,0,0,0,0,0,0,1,18,0,32,25-34,1,1,2,0,47,0,6,22.58630136986301,687,0.6808510638297872,0.3333333333333333,7.833333333333333,2.0809073265405145,0.2656477438136827,0.0010573716090144,6,47,1,2,2,2,122,12,Low-priority churn
10882,Graduation,Married,53858.0,0,1,2012-11-09,50,407,53,221,58,150,26,4,4,3,6,4,0,0,0,0,0,0,0,16,0,38,35-44,1,2,3,0,889,0,13,22.84931506849315,695,0.0292463442069741,0.3076923076923077,68.38461538461539,38.90707434052758,0.5689448441247003,0.0086688122857575,13,889,2,3,4,5,234,25,High value at risk
7030,PhD,Married,66465.0,0,1,2013-03-30,1,1200,0,204,38,29,14,3,11,9,12,6,0,0,0,1,0,0,0,22,0,59,55-64,1,2,3,0,1471,1,32,18.213698630136985,554,0.009517335146159,0.09375,45.96875,80.76338748495789,1.756919374247894,0.0145815188417888,32,1471,3,5,5,8,355,38,Champions
7422,Graduation,Single,46923.0,1,0,2012-08-22,90,85,44,54,102,78,6,3,5,1,7,7,0,0,0,0,0,0,0,16,0,27,25-34,1,1,2,0,363,0,13,24.0,774,0.0165289256198347,0.2307692307692307,27.923076923076923,15.125,0.5416666666666666,0.0038680391279329,13,363,1,3,3,4,133,14,Low-priority churn
3523,Graduation,Together,75072.0,0,1,2013-01-23,83,583,34,309,0,22,125,2,5,4,8,3,0,0,0,0,0,0,0,16,0,52,45-54,1,2,3,0,948,0,17,20.383561643835616,620,0.1318565400843881,0.1176470588235294,55.76470588235294,46.50806451612903,0.834005376344086,0.0074341535351868,17,948,1,4,4,6,144,16,Critical retention
7106,PhD,Married,75865.0,0,0,2014-03-31,73,483,0,591,156,0,12,1,3,5,10,1,0,0,0,0,0,0,0,22,0,71,65-74,0,2,2,0,1230,0,18,6.180821917808219,188,0.0097560975609756,0.0555555555555555,68.33333333333333,199.0026595744681,2.912234042553192,0.0314773863427617,18,1230,1,4,5,7,145,17,Critical retention
6504,2n Cycle,Together,19789.0,1,0,2013-11-20,24,2,5,9,28,6,28,3,2,1,3,5,1,0,0,0,0,0,0,18,0,39,35-44,1,2,3,0,50,1,6,10.487671232876712,319,0.56,0.5,8.333333333333334,4.767502612330199,0.5721003134796239,0.0028910016346436,6,50,3,2,2,2,322,32,Recents
5067,Graduation,Together,80134.0,0,0,2014-02-14,11,966,26,282,52,26,26,1,2,7,11,5,0,1,1,1,1,0,0,16,0,20,18-24,0,2,2,0,1352,4,20,7.66027397260274,233,0.0192307692307692,0.05,67.6,176.49499284692416,2.610872675250357,0.0264299787126948,20,1352,3,4,5,7,345,37,Champions
4216,Graduation,Single,91065.0,0,0,2013-02-22,33,822,114,108,179,137,114,1,7,9,9,3,0,0,1,1,0,0,1,16,0,33,25-34,0,1,1,0,1360,2,25,19.3972602739726,590,0.0838235294117647,0.04,54.4,70.11299435028249,1.2888418079096045,0.0092390702487606,25,1360,2,5,5,8,255,28,High value at risk
8581,Master,Married,49505.0,1,1,2013-03-05,4,604,0,100,19,0,28,9,10,2,8,8,0,0,0,0,0,0,0,18,0,43,35-44,2,2,4,0,723,0,20,19.035616438356165,579,0.0387275242047026,0.45,36.15,37.9814335060449,1.0506620610247552,0.009206690275175,20,723,3,4,4,6,344,36,Champions
5929,PhD,Married,37401.0,1,0,2014-05-06,14,19,3,19,3,1,3,2,2,0,3,7,0,0,0,0,0,0,0,22,0,41,35-44,1,2,3,0,45,0,5,4.997260273972603,152,0.0666666666666666,0.4,9.0,9.004934210526317,1.000548245614035,0.0028892064524027,5,45,3,1,2,1,312,31,Recents
6528,Master,Together,18492.0,1,0,2014-06-05,75,2,2,2,2,1,1,1,1,0,2,8,0,0,0,0,0,0,0,18,0,32,25-34,1,2,3,0,9,0,3,4.0109589041095886,122,0.1111111111111111,0.3333333333333333,3.0,2.2438524590163937,0.7479508196721313,0.0014561015308347,3,9,1,1,1,0,111,10,Low-priority churn
1361,Master,Married,82584.0,0,0,2013-06-04,26,1076,68,103,29,91,68,1,3,4,8,1,0,1,1,0,0,0,1,18,0,40,35-44,0,2,2,0,1367,2,15,16.043835616438354,488,0.049743964886613,0.0666666666666666,91.13333333333334,85.20406420765029,0.934938524590164,0.0123807126137242,15,1367,3,3,5,6,335,36,High-potential growth
6932,PhD,Married,93027.0,0,0,2013-04-13,77,1285,42,716,55,0,21,0,7,10,5,2,0,0,1,0,0,0,0,22,0,73,65-74,0,2,2,0,2098,1,22,17.753424657534246,540,0.0100095328884652,0.0,95.36363636363636,118.17438271604938,1.2391975308641976,0.0152438818041277,22,2098,1,5,5,8,155,18,Critical retention
7284,Graduation,Married,48686.0,1,2,2013-12-04,8,10,0,7,2,0,1,1,1,0,2,8,0,0,0,0,0,0,0,16,0,61,55-64,3,2,5,0,19,0,3,10.027397260273972,305,0.0526315789473684,0.3333333333333333,6.333333333333333,1.894808743169399,0.2991803278688524,0.0004670275832484,3,19,3,1,1,0,311,30,Recents
1340,Graduation,Married,92910.0,0,0,2014-04-24,42,551,137,792,179,103,33,1,6,7,13,1,0,1,1,1,0,0,0,16,0,28,25-34,0,2,2,0,1762,3,26,5.391780821917808,164,0.0187287173666288,0.0384615384615384,67.76923076923077,326.7936991869919,4.822154471544716,0.0422077751613809,26,1762,2,5,5,8,255,28,High value at risk
8746,Graduation,Married,75433.0,1,0,2014-04-05,28,800,0,297,0,34,57,2,2,5,10,6,0,1,0,1,0,0,0,16,0,25,25-34,1,2,3,0,1131,2,17,6.016438356164383,183,0.0503978779840848,0.1176470588235294,66.52941176470588,187.98497267759564,2.825591985428052,0.029904944415987,17,1131,3,4,5,7,345,37,Champions
5987,2n Cycle,Together,10404.0,1,0,2014-05-04,52,2,2,11,10,6,12,2,1,0,4,5,0,0,0,0,0,0,0,18,0,25,25-34,1,2,3,0,31,0,5,5.063013698630137,154,0.3870967741935484,0.4,6.2,6.122835497835498,0.9875541125541126,0.0070620939998102,5,31,2,1,1,0,211,20,Standard base
3767,Graduation,Married,61314.0,0,1,2013-04-25,1,378,0,189,97,172,172,2,5,5,12,3,0,0,0,0,0,0,0,16,0,46,45-54,1,2,3,0,836,0,22,17.35890410958904,528,0.2057416267942583,0.0909090909090909,38.0,48.15972222222222,1.2673611111111112,0.0094255254373661,22,836,3,5,4,7,354,37,Champions
3725,PhD,Single,84865.0,0,0,2013-05-09,1,1248,16,349,43,16,16,1,2,4,9,4,0,1,1,1,1,0,1,22,0,53,45-54,0,1,1,0,1672,4,15,16.898630136986302,514,0.0095693779904306,0.0666666666666666,111.46666666666668,98.94293125810636,0.8876459143968871,0.0139906342437668,15,1672,3,3,5,6,335,36,High-potential growth
4324,Graduation,Married,42387.0,1,0,2012-10-29,42,235,0,235,19,4,191,5,8,1,7,8,0,0,0,0,0,0,0,16,0,25,25-34,1,2,3,0,493,0,16,23.21095890410959,706,0.3874239350912778,0.3125,30.8125,21.239966949952787,0.6893295561850803,0.0060131550569616,16,493,2,4,3,5,243,25,Standard base
238,2n Cycle,Together,67309.0,1,1,2013-01-23,76,515,47,181,149,95,95,15,9,6,9,7,0,0,0,0,0,0,0,18,0,47,45-54,2,2,4,0,987,0,24,20.383561643835616,620,0.0962512664640324,0.625,41.125,48.421370967741936,1.1774193548387095,0.0086326709892124,24,987,1,5,4,7,154,17,Critical retention
6694,Graduation,Married,75236.0,0,1,2013-11-25,27,438,66,400,12,38,114,1,8,3,13,4,0,0,0,0,0,0,0,16,0,50,45-54,1,2,3,0,954,0,24,10.323287671232876,314,0.1194968553459119,0.0416666666666666,39.75,92.4124203821656,2.3248407643312103,0.0147396066322769,24,954,3,5,4,7,354,37,Champions
498,Graduation,Single,30015.0,1,0,2014-02-02,28,25,0,22,2,3,5,2,1,0,4,5,0,0,0,0,0,0,0,16,0,44,35-44,1,1,2,0,52,0,5,8.054794520547945,245,0.0961538461538461,0.4,10.4,6.4557823129251695,0.6207482993197279,0.002581022413963,5,52,3,1,2,1,312,31,Recents
9347,Master,Together,50943.0,0,1,2013-06-21,49,31,0,7,2,0,6,1,1,0,3,5,0,0,0,0,0,0,0,18,0,58,55-64,1,2,3,0,40,0,4,15.484931506849314,471,0.15,0.25,10.0,2.583156404812456,0.2583156404812456,0.0006084815746569,4,40,2,1,1,0,211,20,Standard base
9699,Graduation,Divorced,67272.0,0,1,2013-12-21,12,357,35,271,28,28,14,3,6,2,12,5,0,0,0,0,0,0,0,16,0,48,45-54,1,1,2,0,719,0,20,9.468493150684932,288,0.019471488178025,0.15,35.95,75.93605324074073,2.1122685185185186,0.0135454964753372,20,719,3,4,4,6,344,36,Champions
10664,Master,Widow,51529.0,0,1,2013-09-07,14,400,4,35,6,0,22,2,9,1,5,8,0,0,0,0,0,0,0,18,0,65,65-74,1,1,2,0,445,0,15,12.92054794520548,393,0.049438202247191,0.1333333333333333,29.666666666666668,34.441263782866834,1.160941475826972,0.008020632370013,15,445,3,3,3,4,333,34,Loyal
5455,PhD,Married,32011.0,1,0,2013-08-22,89,99,0,15,2,1,5,3,2,1,4,7,0,0,0,0,0,0,0,22,0,43,35-44,1,2,3,0,117,0,7,13.446575342465753,409,0.0427350427350427,0.4285714285714285,16.714285714285715,8.701100244498777,0.5205786471067645,0.0032617913509101,7,117,1,2,2,2,122,12,Low-priority churn
456,2n Cycle,Married,7500.0,1,0,2013-02-07,96,1,11,5,4,6,9,2,2,0,3,8,0,0,0,0,0,0,0,18,0,28,25-34,1,2,3,0,27,0,5,19.89041095890411,605,0.3333333333333333,0.4,5.4,1.3574380165289257,0.2513774104683196,0.0021719008264462,5,27,1,1,1,0,111,10,Low-priority churn
5012,Graduation,Married,28691.0,1,0,2013-07-04,56,5,4,13,8,0,4,1,1,0,3,8,0,0,0,0,0,0,0,16,0,25,25-34,1,2,3,0,30,0,4,15.057534246575342,458,0.1333333333333333,0.25,7.5,1.9923580786026205,0.2656477438136826,0.0008333030198749,4,30,2,1,1,0,211,20,Standard base
7495,PhD,Married,56223.0,0,1,2013-12-20,72,77,28,31,16,0,4,2,2,1,5,4,0,0,0,0,0,0,0,22,0,66,65-74,1,2,3,0,152,0,8,9.501369863013698,289,0.0263157894736842,0.25,19.0,15.997693194925027,0.8419838523644753,0.0034144801653967,8,152,1,2,2,2,122,12,Low-priority churn
5029,Graduation,Married,18100.0,0,0,2013-08-06,14,3,1,2,4,3,1,1,0,0,3,5,0,0,0,0,0,0,0,16,0,68,65-74,0,2,2,0,13,0,3,13.972602739726026,425,0.0769230769230769,0.3333333333333333,4.333333333333333,0.9303921568627452,0.2147058823529412,0.0006168345791355,3,13,3,1,1,0,311,30,Recents
2106,2n Cycle,Married,20130.0,0,0,2014-03-17,99,0,6,3,7,6,12,1,1,0,3,8,0,0,0,0,0,0,0,18,0,40,35-44,0,2,2,0,22,0,4,6.641095890410958,202,0.5454545454545454,0.25,5.5,3.312706270627063,0.6023102310231023,0.0019747876426986,4,22,1,1,1,0,111,10,Low-priority churn
10364,Graduation,Divorced,23295.0,0,0,2013-07-13,72,0,0,1,2,12,5,1,1,0,2,8,0,0,0,0,0,0,0,16,0,55,55-64,0,1,1,0,15,0,3,14.761643835616438,449,0.3333333333333333,0.3333333333333333,5.0,1.0161469933184857,0.2032293986636971,0.0005234498355793,3,15,1,1,1,0,111,10,Low-priority churn
5954,Master,Divorced,42618.0,1,0,2013-10-09,92,76,14,74,13,5,10,2,5,0,4,8,0,0,0,0,0,0,0,18,0,42,35-44,1,1,2,0,182,0,9,11.86849315068493,361,0.0549450549450549,0.2222222222222222,20.22222222222222,15.33471837488458,0.7583102493074793,0.0043178145501575,9,182,1,2,3,3,123,13,Low-priority churn
1137,Graduation,Single,81246.0,0,0,2013-12-29,87,398,190,537,61,156,37,1,4,5,7,1,1,0,0,1,0,0,0,16,0,50,45-54,0,1,1,0,1342,2,16,9.205479452054794,280,0.0275707898658718,0.0625,83.875,145.7827380952381,1.738095238095238,0.0215320490503268,16,1342,1,4,5,7,145,17,Critical retention
2541,Graduation,Married,24027.0,1,0,2013-06-09,7,14,7,11,11,0,5,2,2,0,3,8,0,0,0,0,0,0,0,16,0,38,35-44,1,2,3,0,43,0,5,15.87945205479452,483,0.1162790697674418,0.4,8.6,2.7079020013802624,0.314872325741891,0.0013524295174829,5,43,3,1,1,0,311,30,Recents
1142,PhD,Married,55707.0,0,1,2013-12-22,91,208,7,82,30,66,35,2,3,2,9,3,0,0,0,0,0,0,0,22,0,61,55-64,1,2,3,0,393,0,14,9.435616438356163,287,0.089058524173028,0.1428571428571428,28.071428571428573,41.6506968641115,1.483739837398374,0.0089720925982253,14,393,1,3,3,4,133,14,Low-priority churn
2276,Graduation,Single,57959.0,0,1,2013-05-02,71,430,16,322,43,24,33,5,4,7,11,3,0,0,0,0,0,0,0,16,0,59,55-64,1,1,2,0,835,0,22,17.12876712328767,521,0.0395209580838323,0.2272727272727272,37.95454545454545,48.748400511836216,1.2843889955214332,0.010093010682414,22,835,1,5,4,7,154,17,Critical retention
2807,Graduation,Married,56796.0,0,1,2013-02-16,24,656,38,161,62,47,37,3,8,9,7,7,0,0,0,0,0,0,0,16,0,45,45-54,1,2,3,0,964,0,24,19.594520547945205,596,0.0383817427385892,0.125,40.16666666666666,49.19742729306488,1.2248322147651007,0.0103945546784417,24,964,3,5,4,7,354,37,Champions
6471,Master,Single,36230.0,1,0,2013-10-17,17,14,2,30,8,2,3,1,2,0,4,5,0,0,0,0,0,0,0,18,0,43,35-44,1,1,2,0,56,0,6,11.605479452054794,353,0.0535714285714285,0.1666666666666666,9.333333333333334,4.825306893295562,0.5169971671388102,0.0015982247507465,6,56,3,2,2,2,322,32,Recents
6131,2n Cycle,Married,70829.0,1,1,2013-12-01,87,141,70,106,72,19,23,2,4,2,8,3,0,0,0,0,0,0,0,18,0,34,25-34,2,2,4,0,408,0,14,10.126027397260271,308,0.0563725490196078,0.1428571428571428,29.142857142857142,40.2922077922078,1.3825757575757576,0.0068263916405214,14,408,1,3,3,4,133,14,Low-priority churn
6233,Graduation,Married,65991.0,0,1,2012-09-07,21,507,19,364,25,47,9,3,9,5,10,7,0,0,0,0,0,0,0,16,0,38,35-44,1,2,3,0,962,0,24,24.0,758,0.0093555093555093,0.125,40.083333333333336,40.083333333333336,1.0,0.0072888727250685,24,962,3,5,4,7,354,37,Champions
4148,Graduation,Married,38988.0,1,2,2012-08-20,90,164,24,103,12,3,42,7,5,1,6,8,0,0,0,0,0,0,0,16,0,42,35-44,3,2,5,0,306,0,12,24.0,776,0.1372549019607843,0.5833333333333334,25.5,12.75,0.5,0.0039242843951985,12,306,1,3,3,4,133,14,Low-priority churn
4947,2n Cycle,Single,89572.0,0,0,2012-09-15,44,606,24,974,197,194,64,1,7,7,9,4,0,1,0,1,0,0,1,18,0,48,45-54,0,1,1,0,1995,2,23,24.0,750,0.0320802005012531,0.0434782608695652,86.73913043478261,83.125,0.9583333333333334,0.0111362925914348,23,1995,2,5,5,8,255,28,High value at risk
3225,Master,Married,42207.0,1,0,2013-04-01,71,116,11,72,3,17,46,4,4,1,5,6,1,0,0,0,0,0,1,18,0,30,25-34,1,2,3,0,219,1,10,18.14794520547945,552,0.2100456621004566,0.4,21.9,12.06748188405797,0.5510265700483091,0.0034309423225696,10,219,1,3,3,4,133,14,Low-priority churn
7540,Graduation,Married,50300.0,0,1,2014-05-25,52,143,15,60,24,23,5,2,2,1,8,2,0,0,0,0,0,0,0,16,0,62,55-64,1,2,3,0,265,0,11,4.372602739726028,133,0.0188679245283018,0.1818181818181818,24.09090909090909,60.604636591478695,2.5156641604010024,0.0144583626063169,11,265,2,3,3,4,233,24,Standard base
10648,2n Cycle,Together,66664.0,0,0,2012-09-25,78,398,96,447,220,96,32,1,5,7,6,3,0,0,0,0,0,0,0,18,0,32,25-34,0,2,2,0,1257,0,18,24.0,740,0.0254574383452665,0.0555555555555555,69.83333333333333,52.375,0.75,0.0094278771150846,18,1257,1,4,5,7,145,17,Critical retention
1992,Graduation,Married,60597.0,0,1,2014-01-01,2,522,0,257,32,16,66,4,2,2,8,7,0,0,0,1,0,0,1,16,0,50,45-54,1,2,3,0,827,1,12,9.106849315068493,277,0.0798065296251511,0.3333333333333333,68.91666666666667,90.81077015643802,1.3176895306859209,0.0179832209825116,12,827,3,3,4,5,334,35,High-potential growth
7851,Graduation,Widow,70165.0,0,0,2013-09-22,60,161,0,253,199,191,122,1,3,7,11,1,0,0,0,0,0,0,0,16,0,65,65-74,0,1,1,0,804,0,21,12.427397260273972,378,0.1517412935323383,0.0476190476190476,38.285714285714285,64.6957671957672,1.6898148148148149,0.0110646220530065,21,804,2,5,4,7,254,27,High value at risk
8594,PhD,Widow,50520.0,0,1,2014-01-28,25,112,0,6,2,1,14,2,3,1,3,6,0,0,0,0,0,0,0,22,0,56,55-64,1,1,2,0,121,0,7,8.21917808219178,250,0.1157024793388429,0.2857142857142857,17.285714285714285,14.721666666666668,0.8516666666666668,0.0034968329374505,7,121,3,2,2,2,322,32,Recents
2815,Graduation,Married,33183.0,1,0,2014-02-24,46,7,5,39,17,15,37,2,4,0,3,7,0,0,0,0,0,0,0,16,0,39,35-44,1,2,3,0,83,0,7,7.331506849315068,223,0.4457831325301205,0.2857142857142857,11.857142857142858,11.32100149476831,0.954783258594918,0.004094024589013,7,83,2,2,2,2,222,22,Standard base
2416,PhD,Single,66582.0,0,0,2014-03-03,83,789,25,420,16,38,0,1,2,8,9,1,0,0,0,0,0,0,0,22,0,45,45-54,0,1,1,0,1288,0,19,7.101369863013699,216,0.0,0.0526315789473684,67.78947368421052,181.37345679012344,2.67554012345679,0.0326887369181082,19,1288,1,4,5,7,145,17,Critical retention
7999,PhD,Together,75261.0,0,0,2013-04-23,17,1239,17,413,23,34,17,1,5,6,5,2,0,1,1,0,0,0,1,22,0,59,55-64,0,2,2,0,1726,2,16,17.424657534246574,530,0.0098493626882966,0.0625,107.875,99.0550314465409,0.918238993710692,0.0157938424596868,16,1726,3,4,5,7,345,37,Champions
9213,Graduation,Widow,31880.0,1,0,2012-10-31,13,4,1,5,2,0,3,1,1,0,2,8,0,0,0,0,0,0,0,16,0,44,35-44,1,1,2,0,12,0,3,23.145205479452056,704,0.25,0.3333333333333333,4.0,0.5184659090909091,0.1296164772727272,0.0001951565529827,3,12,3,1,1,0,311,30,Recents
9697,Graduation,Married,53790.0,0,2,2014-03-06,86,335,42,127,28,5,5,3,7,2,8,6,0,0,0,0,0,0,0,16,0,63,55-64,2,2,4,0,537,0,17,7.002739726027397,213,0.0093109869646182,0.1764705882352941,31.58823529411765,76.68427230046949,2.427621283255086,0.0171074784830941,17,537,1,4,3,5,143,15,Low-priority churn
3916,PhD,Together,49269.0,1,0,2012-08-15,92,639,8,166,11,8,58,3,7,3,12,7,0,0,0,0,0,0,0,22,0,43,35-44,1,2,3,0,832,0,22,24.0,781,0.0697115384615384,0.1363636363636363,37.81818181818182,34.666666666666664,0.9166666666666666,0.0084434431386876,22,832,1,5,4,7,154,17,Critical retention
2021,Graduation,Married,61456.0,0,1,2013-03-27,47,563,76,384,84,192,89,4,6,10,13,4,0,0,0,0,0,0,0,16,0,39,35-44,1,2,3,0,1299,0,29,18.312328767123287,557,0.0685142417244033,0.1379310344827586,44.793103448275865,70.93581687612209,1.5836325553560744,0.0138510446907293,29,1299,2,5,5,8,255,28,High value at risk
1581,Graduation,Married,37406.0,1,0,2013-10-10,18,2,0,8,2,2,3,1,1,0,2,8,0,0,0,0,0,0,1,16,0,34,25-34,1,2,3,0,14,0,3,11.835616438356164,360,0.2142857142857142,0.3333333333333333,4.666666666666667,1.1828703703703705,0.2534722222222222,0.0003794697226232,3,14,3,1,1,0,311,30,Recents
564,PhD,Together,56937.0,1,0,2012-08-04,81,746,8,125,11,8,8,7,8,6,9,6,0,1,0,0,0,0,1,22,0,33,25-34,1,2,3,0,898,1,23,24.0,792,0.0089086859688195,0.3043478260869565,39.04347826086956,37.41666666666666,0.9583333333333334,0.0078859089871261,23,898,1,5,4,7,154,17,Critical retention
6619,Graduation,Married,38415.0,1,1,2013-01-02,91,22,1,13,4,0,4,2,1,0,3,7,0,0,0,0,0,0,0,16,0,36,35-44,2,2,4,0,40,0,4,21.07397260273973,641,0.1,0.5,10.0,1.8980759230369213,0.1898075923036921,0.0005929171176999,4,40,1,1,1,0,111,10,Low-priority churn
9081,Graduation,Single,20518.0,1,0,2014-05-18,58,4,1,6,4,1,9,1,1,1,2,5,0,0,0,0,0,0,0,16,0,26,25-34,1,1,2,0,16,0,4,4.602739726027397,140,0.5625,0.25,4.0,3.4761904761904763,0.8690476190476191,0.0020330580814058,4,16,2,1,1,0,211,20,Standard base
178,Graduation,Married,62503.0,0,1,2013-02-18,40,478,0,193,110,75,117,4,8,3,11,5,0,0,0,0,0,0,0,16,0,58,55-64,1,2,3,0,856,0,22,19.528767123287672,594,0.1366822429906542,0.1818181818181818,38.90909090909091,43.8327721661055,1.126543209876543,0.0084154883124532,22,856,2,5,4,7,254,27,High value at risk
916,PhD,Single,41644.0,1,1,2014-05-09,67,20,3,4,2,0,2,2,1,0,3,3,0,0,0,0,0,0,0,22,0,42,35-44,2,1,3,0,29,0,4,4.898630136986301,149,0.0689655172413793,0.5,7.25,5.920022371364653,0.8165548098434005,0.0017058944495335,4,29,1,1,1,0,111,10,Low-priority churn
5512,Master,Married,55842.0,0,1,2014-05-23,19,451,0,39,0,4,24,1,7,1,8,5,0,0,0,0,0,0,0,18,0,37,35-44,1,2,3,0,494,0,16,4.438356164383562,135,0.048582995951417,0.0625,30.875,111.30246913580248,3.6049382716049374,0.0239180120631358,16,494,3,4,3,5,343,35,High-potential growth
8970,PhD,Married,62010.0,0,1,2012-10-23,93,371,22,39,6,0,92,4,6,2,7,5,0,0,0,0,0,0,0,22,0,42,35-44,1,2,3,0,438,0,15,23.40821917808219,712,0.2100456621004566,0.2666666666666666,29.2,18.71137640449438,0.6408005617977528,0.0036209726955963,15,438,1,3,3,4,133,14,Low-priority churn
10581,Graduation,Married,41124.0,1,0,2012-10-31,41,281,7,84,15,0,119,7,7,3,4,8,0,0,0,0,0,0,0,16,0,37,35-44,1,2,3,0,387,0,14,23.145205479452056,704,0.3074935400516795,0.5,27.642857142857142,16.720525568181817,0.6048768939393939,0.0048790561914741,14,387,2,3,3,4,233,24,Standard base
5300,Master,Married,38961.0,1,0,2013-12-30,60,19,7,19,0,1,24,1,2,1,2,7,0,0,0,0,0,0,0,18,0,41,35-44,1,2,3,0,46,0,5,9.172602739726027,279,0.5217391304347826,0.2,9.2,5.0149342891278375,0.5451015531660693,0.0015446013056526,5,46,2,1,2,1,212,21,Standard base
5154,Master,Divorced,37760.0,1,0,2013-08-11,54,26,3,13,2,10,0,1,2,0,3,6,0,0,0,0,0,0,0,18,0,42,35-44,1,1,2,0,54,0,5,13.808219178082192,420,0.0,0.2,10.8,3.9107142857142856,0.3621031746031746,0.0012428117433414,5,54,2,1,2,1,212,21,Standard base
8346,Graduation,Single,32233.0,1,0,2012-08-19,26,138,15,35,25,11,72,2,6,2,2,9,1,0,0,0,0,0,1,16,0,40,35-44,1,1,2,0,224,1,10,24.0,777,0.3214285714285714,0.2,22.4,9.333333333333334,0.4166666666666667,0.003474699841777,10,224,3,3,3,4,333,34,Loyal
1676,Graduation,Married,43057.0,0,1,2013-10-30,30,213,2,44,0,2,5,4,4,2,5,5,0,0,0,0,0,0,0,16,0,39,35-44,1,2,3,0,261,0,11,11.178082191780822,340,0.0191570881226053,0.3636363636363636,23.727272727272727,23.34926470588235,0.9840686274509804,0.0065074477197804,11,261,3,3,3,4,333,34,Loyal
9286,Master,Together,83151.0,0,0,2012-10-10,93,407,28,100,120,74,18,1,5,9,4,3,0,0,0,0,0,0,0,18,0,54,45-54,0,2,2,0,729,0,18,23.83561643835616,725,0.0246913580246913,0.0555555555555555,40.5,30.58448275862069,0.7551724137931035,0.0044138229618819,18,729,1,4,4,6,144,16,Critical retention
2426,PhD,Divorced,78825.0,0,0,2012-09-14,35,483,74,114,169,37,18,1,5,10,13,3,0,0,0,0,0,0,1,22,0,50,45-54,0,1,1,0,877,0,28,24.0,751,0.0205245153933865,0.0357142857142857,31.321428571428573,36.54166666666666,1.1666666666666667,0.0055629559150015,28,877,2,5,4,7,254,27,High value at risk
5562,Graduation,Married,60093.0,0,1,2013-06-26,92,502,12,109,16,6,90,2,7,2,10,6,0,0,0,0,0,0,0,16,0,40,35-44,1,2,3,0,645,0,19,15.32054794520548,466,0.1395348837209302,0.1052631578947368,33.94736842105263,42.10032188841202,1.2401645207439198,0.0084070334757949,19,645,1,4,4,6,144,16,Critical retention
3436,Graduation,Married,14045.0,1,0,2014-01-26,24,11,0,5,2,1,1,1,1,0,3,7,0,0,0,0,0,0,0,16,0,45,45-54,1,2,3,0,19,0,4,8.284931506849315,252,0.0526315789473684,0.25,4.75,2.293320105820106,0.4828042328042328,0.0019594048607932,4,19,3,1,1,0,311,30,Recents
3921,2n Cycle,Widow,28457.0,0,0,2012-10-28,96,24,1,108,29,29,14,1,4,1,4,8,0,0,0,0,0,0,0,18,0,62,55-64,0,1,1,0,191,0,9,23.243835616438357,707,0.0732984293193717,0.1111111111111111,21.22222222222222,8.217232437529468,0.3871994342291372,0.0034651154109833,9,191,1,2,3,3,123,13,Low-priority churn
3403,PhD,Together,78952.0,0,1,2012-09-24,11,1170,19,594,99,76,134,2,2,5,12,6,0,0,0,0,0,0,0,22,0,56,55-64,1,2,3,0,1958,0,19,24.0,741,0.0684371807967313,0.1052631578947368,103.05263157894736,81.58333333333333,0.7916666666666666,0.0123999392035667,19,1958,3,4,5,7,345,37,Champions
22,Graduation,Divorced,46310.0,1,0,2012-12-03,99,185,2,88,15,5,14,2,6,1,5,8,0,0,0,0,0,0,0,16,0,38,35-44,1,1,2,0,295,0,12,22.06027397260274,671,0.047457627118644,0.1666666666666666,24.58333333333333,13.372454048683556,0.5439642324888226,0.0034651144155517,12,295,1,3,3,4,133,14,Low-priority churn
10965,Graduation,Together,76005.0,0,0,2013-02-22,72,983,20,389,240,50,40,1,3,5,13,6,0,0,0,1,0,0,0,16,0,59,55-64,0,2,2,0,1682,1,21,19.3972602739726,590,0.0237812128418549,0.0476190476190476,80.0952380952381,86.7132768361582,1.082627118644068,0.0136906693248325,21,1682,1,5,5,8,155,18,Critical retention
9426,Master,Single,58308.0,0,1,2013-01-12,77,691,0,69,10,0,130,4,2,6,3,8,0,0,0,0,0,0,0,18,0,50,45-54,1,1,2,0,770,0,11,20.745205479452054,631,0.1688311688311688,0.3636363636363636,70.0,37.11701003697834,0.530243000528262,0.0076388166365462,11,770,1,3,4,5,134,15,Critical retention
6605,PhD,Divorced,55614.0,0,0,2013-11-27,85,504,13,131,8,0,26,1,9,4,6,7,0,1,0,0,0,0,0,22,0,70,65-74,0,1,1,0,656,1,19,10.25753424657534,312,0.0396341463414634,0.0526315789473684,34.526315789473685,63.95299145299146,1.8522970085470087,0.0137993292594651,19,656,1,4,4,6,144,16,Critical retention
3136,Master,Divorced,59432.0,0,1,2013-04-13,88,317,25,265,25,19,12,3,5,3,11,5,0,0,0,0,0,0,0,18,0,52,45-54,1,1,2,0,651,0,19,17.753424657534246,540,0.0184331797235023,0.1578947368421052,34.26315789473684,36.66898148148148,1.070216049382716,0.0074038864210825,19,651,1,4,4,6,144,16,Critical retention
8737,Graduation,Divorced,55563.0,0,1,2014-04-05,22,29,1,9,2,0,2,1,2,0,3,3,0,0,0,0,0,0,0,16,0,36,35-44,1,1,2,0,41,0,5,6.016438356164383,183,0.048780487804878,0.2,8.2,6.814663023679417,0.831056466302368,0.0014717699959352,5,41,3,1,1,0,311,30,Recents
11088,PhD,Together,78642.0,0,1,2013-04-21,83,1396,0,322,46,35,17,1,4,9,4,6,0,0,0,0,0,0,0,22,0,43,35-44,1,2,3,0,1799,0,17,17.49041095890411,532,0.0094496942745969,0.0588235294117647,105.82352941176472,102.8563596491228,0.9719611528822054,0.0156948744410044,17,1799,1,4,5,7,145,17,Critical retention
716,PhD,Together,67911.0,0,1,2014-05-22,63,529,0,356,63,28,0,3,6,7,11,3,0,0,0,0,0,0,0,22,0,65,65-74,1,2,3,0,976,0,24,4.471232876712328,136,0.0,0.125,40.66666666666666,218.28431372549025,5.36764705882353,0.0385712441976393,24,976,2,5,4,7,254,27,High value at risk
466,Graduation,Married,65275.0,0,0,2013-04-03,9,388,14,218,91,14,21,1,4,3,13,2,0,0,0,0,0,0,0,16,0,70,65-74,0,2,2,0,725,0,20,18.082191780821915,550,0.0289655172413793,0.05,36.25,40.094696969696976,1.1060606060606062,0.0073709132690365,20,725,3,4,4,6,344,36,Champions
9135,Graduation,Together,27203.0,1,1,2012-08-06,92,13,2,21,4,0,24,2,1,1,2,8,0,0,0,0,0,0,0,16,0,64,55-64,2,2,4,0,40,0,4,24.0,790,0.6,0.5,10.0,1.6666666666666667,0.1666666666666666,0.0007352130279748,4,40,1,1,1,0,111,10,Low-priority churn
10623,Master,Together,48330.0,0,1,2013-11-15,2,28,0,4,0,0,0,1,1,0,3,5,0,0,0,0,0,0,0,18,0,53,45-54,1,2,3,0,32,0,4,10.652054794520549,324,0.0,0.25,8.0,3.004115226337449,0.3755144032921811,0.0007459007390037,4,32,3,1,1,0,311,30,Recents
8151,Basic,Married,24279.0,0,0,2012-12-29,6,16,36,21,20,62,108,1,4,1,3,8,0,0,0,0,0,0,0,12,0,24,18-24,0,2,2,0,155,0,8,21.205479452054792,645,0.6967741935483871,0.125,19.375,7.309431524547804,0.3772609819121447,0.0036127179164946,8,155,3,2,2,2,322,32,Recents
5140,PhD,Married,64355.0,1,0,2012-08-24,66,1047,0,140,67,38,153,2,4,3,12,8,0,0,0,0,0,0,0,22,0,29,25-34,1,2,3,0,1292,0,19,24.0,772,0.1184210526315789,0.1052631578947368,68.0,53.833333333333336,0.7916666666666666,0.0100380700800248,19,1292,2,4,5,7,245,27,High value at risk
4945,Graduation,Widow,53653.0,0,0,2012-11-07,29,815,10,239,28,10,108,2,10,4,12,6,0,0,0,0,0,0,0,16,0,61,55-64,0,1,1,0,1102,0,26,22.915068493150685,697,0.0980036297640653,0.0769230769230769,42.38461538461539,48.09062649450024,1.1346245815399332,0.0107559226498798,26,1102,3,5,5,8,355,38,Champions
10584,Graduation,Married,65665.0,0,1,2013-12-02,77,225,162,387,106,36,29,1,5,10,8,3,0,0,0,0,0,0,0,16,0,38,35-44,1,2,3,0,916,0,23,10.093150684931508,307,0.0316593886462882,0.0434782608695652,39.82608695652174,90.75461454940285,2.2787730727470143,0.0165850205526967,23,916,1,5,4,7,154,17,Critical retention
6071,Graduation,Single,81217.0,0,0,2013-07-19,77,493,70,324,146,40,84,1,3,7,11,1,0,0,0,0,0,0,0,16,0,25,25-34,0,1,1,0,1073,0,21,14.564383561643837,443,0.0782851817334576,0.0476190476190476,51.095238095238095,73.67287434161024,1.4418735891647856,0.0108853379477119,21,1073,1,5,4,7,154,17,Critical retention
3386,Graduation,Married,34935.0,0,0,2013-06-21,71,34,4,66,3,10,20,1,2,1,4,7,0,0,0,0,0,0,0,16,0,22,18-24,0,2,2,0,117,0,7,15.484931506849314,471,0.1709401709401709,0.1428571428571428,16.714285714285715,7.555732484076434,0.4520523708421798,0.0025953568000262,7,117,1,2,2,2,122,12,Low-priority churn
8939,Graduation,Divorced,61250.0,0,1,2012-12-16,49,382,138,65,60,26,59,6,5,2,12,5,0,0,0,0,0,0,0,16,0,55,55-64,1,1,2,0,671,0,19,21.63287671232877,658,0.0879284649776453,0.3157894736842105,35.31578947368421,31.01760385005066,0.8782928064842959,0.006076918305316,19,671,2,4,4,6,244,26,High value at risk
9925,PhD,Together,39665.0,1,0,2013-05-25,97,127,1,56,0,1,31,3,4,2,3,7,1,0,0,0,0,0,0,22,0,33,25-34,1,2,3,0,185,1,9,16.372602739726027,498,0.1675675675675675,0.3333333333333333,20.55555555555556,11.299364123159304,0.549698795180723,0.0034184386607314,9,185,1,2,3,3,123,13,Low-priority churn
4320,Graduation,Single,60152.0,0,1,2013-03-28,6,325,83,300,86,58,91,1,6,4,12,3,0,0,0,0,0,0,0,16,0,35,35-44,1,1,2,0,852,0,22,18.27945205479452,556,0.1068075117370892,0.0454545454545454,38.72727272727273,46.60971223021584,1.2035371702637891,0.0092983865334916,22,852,3,5,4,7,354,37,Champions
5389,Graduation,Married,48920.0,0,2,2013-10-20,93,238,17,68,8,10,6,3,6,2,5,7,0,1,0,0,0,0,0,16,0,50,45-54,2,2,4,0,341,1,13,11.506849315068491,350,0.0175953079178885,0.2307692307692307,26.23076923076923,29.63452380952381,1.1297619047619047,0.0072693026515593,13,341,1,3,3,4,133,14,Low-priority churn
6036,Master,Together,89120.0,0,0,2014-03-17,78,1168,92,408,72,129,55,1,5,6,7,1,0,0,1,0,0,0,0,18,0,55,55-64,0,2,2,0,1869,1,18,6.641095890410958,202,0.0294275013376136,0.0555555555555555,103.83333333333331,281.4294554455446,2.710396039603961,0.0378944509127753,18,1869,1,4,5,7,145,17,Critical retention
182,PhD,Together,44124.0,0,1,2013-05-11,62,284,0,55,0,6,52,4,6,2,5,8,0,0,0,0,0,0,0,22,0,68,65-74,1,2,3,0,345,0,13,16.832876712328765,512,0.1507246376811594,0.3076923076923077,26.53846153846154,20.495605468750004,0.7722981770833334,0.0055740020312075,13,345,2,3,3,4,233,24,Standard base
203,Master,Single,81169.0,0,0,2013-04-14,47,1288,20,613,80,61,27,1,5,7,9,2,0,0,0,0,0,0,0,18,0,39,35-44,0,1,1,0,2062,0,21,17.720547945205478,539,0.013094083414161,0.0476190476190476,98.1904761904762,116.36209029066173,1.1850649350649352,0.0172029356464652,21,2062,2,5,5,8,255,28,High value at risk
11025,Graduation,Married,36443.0,1,1,2013-02-03,9,65,0,46,4,3,20,4,3,1,3,8,0,0,0,0,0,0,0,16,0,53,45-54,2,2,4,0,118,0,7,20.02191780821918,609,0.1694915254237288,0.5714285714285714,16.857142857142858,5.893541324575807,0.3496168582375479,0.0019406332051397,7,118,3,2,2,2,322,32,Recents
10203,Graduation,Single,26095.0,1,0,2013-06-30,77,11,7,9,3,1,11,1,1,0,3,7,0,0,0,0,0,0,0,16,0,24,18-24,1,1,2,0,31,0,4,15.18904109589041,462,0.3548387096774194,0.25,7.75,2.0409451659451663,0.2633477633477634,0.0009385453915057,4,31,1,1,1,0,111,10,Low-priority churn
4607,Graduation,Together,71367.0,0,0,2013-08-23,24,227,23,389,42,21,75,1,4,5,7,2,0,0,0,0,0,0,0,16,0,55,55-64,0,2,2,0,702,0,16,13.413698630136986,408,0.1068376068376068,0.0625,43.875,52.33455882352941,1.19281045751634,0.0087997913024556,16,702,3,4,4,6,344,36,Champions
3711,Master,Married,80184.0,0,0,2014-03-01,19,1035,134,670,25,38,0,1,6,3,10,3,0,0,1,1,0,0,0,18,0,70,65-74,0,2,2,0,1902,2,19,7.167123287671233,218,0.0,0.0526315789473684,100.10526315789474,265.3784403669725,2.650993883792049,0.0397154205876941,19,1902,3,4,5,7,345,37,Champions
3696,Graduation,Divorced,30630.0,1,1,2014-01-27,67,27,1,12,2,0,10,2,2,0,3,7,0,0,0,0,0,0,0,16,0,49,45-54,2,1,3,0,42,0,5,8.252054794520548,251,0.238095238095238,0.4,8.4,5.089641434262948,0.6059096945551129,0.0019939829321304,5,42,1,1,1,0,111,10,Low-priority churn
2532,Master,Single,73454.0,0,0,2014-03-01,95,982,73,351,56,14,175,1,2,4,6,5,1,0,0,0,0,0,0,18,0,27,25-34,0,1,1,0,1476,1,12,7.167123287671233,218,0.1185636856368563,0.0833333333333333,123.0,205.94036697247708,1.6743119266055049,0.0336439731487696,12,1476,1,3,5,6,135,16,Critical retention
9214,Graduation,Married,42691.0,0,0,2013-08-16,48,179,2,64,38,17,58,1,5,1,6,5,0,0,0,0,0,0,0,16,0,23,18-24,0,2,2,0,300,0,12,13.643835616438356,415,0.1933333333333333,0.0833333333333333,25.0,21.98795180722892,0.8795180722891567,0.0061805865799992,12,300,2,3,3,4,233,24,Standard base
4943,Graduation,Married,70503.0,0,0,2012-09-30,73,1379,33,216,0,33,66,1,2,4,9,6,0,1,1,0,0,0,0,16,0,61,55-64,0,2,2,0,1661,2,15,24.0,735,0.0397350993377483,0.0666666666666666,110.73333333333332,69.20833333333333,0.625,0.0117796405826702,15,1661,1,3,5,6,135,16,Critical retention
35,Graduation,Married,25545.0,1,0,2012-09-08,35,32,1,64,16,12,85,3,2,2,3,6,0,0,0,0,0,0,1,16,0,27,25-34,1,2,3,0,125,0,7,24.0,757,0.68,0.4285714285714285,17.857142857142858,5.208333333333333,0.2916666666666667,0.0024466627520062,7,125,2,2,2,2,222,22,Standard base
2258,Graduation,Married,32880.0,1,0,2012-12-04,76,8,4,15,7,6,2,1,1,0,3,8,0,0,0,0,0,0,0,16,0,28,25-34,1,2,3,0,40,0,4,22.02739726027397,670,0.05,0.25,10.0,1.8159203980099503,0.181592039800995,0.0006627446708065,4,40,1,1,1,0,111,10,Low-priority churn
4322,PhD,Together,77863.0,0,0,2013-11-27,20,881,38,319,16,25,12,1,4,5,10,2,0,0,0,0,0,0,0,22,0,56,55-64,0,2,2,0,1279,0,19,10.25753424657534,312,0.0093823299452697,0.0526315789473684,67.3157894736842,124.68883547008548,1.8522970085470087,0.0192166500859333,19,1279,3,4,5,7,345,37,Champions
713,Master,Married,50353.0,0,0,2014-06-08,72,141,15,153,67,31,35,1,4,4,6,3,0,0,0,0,0,0,0,18,0,37,35-44,0,2,2,0,407,0,14,3.912328767123288,119,0.085995085995086,0.0714285714285714,29.071428571428573,104.03011204481793,3.57843137254902,0.0247921940011084,14,407,1,3,3,4,133,14,Low-priority churn
4702,Graduation,Single,61839.0,0,0,2012-08-12,20,1000,155,379,224,17,120,1,4,8,4,8,0,0,0,0,0,0,0,16,0,50,45-54,0,1,1,0,1775,0,16,24.0,784,0.0676056338028169,0.0625,110.9375,73.95833333333333,0.6666666666666666,0.014351784472582,16,1775,3,4,5,7,345,37,Champions
3281,PhD,Married,49154.0,1,1,2013-11-03,69,206,10,67,30,27,71,6,4,1,8,6,0,0,0,0,0,0,0,22,0,54,45-54,2,2,4,0,340,0,13,11.046575342465752,336,0.2088235294117647,0.4615384615384615,26.153846153846157,30.778769841269845,1.1768353174603177,0.0075140423586124,13,340,1,3,3,4,133,14,Low-priority churn
702,2n Cycle,Widow,47682.0,0,1,2013-02-15,80,162,61,83,97,57,61,4,4,3,8,5,0,0,0,0,0,0,0,18,0,39,35-44,1,1,2,0,460,0,15,19.627397260273973,597,0.1326086956521739,0.2666666666666666,30.666666666666668,23.436627582356223,0.7642378559463986,0.0058982326871413,15,460,1,3,3,4,133,14,Low-priority churn
2004,Graduation,Single,72679.0,0,1,2013-09-18,65,619,54,260,127,54,54,1,4,7,5,1,0,0,0,0,0,0,0,16,0,45,45-54,1,1,2,0,1114,0,16,12.55890410958904,382,0.0484739676840215,0.0625,69.625,88.70200698080279,1.273996509598604,0.0146455521370634,16,1114,2,4,5,7,245,27,High value at risk
4769,Master,Together,57954.0,1,1,2014-06-18,52,456,4,24,0,0,9,7,8,2,6,7,0,1,0,0,0,0,0,18,0,37,35-44,2,2,4,0,484,1,16,3.5835616438356164,109,0.018595041322314,0.4375,30.25,135.0611620795107,4.464831804281346,0.0279658685328731,16,484,2,4,3,5,243,25,Standard base
4437,Graduation,Married,65316.0,1,1,2013-04-24,65,112,6,92,3,9,38,2,3,2,5,4,0,0,0,0,0,0,0,16,0,52,45-54,2,2,4,0,222,0,10,17.39178082191781,529,0.1711711711711711,0.2,22.2,12.764650283553877,0.5749842470069313,0.0023451497856979,10,222,2,3,3,4,233,24,Standard base
8724,Graduation,Single,28567.0,1,0,2013-06-17,57,11,3,22,2,2,6,2,2,0,3,6,0,0,0,0,0,0,0,16,0,32,25-34,1,1,2,0,40,0,5,15.616438356164384,475,0.15,0.4,8.0,2.56140350877193,0.3201754385964912,0.0010759562469024,5,40,2,1,1,0,211,20,Standard base
10741,Master,Together,47352.0,0,1,2013-04-11,70,172,12,112,8,0,15,4,6,1,5,7,0,0,0,0,0,0,0,18,0,63,55-64,1,2,3,0,304,0,12,17.81917808219178,542,0.0493421052631578,0.3333333333333333,25.33333333333333,17.06027060270603,0.6734317343173433,0.0043234340098089,12,304,1,3,3,4,133,14,Low-priority churn
1991,Graduation,Together,44931.0,0,1,2014-01-18,0,78,0,11,0,0,7,1,2,1,3,5,0,0,0,0,0,0,0,16,0,47,45-54,1,2,3,0,89,0,6,8.547945205479452,260,0.0786516853932584,0.1666666666666666,14.833333333333334,10.411858974358974,0.7019230769230769,0.0027807595578177,6,89,3,2,2,2,322,32,Recents
6931,Graduation,Divorced,76982.0,0,0,2014-02-15,19,464,151,292,65,60,30,1,8,3,4,4,0,0,1,0,0,0,1,16,0,47,45-54,0,1,1,0,1032,1,15,7.627397260273972,232,0.0290697674418604,0.0666666666666666,68.8,135.30172413793105,1.9665948275862069,0.0210909133259095,15,1032,3,3,4,5,334,35,High-potential growth
11096,2n Cycle,Together,57247.0,0,1,2013-08-08,50,99,4,32,37,54,6,2,2,1,7,2,0,0,0,0,0,0,0,18,0,62,55-64,1,2,3,0,226,0,10,13.906849315068492,423,0.0265486725663716,0.2,22.6,16.25098502758077,0.719070133963751,0.0034064985122533,10,226,2,3,3,4,233,24,Standard base
304,Master,Single,22944.0,1,0,2013-12-23,67,19,3,19,4,5,26,3,3,0,3,7,0,0,0,0,0,0,0,18,0,33,25-34,1,1,2,0,50,0,6,9.402739726027397,286,0.52,0.5,8.333333333333334,5.317599067599068,0.6381118881118881,0.0027811710604597,6,50,1,2,2,2,122,12,Low-priority churn
3665,2n Cycle,Together,25315.0,1,0,2013-11-07,46,1,9,8,11,3,22,3,3,0,3,8,0,0,0,0,0,0,0,18,0,37,35-44,1,2,3,0,32,0,6,10.915068493150685,332,0.6875,0.5,5.333333333333333,2.931726907630522,0.549698795180723,0.0013897184630284,6,32,2,2,1,1,221,21,Standard base
10591,Graduation,Widow,43638.0,0,1,2012-08-06,37,63,10,83,7,19,19,2,4,1,4,7,0,0,0,0,0,0,0,16,0,45,45-54,1,1,2,0,182,0,9,24.0,790,0.1043956043956044,0.2222222222222222,20.22222222222222,7.583333333333333,0.375,0.0020853384664741,9,182,2,2,3,3,223,23,Standard base
5036,PhD,Single,42710.0,1,0,2012-11-28,38,252,3,42,4,3,102,2,4,5,3,6,0,0,0,0,0,0,0,22,0,30,25-34,1,1,2,0,304,0,12,22.22465753424657,676,0.3355263157894737,0.1666666666666666,25.33333333333333,13.678500986193294,0.5399408284023669,0.0038431751775771,12,304,2,3,3,4,233,24,Standard base
5547,PhD,Married,84169.0,0,0,2013-08-07,9,1478,19,403,0,19,0,1,7,6,6,3,0,1,1,0,0,0,1,22,0,32,25-34,0,2,2,0,1919,2,19,13.93972602739726,424,0.0,0.0526315789473684,101.0,137.66411163522014,1.3630110062893082,0.0196268143808604,19,1919,3,4,5,7,345,37,Champions
7822,Graduation,Together,54058.0,0,1,2013-06-04,56,198,18,252,32,108,54,2,4,6,8,3,0,0,0,0,0,0,0,16,0,38,35-44,1,2,3,0,608,0,18,16.043835616438354,488,0.0888157894736842,0.1111111111111111,33.77777777777778,37.896174863387984,1.1219262295081969,0.0084123367190916,18,608,2,4,4,6,244,26,High value at risk
8541,2n Cycle,Married,24683.0,1,0,2014-03-08,98,8,4,10,6,7,6,2,2,0,4,5,0,0,0,0,0,0,0,18,0,24,18-24,1,2,3,0,35,0,6,6.936986301369863,211,0.1714285714285714,0.3333333333333333,5.833333333333333,5.045418641390206,0.8649289099526067,0.0024529037676409,6,35,1,2,1,1,121,11,Low-priority churn
10955,Graduation,Widow,85620.0,0,0,2014-01-07,68,416,46,925,60,107,46,1,3,6,4,1,0,0,0,0,0,0,1,16,0,50,45-54,0,1,1,0,1554,0,13,8.90958904109589,271,0.0296010296010296,0.0769230769230769,119.53846153846152,174.4188191881919,1.4591020910209105,0.0244455247635868,13,1554,1,3,5,6,135,16,Critical retention
4368,Graduation,Married,47850.0,1,0,2013-12-03,72,42,7,43,20,12,10,1,3,0,4,6,0,0,0,0,0,0,0,16,0,34,25-34,1,2,3,0,124,0,7,10.06027397260274,306,0.0806451612903225,0.1428571428571428,17.714285714285715,12.325708061002178,0.6958061002178649,0.0030910866610663,7,124,1,2,2,2,122,12,Low-priority churn
2256,Master,Married,27159.0,1,1,2014-03-29,33,17,0,3,0,0,1,2,1,0,3,6,0,0,0,0,0,0,0,18,0,41,35-44,2,2,4,0,20,0,4,6.2465753424657535,190,0.05,0.5,5.0,3.201754385964912,0.6403508771929824,0.0014146711083463,4,20,2,1,1,0,211,20,Standard base
4279,2n Cycle,Single,39548.0,1,1,2014-03-31,87,15,4,10,3,4,18,2,1,1,3,3,0,0,0,0,0,0,0,18,0,51,45-54,2,1,3,0,36,0,5,6.180821917808219,188,0.5,0.4,7.2,5.824468085106384,0.8089539007092199,0.0017673110402871,5,36,1,1,1,0,111,10,Low-priority churn
5371,Graduation,Single,21474.0,1,0,2014-04-08,0,6,16,24,11,0,34,2,3,1,2,7,1,0,0,0,0,0,1,16,0,25,25-34,1,1,2,0,57,1,6,5.917808219178082,180,0.5964912280701754,0.3333333333333333,9.5,9.631944444444445,1.0138888888888888,0.0053824780354537,6,57,3,2,2,2,322,32,Recents
9240,PhD,Single,60504.0,0,1,2014-02-07,73,458,0,24,6,4,34,2,6,2,8,6,0,0,0,0,0,0,0,22,0,43,35-44,1,1,2,0,492,0,16,7.890410958904109,240,0.0691056910569105,0.125,30.75,62.35416666666667,2.0277777777777777,0.012366950945392,16,492,1,4,3,5,143,15,Low-priority churn
9460,Graduation,Married,22419.0,0,0,2013-04-18,74,30,3,47,19,21,42,1,3,2,2,8,0,0,0,0,0,0,0,16,0,51,45-54,0,2,2,0,120,0,7,17.589041095890412,535,0.35,0.1428571428571428,17.142857142857142,6.822429906542055,0.3979750778816199,0.0036517756759224,7,120,1,2,2,2,122,12,Low-priority churn
9504,Master,Married,81698.0,0,0,2013-11-06,4,179,28,520,111,123,47,1,3,8,13,1,0,0,0,0,0,0,1,18,0,65,65-74,0,2,2,0,961,0,24,10.947945205479453,333,0.0489073881373569,0.0416666666666666,40.04166666666666,87.77902902902903,2.1921921921921923,0.0128931962636582,24,961,3,5,4,7,354,37,Champions
8692,Graduation,Together,43462.0,1,1,2012-09-12,50,90,17,97,15,6,15,6,4,1,5,8,0,0,0,0,0,0,0,16,0,62,55-64,2,2,4,0,225,0,10,24.0,753,0.0666666666666666,0.6,22.5,9.375,0.4166666666666667,0.0025884680870645,10,225,2,3,3,4,233,24,Standard base
448,PhD,Single,54880.0,1,0,2013-03-01,57,308,85,137,102,45,118,2,6,2,11,5,0,0,0,0,0,0,0,22,0,36,35-44,1,1,2,0,677,0,19,19.16712328767123,583,0.1742983751846381,0.1052631578947368,35.63157894736842,35.32089765580332,0.9912807318467696,0.0077232283503943,19,677,2,4,4,6,244,26,High value at risk
8314,Graduation,Married,79908.0,0,0,2013-04-05,30,557,129,761,29,185,111,1,5,6,7,2,0,0,1,0,0,0,0,16,0,32,25-34,0,2,2,0,1661,1,18,18.016438356164382,548,0.0668272125225767,0.0555555555555555,92.27777777777776,92.19358272506084,0.999087591240876,0.0138449591117376,18,1661,3,4,5,7,345,37,Champions
8420,2n Cycle,Married,15315.0,0,0,2013-08-03,27,7,4,13,15,8,17,2,2,0,4,5,0,0,0,0,0,0,0,18,0,44,35-44,0,2,2,0,47,0,6,14.071232876712328,428,0.3617021276595745,0.3333333333333333,7.833333333333333,3.340147975077882,0.4264018691588785,0.0026171580607858,6,47,3,2,2,2,322,32,Recents
3174,Graduation,Together,87771.0,0,1,2013-05-22,61,1492,38,287,50,57,33,1,5,10,4,6,0,1,1,1,1,0,1,16,0,55,55-64,1,2,3,0,1924,4,19,16.471232876712328,501,0.0171517671517671,0.0526315789473684,101.26315789473684,116.80971390552229,1.15352628077179,0.0159701560522982,19,1924,2,4,5,7,245,27,High value at risk
7685,Graduation,Married,33039.0,1,0,2013-09-09,4,30,8,12,8,8,12,1,2,0,4,5,0,0,0,0,0,0,0,16,0,36,35-44,1,2,3,0,66,0,6,12.854794520547944,391,0.1818181818181818,0.1666666666666666,11.0,5.134271099744246,0.4667519181585678,0.0018648038135818,6,66,3,2,2,2,322,32,Recents
3179,Graduation,Single,81741.0,0,0,2013-06-16,75,249,153,940,58,134,38,0,6,6,7,2,0,0,0,0,0,0,0,16,0,34,25-34,0,1,1,0,1534,0,19,15.64931506849315,476,0.0247718383311603,0.0,80.73684210526316,98.0234593837535,1.2141106442577032,0.0143903489387827,19,1534,1,4,5,7,145,17,Critical retention
9780,Master,Together,71499.0,0,1,2013-06-25,12,465,25,132,136,0,37,2,8,3,13,4,0,0,0,0,0,0,0,18,0,43,35-44,1,2,3,0,758,0,24,15.353424657534246,467,0.0488126649076517,0.0833333333333333,31.58333333333333,49.37009279086367,1.563169164882227,0.0082860055873559,24,758,3,5,4,7,354,37,Champions
10681,2n Cycle,Married,62466.0,0,1,2014-01-15,13,129,129,259,168,121,83,5,6,3,12,4,0,0,0,0,0,0,0,18,0,44,35-44,1,2,3,0,806,0,21,8.646575342465754,263,0.1029776674937965,0.238095238095238,38.38095238095238,93.21609632446132,2.428707224334601,0.01790723202852,21,806,3,5,4,7,354,37,Champions
10232,PhD,Divorced,48799.0,0,1,2013-11-05,9,174,18,81,28,6,24,3,3,2,7,3,0,0,0,0,0,0,0,22,0,51,45-54,1,1,2,0,307,0,12,10.98082191780822,334,0.0781758957654723,0.25,25.58333333333333,27.957834331337324,1.092814371257485,0.0068750181761111,12,307,3,3,3,4,333,34,Loyal
4184,PhD,Together,52157.0,0,1,2014-06-07,48,189,2,29,3,2,40,2,3,2,5,4,0,0,0,0,0,0,0,22,0,64,55-64,1,2,3,0,225,0,10,3.945205479452055,120,0.1777777777777777,0.2,22.5,57.03125,2.5347222222222223,0.0131214410338017,10,225,2,3,3,4,233,24,Standard base
9120,Graduation,Single,66565.0,0,1,2012-12-05,80,747,10,161,65,40,42,4,4,2,9,8,0,0,0,0,0,0,0,16,0,52,45-54,1,1,2,0,1023,0,15,21.994520547945204,669,0.0410557184750733,0.2666666666666666,68.2,46.51158445440957,0.6819880418535128,0.0083848721317947,15,1023,1,3,4,5,134,15,Critical retention
891,Master,Together,29298.0,1,1,2013-09-07,60,6,0,2,2,0,1,1,1,0,2,5,0,0,0,0,0,0,0,18,0,63,55-64,2,2,4,0,10,0,3,12.92054794520548,393,0.1,0.3333333333333333,3.333333333333333,0.7739609838846481,0.2321882951653944,0.0003170022461129,3,10,2,1,1,0,211,20,Standard base
10381,Graduation,Single,47691.0,0,1,2013-07-05,43,14,0,3,0,0,4,1,1,0,2,6,0,0,0,0,0,0,0,16,0,35,35-44,1,1,2,0,17,0,3,15.024657534246575,457,0.2352941176470588,0.3333333333333333,5.666666666666667,1.1314733770970096,0.199671772428884,0.0002847011076547,3,17,2,1,1,0,211,20,Standard base
3525,Graduation,Together,38200.0,1,1,2012-12-07,19,12,0,4,0,0,1,1,1,0,2,7,0,0,0,0,0,0,0,16,0,44,35-44,2,2,4,0,16,0,3,21.92876712328767,667,0.0625,0.3333333333333333,5.333333333333333,0.7296351824087957,0.1368065967016491,0.000229204769343,3,16,3,1,1,0,311,30,Recents
6818,Graduation,Married,44989.0,0,1,2012-09-12,26,98,0,106,49,10,106,5,5,1,5,6,0,0,0,0,0,0,0,16,0,40,35-44,1,2,3,0,263,0,11,24.0,753,0.403041825095057,0.4545454545454545,23.90909090909091,10.958333333333334,0.4583333333333333,0.0029229367178643,11,263,3,3,3,4,333,34,Loyal
3526,PhD,Married,38443.0,1,1,2014-01-27,58,32,0,5,0,0,1,2,1,0,3,7,0,0,0,0,0,0,0,22,0,46,45-54,2,2,4,0,37,0,4,8.252054794520548,251,0.027027027027027,0.5,9.25,4.483731739707835,0.4847277556440902,0.0013995989094632,4,37,2,1,1,0,211,20,Standard base
8181,2n Cycle,Single,38593.0,1,0,2013-09-13,42,51,12,49,17,24,24,3,4,1,3,8,0,0,0,0,0,0,0,18,0,36,35-44,1,1,2,0,153,0,8,12.723287671232876,387,0.1568627450980392,0.375,19.125,12.025193798449612,0.6287683031869079,0.0037390802886895,8,153,2,2,2,2,222,22,Standard base
1029,PhD,Together,64413.0,0,1,2013-08-01,27,200,5,44,0,10,20,1,5,1,5,5,0,0,0,0,0,0,0,22,0,44,35-44,1,2,3,0,259,0,11,14.136986301369864,430,0.0772200772200772,0.0909090909090909,23.545454545454547,18.32073643410853,0.7781007751937985,0.0034131128376151,11,259,3,3,3,4,333,34,Loyal
7369,Master,Married,36959.0,1,0,2013-10-02,56,25,6,25,6,0,0,2,2,0,3,8,0,0,0,0,0,0,0,18,0,33,25-34,1,2,3,0,62,0,5,12.0986301369863,368,0.0,0.4,12.4,5.124547101449275,0.4132699275362319,0.0016638590118074,5,62,2,1,2,1,212,21,Standard base
2574,PhD,Married,61996.0,0,1,2013-01-31,27,1050,12,144,0,0,24,3,6,4,8,5,0,1,0,1,1,0,1,22,0,37,35-44,1,2,3,0,1206,3,18,20.12054794520548,612,0.0199004975124378,0.1666666666666666,67.0,59.93872549019608,0.8946078431372548,0.0116017921459828,18,1206,3,4,5,7,345,37,Champions
8159,Graduation,Married,51287.0,1,1,2014-04-01,10,117,0,22,13,0,30,3,4,1,3,7,0,0,0,0,0,0,0,16,0,46,45-54,2,2,4,0,152,0,8,6.147945205479452,187,0.1973684210526315,0.375,19.0,24.72370766488413,1.3012477718360071,0.0057847893614095,8,152,3,2,2,2,322,32,Recents
1160,Graduation,Married,13260.0,1,1,2013-08-23,48,9,4,17,10,2,7,4,3,0,3,8,0,0,0,0,0,0,0,16,0,44,35-44,2,2,4,0,42,0,6,13.413698630136986,408,0.1666666666666666,0.6666666666666666,7.0,3.1311274509803924,0.4473039215686274,0.0028335995031496,6,42,2,2,1,1,221,21,Standard base
10242,PhD,Together,47472.0,1,1,2013-09-16,39,56,0,11,0,0,8,2,2,0,4,5,0,0,0,0,0,0,0,22,0,48,45-54,2,2,4,0,67,0,6,12.624657534246577,384,0.1194029850746268,0.3333333333333333,11.166666666666666,5.307074652777778,0.4752604166666667,0.0013415254430681,6,67,2,2,2,2,222,22,Standard base
5253,Master,Together,54603.0,1,1,2013-07-09,85,145,13,46,17,2,4,6,4,2,4,7,0,0,0,0,0,0,0,18,0,58,55-64,2,2,4,0,223,0,10,14.893150684931506,453,0.0179372197309417,0.6,22.3,14.973325974981606,0.671449595290655,0.003290660068124,10,223,1,3,3,4,133,14,Low-priority churn
5966,PhD,Married,45207.0,1,1,2012-11-10,64,203,0,10,0,0,2,5,3,1,6,6,0,1,0,0,0,0,0,22,0,40,35-44,2,2,4,0,213,1,10,22.816438356164383,694,0.0093896713615023,0.5,21.3,9.335374639769451,0.4382804995196926,0.0024780342795857,10,213,2,3,3,4,233,24,Standard base
5081,2n Cycle,Together,47821.0,1,1,2013-10-20,54,9,0,16,6,6,10,1,1,0,3,8,0,0,0,0,0,0,0,18,0,47,45-54,2,2,4,0,37,0,4,11.506849315068491,350,0.2702702702702703,0.25,9.25,3.2154761904761906,0.3476190476190476,0.0008068780302736,4,37,2,1,1,0,211,20,Standard base
5123,Master,Married,27450.0,0,0,2013-04-15,57,37,12,23,8,11,52,1,2,1,3,7,0,0,0,0,0,0,0,18,0,63,55-64,0,2,2,0,91,0,6,17.687671232876713,538,0.5714285714285714,0.1666666666666666,15.166666666666666,5.144826517967782,0.3392193308550185,0.002249104488729,6,91,2,2,2,2,222,22,Standard base
5756,Graduation,Together,39453.0,1,0,2014-04-03,64,46,0,7,0,0,2,2,2,0,3,6,0,0,0,0,0,0,0,16,0,31,25-34,1,2,3,0,53,0,5,6.082191780821917,185,0.0377358490566037,0.4,10.6,8.713963963963964,0.8220720720720721,0.0026504338723941,5,53,2,1,2,1,212,21,Standard base
8036,2n Cycle,Together,26850.0,1,1,2014-04-18,10,31,1,13,7,2,9,4,2,1,4,4,0,0,0,0,0,0,0,18,0,43,35-44,2,2,4,0,54,0,7,5.589041095890411,170,0.1666666666666666,0.5714285714285714,7.714285714285714,9.661764705882351,1.2524509803921569,0.0043181071311206,7,54,3,2,2,2,322,32,Recents
9058,Graduation,Widow,79800.0,0,0,2012-09-23,65,1060,21,530,32,0,224,1,5,11,5,3,1,0,1,1,0,0,1,16,0,59,55-64,0,1,1,0,1643,3,21,24.0,742,0.1363359707851491,0.0476190476190476,78.23809523809524,68.45833333333333,0.875,0.0102944862155388,21,1643,2,5,5,8,255,28,High value at risk
5057,Master,Married,61794.0,0,1,2013-09-14,74,264,47,188,54,47,11,2,4,4,10,2,0,0,0,0,0,0,0,18,0,53,45-54,1,2,3,0,600,0,18,12.69041095890411,386,0.0183333333333333,0.1111111111111111,33.333333333333336,47.27979274611399,1.4183937823834196,0.0091814336821271,18,600,1,4,4,6,144,16,Critical retention
254,Graduation,Together,53863.0,0,1,2014-05-17,4,399,4,30,6,4,30,3,7,1,7,7,0,1,0,0,0,0,0,16,0,59,55-64,1,2,3,0,443,1,15,4.635616438356164,141,0.0677200902934537,0.2,29.53333333333333,95.56442080378253,3.235815602836879,0.0212905528775855,15,443,3,3,3,4,333,34,Loyal
4179,Graduation,Together,24221.0,0,0,2013-08-20,94,8,9,9,2,5,22,1,1,1,3,4,0,0,0,0,0,0,0,16,0,55,55-64,0,2,2,0,33,0,5,13.512328767123288,411,0.6666666666666666,0.2,6.6,2.442214111922141,0.3700324412003244,0.0012099652922284,5,33,1,1,1,0,111,10,Low-priority churn
3710,PhD,Single,39684.0,1,0,2012-10-12,41,19,0,35,6,4,17,2,2,1,2,7,0,0,0,0,0,1,1,22,0,30,25-34,1,1,2,0,64,0,5,23.76986301369863,723,0.265625,0.4,12.8,2.6924850161364686,0.2103503918856616,0.0008141775071474,5,64,2,1,2,1,212,21,Standard base
7627,Master,Married,92163.0,0,0,2012-12-12,25,817,183,797,106,163,20,0,5,11,5,2,0,0,1,1,0,0,1,18,0,39,35-44,0,2,2,0,2066,2,21,21.76438356164384,662,0.0096805421103581,0.0,98.38095238095238,94.92573011077543,0.9648791540785498,0.0123597187735783,21,2066,3,5,5,8,355,38,Champions
4501,Master,Single,69882.0,0,0,2013-11-10,94,292,127,635,132,127,165,1,3,7,9,1,0,0,0,0,0,0,0,18,0,49,45-54,0,1,1,0,1313,0,19,10.816438356164385,329,0.1256664127951256,0.0526315789473684,69.10526315789474,121.38931104356637,1.7565856129685915,0.0208447344455338,19,1313,1,4,5,7,145,17,Critical retention
6424,Graduation,Together,33178.0,1,0,2014-01-30,9,12,6,2,11,2,16,1,1,0,3,4,0,0,0,0,0,0,0,16,0,37,35-44,1,2,3,0,33,0,4,8.153424657534247,248,0.4848484848484848,0.25,8.25,4.047379032258064,0.4905913978494624,0.0014638781236692,4,33,3,1,1,0,311,30,Recents
3075,PhD,Married,59973.0,0,0,2013-09-11,47,130,30,168,20,34,0,1,3,4,7,1,0,0,0,0,0,0,0,22,0,42,35-44,0,2,2,0,382,0,14,12.789041095890411,389,0.0,0.0714285714285714,27.285714285714285,29.869323050556982,1.094687232219366,0.0059765540594381,14,382,2,3,3,4,233,24,Standard base
4992,Master,Together,17459.0,1,0,2013-09-19,12,6,4,16,3,10,30,3,3,1,2,7,0,0,0,0,0,0,1,18,0,39,35-44,1,2,3,0,39,0,6,12.526027397260274,381,0.7692307692307693,0.5,6.5,3.113517060367454,0.479002624671916,0.0021399968339772,6,39,3,2,1,1,321,31,Recents
5252,Graduation,Divorced,23910.0,1,0,2012-10-26,80,16,12,18,7,1,13,1,2,0,3,7,0,0,0,0,0,0,0,16,0,45,45-54,1,1,2,0,54,0,5,23.30958904109589,709,0.2407407407407407,0.2,10.8,2.3166431593794075,0.214503996238834,0.001162681635824,5,54,1,1,2,1,112,11,Low-priority churn
7444,Master,Married,42169.0,1,1,2013-10-19,20,19,0,9,0,0,2,2,1,0,3,8,0,0,0,0,0,0,0,18,0,45,45-54,2,2,4,0,28,0,4,11.53972602739726,351,0.0714285714285714,0.5,7.0,2.426400759734093,0.3466286799620133,0.000690479003932,4,28,3,1,1,0,311,30,Recents
6919,2n Cycle,Married,26224.0,1,0,2013-06-04,39,4,7,15,13,9,15,3,2,1,3,6,0,0,0,0,0,0,0,18,0,36,35-44,1,2,3,0,48,0,6,16.043835616438354,488,0.3125,0.5,8.0,2.991803278688525,0.3739754098360656,0.0013690374978745,6,48,2,2,2,2,222,22,Standard base
3537,Graduation,Together,31089.0,1,0,2012-08-17,57,31,3,31,2,8,4,3,3,0,4,8,0,0,0,0,0,0,0,16,0,33,25-34,1,2,3,0,75,0,7,24.0,779,0.0533333333333333,0.4285714285714285,10.714285714285714,3.125,0.2916666666666667,0.0012062144166747,7,75,2,2,2,2,222,22,Standard base
10277,Graduation,Single,30081.0,0,1,2013-02-21,27,36,0,2,0,0,4,1,1,0,3,7,0,0,0,0,0,0,0,16,0,53,45-54,1,1,2,0,38,0,4,19.43013698630137,591,0.1052631578947368,0.25,9.5,1.955724760293288,0.2058657642413987,0.0007801834089132,4,38,3,1,1,0,311,30,Recents
2453,Graduation,Together,62807.0,0,1,2012-08-31,83,526,28,135,10,21,99,3,5,3,12,5,0,0,0,0,0,0,0,16,0,54,45-54,1,2,3,0,720,0,20,24.0,765,0.1375,0.15,36.0,30.0,0.8333333333333334,0.005731845176493,20,720,1,4,4,6,144,16,Critical retention
7972,Graduation,Single,72906.0,0,0,2013-09-17,79,400,32,519,71,75,54,1,3,4,9,1,0,0,0,0,0,0,0,16,0,59,55-64,0,1,1,0,1097,0,16,12.591780821917808,383,0.0492251595259799,0.0625,68.5625,87.12032201914708,1.270670147954743,0.0143396135329021,16,1097,1,4,4,6,144,16,Critical retention
895,PhD,Married,61467.0,0,2,2012-12-09,69,410,16,114,0,5,49,3,5,2,10,5,0,0,0,0,0,0,0,22,0,66,65-74,2,2,4,0,545,0,17,21.863013698630137,665,0.0899082568807339,0.1764705882352941,32.05882352941177,24.92794486215539,0.7775689223057644,0.0048666005880531,17,545,1,4,3,5,143,15,Low-priority churn
1177,Master,Together,49618.0,1,1,2013-01-26,77,80,3,26,4,2,14,4,3,1,3,7,0,0,0,0,0,0,0,18,0,48,45-54,2,2,4,0,115,0,7,20.284931506849315,617,0.1217391304347826,0.5714285714285714,16.428571428571427,5.669232847109671,0.3450837385197191,0.0013710910186891,7,115,1,2,2,2,122,12,Low-priority churn
7141,Master,Single,21888.0,1,0,2012-12-29,15,88,10,46,2,3,64,4,5,1,2,10,0,0,0,0,0,0,1,18,0,28,25-34,1,1,2,0,149,0,8,21.205479452054792,645,0.4295302013422818,0.5,18.625,7.026485788113696,0.3772609819121447,0.0038522400154132,8,149,3,2,2,2,322,32,Recents
8477,Graduation,Divorced,26150.0,2,1,2013-03-11,61,5,1,13,3,5,1,1,1,0,3,7,0,0,0,0,0,0,0,16,0,58,55-64,3,1,4,0,27,0,4,18.83835616438356,573,0.037037037037037,0.25,6.75,1.4332460732984291,0.2123327515997673,0.000657703743005,4,27,2,1,1,0,211,20,Standard base
2457,Basic,Married,30801.0,0,1,2012-10-26,23,8,4,5,15,2,11,2,1,0,3,7,0,0,0,0,0,0,0,12,0,39,35-44,1,2,3,0,34,0,4,23.30958904109589,709,0.3235294117647059,0.5,8.5,1.4586271744240715,0.1716031969910672,0.000568277851144,4,34,3,1,1,0,311,30,Recents
988,Graduation,Married,81168.0,0,0,2014-05-07,84,410,0,592,147,22,22,1,6,4,7,3,0,0,0,1,0,0,0,16,0,49,45-54,0,2,2,0,1171,1,17,4.964383561643835,151,0.0187873612297181,0.0588235294117647,68.88235294117646,235.88024282560707,3.42439293598234,0.0348728921977538,17,1171,1,4,5,7,145,17,Critical retention
7930,Master,Single,26877.0,0,0,2013-08-19,74,101,13,76,20,18,40,2,3,1,6,6,0,0,0,0,0,0,0,18,0,45,45-54,0,1,1,0,228,0,10,13.545205479452054,412,0.175438596491228,0.2,22.8,16.83252427184466,0.7382686084142395,0.0075153585319096,10,228,1,3,3,4,133,14,Low-priority churn
4587,Master,Widow,45006.0,0,0,2013-07-18,90,162,25,53,16,0,10,1,3,1,7,3,0,0,0,0,0,0,0,18,0,70,65-74,0,1,1,0,256,0,11,14.5972602739726,444,0.0390625,0.0909090909090909,23.272727272727277,17.53753753753754,0.7535660660660661,0.0046760532029162,11,256,1,3,3,4,133,14,Low-priority churn
6682,Basic,Married,18978.0,1,0,2012-12-11,41,2,8,1,4,7,15,1,1,0,3,8,0,0,0,0,0,0,0,12,0,41,35-44,1,2,3,0,22,0,4,21.7972602739726,663,0.6818181818181818,0.25,5.5,1.00930115635998,0.18350930115636,0.0006381923214416,4,22,2,1,1,0,211,20,Standard base
10299,PhD,Single,48240.0,0,0,2012-11-09,73,389,91,248,64,49,41,3,6,3,13,5,0,0,0,0,0,0,1,22,0,45,45-54,0,1,1,0,841,0,22,22.84931506849315,695,0.0487514863258026,0.1363636363636363,38.22727272727273,36.80635491606714,0.9628297362110312,0.0091558096806137,22,841,1,5,4,7,154,17,Critical retention
3083,Graduation,Married,45837.0,1,1,2013-07-26,88,215,13,87,17,17,24,5,6,2,5,7,0,0,0,0,0,0,0,16,0,40,35-44,2,2,4,0,349,0,13,14.334246575342464,436,0.0687679083094555,0.3846153846153846,26.846153846153847,24.347285932721714,0.9069189602446484,0.0063740522109357,13,349,1,3,3,4,133,14,Low-priority churn
8953,Master,Single,35791.0,2,1,2013-05-06,94,27,0,5,0,0,3,2,1,0,3,8,0,0,0,0,0,0,0,18,0,49,45-54,3,1,4,0,32,0,4,16.997260273972604,517,0.09375,0.5,8.0,1.882656350741457,0.2353320438426821,0.0006312166804195,4,32,1,1,1,0,111,10,Low-priority churn
1503,PhD,Together,162397.0,1,1,2013-06-03,31,85,1,16,2,1,2,0,0,0,1,1,0,0,0,0,0,0,0,22,0,38,35-44,2,2,4,0,105,0,1,16.076712328767123,489,0.019047619047619,0.0,105.0,6.53118609406953,0.0622017723244717,0.0004826088728784,1,105,3,1,2,1,312,31,Recents
8650,Graduation,Widow,54162.0,1,1,2013-03-18,31,5,6,10,6,5,10,1,1,0,3,4,0,0,0,0,0,0,0,16,0,36,35-44,2,1,3,0,32,0,4,18.60821917808219,566,0.3125,0.25,8.0,1.7196702002355713,0.2149587750294464,0.0003810059156387,4,32,3,1,1,0,311,30,Recents
10862,Master,Married,30522.0,0,1,2012-08-17,6,179,8,83,19,11,26,5,1,2,9,2,0,0,0,0,0,0,0,18,0,54,45-54,1,2,3,0,300,0,12,24.0,779,0.0866666666666666,0.4166666666666667,25.0,12.5,0.5,0.0049144879103597,12,300,3,3,3,4,333,34,Loyal
2782,PhD,Married,54456.0,0,1,2013-07-11,23,352,0,27,10,0,15,3,6,1,7,6,0,0,0,0,0,0,0,22,0,53,45-54,1,2,3,0,389,0,14,14.827397260273973,451,0.0385604113110539,0.2142857142857142,27.785714285714285,26.23521803399852,0.9441980783444198,0.0057812291833403,14,389,3,3,3,4,333,34,Loyal
6941,Graduation,Single,31632.0,0,0,2013-07-14,92,17,8,12,11,15,32,1,2,1,2,7,0,0,0,0,0,0,0,16,0,43,35-44,0,1,1,0,63,0,5,14.728767123287671,448,0.5079365079365079,0.2,12.6,4.27734375,0.3394717261904762,0.0016226645485584,5,63,1,1,2,1,112,11,Low-priority churn
10972,Graduation,Widow,72298.0,0,0,2014-03-10,52,625,35,169,58,17,35,1,4,3,6,1,0,1,1,0,0,0,0,16,0,65,65-74,0,1,1,0,904,2,13,6.8712328767123285,209,0.038716814159292,0.0769230769230769,69.53846153846153,131.56299840510368,1.891945773524721,0.0218367863683814,13,904,2,3,4,5,234,25,High value at risk
10708,2n Cycle,Single,36975.0,1,0,2013-12-28,50,10,6,11,0,4,2,1,1,0,3,7,0,0,0,0,0,0,0,18,0,36,35-44,1,1,2,0,31,0,4,9.23835616438356,281,0.064516129032258,0.25,7.75,3.355575326215896,0.4329774614472124,0.0010890305318347,4,31,2,1,1,0,211,20,Standard base
6583,2n Cycle,Married,72635.0,0,0,2013-06-03,54,390,22,323,104,35,107,1,6,8,6,3,0,0,0,1,0,0,0,18,0,59,55-64,0,2,2,0,874,1,20,16.076712328767123,489,0.1224256292906178,0.05,43.7,54.36434901158828,1.2440354464894343,0.0089815128813803,20,874,2,4,4,6,244,26,High value at risk
3641,Graduation,Married,13624.0,1,0,2013-01-20,93,10,2,15,2,1,6,2,2,0,3,6,0,0,0,0,0,0,0,16,0,38,35-44,1,2,3,0,30,0,5,20.48219178082192,623,0.2,0.4,6.0,1.4646869983948636,0.2441144997324772,0.0012900942440354,5,30,1,1,1,0,111,10,Low-priority churn
10156,Graduation,Single,84196.0,0,1,2013-06-03,56,215,63,507,231,31,190,1,8,4,7,3,0,0,0,0,0,0,0,16,0,39,35-44,1,1,2,0,1047,0,19,16.076712328767123,489,0.1814708691499522,0.0526315789473684,55.10526315789474,65.12525562372188,1.1818336741649629,0.0092819500627661,19,1047,2,4,4,6,244,26,High value at risk
4299,Graduation,Together,70971.0,0,1,2012-09-21,28,1001,17,572,93,125,17,7,11,11,5,7,0,0,0,0,0,0,1,16,0,54,45-54,1,2,3,0,1808,0,27,24.0,744,0.0094026548672566,0.2592592592592592,66.96296296296296,75.33333333333333,1.125,0.012737597046681,27,1808,3,5,5,8,355,38,Champions
3469,PhD,Divorced,34487.0,1,1,2012-09-06,94,19,18,33,24,1,8,3,3,0,3,9,0,0,0,0,0,0,0,22,0,37,35-44,2,1,3,0,95,0,6,24.0,759,0.0842105263157894,0.5,15.833333333333334,3.9583333333333335,0.25,0.0013773305883376,6,95,1,2,2,2,122,12,Low-priority churn
5063,Graduation,Single,28769.0,1,0,2012-12-18,76,41,5,129,10,3,3,3,4,1,4,9,0,0,0,0,0,0,0,16,0,37,35-44,1,1,2,0,188,0,9,21.567123287671237,656,0.0159574468085106,0.3333333333333333,20.88888888888889,8.716971544715447,0.4173018292682927,0.0036359852110461,9,188,1,2,3,3,123,13,Low-priority churn
10727,PhD,Married,69084.0,1,0,2013-11-19,43,1181,107,199,39,30,30,2,7,3,13,8,0,0,0,0,0,0,0,22,0,44,35-44,1,2,3,0,1556,0,23,10.52054794520548,320,0.0192802056555269,0.0869565217391304,67.65217391304348,147.90104166666669,2.186197916666667,0.0256906447223669,23,1556,2,5,5,8,255,28,High value at risk
9624,PhD,Together,65488.0,0,0,2014-06-13,46,603,45,207,36,18,54,1,3,4,6,1,0,0,0,0,0,0,0,22,0,56,55-64,0,2,2,0,909,0,13,3.747945205479452,114,0.0594059405940594,0.0769230769230769,69.92307692307692,242.5328947368421,3.4685672514619887,0.0444416494142759,13,909,2,3,4,5,234,25,High value at risk
4376,2n Cycle,Single,32218.0,0,0,2014-02-15,27,10,24,15,13,1,30,1,2,1,3,7,1,0,0,0,0,0,1,18,0,54,45-54,0,1,1,0,63,1,6,7.627397260273972,232,0.4761904761904761,0.1666666666666666,10.5,8.25969827586207,0.7866379310344828,0.003076428683045,6,63,3,2,2,2,322,32,Recents
8923,Graduation,Single,83917.0,0,0,2013-04-18,12,514,22,732,42,198,79,1,6,7,7,3,0,0,0,0,0,0,1,16,0,41,35-44,0,1,1,0,1508,0,20,17.589041095890412,535,0.0523872679045092,0.05,75.4,85.73520249221183,1.1370716510903427,0.0122600001180516,20,1508,3,4,5,7,345,37,Champions
8461,Graduation,Divorced,46102.0,2,1,2014-03-10,3,14,0,1,0,0,1,1,1,0,2,7,0,0,0,0,0,0,0,16,0,52,45-54,3,1,4,0,15,0,3,6.8712328767123285,209,0.0666666666666666,0.3333333333333333,5.0,2.183014354066985,0.4366028708133971,0.0005682220348098,3,15,3,1,1,0,311,30,Recents
6945,Graduation,Single,84574.0,0,0,2013-06-04,72,387,20,713,38,54,163,1,9,11,11,5,0,0,0,0,0,0,0,16,0,62,55-64,0,1,1,0,1212,0,31,16.043835616438354,488,0.1344884488448844,0.032258064516129,39.096774193548384,75.54303278688525,1.9322062841530057,0.0107186179374585,31,1212,1,5,5,8,155,18,Critical retention
944,Graduation,Married,56181.0,0,1,2013-01-08,6,121,103,69,8,44,48,1,4,2,7,4,0,0,0,0,0,0,0,16,0,52,45-54,1,2,3,0,345,0,13,20.876712328767123,635,0.1391304347826087,0.0769230769230769,26.53846153846154,16.525590551181104,0.6227034120734908,0.0035297891923278,13,345,3,3,3,4,333,34,Loyal
1907,Master,Divorced,63120.0,0,1,2012-09-28,53,965,69,279,54,41,69,5,8,4,9,7,0,0,0,0,0,0,1,18,0,64,55-64,1,1,2,0,1408,0,21,24.0,737,0.0490056818181818,0.238095238095238,67.04761904761905,58.66666666666666,0.875,0.0111533586818757,21,1408,2,5,5,8,255,28,High value at risk
701,Graduation,Married,73691.0,0,1,2013-11-06,58,707,21,250,85,43,73,2,6,2,8,2,1,0,0,0,0,0,0,16,0,43,35-44,1,2,3,0,1106,1,16,10.947945205479453,333,0.066003616636528,0.125,69.125,101.02352352352354,1.4614614614614616,0.0164508865707112,16,1106,2,4,5,7,245,27,High value at risk
4149,PhD,Together,76140.0,0,0,2014-05-13,57,586,66,653,17,0,26,1,5,9,6,2,0,0,0,0,0,0,0,22,0,66,65-74,0,2,2,0,1322,0,20,4.767123287671232,145,0.0196671709531013,0.05,66.1,277.316091954023,4.195402298850575,0.0437062398666702,20,1322,2,4,5,7,245,27,High value at risk
2131,PhD,Divorced,62859.0,0,1,2012-12-30,37,1063,89,102,16,12,25,4,9,4,6,6,0,0,0,0,0,0,0,22,0,55,55-64,1,1,2,0,1282,0,19,21.172602739726027,644,0.0195007800312012,0.2105263157894736,67.47368421052632,60.549948240165634,0.8973861283643892,0.0115591940514801,19,1282,2,4,5,7,245,27,High value at risk
2942,Graduation,Single,45906.0,0,1,2013-05-07,20,305,3,27,4,3,144,2,5,4,4,5,1,0,0,0,0,0,0,16,0,50,45-54,1,1,2,0,342,1,13,16.964383561643835,516,0.4210526315789473,0.1538461538461538,26.307692307692307,20.15988372093023,0.766311369509044,0.0052698689637773,13,342,3,3,3,4,333,34,Loyal
1173,Master,Together,77632.0,0,0,2013-03-10,73,1200,105,758,0,42,147,1,4,2,6,2,0,1,1,0,0,0,1,18,0,67,65-74,0,2,2,0,2105,2,12,18.871232876712327,574,0.069833729216152,0.0833333333333333,175.41666666666666,111.54544134727062,0.6358885017421604,0.017242184874372,12,2105,1,3,5,6,135,16,Critical retention
4381,PhD,Married,46463.0,1,1,2013-08-18,56,163,2,40,8,11,11,7,3,1,6,6,0,0,0,0,0,0,0,22,0,43,35-44,2,2,4,0,224,0,10,13.57808219178082,413,0.0491071428571428,0.7,22.4,16.497175141242938,0.7364810330912026,0.0042607257752386,10,224,2,3,3,4,233,24,Standard base
4611,Graduation,Together,105471.0,0,0,2013-01-21,36,1009,181,104,202,21,207,0,9,8,13,3,0,0,1,1,0,0,1,16,0,44,35-44,0,2,2,0,1517,2,30,20.44931506849315,622,0.1364535266974291,0.0,50.56666666666667,74.18341371918542,1.467041800643087,0.0084402439024018,30,1517,2,5,5,8,255,28,High value at risk
3376,Master,Divorced,55282.0,1,0,2013-12-13,9,125,6,73,8,4,19,1,3,1,6,4,0,0,0,0,0,0,0,18,0,44,35-44,1,1,2,0,216,0,10,9.731506849315068,296,0.0879629629629629,0.1,21.6,22.195945945945947,1.0275900900900905,0.0048180483946194,10,216,3,3,3,4,333,34,Loyal
4679,Master,Married,78710.0,0,1,2014-05-23,42,721,0,152,119,50,50,3,7,6,12,4,0,0,0,0,0,0,0,18,0,37,35-44,1,2,3,0,1042,0,25,4.438356164383562,135,0.0479846449136276,0.12,41.68,234.7716049382716,5.632716049382716,0.0357929012737804,25,1042,2,5,4,7,254,27,High value at risk
10928,Graduation,Together,66886.0,0,1,2013-09-16,28,315,4,62,41,31,146,2,7,1,7,5,0,0,0,0,0,0,0,16,0,56,55-64,1,2,3,0,453,0,15,12.624657534246577,384,0.3222958057395143,0.1333333333333333,30.2,35.882161458333336,1.1881510416666667,0.0064376093278115,15,453,3,3,3,4,333,34,Loyal
4248,Master,Single,98777.0,0,0,2014-02-17,23,1000,19,711,125,115,38,0,4,6,9,1,0,1,0,0,0,0,0,18,0,54,45-54,0,1,1,0,1970,1,19,7.561643835616438,230,0.0192893401015228,0.0,103.6842105263158,260.52536231884056,2.51268115942029,0.0316501245009069,19,1970,3,4,5,7,345,37,Champions
6728,Graduation,Together,29103.0,1,0,2012-08-27,38,16,0,17,6,3,6,2,1,0,3,9,0,0,0,0,0,0,0,16,0,29,25-34,1,2,3,0,42,0,4,24.0,769,0.1428571428571428,0.5,10.5,1.75,0.1666666666666666,0.0007215750953509,4,42,2,1,1,0,211,20,Standard base
6661,Graduation,Married,67445.0,0,1,2012-08-12,63,757,80,217,29,80,11,5,9,6,12,6,0,0,0,0,0,0,0,16,0,40,35-44,1,2,3,0,1163,0,27,24.0,784,0.0094582975064488,0.1851851851851851,43.07407407407408,48.458333333333336,1.125,0.0086218400177922,27,1163,2,5,5,8,255,28,High value at risk
4725,PhD,Together,50616.0,0,1,2014-04-13,71,30,2,25,0,1,9,1,1,1,4,2,0,0,0,0,0,0,0,22,0,64,55-64,1,2,3,0,58,0,6,5.753424657534247,175,0.1551724137931034,0.1666666666666666,9.666666666666666,10.08095238095238,1.042857142857143,0.0023899839689313,6,58,1,2,2,2,122,12,Low-priority churn
3277,Graduation,Divorced,49431.0,0,1,2012-08-03,9,219,3,100,26,0,17,2,7,1,5,8,0,0,0,0,0,0,0,16,0,59,55-64,1,1,2,0,348,0,13,24.0,793,0.0488505747126436,0.1538461538461538,26.76923076923077,14.5,0.5416666666666666,0.0035200582630333,13,348,3,3,3,4,333,34,Loyal
2564,Graduation,Together,61278.0,0,1,2014-01-04,87,111,3,28,2,6,15,2,3,1,4,6,0,0,0,0,0,0,0,16,0,61,55-64,1,2,3,0,150,0,8,9.008219178082191,274,0.1,0.25,18.75,16.6514598540146,0.8880778588807786,0.0032608361605825,8,150,1,2,2,2,122,12,Low-priority churn
3867,PhD,Together,73059.0,0,1,2013-08-31,36,410,112,420,0,82,71,1,9,3,13,4,0,0,0,0,0,0,0,22,0,67,65-74,1,2,3,0,1024,0,25,13.150684931506849,400,0.0693359375,0.04,40.96,77.86666666666667,1.9010416666666667,0.0127896631489618,25,1024,2,5,4,7,254,27,High value at risk
6940,PhD,Single,46734.0,1,2,2013-10-21,86,100,1,39,6,1,76,4,3,2,3,6,1,0,0,0,0,0,0,22,0,48,45-54,3,1,4,0,147,1,8,11.473972602739726,349,0.5170068027210885,0.5,18.375,12.81160458452722,0.6972301814708691,0.0032896660892353,8,147,1,2,2,2,122,12,Low-priority churn
55,Graduation,Together,56253.0,0,1,2012-12-07,83,509,0,65,7,11,5,4,7,2,9,6,0,0,0,0,0,0,0,16,0,51,45-54,1,2,3,0,592,0,18,21.92876712328767,667,0.0084459459459459,0.2222222222222222,32.888888888888886,26.99650174912544,0.8208395802098951,0.0057589465626634,18,592,1,4,4,6,144,16,Critical retention
5084,Graduation,Widow,58330.0,0,1,2013-12-25,87,445,53,213,104,98,151,1,6,4,13,4,0,0,0,0,0,0,0,16,0,39,35-44,1,1,2,0,913,0,23,9.336986301369862,284,0.1653888280394304,0.0434782608695652,39.69565217391305,97.78315727699533,2.463321596244132,0.020116541870803,23,913,1,5,4,7,154,17,Critical retention
1777,Basic,Married,25965.0,0,0,2012-09-07,29,2,2,11,41,7,11,1,2,0,3,8,0,0,0,0,0,0,0,12,0,34,25-34,0,2,2,0,63,0,5,24.0,758,0.1746031746031746,0.2,12.6,2.625,0.2083333333333333,0.001213171577123,5,63,3,1,2,1,312,31,Recents
8162,Master,Together,14661.0,0,0,2013-01-01,88,4,1,11,6,2,2,1,1,0,3,6,0,0,0,0,0,0,0,18,0,58,55-64,0,2,2,0,24,0,4,21.10684931506849,642,0.0833333333333333,0.25,6.0,1.1370716510903427,0.1895119418483904,0.0009306909360264,4,24,1,1,1,0,111,10,Low-priority churn
10826,Graduation,Married,18690.0,0,0,2012-12-28,77,6,1,7,23,4,19,1,1,1,2,8,0,0,0,0,0,0,0,16,0,55,55-64,0,2,2,0,41,0,4,21.23835616438356,646,0.4634146341463415,0.25,10.25,1.93046955624355,0.1883384932920536,0.0012394668097871,4,41,1,1,1,0,111,10,Low-priority churn
8754,PhD,Together,45068.0,0,1,2013-05-16,25,14,0,3,0,0,3,1,1,0,2,7,0,0,0,0,0,0,0,22,0,40,35-44,1,2,3,0,17,0,3,16.66849315068493,507,0.1764705882352941,0.3333333333333333,5.666666666666667,1.019888231426693,0.1799802761341223,0.0002715598379586,3,17,3,1,1,0,311,30,Recents
1987,Basic,Single,21063.0,1,0,2013-09-25,34,1,10,11,19,3,15,2,2,0,3,6,0,0,0,0,0,0,0,12,0,27,25-34,1,1,2,0,44,0,5,12.32876712328767,375,0.3409090909090909,0.4,8.8,3.568888888888889,0.4055555555555555,0.0020332652835145,5,44,2,1,2,1,212,21,Standard base
11007,PhD,Married,29187.0,1,0,2013-05-09,43,26,0,6,0,0,2,1,1,0,3,8,0,0,0,0,0,0,0,22,0,46,45-54,1,2,3,0,32,0,4,16.898630136986302,514,0.0625,0.25,8.0,1.8936446173800257,0.2367055771725032,0.0007785567344557,4,32,2,1,1,0,211,20,Standard base
7426,2n Cycle,Married,54690.0,1,1,2013-11-07,76,111,16,37,7,9,18,3,3,1,5,3,0,0,0,0,0,0,0,18,0,43,35-44,2,2,4,0,180,0,9,10.915068493150685,332,0.1,0.3333333333333333,20.0,16.490963855421686,0.8245481927710844,0.0036184232266421,9,180,1,2,2,2,122,12,Low-priority churn
9153,PhD,Married,59304.0,0,1,2013-07-29,81,418,61,428,80,51,10,3,7,8,10,5,0,0,0,0,0,0,0,22,0,50,45-54,1,2,3,0,1038,0,25,14.235616438356164,433,0.0096339113680154,0.12,41.52,72.91570438799076,1.7561585835257891,0.014754290649128,25,1038,1,5,4,7,154,17,Critical retention
10379,Master,Single,59247.0,0,2,2013-11-08,87,327,9,122,19,14,83,5,5,2,9,6,0,0,0,0,0,0,0,18,0,52,45-54,2,1,3,0,491,0,16,10.882191780821918,331,0.1690427698574338,0.3125,30.6875,45.119587109768375,1.4702920443101712,0.0091386069390386,16,491,1,4,3,5,143,15,Low-priority churn
9204,Graduation,Widow,66731.0,0,1,2012-09-12,33,371,159,194,58,106,141,4,4,3,6,3,0,0,0,0,0,0,0,16,0,44,35-44,1,1,2,0,888,0,13,24.0,753,0.1587837837837837,0.3076923076923077,68.3076923076923,37.0,0.5416666666666666,0.0066535792959793,13,888,2,3,4,5,234,25,High value at risk
3197,Graduation,Married,77353.0,0,1,2013-12-16,38,275,59,107,69,101,59,2,6,4,8,4,0,0,0,0,0,0,0,16,0,34,25-34,1,2,3,0,611,0,18,9.632876712328766,293,0.0965630114566284,0.1111111111111111,33.94444444444444,63.42861205915814,1.8686006825938568,0.0098398684564257,18,611,2,4,4,6,244,26,High value at risk
6961,Graduation,Married,26751.0,2,0,2014-05-22,26,1,1,5,0,3,1,1,1,0,2,8,0,0,0,0,0,0,0,16,0,40,35-44,2,2,4,0,10,0,3,4.471232876712328,136,0.1,0.3333333333333333,3.333333333333333,2.236519607843137,0.6709558823529412,0.0010032610105834,3,10,3,1,1,0,311,30,Recents
4673,PhD,Married,81300.0,0,1,2012-10-30,17,1004,12,145,32,12,36,3,10,3,5,5,0,0,0,1,0,0,1,22,0,51,45-54,1,2,3,0,1205,1,18,23.17808219178082,705,0.0298755186721991,0.1666666666666666,66.94444444444444,51.9887706855792,0.7765957446808511,0.0076736192893843,18,1205,3,4,5,7,345,37,Champions
9937,Graduation,Single,70337.0,0,0,2014-01-02,75,187,81,149,25,43,91,1,2,2,12,1,0,0,0,0,0,0,0,16,0,35,35-44,0,1,1,0,485,0,16,9.073972602739726,276,0.1876288659793814,0.0625,30.3125,53.44957729468599,1.7632850241545894,0.0091188837672381,16,485,1,4,3,5,143,15,Low-priority churn
8779,2n Cycle,Married,36145.0,1,0,2013-06-16,13,56,4,76,17,1,18,4,4,1,3,9,1,0,0,0,0,0,1,18,0,29,25-34,1,2,3,0,154,1,8,15.64931506849315,476,0.1168831168831168,0.5,19.25,9.840686274509803,0.511204481792717,0.0032670697273237,8,154,3,2,2,2,322,32,Recents
9596,PhD,Single,65295.0,0,0,2013-12-23,19,365,32,117,34,110,6,1,3,3,13,2,0,0,0,0,0,0,0,22,0,34,25-34,0,1,1,0,658,0,19,9.402739726027397,286,0.0091185410334346,0.0526315789473684,34.63157894736842,69.97960372960374,2.0206876456876457,0.0128609425645952,19,658,3,4,4,6,344,36,Champions
2891,Graduation,Divorced,68118.0,0,1,2013-10-18,51,595,23,123,10,23,154,2,8,9,4,6,0,0,0,0,0,0,0,16,0,51,45-54,1,1,2,0,774,0,21,11.572602739726028,352,0.1989664082687338,0.0952380952380952,36.85714285714285,66.88210227272727,1.8146306818181817,0.0117822782124068,21,774,2,5,4,7,254,27,High value at risk
4910,Graduation,Divorced,68743.0,0,0,2012-08-30,81,1132,134,384,175,134,115,1,11,5,13,7,0,0,0,0,0,0,0,16,0,47,45-54,0,1,1,0,1959,0,29,24.0,766,0.0587034201123021,0.0344827586206896,67.55172413793103,81.625,1.2083333333333333,0.0142487235063933,29,1959,1,5,5,8,155,18,Critical retention
75,2n Cycle,Together,41039.0,0,0,2013-07-25,32,34,11,137,179,61,45,1,8,1,5,8,0,0,0,0,0,0,0,18,0,32,25-34,0,2,2,0,422,0,14,14.367123287671232,437,0.1066350710900474,0.0714285714285714,30.142857142857142,29.37261632341724,0.9744469870327994,0.0085886935812521,14,422,3,3,3,4,333,34,Loyal
10120,Graduation,Together,38946.0,0,1,2013-10-24,84,116,6,82,6,6,41,2,3,1,6,5,0,0,0,0,0,0,0,16,0,59,55-64,1,2,3,0,216,0,10,11.375342465753423,346,0.1898148148148148,0.2,21.6,18.98843930635838,0.8790944123314065,0.0058506976756611,10,216,1,3,3,4,133,14,Low-priority churn
6327,Graduation,Together,65777.0,0,0,2013-12-19,87,565,32,435,28,32,54,1,2,8,6,1,0,0,0,0,0,0,0,16,0,47,45-54,0,2,2,0,1092,0,16,9.534246575342465,290,0.0494505494505494,0.0625,68.25,114.5344827586207,1.67816091954023,0.0208950513569096,16,1092,1,4,4,6,144,16,Critical retention
10142,PhD,Divorced,66476.0,0,1,2013-03-07,99,372,18,126,47,48,78,2,5,2,11,4,0,0,0,0,0,0,0,22,0,38,35-44,1,1,2,0,611,0,18,18.969863013698628,577,0.1276595744680851,0.1111111111111111,33.94444444444444,32.20898324667822,0.9488734835355288,0.0058142457271818,18,611,1,4,4,6,144,16,Critical retention
9826,PhD,Single,86857.0,0,0,2012-09-12,96,899,102,838,133,102,40,1,5,6,10,2,0,0,0,0,0,0,1,22,0,42,35-44,0,1,1,0,2074,0,21,24.0,753,0.0192864030858244,0.0476190476190476,98.76190476190476,86.41666666666667,0.875,0.0119391643736256,21,2074,1,5,5,8,155,18,Critical retention
1501,PhD,Married,160803.0,0,0,2012-08-04,21,55,16,1622,17,3,4,15,0,28,1,0,0,0,0,0,0,0,0,22,0,32,25-34,0,2,2,0,1713,0,29,24.0,792,0.0023350846468184,0.5172413793103449,59.06896551724138,71.375,1.2083333333333333,0.0053263931643066,29,1713,3,5,5,8,355,38,Champions
10767,PhD,Together,77845.0,0,0,2014-05-16,40,760,40,480,0,40,26,1,3,5,12,1,0,0,1,1,0,0,0,22,0,25,25-34,0,2,2,0,1320,2,20,4.668493150684931,142,0.0196969696969696,0.05,66.0,282.7464788732395,4.284037558685447,0.0435860716356718,20,1320,2,4,5,7,245,27,High value at risk
7279,PhD,Together,69476.0,0,0,2013-09-30,3,260,86,559,63,9,67,1,4,6,4,2,0,0,0,0,0,0,0,22,0,45,45-54,0,2,2,0,977,0,14,12.164383561643834,370,0.0685772773797338,0.0714285714285714,69.78571428571429,80.31644144144146,1.150900900900901,0.0138723774727574,14,977,3,3,4,5,334,35,High-potential growth
143,Graduation,Single,61209.0,0,0,2013-08-25,73,466,0,224,119,49,99,1,5,3,4,2,0,0,0,0,0,0,0,16,0,44,35-44,0,1,1,0,858,0,12,13.347945205479451,406,0.1153846153846153,0.0833333333333333,71.5,64.2795566502463,0.8990147783251232,0.0126019814047436,12,858,1,3,4,5,134,15,Critical retention
450,Master,Together,42315.0,0,1,2013-07-12,90,67,15,80,17,11,80,3,1,4,4,3,0,0,0,0,0,0,0,18,0,56,55-64,1,2,3,0,190,0,9,14.794520547945204,450,0.4210526315789473,0.3333333333333333,21.11111111111111,12.842592592592592,0.6083333333333334,0.0036419971903842,9,190,1,2,3,3,123,13,Low-priority churn
9316,Basic,Together,13084.0,0,0,2013-11-02,29,2,0,7,3,7,10,1,1,0,3,6,0,0,0,0,0,0,0,12,0,62,55-64,0,2,2,0,19,0,4,11.07945205479452,337,0.5263157894736842,0.25,4.75,1.7148862512363996,0.361028684470821,0.0015728091573553,4,19,3,1,1,0,311,30,Recents
6379,Master,Widow,47570.0,1,1,2013-05-29,3,67,1,20,0,2,31,3,2,2,2,7,0,0,0,0,0,0,1,18,0,65,65-74,2,1,3,0,90,0,6,16.241095890410957,494,0.3444444444444444,0.5,15.0,5.541497975708503,0.3694331983805668,0.0013978973241223,6,90,3,2,2,2,322,32,Recents
9239,Master,Married,61923.0,0,2,2013-07-26,94,92,4,18,3,3,6,1,2,1,4,3,0,0,0,0,0,0,0,18,0,53,45-54,2,2,4,0,120,0,7,14.334246575342464,436,0.05,0.1428571428571428,17.142857142857142,8.371559633027523,0.4883409785932722,0.0016223166771043,7,120,1,2,2,2,122,12,Low-priority churn
8315,Graduation,Single,34824.0,0,0,2014-03-26,65,4,2,11,2,0,4,1,1,0,2,6,0,0,0,0,0,0,0,16,0,19,18-24,0,1,1,0,19,0,3,6.345205479452055,193,0.2105263157894736,0.3333333333333333,6.333333333333333,2.994386873920553,0.4727979274611399,0.0010318355871538,3,19,2,1,1,0,211,20,Standard base
2868,PhD,Single,26518.0,1,1,2013-04-08,33,20,1,28,3,3,2,3,2,0,3,8,0,0,0,0,0,0,1,22,0,65,65-74,2,1,3,0,55,0,5,17.91780821917808,545,0.0363636363636363,0.6,11.0,3.069571865443425,0.2790519877675841,0.0013890513004495,5,55,2,1,2,1,212,21,Standard base
10888,Graduation,Single,45938.0,0,0,2013-11-03,46,273,11,178,62,83,29,2,8,4,6,6,0,0,0,0,0,0,0,16,0,53,45-54,0,1,1,0,607,0,18,11.046575342465752,336,0.0477759472817133,0.1111111111111111,33.72222222222222,54.94915674603176,1.6294642857142858,0.0143539092026727,18,607,2,4,4,6,244,26,High value at risk
1277,Graduation,Together,78468.0,0,0,2014-04-09,29,434,22,388,104,22,34,1,10,7,10,4,0,0,0,1,0,0,0,16,0,54,45-54,0,2,2,0,970,1,27,5.884931506849314,179,0.0350515463917525,0.037037037037037,35.925925925925924,164.82774674115458,4.587988826815643,0.0252068736414061,27,970,3,5,4,7,354,37,Champions
9977,Graduation,Divorced,78901.0,0,1,2013-09-17,99,321,11,309,33,26,34,3,9,3,5,4,0,0,0,0,0,0,0,16,0,41,35-44,1,1,2,0,700,0,17,12.591780821917808,383,0.0485714285714285,0.1764705882352941,41.1764705882353,55.59181897302002,1.3500870322019147,0.008454922341621,17,700,1,4,4,6,144,16,Critical retention
10196,Graduation,Married,71427.0,2,0,2014-03-12,26,212,123,177,15,64,23,2,8,2,8,4,0,0,0,0,0,0,0,16,0,36,35-44,2,2,4,0,591,0,18,6.8054794520547945,207,0.038917089678511,0.1111111111111111,32.833333333333336,86.84178743961353,2.6449275362318843,0.0145897412641628,18,591,3,4,4,6,344,36,Champions
6384,Graduation,Divorced,71022.0,0,1,2014-02-11,30,909,12,278,0,12,242,3,5,2,11,8,1,0,0,0,0,0,0,16,0,36,35-44,1,1,2,0,1211,1,18,7.758904109589041,236,0.1998348472336911,0.1666666666666666,67.27777777777777,156.0787429378531,2.319915254237288,0.0263713344492444,18,1211,3,4,5,7,345,37,Champions
8029,Master,Single,90247.0,0,0,2014-04-29,27,1184,32,352,21,16,16,1,3,4,7,1,0,1,1,1,0,0,1,18,0,26,25-34,0,1,1,0,1605,3,14,5.227397260273972,159,0.0099688473520249,0.0714285714285714,114.64285714285714,307.0361635220126,2.678197064989518,0.0408261101450923,14,1605,3,3,5,6,335,36,High-potential growth
968,Master,Divorced,41335.0,1,0,2013-12-26,24,112,19,21,16,14,5,3,4,1,4,7,0,0,0,0,0,0,0,18,0,46,45-54,1,1,2,0,182,0,9,9.304109589041095,283,0.0274725274725274,0.3333333333333333,20.22222222222222,19.561248527679624,0.9673144876325088,0.0056788431675857,9,182,3,2,3,3,323,33,Recents
4472,PhD,Divorced,35682.0,1,0,2014-06-27,34,23,0,8,6,2,18,1,1,1,3,2,0,0,0,0,0,0,0,22,0,44,35-44,1,1,2,0,39,0,5,3.287671232876712,100,0.4615384615384615,0.2,7.8,11.8625,1.5208333333333337,0.0039894064234067,5,39,2,1,1,0,211,20,Standard base
6991,Graduation,Divorced,43185.0,0,1,2013-04-10,88,537,6,42,16,6,30,2,9,3,6,8,0,0,0,0,0,0,0,16,0,63,55-64,1,1,2,0,607,0,18,17.852054794520548,543,0.0494233937397034,0.1111111111111111,33.72222222222222,34.00168815224064,1.0082872928176796,0.0094481939985385,18,607,1,4,4,6,144,16,Critical retention
3336,PhD,Together,66375.0,0,1,2013-11-21,96,712,0,45,0,0,191,3,2,4,5,7,1,0,0,0,0,0,0,22,0,66,65-74,1,2,3,0,757,1,11,10.454794520547944,318,0.2523117569352708,0.2727272727272727,68.81818181818181,72.40697064989519,1.052148846960168,0.0130905257672126,11,757,1,3,4,5,134,15,Critical retention
1940,Graduation,Married,25252.0,1,0,2013-07-12,26,1,3,4,2,2,6,1,1,0,2,8,0,0,0,0,0,0,0,16,0,28,25-34,1,2,3,0,12,0,3,14.794520547945204,450,0.5,0.3333333333333333,4.0,0.8111111111111112,0.2027777777777778,0.0003854480173187,3,12,3,1,1,0,311,30,Recents
1272,Master,Single,55250.0,0,1,2012-10-21,49,664,58,83,32,0,66,4,7,5,10,5,0,0,0,0,0,0,0,18,0,49,45-54,1,1,2,0,837,0,22,23.473972602739725,714,0.078853046594982,0.1818181818181818,38.04545454545455,35.65651260504202,0.9372082166199812,0.0077444009277919,22,837,2,5,4,7,254,27,High value at risk
1388,Graduation,Single,33249.0,1,0,2013-02-20,11,6,10,21,19,14,42,2,2,1,3,6,0,0,0,0,0,0,0,16,0,39,35-44,1,1,2,0,70,0,6,19.46301369863013,592,0.6,0.3333333333333333,11.666666666666666,3.596565315315316,0.308277027027027,0.0012980475738754,6,70,3,2,2,2,322,32,Recents
1044,Graduation,Together,58398.0,0,0,2013-05-14,44,299,5,201,21,21,49,3,5,4,8,4,0,0,0,0,0,0,0,16,0,61,55-64,0,2,2,0,547,0,17,16.734246575342464,509,0.0895795246800731,0.1764705882352941,32.1764705882353,32.68745907007204,1.0158808120497709,0.0067168312072479,17,547,2,4,3,5,243,25,Standard base
6969,Graduation,Together,50272.0,1,0,2013-08-07,75,99,13,66,43,8,4,3,4,1,5,7,0,0,0,0,0,0,0,16,0,32,25-34,1,2,3,0,229,0,10,13.93972602739726,424,0.0174672489082969,0.3,22.9,16.427869496855347,0.717374213836478,0.0039213564998859,10,229,1,3,3,4,133,14,Low-priority churn
10479,PhD,Married,76618.0,0,0,2012-12-07,64,749,40,294,121,160,147,1,3,2,5,1,0,0,0,0,0,0,0,22,0,39,35-44,0,2,2,0,1364,0,10,21.92876712328767,667,0.1077712609970674,0.1,136.4,62.20139930034983,0.4560219890054973,0.0097420552821033,10,1364,2,3,5,6,235,26,High value at risk
3619,2n Cycle,Divorced,87305.0,0,0,2012-09-23,19,345,25,501,63,138,80,1,5,3,8,2,0,0,1,0,0,0,1,18,0,54,45-54,0,1,1,0,1072,1,16,24.0,742,0.0746268656716417,0.0625,67.0,44.66666666666666,0.6666666666666666,0.006139396369051,16,1072,3,4,4,6,344,36,Champions
1715,Graduation,Together,25851.0,1,0,2013-02-11,45,9,4,18,7,5,5,2,2,0,3,7,0,0,0,0,0,0,0,16,0,36,35-44,1,2,3,0,43,0,5,19.75890410958904,601,0.1162790697674418,0.4,8.6,2.1762340543538548,0.2530504714364947,0.0010102049689468,5,43,2,1,1,0,211,20,Standard base
10159,Graduation,Divorced,58710.0,0,1,2013-03-31,77,440,81,368,0,122,174,6,11,5,9,6,0,0,0,0,0,0,0,16,0,44,35-44,1,1,2,0,1011,0,25,18.180821917808217,553,0.172106824925816,0.24,40.44,55.60804701627488,1.3750753465943342,0.0113659779287225,25,1011,1,5,4,7,154,17,Critical retention
1463,Graduation,Single,45160.0,1,1,2014-03-29,9,8,2,5,3,0,3,1,1,0,2,7,0,0,0,0,0,0,0,16,0,56,55-64,2,1,3,0,18,0,3,6.2465753424657535,190,0.1666666666666666,0.3333333333333333,6.0,2.881578947368421,0.4802631578947368,0.0007656985688312,3,18,3,1,1,0,311,30,Recents
5114,Master,Married,74806.0,0,1,2012-12-19,1,670,9,249,0,28,9,2,5,4,5,4,0,0,0,0,0,0,0,18,0,49,45-54,1,2,3,0,956,0,14,21.534246575342465,655,0.0094142259414225,0.1428571428571428,68.28571428571429,44.394402035623415,0.6501272264631044,0.0071215253379071,14,956,3,3,4,5,334,35,High-potential growth
4990,Graduation,Married,59111.0,0,0,2013-05-02,90,524,0,134,28,28,155,1,11,1,8,7,0,0,0,0,0,0,0,16,0,60,55-64,0,2,2,0,714,0,20,17.12876712328767,521,0.2170868347338935,0.05,35.7,41.684261036468335,1.1676263595649394,0.008462234312355,20,714,1,4,4,6,144,16,Critical retention
4329,PhD,Married,18988.0,1,0,2014-05-23,43,6,0,6,2,1,1,2,1,0,3,7,0,0,0,0,0,0,0,22,0,30,25-34,1,2,3,0,15,0,4,4.438356164383562,135,0.0666666666666666,0.5,3.75,3.3796296296296298,0.9012345679012346,0.0021358518830606,4,15,2,1,1,0,211,20,Standard base
10936,Graduation,Married,72190.0,0,0,2013-02-13,79,597,166,597,172,166,249,1,5,6,4,3,0,0,0,0,0,0,0,16,0,49,45-54,0,2,2,0,1698,0,15,19.693150684931503,599,0.146643109540636,0.0666666666666666,113.2,86.2228714524207,0.7616861435726211,0.0143326562879768,15,1698,1,3,5,6,135,16,Critical retention
4692,Graduation,Married,7500.0,1,0,2012-08-01,19,7,0,12,13,7,32,5,4,1,2,9,1,0,0,0,0,0,1,16,0,38,35-44,1,2,3,0,39,1,7,24.0,795,0.8205128205128205,0.7142857142857143,5.571428571428571,1.625,0.2916666666666667,0.0026,7,39,3,2,1,1,321,31,Recents
6086,Graduation,Married,80395.0,0,0,2013-11-23,62,445,25,706,80,76,48,1,6,5,12,2,0,0,0,1,0,0,0,16,0,59,55-64,0,2,2,0,1332,1,23,10.389041095890413,316,0.036036036036036,0.0434782608695652,57.91304347826087,128.2120253164557,2.213871308016877,0.0191373133129854,23,1332,2,5,5,8,255,28,High value at risk
437,Master,Divorced,75012.0,0,0,2014-01-25,41,294,142,218,164,58,151,1,3,8,11,1,0,0,0,0,0,0,0,18,0,38,35-44,0,1,1,0,876,0,22,8.317808219178081,253,0.1723744292237443,0.0454545454545454,39.81818181818182,105.31620553359684,2.6449275362318843,0.01684789722182,22,876,2,5,4,7,254,27,High value at risk
11171,Master,Married,56962.0,2,1,2013-10-11,60,292,3,77,10,3,26,7,6,3,5,7,0,0,0,0,0,0,0,18,0,49,45-54,3,2,5,0,385,0,14,11.802739726027395,359,0.0675324675324675,0.5,27.5,32.61954503249768,1.1861652739090065,0.0068718538743367,14,385,2,3,3,4,233,24,Standard base
11101,Graduation,Together,89891.0,0,0,2013-04-15,17,412,22,132,59,28,183,1,11,6,8,4,0,0,1,0,0,0,0,16,0,23,18-24,0,2,2,0,653,1,25,17.687671232876713,538,0.2802450229709035,0.04,26.12,36.91837050805452,1.4134138785625774,0.0049284182631926,25,653,3,5,4,7,354,37,Champions
5329,PhD,Divorced,35946.0,1,1,2013-09-27,24,8,0,3,0,0,0,1,0,0,3,5,0,0,0,0,0,0,0,22,0,65,65-74,2,1,3,0,11,0,3,12.263013698630136,373,0.0,0.3333333333333333,3.6666666666666665,0.8970062555853441,0.2446380697050938,0.0002994512620882,3,11,3,1,1,0,311,30,Recents
610,PhD,Together,53593.0,1,1,2012-08-07,60,349,4,78,6,0,43,8,7,2,6,8,0,0,0,0,0,0,0,22,0,61,55-64,2,2,4,0,437,0,15,24.0,789,0.0983981693363844,0.5333333333333333,29.133333333333333,18.20833333333333,0.625,0.0040770249846061,15,437,2,3,3,4,233,24,Standard base
5956,PhD,Divorced,45072.0,1,2,2013-10-16,74,144,2,99,7,2,30,5,6,1,4,8,0,0,0,0,0,0,0,22,0,66,65-74,3,1,4,0,254,0,11,11.63835616438356,354,0.1181102362204724,0.4545454545454545,23.09090909090909,21.824387947269305,0.94515065913371,0.0058105399220631,11,254,1,3,3,4,133,14,Low-priority churn
10430,Graduation,Divorced,89694.0,1,1,2013-10-09,22,1126,28,211,37,28,42,3,4,3,4,5,0,1,1,1,0,0,0,16,0,41,35-44,2,1,3,0,1430,3,11,11.86849315068493,361,0.0293706293706293,0.2727272727272727,130.0,120.48707294552172,0.9268236380424748,0.0161197502101172,11,1430,3,3,5,6,335,36,High-potential growth
7875,Graduation,Married,72025.0,0,0,2014-04-29,46,967,0,617,43,50,0,1,4,8,13,2,0,1,1,1,0,0,1,16,0,65,65-74,0,2,2,0,1677,3,25,5.227397260273972,159,0.0,0.04,67.08,320.809748427673,4.782494758909854,0.0534497324697268,25,1677,2,5,5,8,255,28,High value at risk
7072,Graduation,Married,67432.0,0,1,2013-03-29,69,432,79,341,177,136,170,2,8,5,4,4,0,0,0,0,0,0,0,16,0,41,35-44,1,2,3,0,1165,0,17,18.246575342465757,555,0.1459227467811159,0.1176470588235294,68.52941176470588,63.8475975975976,0.9316816816816816,0.0113621303115905,17,1165,1,4,5,7,145,17,Critical retention
6255,Master,Together,70545.0,0,1,2014-06-03,29,138,39,63,55,18,21,1,4,1,7,2,0,0,0,0,0,0,0,18,0,62,55-64,1,2,3,0,313,0,12,4.076712328767123,124,0.0670926517571885,0.0833333333333333,26.08333333333333,76.77755376344086,2.943548387096774,0.01306018350218,12,313,3,3,3,4,333,34,Loyal
6516,Basic,Married,17487.0,1,0,2013-03-18,37,0,0,1,7,4,6,1,1,0,2,7,0,0,0,0,0,0,0,12,0,25,25-34,1,2,3,0,12,0,3,18.60821917808219,566,0.5,0.3333333333333333,4.0,0.6448763250883393,0.1612190812720848,0.0004425296449396,3,12,2,1,1,0,211,20,Standard base
5564,Graduation,Together,62882.0,0,1,2012-08-09,26,509,133,497,78,24,97,2,7,5,6,4,0,0,0,0,0,0,0,16,0,45,45-54,1,2,3,0,1241,0,18,24.0,787,0.0781627719580983,0.1111111111111111,68.94444444444444,51.708333333333336,0.75,0.0098676886867466,18,1241,3,4,5,7,345,37,Champions
5682,PhD,Single,64108.0,0,1,2013-03-23,8,948,10,86,13,21,21,4,6,9,11,5,0,0,0,0,0,0,0,22,0,61,55-64,1,1,2,0,1078,0,26,18.44383561643836,561,0.0194805194805194,0.1538461538461538,41.46153846153846,58.447712418300654,1.4096850861556744,0.0109404840116616,26,1078,3,5,4,7,354,37,Champions
7458,Master,Together,34941.0,1,1,2013-03-06,26,39,2,25,4,3,24,2,3,0,3,8,0,0,0,0,0,0,0,18,0,58,55-64,2,2,4,0,73,0,6,19.0027397260274,578,0.3287671232876712,0.3333333333333333,12.166666666666666,3.8415513264129184,0.3157439446366782,0.0013193273208252,6,73,3,2,2,2,322,32,Recents
5237,PhD,Single,48767.0,1,2,2014-01-01,79,28,1,21,3,0,10,3,2,1,3,5,0,0,0,0,0,0,0,22,0,64,55-64,3,1,4,0,53,0,6,9.106849315068493,277,0.1886792452830188,0.5,8.833333333333334,5.81979542719615,0.6588447653429603,0.00143206564124,6,53,1,2,2,2,122,12,Low-priority churn
7761,2n Cycle,Together,38702.0,1,0,2013-08-01,71,13,11,24,13,8,40,2,3,0,4,6,0,0,0,0,0,0,0,18,0,36,35-44,1,2,3,0,69,0,7,14.136986301369864,430,0.5797101449275363,0.2857142857142857,9.857142857142858,4.8808139534883725,0.4951550387596899,0.001513352473822,7,69,1,2,2,2,122,12,Low-priority churn
5278,Graduation,Married,82224.0,0,0,2014-01-25,83,307,26,360,138,31,40,1,6,9,5,3,0,0,0,1,0,0,0,16,0,50,45-54,0,2,2,0,862,1,20,8.317808219178081,253,0.0464037122969837,0.05,43.1,103.633069828722,2.404479578392622,0.015124499391232,20,862,1,4,4,6,144,16,Critical retention
3560,Graduation,Together,83844.0,0,0,2013-05-12,57,901,31,345,75,31,191,1,4,4,11,1,0,0,1,0,0,0,0,16,0,62,55-64,0,2,2,0,1383,1,19,16.8,511,0.1381055676066522,0.0526315789473684,72.78947368421052,82.32142857142857,1.130952380952381,0.0117820850968124,19,1383,2,4,5,7,245,27,High value at risk
7235,2n Cycle,Married,17003.0,1,0,2013-12-09,37,2,5,12,4,8,7,3,2,0,4,5,0,0,0,0,0,0,0,18,0,39,35-44,1,2,3,0,31,0,6,9.863013698630136,300,0.2258064516129032,0.5,5.166666666666667,3.1430555555555557,0.6083333333333333,0.002218235997569,6,31,2,2,1,1,221,21,Standard base
10548,Graduation,Single,71163.0,0,0,2014-03-09,30,283,17,372,138,106,44,1,3,8,12,1,0,0,0,0,0,0,0,16,0,19,18-24,0,1,1,0,916,0,23,6.904109589041096,210,0.0480349344978165,0.0434782608695652,39.82608695652174,132.67460317460316,3.3313492063492065,0.0223725143416556,23,916,3,5,4,7,354,37,Champions
2281,Graduation,Single,33697.0,1,0,2013-09-15,34,4,3,7,0,3,11,1,1,0,2,7,1,0,0,0,0,0,0,16,0,44,35-44,1,1,2,0,17,1,3,12.657534246575342,385,0.6470588235294118,0.3333333333333333,5.666666666666667,1.343073593073593,0.237012987012987,0.0004782883674179,3,17,2,1,1,0,211,20,Standard base
4073,2n Cycle,Married,63564.0,0,0,2014-01-29,0,769,80,252,15,34,65,1,10,10,7,6,1,0,0,0,0,0,1,18,0,60,55-64,0,2,2,0,1150,1,27,8.186301369863013,249,0.0565217391304347,0.037037037037037,42.5925925925926,140.47858099062918,3.298192771084337,0.0265204041892824,27,1150,3,5,5,8,355,38,Champions
6974,PhD,Together,83443.0,0,0,2013-12-31,89,518,42,742,55,56,84,1,6,10,5,2,0,0,0,0,0,0,0,22,0,42,35-44,0,2,2,0,1413,0,21,9.13972602739726,278,0.0594479830148619,0.0476190476190476,67.28571428571429,154.5998201438849,2.2976618705035974,0.022233115320957,21,1413,1,5,5,8,155,18,Critical retention
7938,PhD,Together,51518.0,0,1,2013-10-03,92,350,8,66,17,4,4,2,3,2,10,3,0,0,0,0,0,0,0,22,0,56,55-64,1,2,3,0,445,0,15,12.065753424657531,367,0.0089887640449438,0.1333333333333333,29.666666666666668,36.88124432334242,1.2431880108991826,0.0085906854280078,15,445,1,3,3,4,133,14,Low-priority churn
3667,Graduation,Married,80952.0,0,0,2013-02-28,20,778,178,689,41,27,44,1,8,5,11,8,0,1,1,1,0,0,1,16,0,45,45-54,0,2,2,0,1713,3,24,19.2,584,0.0256859311150029,0.0416666666666666,71.375,89.21875,1.25,0.0132254298843759,24,1713,3,5,5,8,355,38,Champions
7723,Graduation,Together,75507.0,0,0,2014-05-02,56,709,93,374,104,80,80,1,8,6,6,3,0,0,0,0,0,0,0,16,0,35,35-44,0,2,2,0,1360,0,20,5.128767123287671,156,0.0588235294117647,0.05,68.0,265.1709401709402,3.89957264957265,0.0421424673480774,20,1360,2,4,5,7,245,27,High value at risk
3870,2n Cycle,Together,63855.0,0,0,2013-02-09,28,359,35,314,93,116,89,1,7,3,13,4,0,0,0,0,0,0,0,18,0,36,35-44,0,2,2,0,917,0,23,19.824657534246576,603,0.0970556161395856,0.0434782608695652,39.869565217391305,46.25552791597568,1.160171365395246,0.0086926056689641,23,917,3,5,4,7,354,37,Champions
4012,PhD,Together,62220.0,0,1,2012-08-11,55,799,12,375,16,12,12,5,7,6,5,6,0,0,0,0,0,0,1,22,0,42,35-44,1,2,3,0,1214,0,18,24.0,785,0.0098846787479406,0.2777777777777778,67.44444444444444,50.583333333333336,0.75,0.0097557055609128,18,1214,2,4,5,7,245,27,High value at risk
5909,Graduation,Married,58512.0,0,1,2013-09-19,25,895,10,101,13,0,152,5,3,4,8,8,0,0,0,0,0,0,0,16,0,50,45-54,1,2,3,0,1019,0,15,12.526027397260274,381,0.1491658488714426,0.3333333333333333,67.93333333333334,81.35061242344707,1.19750656167979,0.0166838827775732,15,1019,3,3,4,5,334,35,High-potential growth
10470,Master,Married,40662.0,1,0,2013-03-15,0,40,2,23,0,4,23,2,2,1,3,4,0,0,0,0,0,0,0,18,0,35,35-44,1,2,3,0,69,0,6,18.70684931506849,569,0.3333333333333333,0.3333333333333333,11.5,3.688488576449912,0.320738137082601,0.0010885313786188,6,69,3,2,2,2,322,32,Recents
6488,PhD,Married,38829.0,0,1,2014-04-06,86,76,0,7,0,0,16,1,3,2,2,5,0,0,0,0,0,0,0,22,0,55,55-64,1,2,3,0,83,0,7,5.983561643835616,182,0.1927710843373494,0.1428571428571428,11.857142857142858,13.871336996336998,1.169871794871795,0.0042869000993083,7,83,1,2,2,2,122,12,Low-priority churn
10270,2n Cycle,Married,35523.0,1,0,2013-10-03,8,11,5,22,12,5,11,2,3,0,3,7,0,0,0,0,0,0,0,18,0,33,25-34,1,2,3,0,55,0,6,12.065753424657531,367,0.2,0.3333333333333333,9.166666666666666,4.55835603996367,0.4972752043596731,0.0015398550933075,6,55,3,2,2,2,322,32,Recents
6887,Graduation,Single,79146.0,1,1,2014-04-24,33,245,16,223,21,43,16,2,8,1,8,6,0,0,0,0,0,0,0,16,0,47,45-54,2,1,3,0,548,0,17,5.391780821917808,164,0.0291970802919708,0.1176470588235294,32.23529411764706,101.63617886178862,3.1529471544715446,0.0154099278086253,17,548,2,4,3,5,243,25,Standard base
6406,Master,Married,78285.0,0,0,2013-10-28,13,647,107,391,175,67,40,1,6,4,10,3,0,0,0,0,0,0,0,18,0,26,25-34,0,2,2,0,1387,0,20,11.243835616438355,342,0.0288392213410237,0.05,69.35,123.3564814814815,1.7787524366471736,0.0189088302711602,20,1387,3,4,5,7,345,37,Champions
7573,PhD,Single,31626.0,1,0,2013-05-10,12,39,1,9,2,1,34,1,2,1,2,7,1,0,0,0,0,0,1,22,0,36,35-44,1,1,2,0,52,1,5,16.865753424657534,513,0.6538461538461539,0.2,10.4,3.083170890188434,0.2964587394411956,0.0011698618441238,5,52,3,1,2,1,312,31,Recents
4508,Graduation,Single,75127.0,0,0,2014-05-22,92,203,35,305,46,17,227,1,2,11,5,1,0,0,0,0,0,0,0,16,0,62,55-64,0,1,1,0,606,0,18,4.471232876712328,136,0.3745874587458745,0.0555555555555555,33.666666666666664,135.53308823529414,4.025735294117648,0.0216486357610916,18,606,1,4,4,6,144,16,Critical retention
221,Graduation,Married,48726.0,0,1,2013-04-27,90,138,3,38,4,0,59,3,3,2,4,6,0,0,0,0,0,0,0,16,0,59,55-64,1,2,3,0,183,0,9,17.293150684931508,526,0.3224043715846995,0.3333333333333333,20.33333333333333,10.58222433460076,0.5204372623574144,0.0026061382427289,9,183,1,2,3,3,123,13,Low-priority churn
5331,Graduation,Married,74985.0,0,0,2012-09-11,8,587,51,898,247,0,86,1,3,6,7,2,0,0,0,0,0,0,0,16,0,37,35-44,0,2,2,0,1783,0,16,24.0,754,0.0482333146382501,0.0625,111.4375,74.29166666666667,0.6666666666666666,0.0118890444755617,16,1783,3,4,5,7,345,37,Champions
1911,Graduation,Together,67430.0,0,0,2012-09-05,6,595,97,291,127,133,121,1,11,5,12,6,0,0,0,0,0,0,0,16,0,27,25-34,0,2,2,0,1243,0,28,24.0,760,0.0973451327433628,0.0357142857142857,44.392857142857146,51.79166666666666,1.1666666666666667,0.0092169657422512,28,1243,3,5,5,8,355,38,Champions
20,2n Cycle,Married,46891.0,0,1,2013-09-01,91,43,12,23,29,15,61,1,2,1,4,4,0,0,0,0,0,0,0,18,0,49,45-54,1,2,3,0,122,0,7,13.117808219178082,399,0.5,0.1428571428571428,17.428571428571427,9.30033416875522,0.533625730994152,0.0023800731488998,7,122,1,2,2,2,122,12,Low-priority churn
8786,Master,Married,62058.0,0,1,2013-05-26,52,301,7,74,10,0,58,4,6,1,7,6,0,0,0,0,0,0,0,18,0,58,55-64,1,2,3,0,392,0,14,16.33972602739726,497,0.1479591836734693,0.2857142857142857,28.0,23.9906103286385,0.8568075117370892,0.0046390042209491,14,392,2,3,3,4,233,24,Standard base
10582,Graduation,Married,72063.0,0,1,2013-07-03,3,180,32,348,76,32,90,2,5,2,12,2,0,0,0,0,0,0,0,16,0,35,35-44,1,2,3,0,668,0,19,15.090410958904108,459,0.1347305389221557,0.1052631578947368,35.1578947368421,44.26652142338417,1.2590777051561366,0.0073713036798441,19,668,3,4,4,6,344,36,Champions
1915,PhD,Married,78939.0,0,0,2013-12-12,57,794,115,243,150,0,205,1,8,5,6,3,0,0,0,0,0,0,0,22,0,63,55-64,0,2,2,0,1302,0,19,9.764383561643836,297,0.1574500768049155,0.0526315789473684,68.52631578947368,133.34175084175084,1.945847362514029,0.0202700947579904,19,1302,2,4,5,7,245,27,High value at risk
8897,Graduation,Single,42720.0,1,1,2013-04-24,9,392,5,91,28,26,112,8,7,3,7,8,0,0,0,0,0,0,1,16,0,49,45-54,2,1,3,0,542,0,17,17.39178082191781,529,0.2066420664206642,0.4705882352941176,31.88235294117647,31.164146187775675,0.9774732199117832,0.0087539736482515,17,542,3,4,3,5,343,35,High-potential growth
2371,Graduation,Married,33622.0,1,1,2013-04-13,22,39,1,22,3,4,12,3,2,0,4,7,0,0,0,0,0,0,0,16,0,42,35-44,2,2,4,0,69,0,6,17.753424657534246,540,0.1739130434782608,0.5,11.5,3.886574074074074,0.3379629629629629,0.0013871539137733,6,69,3,2,2,2,322,32,Recents
4303,PhD,Together,6835.0,0,1,2012-12-08,76,107,2,12,2,2,12,0,0,0,1,20,0,0,0,0,0,0,0,22,0,57,55-64,1,2,3,0,125,0,1,21.895890410958906,666,0.096,0.0,125.0,5.708833833833834,0.0456706706706706,0.0100228245802495,1,125,1,1,2,1,112,11,Low-priority churn
6825,Graduation,Together,41452.0,1,1,2013-03-06,86,13,0,3,0,0,0,1,1,0,2,7,0,0,0,0,0,0,0,16,0,61,55-64,2,2,4,0,16,0,3,19.0027397260274,578,0.0,0.3333333333333333,5.333333333333333,0.8419838523644753,0.1578719723183391,0.000243747134719,3,16,1,1,1,0,111,10,Low-priority churn
1072,PhD,Single,40760.0,0,1,2013-08-30,64,70,0,17,0,0,6,2,2,1,3,6,0,0,0,0,0,0,0,22,0,49,45-54,1,1,2,0,87,0,6,13.183561643835615,401,0.0689655172413793,0.3333333333333333,14.5,6.599127182044889,0.4551122194513716,0.0019428244893164,6,87,2,2,2,2,222,22,Standard base
4964,PhD,Together,74250.0,0,0,2014-01-26,90,680,11,392,75,0,0,1,2,11,4,1,0,0,0,0,0,0,0,22,0,56,55-64,0,2,2,0,1158,0,17,8.284931506849315,252,0.0,0.0588235294117647,68.11764705882354,139.7718253968254,2.0519179894179893,0.0225893859227192,17,1158,1,4,5,7,145,17,Critical retention
2461,Master,Single,51124.0,1,1,2013-12-18,79,26,1,11,0,1,4,2,1,0,3,3,0,0,0,0,0,0,0,18,0,59,55-64,2,1,3,0,39,0,4,9.567123287671231,291,0.1025641025641025,0.5,9.75,4.076460481099656,0.418098510882016,0.0009568407357248,4,39,1,1,1,0,111,10,Low-priority churn
10736,Graduation,Single,72258.0,0,1,2013-09-12,28,522,0,522,227,120,134,2,6,9,5,2,0,0,0,0,0,0,0,16,0,43,35-44,1,1,2,0,1391,0,20,12.756164383561645,388,0.0963335729690869,0.1,69.55,109.0453178694158,1.5678694158075603,0.0181093278866421,20,1391,3,4,5,7,345,37,Champions
3194,PhD,Single,71466.0,0,0,2014-04-05,86,412,12,546,78,182,0,1,4,4,10,1,0,0,0,0,0,0,0,22,0,40,35-44,0,1,1,0,1230,0,18,6.016438356164383,183,0.0,0.0555555555555555,68.33333333333333,204.4398907103825,2.9918032786885247,0.0343279138125065,18,1230,1,4,5,7,145,17,Critical retention
10839,Graduation,Together,36283.0,1,1,2014-04-14,42,6,5,5,8,0,5,2,1,0,3,4,0,0,0,0,0,0,0,16,0,38,35-44,2,2,4,0,24,0,4,5.720547945205479,174,0.2083333333333333,0.5,6.0,4.195402298850575,0.6992337164750958,0.0013875596721937,4,24,2,1,1,0,211,20,Standard base
49,Graduation,Single,20587.0,1,0,2014-05-11,39,2,3,6,4,1,9,1,1,1,2,7,0,0,0,0,0,0,0,16,0,44,35-44,1,1,2,0,16,0,4,4.832876712328767,147,0.5625,0.25,4.0,3.310657596371882,0.8276643990929705,0.0019297562129723,4,16,2,1,1,0,211,20,Standard base
4290,Graduation,Married,30467.0,1,0,2014-03-19,8,1,3,8,2,5,5,1,1,0,2,7,0,0,0,0,0,0,0,16,0,42,35-44,1,2,3,0,19,0,3,6.575342465753424,200,0.2631578947368421,0.3333333333333333,6.333333333333333,2.8895833333333334,0.45625,0.0011381166508025,3,19,3,1,1,0,311,30,Recents
10219,Graduation,Together,31590.0,1,0,2013-06-18,40,6,2,15,6,6,3,1,1,0,3,8,0,0,0,0,0,0,0,16,0,42,35-44,1,2,3,0,35,0,4,15.583561643835615,474,0.0857142857142857,0.25,8.75,2.245956399437412,0.2566807313642756,0.0008531648240977,4,35,2,1,1,0,211,20,Standard base
4211,Basic,Married,20425.0,1,0,2012-10-29,5,4,12,5,3,16,17,2,2,0,3,7,0,0,0,0,0,0,0,12,0,28,25-34,1,2,3,0,40,0,5,23.21095890410959,706,0.425,0.4,8.0,1.7233238904627006,0.2154154863078375,0.0010124791522914,5,40,3,1,1,0,311,30,Recents
1135,Master,Together,17144.0,1,1,2014-02-15,96,18,2,19,0,2,6,5,3,0,4,7,0,0,0,0,0,0,0,18,0,54,45-54,2,2,4,0,41,0,7,7.627397260273972,232,0.1463414634146341,0.7142857142857143,5.857142857142857,5.375359195402299,0.9177442528735632,0.003762500603408,7,41,1,2,1,1,121,11,Low-priority churn
6299,PhD,Divorced,42564.0,0,1,2013-01-02,28,324,48,186,39,18,198,6,6,8,4,7,1,0,0,0,0,0,1,22,0,46,45-54,1,1,2,0,615,1,18,21.07397260273973,641,0.3219512195121951,0.3333333333333333,34.166666666666664,29.182917316692667,0.8541341653666147,0.0082274929001107,18,615,3,4,4,6,344,36,Champions
10846,Master,Married,43783.0,1,0,2014-05-29,22,327,9,125,25,4,139,6,7,1,8,7,1,0,0,0,0,0,0,18,0,36,35-44,1,2,3,0,490,1,16,4.241095890410959,129,0.2836734693877551,0.375,30.625,115.53617571059432,3.772609819121447,0.0316660372411011,16,490,3,4,3,5,343,35,High-potential growth
347,Graduation,Divorced,40780.0,0,1,2012-09-08,30,229,27,71,13,3,34,4,7,1,5,9,0,0,0,0,0,0,0,16,0,38,35-44,1,1,2,0,343,0,13,24.0,757,0.0991253644314868,0.3076923076923077,26.384615384615383,14.291666666666666,0.5416666666666666,0.0042054928886709,13,343,3,3,3,4,333,34,Loyal
6543,Master,Together,62847.0,0,0,2013-01-15,45,521,168,706,80,76,61,1,3,6,4,2,0,0,0,0,0,0,0,18,0,69,65-74,0,2,2,0,1551,0,13,20.646575342465752,628,0.0393294648613797,0.0769230769230769,119.3076923076923,75.12141719745223,0.6296443736730362,0.0143436760126883,13,1551,2,3,5,6,235,26,High value at risk
10446,PhD,Married,82017.0,0,0,2012-11-07,58,184,23,446,30,23,23,1,5,4,7,2,0,1,1,1,0,0,1,22,0,57,55-64,0,2,2,0,706,3,16,22.915068493150685,697,0.0325779036827195,0.0625,44.125,30.80942132950741,0.6982305117168819,0.0045077612684454,16,706,2,4,4,6,244,26,High value at risk
3479,Graduation,Single,16813.0,0,0,2013-07-19,49,4,8,11,12,2,13,1,2,0,3,7,1,0,0,0,0,0,0,16,0,64,55-64,0,1,1,0,37,1,5,14.564383561643837,443,0.3513513513513513,0.2,7.4,2.540443942814146,0.3433032355154251,0.0018131997450645,5,37,2,1,1,0,211,20,Standard base
11075,Graduation,Married,51267.0,1,1,2013-10-29,37,183,2,64,7,2,12,4,3,3,5,4,0,0,0,0,0,0,0,16,0,36,35-44,2,2,4,0,258,0,11,11.210958904109589,341,0.0465116279069767,0.3636363636363636,23.454545454545453,23.01319648093842,0.9811827956989247,0.0053866689638804,11,258,2,3,3,4,233,24,Standard base
4442,Graduation,Single,46524.0,0,1,2013-04-05,70,31,19,35,26,14,52,2,1,1,5,3,0,0,0,0,0,0,0,16,0,53,45-54,1,1,2,0,125,0,7,18.016438356164382,548,0.416,0.2857142857142857,17.857142857142858,6.938108272506083,0.3885340632603407,0.0017895559124338,7,125,1,2,2,2,122,12,Low-priority churn
199,Master,Single,45183.0,0,0,2013-01-20,33,219,3,60,12,9,12,1,4,1,7,7,0,1,0,0,0,0,0,18,0,52,45-54,0,1,1,0,303,1,12,20.48219178082192,623,0.0396039603960396,0.0833333333333333,25.25,14.793338683788122,0.5858747993579454,0.0039289127372121,12,303,2,3,3,4,233,24,Standard base
6722,PhD,Married,70421.0,0,1,2014-06-28,98,479,28,136,75,14,35,3,10,3,7,6,0,0,0,0,0,0,0,22,0,60,55-64,1,2,3,0,732,0,20,3.254794520547945,99,0.0478142076502732,0.15,36.6,224.8989898989899,6.1447811447811445,0.0383236233337765,20,732,1,4,4,6,144,16,Critical retention
796,2n Cycle,Divorced,60161.0,0,1,2012-10-23,17,584,44,212,46,8,177,3,11,4,8,8,0,0,0,0,0,0,0,18,0,49,45-54,1,1,2,0,894,0,23,23.40821917808219,712,0.197986577181208,0.1304347826086956,38.869565217391305,38.19171348314607,0.982560861423221,0.0076179013280655,23,894,3,5,4,7,354,37,Champions
3749,Graduation,Together,73926.0,0,0,2013-03-02,54,627,91,597,159,91,15,1,6,5,12,3,0,0,0,0,0,0,0,16,0,41,35-44,0,2,2,0,1565,0,23,19.134246575342463,582,0.0095846645367412,0.0434782608695652,68.04347826086956,81.79052119129439,1.202033218785796,0.0132766043651155,23,1565,2,5,5,8,255,28,High value at risk
8523,Graduation,Married,19329.0,1,0,2013-12-14,39,24,1,16,12,2,5,3,4,0,3,8,0,0,0,0,0,0,0,16,0,46,45-54,1,2,3,0,55,0,7,9.6986301369863,295,0.0909090909090909,0.4285714285714285,7.857142857142857,5.67090395480226,0.7217514124293786,0.00352066053379,7,55,2,2,2,2,222,22,Standard base
310,Master,Married,61872.0,0,1,2013-12-13,81,330,5,159,36,27,16,4,4,4,9,4,0,0,0,0,0,0,0,18,0,44,35-44,1,2,3,0,557,0,17,9.731506849315068,296,0.0287253141831238,0.2352941176470588,32.76470588235294,57.236768018018026,1.7469031531531534,0.0111010023308801,17,557,1,4,3,5,143,15,Low-priority churn
8629,Graduation,Widow,46984.0,1,1,2013-03-26,71,19,1,10,2,1,8,1,1,0,3,5,0,0,0,0,0,0,0,16,0,58,55-64,2,1,3,0,33,0,4,18.34520547945205,558,0.2424242424242424,0.25,8.25,1.7988351254480286,0.2180406212664277,0.0004594334561845,4,33,1,1,1,0,111,10,Low-priority churn
236,Graduation,Married,34838.0,1,1,2013-01-19,62,28,23,29,29,14,47,3,2,1,4,6,0,0,0,0,0,0,0,16,0,63,55-64,2,2,4,0,123,0,7,20.51506849315068,624,0.3821138211382114,0.4285714285714285,17.571428571428573,5.99559294871795,0.3412126068376069,0.0020651907510366,7,123,2,2,2,2,222,22,Standard base
9930,PhD,Single,82716.0,0,0,2013-11-05,8,606,148,228,15,148,22,1,6,8,13,2,0,0,0,0,0,0,0,22,0,70,65-74,0,1,1,0,1145,0,27,10.98082191780822,334,0.0192139737991266,0.037037037037037,42.407407407407405,104.27270459081836,2.4588323353293413,0.0151273327420308,27,1145,3,5,5,8,355,38,Champions
3483,Graduation,Married,48192.0,0,0,2013-04-06,76,1039,43,204,153,58,29,3,2,8,12,8,0,1,0,1,1,0,1,16,0,56,55-64,0,2,2,0,1497,3,22,17.983561643835614,547,0.0193720774883099,0.1363636363636363,68.04545454545455,83.24268738574041,1.2233394271785498,0.0207277608032222,22,1497,1,5,5,8,155,18,Critical retention
4599,Master,Married,49681.0,0,2,2013-11-04,66,411,0,26,0,0,21,6,7,1,7,7,0,0,0,0,0,0,0,18,0,38,35-44,2,2,4,0,437,0,15,11.013698630136986,335,0.0480549199084668,0.4,29.133333333333333,39.67786069651741,1.361940298507463,0.0095838314115699,15,437,2,3,3,4,233,24,Standard base
7326,Master,Married,56850.0,0,1,2014-03-23,83,34,1,19,2,7,0,1,1,1,3,2,0,0,0,0,0,0,0,18,0,43,35-44,1,2,3,0,63,0,5,6.443835616438356,196,0.0,0.2,12.6,9.776785714285714,0.7759353741496599,0.0020637014700339,5,63,1,1,2,1,112,11,Low-priority churn
7352,Graduation,Married,55267.0,0,1,2013-10-21,28,161,28,136,32,3,45,4,3,4,6,3,0,0,0,0,0,0,0,16,0,57,55-64,1,2,3,0,360,0,13,11.473972602739726,349,0.125,0.3076923076923077,27.692307692307693,31.37535816618911,1.1329990448901623,0.0068124612878258,13,360,3,3,3,4,333,34,Loyal
2350,Graduation,Married,59666.0,1,1,2013-03-22,87,623,53,178,23,17,133,7,3,2,8,8,0,1,0,0,0,0,0,16,0,42,35-44,2,2,4,0,894,1,13,18.47671232876712,562,0.1487695749440716,0.5384615384615384,68.76923076923077,48.38523131672599,0.7035883748517201,0.0097312167029918,13,894,1,3,4,5,134,15,Critical retention
9145,Graduation,Single,72504.0,0,1,2013-04-06,43,604,26,470,123,161,94,2,5,9,6,2,0,0,0,0,0,0,0,16,0,42,35-44,1,1,2,0,1384,0,20,17.983561643835614,547,0.0679190751445086,0.1,69.2,76.95917123705058,1.1121267519804998,0.0127373669707134,20,1384,2,4,5,7,245,27,High value at risk
2964,Graduation,Married,26872.0,0,0,2013-10-16,0,3,10,8,3,16,32,1,1,1,2,6,0,0,0,0,0,0,0,16,0,33,25-34,0,2,2,0,40,0,4,11.63835616438356,354,0.8,0.25,10.0,3.436911487758945,0.3436911487758946,0.00153479226902,4,40,3,1,1,0,311,30,Recents
5585,Graduation,Single,21359.0,1,0,2013-04-20,1,12,2,17,6,1,10,2,2,0,3,8,0,0,0,0,0,0,1,16,0,42,35-44,1,1,2,0,38,0,5,17.523287671232875,533,0.2631578947368421,0.4,7.6,2.1685428392745467,0.2853345841150719,0.001218339532342,5,38,3,1,1,0,311,30,Recents
9687,Graduation,Single,73170.0,0,0,2014-05-31,1,184,174,256,50,30,32,1,5,4,6,2,0,0,0,0,0,0,0,16,0,39,35-44,0,1,1,0,694,0,15,4.175342465753425,127,0.0461095100864553,0.0666666666666666,46.266666666666666,166.21391076115484,3.59251968503937,0.0272593539583689,15,694,3,3,4,5,334,35,High-potential growth
3732,Master,Married,52750.0,0,1,2013-02-04,72,393,0,239,90,69,69,6,5,7,9,4,0,0,0,0,0,0,0,18,0,59,55-64,1,2,3,0,791,0,21,19.98904109589041,608,0.0872313527180783,0.2857142857142857,37.66666666666666,39.57168311403509,1.050575657894737,0.0090020890496383,21,791,1,5,4,7,154,17,Critical retention
6303,PhD,Together,91820.0,0,0,2013-11-23,72,410,73,747,76,161,30,0,5,5,12,1,0,0,0,0,0,0,0,22,0,28,25-34,0,2,2,0,1467,0,22,10.389041095890413,316,0.0204498977505112,0.0,66.68181818181819,141.20648734177217,2.117616033755274,0.0184543438041958,22,1467,1,5,5,8,155,18,Critical retention
11176,PhD,Together,65968.0,0,1,2014-05-12,12,376,9,83,19,4,4,2,5,4,7,3,0,0,0,0,0,0,0,22,0,44,35-44,1,2,3,0,491,0,16,4.8,146,0.0081466395112016,0.125,30.6875,102.29166666666669,3.333333333333333,0.0186075066699005,16,491,3,4,3,5,343,35,High-potential growth
2986,Graduation,Married,30772.0,1,1,2014-03-12,89,7,2,4,2,1,4,1,1,0,2,6,0,0,0,0,0,0,0,16,0,38,35-44,2,2,4,0,16,0,3,6.8054794520547945,207,0.25,0.3333333333333333,5.333333333333333,2.3510466988727856,0.4408212560386473,0.0009168256982475,3,16,1,1,1,0,111,10,Low-priority churn
7462,Graduation,Single,22507.0,0,0,2012-11-24,67,68,0,226,51,157,68,3,10,2,4,9,0,0,0,0,0,0,0,16,0,60,55-64,0,1,1,0,502,0,16,22.356164383561644,680,0.1354581673306772,0.1875,31.375,22.454656862745097,0.7156862745098039,0.011972092342513,16,502,1,4,3,5,143,15,Low-priority churn
3900,Graduation,Married,65685.0,0,1,2014-03-29,54,642,14,49,0,7,57,1,9,2,9,5,0,0,0,0,0,0,0,16,0,42,35-44,1,2,3,0,712,0,20,6.2465753424657535,190,0.0800561797752809,0.05,35.6,113.98245614035088,3.201754385964912,0.0208234676666546,20,712,2,4,4,6,244,26,High value at risk
7034,2n Cycle,Married,25804.0,1,0,2013-09-01,34,8,7,9,13,6,12,2,2,0,3,8,0,0,0,0,0,0,0,18,0,36,35-44,1,2,3,0,43,0,5,13.117808219178082,399,0.2790697674418604,0.4,8.6,3.277986633249791,0.3811612364243943,0.0015244086032784,5,43,2,1,1,0,211,20,Standard base
9493,PhD,Single,76412.0,0,0,2013-05-05,15,840,53,804,23,71,17,1,5,4,8,3,0,0,1,1,0,0,1,22,0,34,25-34,0,1,1,0,1791,2,17,17.03013698630137,518,0.0094919039642657,0.0588235294117647,105.3529411764706,105.1665057915058,0.9982303732303732,0.0165157052491502,17,1791,3,4,5,7,345,37,Champions
1143,Graduation,Married,22063.0,1,0,2013-08-08,43,7,10,13,3,11,11,2,2,0,3,7,0,0,0,0,0,0,0,16,0,42,35-44,1,2,3,0,44,0,5,13.906849315068492,423,0.25,0.4,8.8,3.163908589440504,0.3595350669818755,0.0017208404601951,5,44,2,1,2,1,212,21,Standard base
1,Graduation,Single,57091.0,0,0,2014-06-15,0,464,5,64,7,0,37,1,7,3,7,5,0,0,0,0,1,0,1,16,0,53,45-54,0,1,1,0,540,1,17,3.682191780821918,112,0.0685185185185185,0.0588235294117647,31.764705882352946,146.65178571428572,4.616815476190476,0.0308248485500591,17,540,3,4,3,5,343,35,High-potential growth
5989,2n Cycle,Divorced,78353.0,0,1,2013-04-16,51,752,122,476,39,153,34,1,10,2,11,8,0,0,0,0,0,0,0,18,0,55,55-64,1,1,2,0,1542,0,23,17.654794520547945,537,0.0220492866407263,0.0434782608695652,67.04347826086956,87.3417132216015,1.30276225946617,0.0133766487391576,23,1542,2,5,5,8,255,28,High value at risk
9499,Graduation,Married,93404.0,1,2,2013-05-07,97,1279,15,287,20,0,15,3,3,4,7,5,0,1,1,0,0,0,0,16,0,60,55-64,3,2,5,0,1601,2,14,16.964383561643835,516,0.0093691442848219,0.2142857142857142,114.35714285714286,94.37419250645996,0.8252583979328165,0.0121246446627287,14,1601,1,3,5,6,135,16,Critical retention
6768,Graduation,Divorced,37859.0,1,2,2013-01-12,75,22,1,8,2,1,2,2,1,0,3,8,0,0,0,0,0,0,0,16,0,52,45-54,3,1,4,0,34,0,4,20.745205479452054,631,0.0588235294117647,0.5,8.5,1.6389329107237192,0.1928156365557316,0.0005194853252511,4,34,1,1,1,0,111,10,Low-priority churn
2150,PhD,Widow,80995.0,0,1,2013-05-11,83,860,28,409,73,56,56,1,8,9,4,4,0,0,0,0,0,0,0,22,0,56,55-64,1,1,2,0,1426,0,21,16.832876712328765,512,0.0392706872370266,0.0476190476190476,67.9047619047619,84.71516927083334,1.2475585937500002,0.0125511702111241,21,1426,1,5,5,8,155,18,Critical retention
6646,Graduation,Together,16529.0,1,0,2014-03-01,23,3,0,5,13,0,1,1,1,0,3,6,0,0,0,0,0,0,0,16,0,30,25-34,1,2,3,0,21,0,4,7.167123287671233,218,0.0476190476190476,0.25,5.25,2.930045871559633,0.5581039755351682,0.0021272037303355,4,21,3,1,1,0,311,30,Recents
4887,PhD,Divorced,55412.0,1,1,2013-11-22,65,10,5,28,11,1,8,1,2,0,3,5,0,0,0,0,0,0,0,22,0,38,35-44,2,1,3,0,55,0,5,10.421917808219176,317,0.1454545454545454,0.2,11.0,5.277339642481599,0.4797581493165089,0.0011428585091637,5,55,2,1,2,1,212,21,Standard base
8560,Graduation,Single,48789.0,0,0,2012-09-10,94,351,16,156,7,5,145,1,6,4,7,6,0,0,0,0,0,0,0,16,0,22,18-24,0,1,1,0,535,0,17,24.0,755,0.2710280373831775,0.0588235294117647,31.47058823529412,22.291666666666668,0.7083333333333334,0.0054827932525774,17,535,1,4,3,5,143,15,Low-priority churn
3321,PhD,Together,56575.0,0,2,2013-05-05,42,421,5,90,0,16,10,3,7,3,7,5,0,0,0,0,0,0,0,22,0,47,45-54,2,2,4,0,532,0,17,17.03013698630137,518,0.018796992481203,0.1764705882352941,31.294117647058822,31.238738738738743,0.9982303732303732,0.0066259808195292,17,532,2,4,3,5,243,25,Standard base
11003,2n Cycle,Together,25130.0,1,0,2013-10-02,10,2,5,7,0,18,18,2,2,0,3,7,0,0,0,0,0,0,0,18,0,34,25-34,1,2,3,0,32,0,5,12.0986301369863,368,0.5625,0.4,6.4,2.6449275362318843,0.4132699275362319,0.0012629976297167,5,32,3,1,1,0,311,30,Recents
10402,Graduation,Married,35441.0,1,1,2013-02-14,94,25,1,9,2,1,1,2,1,0,3,8,0,0,0,0,0,0,0,16,0,47,45-54,2,2,4,0,38,0,4,19.660273972602734,598,0.0263157894736842,0.5,9.5,1.932831661092531,0.2034559643255295,0.0006544392069385,4,38,1,1,1,0,111,10,Low-priority churn
9904,Graduation,Married,71391.0,0,1,2013-03-29,50,336,123,274,46,123,141,5,6,5,12,3,0,0,0,0,0,0,0,16,0,58,55-64,1,2,3,0,902,0,23,18.246575342465757,555,0.1563192904656319,0.217391304347826,39.21739130434783,49.433933933933936,1.2605105105105106,0.0083092715777507,23,902,2,5,4,7,254,27,High value at risk
6141,Master,Single,49494.0,1,0,2013-04-25,46,191,9,97,0,6,82,2,6,1,5,7,0,0,0,0,0,0,0,18,0,42,35-44,1,1,2,0,303,0,12,17.35890410958904,528,0.2706270627062706,0.1666666666666666,25.25,17.45501893939394,0.6912878787878788,0.0042320327165459,12,303,2,3,3,4,233,24,Standard base
5687,Graduation,Divorced,81702.0,0,0,2012-09-23,98,563,50,774,28,31,187,1,7,7,12,3,0,0,0,0,0,0,0,16,0,34,25-34,0,1,1,0,1446,0,26,24.0,742,0.1293222683264177,0.0384615384615384,55.61538461538461,60.25,1.0833333333333333,0.0088492325769259,26,1446,1,5,5,8,155,18,Critical retention
10856,2n Cycle,Single,45889.0,0,1,2013-07-02,42,31,0,6,0,1,8,1,1,0,3,6,0,0,0,0,0,0,0,18,0,34,25-34,1,1,2,0,38,0,4,15.123287671232877,460,0.2105263157894736,0.25,9.5,2.51268115942029,0.2644927536231884,0.0006570675742126,4,38,2,1,1,0,211,20,Standard base
5121,Graduation,Single,56628.0,0,1,2014-03-21,30,479,5,82,7,17,171,2,7,6,5,5,1,0,0,0,0,0,0,16,0,37,35-44,1,1,2,0,590,1,18,6.50958904109589,198,0.2898305084745762,0.1111111111111111,32.77777777777778,90.63552188552188,2.765151515151515,0.0192065102533422,18,590,3,4,4,6,344,36,Champions
4186,Graduation,Together,34026.0,1,1,2013-08-05,11,18,6,15,12,8,17,3,2,1,3,5,0,0,0,0,0,0,0,16,0,64,55-64,2,2,4,0,59,0,6,14.005479452054796,426,0.288135593220339,0.5,9.833333333333334,4.212636932707356,0.4284037558685446,0.0014856769291861,6,59,3,2,2,2,322,32,Recents
368,Graduation,Married,40049.0,0,1,2012-11-29,61,91,65,52,10,44,28,3,3,2,6,5,0,0,0,0,0,0,0,16,0,40,35-44,1,2,3,0,262,0,11,22.191780821917806,675,0.1068702290076335,0.2727272727272727,23.818181818181817,11.806172839506171,0.495679012345679,0.0035375183918218,11,262,2,3,3,4,233,24,Standard base
3312,Graduation,Single,34176.0,1,0,2014-05-12,12,5,7,24,19,14,20,4,3,0,4,6,0,0,0,0,0,0,0,16,0,26,25-34,1,1,2,0,69,0,7,4.8,146,0.2898550724637681,0.5714285714285714,9.857142857142858,14.375,1.4583333333333337,0.0050474016853932,7,69,3,2,2,2,322,32,Recents
11121,Graduation,Married,19419.0,1,0,2012-11-10,76,2,14,28,16,3,7,4,4,0,3,9,0,0,0,0,0,0,0,16,0,33,25-34,1,2,3,0,63,0,7,22.816438356164383,694,0.1111111111111111,0.5714285714285714,9.0,2.7611671469740635,0.3067963496637848,0.0017062673548426,7,63,1,2,2,2,122,12,Low-priority churn
5332,2n Cycle,Married,82504.0,0,0,2013-07-27,2,362,50,431,134,35,54,1,3,6,7,1,0,0,0,0,0,0,0,18,0,54,45-54,0,2,2,0,1012,0,16,14.3013698630137,435,0.0533596837944664,0.0625,63.25,70.76245210727969,1.1187739463601531,0.0102922212897236,16,1012,3,4,4,6,344,36,Champions
5848,Graduation,Together,81205.0,0,0,2014-01-13,43,724,74,929,97,55,130,1,5,6,7,2,1,0,1,0,1,0,1,16,0,44,35-44,0,2,2,0,1879,3,18,8.712328767123287,265,0.069185737094199,0.0555555555555555,104.38888888888889,215.6713836477988,2.066037735849057,0.0318706557942686,18,1879,2,4,5,7,245,27,High value at risk
10343,2n Cycle,Single,61618.0,0,0,2012-09-29,27,605,91,399,0,45,205,2,3,6,8,3,0,0,0,0,0,0,0,18,0,23,18-24,0,1,1,0,1140,0,17,24.0,736,0.1798245614035087,0.1176470588235294,67.05882352941177,47.5,0.7083333333333334,0.0092505436723035,17,1140,3,4,5,7,345,37,Champions
5935,Master,Single,55284.0,0,1,2012-12-24,60,547,7,140,0,7,63,3,7,5,8,5,0,0,0,0,0,0,0,18,0,58,55-64,1,1,2,0,701,0,20,21.36986301369863,650,0.0898716119828816,0.15,35.05,32.80320512820513,0.935897435897436,0.0071202963160853,20,701,2,4,4,6,244,26,High value at risk
2895,Graduation,Single,49980.0,0,1,2013-10-23,79,104,1,54,13,9,14,2,3,1,5,5,0,0,0,0,0,0,0,16,0,51,45-54,1,1,2,0,181,0,9,11.408219178082192,347,0.0773480662983425,0.2222222222222222,20.11111111111111,15.865754082612872,0.7889048991354467,0.0038093047017077,9,181,1,2,2,2,122,12,Low-priority churn
10262,Graduation,Married,15072.0,2,0,2013-05-10,96,8,2,15,0,10,18,4,3,1,3,5,0,0,0,0,0,0,0,16,0,34,25-34,2,2,4,0,35,0,7,16.865753424657534,513,0.5142857142857142,0.5714285714285714,5.0,2.075211176088369,0.4150422352176738,0.0016522381975225,7,35,1,2,1,1,121,11,Low-priority churn
7848,Graduation,Single,49166.0,0,1,2013-06-13,17,224,2,25,7,0,110,2,5,3,3,6,0,0,0,0,0,0,0,16,0,40,35-44,1,1,2,0,258,0,11,15.747945205479452,479,0.4263565891472868,0.1818181818181818,23.454545454545453,16.383089770354907,0.6985038274182325,0.0039986388407488,11,258,3,3,3,4,333,34,Loyal
7186,PhD,Together,30843.0,1,1,2014-05-26,43,24,0,2,0,0,9,2,1,1,2,5,1,0,0,0,0,0,0,22,0,48,45-54,2,2,4,0,26,1,4,4.33972602739726,132,0.3461538461538461,0.5,6.5,5.991161616161616,0.9217171717171716,0.0023309645428116,4,26,2,1,1,0,211,20,Standard base
5794,PhD,Married,46374.0,0,1,2014-03-17,1,408,0,21,0,0,17,3,7,1,7,8,0,1,0,1,0,0,1,22,0,40,35-44,1,2,3,0,429,2,15,6.641095890410958,202,0.0396270396270396,0.2,28.6,64.59777227722773,2.258663366336634,0.0167156869652549,15,429,3,3,3,4,333,34,Loyal
1456,Graduation,Single,60474.0,0,1,2013-04-01,25,265,199,303,234,9,170,7,10,2,12,7,0,0,0,0,0,0,0,16,0,35,35-44,1,1,2,0,1010,0,24,18.14794520547945,552,0.1683168316831683,0.2916666666666667,42.083333333333336,55.65368357487922,1.322463768115942,0.0110434931193331,24,1010,3,5,4,7,354,37,Champions
4877,Master,Married,38576.0,0,1,2014-03-04,2,34,0,7,0,0,0,1,1,0,3,7,0,0,0,0,0,0,0,18,0,41,35-44,1,2,3,0,41,0,4,7.068493150684931,215,0.0,0.25,10.25,5.800387596899225,0.5658914728682171,0.0018043511811175,4,41,3,1,1,0,311,30,Recents
425,Graduation,Married,55357.0,2,0,2013-02-19,66,374,64,116,84,25,64,3,6,2,11,5,0,0,0,0,0,0,0,16,0,29,25-34,2,2,4,0,663,0,19,19.495890410958904,593,0.0965309200603318,0.1578947368421052,34.89473684210526,34.00716694772344,0.9745643620011244,0.0073718952142038,19,663,2,4,4,6,244,26,High value at risk
3007,Graduation,Together,37758.0,1,1,2012-10-04,49,27,2,10,0,0,1,2,1,0,3,8,0,0,0,0,0,0,0,16,0,48,45-54,2,2,4,0,39,0,4,24.0,731,0.0256410256410256,0.5,9.75,1.625,0.1666666666666666,0.0005164468457015,4,39,2,1,1,0,211,20,Standard base
1031,2n Cycle,Married,85710.0,0,0,2013-05-05,5,600,20,350,29,30,33,1,6,9,10,2,0,0,1,0,0,0,0,18,0,25,25-34,0,2,2,0,1029,1,25,17.03013698630137,518,0.032069970845481,0.04,41.16,60.422297297297305,1.4679858429858432,0.0084595445988515,25,1029,3,5,4,7,354,37,Champions
4297,Graduation,Together,23228.0,1,0,2014-01-26,71,13,2,18,6,1,0,2,2,0,3,8,0,0,0,0,0,0,0,16,0,45,45-54,1,2,3,0,40,0,5,8.284931506849315,252,0.0,0.4,8.0,4.828042328042328,0.603505291005291,0.0024942529678193,5,40,1,1,1,0,111,10,Low-priority churn
807,Master,Together,44602.0,1,1,2014-02-15,35,167,2,89,0,0,34,6,6,1,4,8,0,0,0,0,0,0,0,18,0,45,45-54,2,2,4,0,258,0,11,7.627397260273972,232,0.1317829457364341,0.5454545454545454,23.454545454545453,33.82543103448276,1.442169540229885,0.0091006047355229,11,258,2,3,3,4,233,24,Standard base
9553,Graduation,Married,7500.0,0,0,2013-01-09,94,0,2,3,4,1,5,1,0,0,3,6,0,0,0,0,0,0,0,16,0,27,25-34,0,2,2,0,10,0,3,20.843835616438355,634,0.5,0.3333333333333333,3.333333333333333,0.4797581493165089,0.1439274447949527,0.0007676130389064,3,10,1,1,1,0,111,10,Low-priority churn
4271,2n Cycle,Together,38683.0,1,0,2012-10-04,80,46,35,69,84,41,66,6,4,1,6,7,0,0,0,0,0,0,0,18,0,25,25-34,1,2,3,0,275,0,11,24.0,731,0.24,0.5454545454545454,25.0,11.458333333333334,0.4583333333333333,0.0035545329989918,11,275,1,3,3,4,133,14,Low-priority churn
4120,2n Cycle,Single,49514.0,1,0,2013-12-17,61,88,39,78,58,13,93,2,6,1,4,7,0,0,0,0,0,0,0,18,0,39,35-44,1,1,2,0,276,0,11,9.6,292,0.3369565217391304,0.1818181818181818,25.09090909090909,28.75,1.1458333333333337,0.0069677262996324,11,276,2,3,3,4,233,24,Standard base
2036,PhD,Together,57906.0,0,1,2013-06-11,29,243,11,119,10,3,15,3,4,2,8,4,0,0,0,0,0,0,0,22,0,41,35-44,1,2,3,0,386,0,14,15.813698630136985,481,0.038860103626943,0.2142857142857142,27.571428571428573,24.409216909216912,0.8853083853083854,0.0050583808743584,14,386,3,3,3,4,333,34,Loyal
115,Master,Single,43456.0,0,1,2013-03-26,0,275,11,68,25,7,7,3,5,1,8,5,0,0,0,0,0,0,0,18,0,48,45-54,1,1,2,0,386,0,14,18.34520547945205,558,0.0181347150259067,0.2142857142857142,27.571428571428573,21.040919952210277,0.763142174432497,0.0058102687644174,14,386,3,3,3,4,333,34,Loyal
4259,Master,Single,19485.0,2,0,2013-09-24,80,6,0,4,0,0,0,1,1,0,2,7,0,0,0,0,0,0,0,18,0,28,25-34,2,1,3,0,10,0,3,12.361643835616436,376,0.0,0.3333333333333333,3.333333333333333,0.8089539007092199,0.2426861702127659,0.000498201016603,3,10,1,1,1,0,111,10,Low-priority churn
8687,Graduation,Together,53172.0,0,1,2013-05-06,54,121,62,90,68,20,125,3,2,3,8,3,0,0,0,0,0,0,0,16,0,36,35-44,1,2,3,0,361,0,13,16.997260273972604,517,0.3462603878116344,0.2307692307692307,27.76923076923077,21.23871695680206,0.7648291424887169,0.0047932107778835,13,361,2,3,3,4,233,24,Standard base
2447,Graduation,Together,30545.0,1,0,2012-10-17,71,4,12,15,19,7,12,2,2,0,3,7,0,0,0,0,0,0,0,16,0,35,35-44,1,2,3,0,57,0,5,23.605479452054794,718,0.2105263157894736,0.4,11.4,2.4146935933147637,0.2118152274837511,0.0009486437426674,5,57,1,1,2,1,112,11,Low-priority churn
10140,PhD,Together,70123.0,0,0,2013-09-28,27,1308,0,396,23,0,0,1,5,7,4,3,0,1,0,0,1,0,0,22,0,31,25-34,0,2,2,0,1727,2,16,12.23013698630137,372,0.0,0.0625,107.9375,141.20855734767025,1.3082437275985663,0.0241647203937658,16,1727,3,4,5,7,345,37,Champions
9353,Graduation,Single,62450.0,0,1,2014-01-06,61,515,47,267,62,66,38,2,5,5,4,3,0,1,0,0,0,0,0,16,0,55,55-64,1,1,2,0,957,1,14,8.942465753424656,272,0.0397074190177638,0.1428571428571428,68.35714285714286,107.01746323529412,1.5655637254901964,0.0205638039843639,14,957,2,3,4,5,234,25,High value at risk
3623,Graduation,Together,21675.0,1,0,2014-06-11,55,4,0,16,17,4,4,3,4,0,3,7,0,0,0,0,0,0,0,16,0,38,35-44,1,2,3,0,41,0,7,3.813698630136986,116,0.0975609756097561,0.4285714285714285,5.857142857142857,10.750718390804598,1.8354885057471264,0.0059519548184385,7,41,2,2,1,1,221,21,Standard base
738,2n Cycle,Single,42395.0,1,1,2014-04-04,35,48,13,57,24,15,25,4,3,1,4,7,0,0,0,0,0,0,0,18,0,33,25-34,2,1,3,0,157,0,8,6.049315068493151,184,0.1592356687898089,0.5,19.625,25.953351449275363,1.322463768115942,0.0073461544378182,8,157,2,2,2,2,222,22,Standard base
7631,Master,Together,61346.0,1,0,2013-10-06,34,562,58,168,43,16,142,1,5,7,10,3,0,0,0,0,0,0,0,18,0,36,35-44,1,2,3,0,847,0,22,11.967123287671232,364,0.1676505312868949,0.0454545454545454,38.5,70.77724358974359,1.8383699633699635,0.0138448623068647,22,847,2,5,4,7,254,27,High value at risk
4789,Graduation,Together,80812.0,0,0,2013-09-17,95,769,22,500,210,143,33,1,4,8,5,2,1,0,1,1,0,0,0,16,0,61,55-64,0,2,2,0,1644,3,17,12.591780821917808,383,0.0200729927007299,0.0588235294117647,96.70588235294116,130.56135770234988,1.3500870322019147,0.0193874213288645,17,1644,1,4,5,7,145,17,Critical retention
773,Master,Divorced,42835.0,1,1,2013-06-30,64,379,4,93,12,9,98,7,6,6,4,6,0,0,0,0,0,0,0,18,0,43,35-44,2,1,3,0,497,0,16,15.18904109589041,462,0.1971830985915492,0.4375,31.0625,32.7209595959596,1.0533910533910535,0.0091666047659977,16,497,2,4,3,5,243,25,Standard base
10602,Graduation,Married,39922.0,1,0,2013-02-14,30,29,12,59,19,1,36,2,3,0,4,8,0,0,0,0,0,0,0,16,0,31,25-34,1,2,3,0,120,0,7,19.660273972602734,598,0.3,0.2857142857142857,17.142857142857142,6.103678929765887,0.3560479375696767,0.0018346813074793,7,120,3,2,2,2,322,32,Recents
1446,Master,Single,86424.0,0,0,2014-04-05,12,387,68,569,89,45,68,1,6,9,12,1,0,0,0,0,0,0,0,18,0,58,55-64,0,1,1,0,1158,0,27,6.016438356164383,183,0.0587219343696027,0.037037037037037,42.888888888888886,192.47267759562845,4.487704918032788,0.0267248927514063,27,1158,3,5,5,8,355,38,Champions
3270,2n Cycle,Together,17117.0,1,0,2013-01-17,96,12,23,38,30,18,7,4,3,1,3,9,0,0,0,0,0,0,0,18,0,36,35-44,1,2,3,0,121,0,7,20.58082191780822,626,0.0578512396694214,0.5714285714285714,17.285714285714285,5.8792598509052185,0.340122470713525,0.0041216987913105,7,121,1,2,2,2,122,12,Low-priority churn
8443,Graduation,Single,24762.0,1,0,2014-02-10,16,6,10,12,3,15,40,3,3,1,2,8,1,0,0,0,0,0,1,16,0,42,35-44,1,1,2,0,46,1,6,7.791780821917808,237,0.8695652173913043,0.5,7.666666666666667,5.903656821378341,0.770042194092827,0.0028609919173144,6,46,3,2,2,2,322,32,Recents
9653,Graduation,Married,35797.0,0,1,2012-10-16,16,27,1,14,4,1,21,2,2,0,3,8,0,0,0,0,0,0,0,16,0,39,35-44,1,2,3,0,47,0,5,23.63835616438356,719,0.4468085106382978,0.4,9.4,1.988293926750116,0.2115206305053315,0.0006665230919071,5,47,3,1,2,1,312,31,Recents
8916,Graduation,Divorced,36627.0,2,0,2013-07-23,78,9,1,5,0,0,1,1,0,0,3,5,0,0,0,0,0,0,0,16,0,39,35-44,2,1,3,0,15,0,3,14.432876712328769,439,0.0666666666666666,0.3333333333333333,5.0,1.0392938496583144,0.2078587699316628,0.000340500892672,3,15,1,1,1,0,111,10,Low-priority churn
8017,2n Cycle,Married,51111.0,1,1,2014-06-19,83,22,0,19,6,5,3,2,2,0,3,6,0,0,0,0,0,0,0,18,0,33,25-34,2,2,4,0,52,0,5,3.5506849315068494,108,0.0576923076923076,0.4,10.4,14.645061728395062,1.408179012345679,0.0034384132719129,5,52,1,1,2,1,112,11,Low-priority churn
4597,PhD,Together,82072.0,0,0,2013-07-02,67,889,55,685,168,92,129,1,3,2,13,1,0,0,0,0,0,0,0,22,0,44,35-44,0,2,2,0,1889,0,18,15.123287671232877,460,0.0682901005823186,0.0555555555555555,104.94444444444444,124.90670289855072,1.190217391304348,0.018262993892955,18,1889,1,4,5,7,145,17,Critical retention
7023,PhD,Single,46231.0,2,1,2012-11-26,87,189,2,55,0,5,12,4,6,1,4,9,0,0,0,0,0,0,0,22,0,61,55-64,3,1,4,0,251,0,11,22.290410958904108,678,0.047808764940239,0.3636363636363636,22.818181818181817,11.260447394296952,0.4934857423795477,0.0029228303244914,11,251,1,3,3,4,133,14,Low-priority churn
8086,Graduation,Married,42243.0,1,1,2013-12-11,34,48,0,2,0,0,5,2,2,0,3,7,0,0,0,0,0,0,0,16,0,55,55-64,2,2,4,0,50,0,5,9.797260273972602,298,0.1,0.4,10.0,5.103467561521253,0.5103467561521253,0.0014497457741698,5,50,2,1,2,1,212,21,Standard base
8825,Graduation,Together,51195.0,1,1,2013-04-01,46,230,14,156,82,24,58,8,9,2,5,8,0,0,0,0,0,0,0,16,0,52,45-54,2,2,4,0,506,0,16,18.14794520547945,552,0.1146245059288537,0.5,31.625,27.881944444444443,0.8816425120772947,0.0065354689585571,16,506,2,4,3,5,243,25,Standard base
2930,Master,Single,68092.0,0,0,2013-12-16,7,852,60,207,78,36,48,2,2,6,10,5,0,0,0,0,0,0,0,18,0,36,35-44,0,1,1,0,1233,0,18,9.632876712328766,293,0.0389294403892944,0.1111111111111111,68.5,127.9991467576792,1.8686006825938568,0.0225575656625176,18,1233,3,4,5,7,345,37,Champions
1928,Graduation,Married,31814.0,1,0,2013-02-09,73,35,3,20,4,1,20,2,2,0,3,9,1,0,0,0,0,0,0,16,0,41,35-44,1,2,3,0,63,1,5,19.824657534246576,603,0.3174603174603174,0.4,12.6,3.177860696517413,0.2522111663902708,0.0011986650015153,5,63,1,1,2,1,112,11,Low-priority churn
7108,Master,Widow,51390.0,1,1,2012-09-08,54,205,20,47,23,2,56,6,5,2,5,5,0,0,0,0,0,0,0,18,0,49,45-54,2,1,3,0,297,0,12,24.0,757,0.1885521885521885,0.5,24.75,12.375,0.5,0.0028896672504378,12,297,2,3,3,4,233,24,Standard base
10925,Graduation,Married,76630.0,0,0,2014-01-14,93,255,31,446,40,56,175,1,3,10,11,1,0,0,0,0,0,0,0,16,0,31,25-34,0,2,2,0,828,0,24,8.67945205479452,264,0.2113526570048309,0.0416666666666666,34.5,95.39772727272728,2.765151515151515,0.0149389629032066,24,828,1,5,4,7,154,17,Critical retention
9960,Basic,Single,26868.0,1,0,2014-04-30,52,0,0,1,8,3,2,1,1,0,2,7,0,0,0,0,0,0,0,12,0,23,18-24,1,1,2,0,12,0,3,5.1945205479452055,158,0.1666666666666666,0.3333333333333333,4.0,2.310126582278481,0.5775316455696202,0.0010317671202672,3,12,2,1,1,0,211,20,Standard base
9224,PhD,Single,55260.0,0,1,2012-12-12,81,825,8,53,11,0,242,2,8,10,5,6,0,0,0,0,0,0,0,22,0,42,35-44,1,1,2,0,897,0,23,21.76438356164384,662,0.2697881828316611,0.0869565217391304,39.0,41.21412386706949,1.0567724068479356,0.0089498640319369,23,897,1,5,4,7,154,17,Critical retention
5519,Graduation,Together,64090.0,0,1,2013-08-07,8,316,58,161,76,51,135,1,6,9,4,5,0,0,0,0,0,0,1,16,0,58,55-64,1,2,3,0,662,0,19,13.93972602739726,424,0.2039274924471299,0.0526315789473684,34.8421052631579,47.49017295597484,1.3630110062893082,0.0088919031903838,19,662,3,4,4,6,344,36,Champions
5046,Graduation,Divorced,78331.0,0,1,2014-01-23,97,756,138,354,160,169,61,2,10,6,7,4,0,0,0,0,0,0,0,16,0,56,55-64,1,1,2,0,1577,0,23,8.383561643835616,255,0.0386810399492707,0.0869565217391304,68.56521739130434,188.1062091503268,2.7434640522875817,0.02881712872048,23,1577,1,5,5,8,155,18,Critical retention
7037,PhD,Married,37087.0,1,0,2013-08-11,50,194,55,134,15,0,3,3,4,2,8,6,0,0,0,0,0,0,0,22,0,40,35-44,1,2,3,0,398,0,14,13.808219178082192,420,0.007537688442211,0.2142857142857142,28.428571428571427,28.8234126984127,1.0138888888888888,0.0093262046641937,14,398,2,3,3,4,233,24,Standard base
905,Graduation,Divorced,21846.0,1,0,2013-10-22,38,7,17,18,6,10,26,4,4,0,3,8,0,0,0,0,0,0,0,16,0,28,25-34,1,1,2,0,58,0,7,11.441095890410958,348,0.4482758620689655,0.5714285714285714,8.285714285714286,5.069444444444445,0.6118295019157088,0.0027846440233147,7,58,2,2,2,2,222,22,Standard base
8624,Graduation,Married,81320.0,0,0,2013-02-06,61,183,33,493,59,103,57,1,4,3,10,2,0,0,0,0,0,0,0,16,0,56,55-64,0,2,2,0,871,0,17,19.92328767123288,606,0.0654420206659012,0.0588235294117647,51.23529411764706,43.71768426842685,0.8532728272827282,0.0064512077129995,17,871,2,4,4,6,244,26,High value at risk
8945,Graduation,Divorced,54137.0,0,1,2013-08-16,46,171,0,11,0,1,20,2,4,1,4,6,0,0,0,0,0,0,0,16,0,44,35-44,1,1,2,0,183,0,9,13.643835616438356,415,0.1092896174863388,0.2222222222222222,20.33333333333333,13.41265060240964,0.6596385542168675,0.0029730462941964,9,183,2,2,3,3,223,23,Standard base
6445,Graduation,Together,66825.0,0,0,2013-07-14,73,243,101,405,29,40,40,1,4,5,6,2,0,0,0,0,0,0,0,16,0,47,45-54,0,2,2,0,818,0,15,14.728767123287671,448,0.0488997555012225,0.0666666666666666,54.53333333333333,55.53757440476191,1.0184151785714286,0.0099730773341884,15,818,1,3,4,5,134,15,Critical retention
2727,Graduation,Together,57100.0,0,0,2013-12-04,19,181,21,69,39,3,96,1,3,3,6,3,0,0,0,0,0,0,0,16,0,41,35-44,0,2,2,0,313,0,12,10.027397260273972,305,0.3067092651757188,0.0833333333333333,26.08333333333333,31.21448087431694,1.1967213114754098,0.0065599609543223,12,313,3,3,3,4,333,34,Loyal
6404,Graduation,Together,58917.0,1,2,2013-03-24,10,151,7,89,0,7,28,5,4,1,6,5,0,0,0,0,0,0,0,16,0,45,45-54,3,2,5,0,254,0,11,18.410958904109588,560,0.1102362204724409,0.4545454545454545,23.09090909090909,13.796130952380953,0.5974702380952381,0.0028099457105516,11,254,3,3,3,4,333,34,Loyal
11074,Graduation,Single,85072.0,0,0,2014-04-09,94,494,92,391,194,11,241,1,3,4,10,0,0,0,0,0,0,0,0,16,0,37,35-44,0,1,1,0,1182,0,17,5.884931506849314,179,0.2038917089678511,0.0588235294117647,69.52941176470588,200.85195530726256,2.8887337057728124,0.0283315716532719,17,1182,1,4,5,7,145,17,Critical retention
10150,Graduation,Single,86429.0,0,0,2013-11-21,10,464,28,873,29,18,37,0,7,4,7,2,0,0,0,1,0,0,1,16,0,53,45-54,0,1,1,0,1412,1,18,10.454794520547944,318,0.0262039660056657,0.0,78.44444444444444,135.05765199161428,1.7216981132075473,0.0187517132432328,18,1412,3,4,5,7,345,37,Champions
1968,Graduation,Widow,45684.0,1,0,2013-12-02,37,5,1,5,10,0,7,1,1,0,2,7,0,0,0,0,0,0,0,16,0,43,35-44,1,1,2,0,21,0,3,10.093150684931508,307,0.3333333333333333,0.3333333333333333,7.0,2.0806188925081432,0.2972312703583062,0.0005465245317856,3,21,2,1,1,0,211,20,Standard base
6534,Graduation,Together,47889.0,1,0,2014-01-04,94,29,0,29,0,5,4,1,2,0,3,5,0,0,0,0,0,0,0,16,0,40,35-44,1,2,3,0,63,0,5,9.008219178082191,274,0.0634920634920634,0.2,12.6,6.993613138686132,0.5550486618004866,0.0017524558387987,5,63,1,1,2,1,112,11,Low-priority churn
9485,PhD,Married,45921.0,0,0,2014-03-10,23,102,9,49,24,3,12,1,2,1,6,4,0,0,0,0,0,0,0,22,0,28,25-34,0,2,2,0,187,0,9,6.8712328767123285,209,0.0641711229946524,0.1111111111111111,20.77777777777778,27.21491228070176,1.3098086124401915,0.0071117560020126,9,187,3,2,3,3,323,33,Recents
7053,PhD,Single,78420.0,0,0,2013-06-29,75,604,28,674,91,28,28,1,3,10,8,1,0,0,0,0,0,0,0,22,0,48,45-54,0,1,1,0,1425,0,21,15.221917808219178,463,0.0196491228070175,0.0476190476190476,67.85714285714286,93.61501079913609,1.3795896328293735,0.0143251738024691,21,1425,1,5,5,8,155,18,Critical retention
4654,Graduation,Together,75114.0,0,0,2013-11-07,40,571,12,523,63,60,24,1,3,10,5,2,0,0,0,0,0,0,0,16,0,22,18-24,0,2,2,0,1229,0,18,10.915068493150685,332,0.0195280716029292,0.0555555555555555,68.27777777777777,112.59663654618474,1.6490963855421688,0.0179881199051337,18,1229,2,4,5,7,245,27,High value at risk
1048,Master,Married,35641.0,1,0,2013-07-14,11,63,3,67,8,9,28,2,3,1,4,7,0,0,0,0,0,0,1,18,0,42,35-44,1,2,3,0,150,0,8,14.728767123287671,448,0.1866666666666666,0.25,18.75,10.184151785714286,0.5431547619047619,0.0034289111256297,8,150,3,2,2,2,322,32,Recents
10619,Graduation,Single,95529.0,0,0,2012-12-03,29,770,29,890,250,27,24,1,7,3,7,3,0,0,1,0,0,0,1,16,0,20,18-24,0,1,1,0,1966,1,17,22.06027397260274,671,0.0122075279755849,0.0588235294117647,115.6470588235294,89.11947342275211,0.7706159960258321,0.0111948589545899,17,1966,3,4,5,7,345,37,Champions
9308,Graduation,Married,62820.0,0,0,2013-05-11,51,398,61,265,138,61,53,1,3,4,6,1,0,0,0,0,0,0,0,16,0,60,55-64,0,2,2,0,923,0,13,16.832876712328765,512,0.0574214517876489,0.0769230769230769,71.0,54.83317057291667,0.7722981770833334,0.0104743401285418,13,923,2,3,4,5,234,25,High value at risk
10505,Master,Together,73113.0,0,0,2013-12-26,86,741,19,154,50,9,28,1,3,4,7,2,0,0,0,0,0,0,0,18,0,54,45-54,0,2,2,0,973,0,14,9.304109589041095,283,0.0287769784172661,0.0714285714285714,69.5,104.57744405182568,1.5047114252061249,0.0171642434125519,14,973,1,3,4,5,134,15,Critical retention
2625,2n Cycle,Single,42607.0,0,1,2013-11-17,30,156,29,56,30,32,47,2,3,2,7,3,0,0,0,0,0,0,0,18,0,60,55-64,1,1,2,0,303,0,12,10.586301369863014,322,0.1551155115511551,0.1666666666666666,25.25,28.621894409937887,1.1335403726708075,0.0080611808604045,12,303,3,3,3,4,333,34,Loyal
4637,PhD,Single,74637.0,0,0,2013-05-18,73,960,64,464,146,0,16,1,6,9,9,3,0,0,0,1,0,0,0,22,0,60,55-64,0,1,1,0,1634,1,24,16.602739726027398,505,0.0097919216646266,0.0416666666666666,68.08333333333333,98.41749174917491,1.4455445544554455,0.0158233838577394,24,1634,1,5,5,8,155,18,Critical retention
9972,PhD,Together,46015.0,1,1,2014-04-13,25,38,0,2,0,0,6,1,1,0,3,7,1,0,0,0,1,0,0,22,0,59,55-64,2,2,4,0,40,2,4,5.753424657534247,175,0.15,0.25,10.0,6.9523809523809526,0.6952380952380952,0.0018130733766939,4,40,3,1,1,0,311,30,Recents
4483,Graduation,Single,72354.0,0,0,2013-04-17,67,315,26,473,220,12,182,1,2,10,6,1,0,0,0,0,0,0,0,16,0,21,18-24,0,1,1,0,1046,0,18,17.621917808219177,536,0.1739961759082218,0.0555555555555555,58.11111111111112,59.357898009950254,1.0214552238805972,0.0098445804809603,18,1046,1,4,4,6,144,16,Critical retention
4487,Master,Single,39858.0,1,0,2013-01-24,67,15,20,25,2,7,26,1,2,0,4,6,0,0,0,0,0,0,1,18,0,45,45-54,1,1,2,0,69,0,6,20.350684931506848,619,0.3768115942028985,0.1666666666666666,11.5,3.390549273021002,0.2948303715670436,0.0010207885813701,6,69,1,2,2,2,122,12,Low-priority churn
4988,PhD,Married,34469.0,1,1,2014-05-04,58,19,6,20,0,5,12,3,1,1,4,4,0,0,0,0,0,0,0,22,0,66,65-74,2,2,4,0,50,0,6,5.063013698630137,154,0.24,0.5,8.333333333333334,9.875541125541126,1.1850649350649352,0.0034380600976672,6,50,2,2,2,2,222,22,Standard base
8931,Graduation,Together,83033.0,1,0,2014-05-18,82,812,99,431,237,149,33,1,11,4,10,5,0,0,0,1,0,0,0,16,0,28,25-34,1,2,3,0,1728,1,25,4.602739726027397,140,0.0190972222222222,0.04,69.12,375.4285714285714,5.43154761904762,0.0542572574415335,25,1728,1,5,5,8,155,18,Critical retention
5871,Master,Together,24401.0,0,0,2012-08-31,98,73,28,217,10,24,115,3,6,1,6,8,0,0,0,0,0,0,0,18,0,35,35-44,0,2,2,0,352,0,13,24.0,765,0.3267045454545454,0.2307692307692307,27.07692307692308,14.666666666666666,0.5416666666666666,0.0072128191467562,13,352,1,3,3,4,133,14,Low-priority churn
2008,Graduation,Married,77583.0,0,0,2014-02-10,93,372,23,384,250,12,108,1,4,5,9,2,0,0,0,1,0,0,0,16,0,36,35-44,0,2,2,0,1041,1,18,7.791780821917808,237,0.1037463976945245,0.0555555555555555,57.833333333333336,133.6023206751055,2.3101265822784813,0.0206646797378454,18,1041,1,4,4,6,144,16,Critical retention
3139,2n Cycle,Single,74116.0,0,0,2013-12-30,53,871,111,704,145,55,166,1,4,4,10,2,0,1,0,0,0,0,0,18,0,32,25-34,0,1,1,0,1886,1,18,9.172602739726027,279,0.088016967126193,0.0555555555555555,104.77777777777776,205.61230585424133,1.9623655913978493,0.0332903512096024,18,1886,2,4,5,7,245,27,High value at risk
10673,PhD,Married,68397.0,0,1,2013-11-17,6,760,80,466,17,13,80,1,6,9,5,3,0,0,0,0,0,0,0,22,0,38,35-44,1,2,3,0,1336,0,20,10.586301369863014,322,0.059880239520958,0.05,66.8,126.20082815734987,1.8892339544513457,0.0221414672849423,20,1336,3,4,5,7,345,37,Champions
5303,PhD,Together,79632.0,0,0,2014-04-08,42,471,0,510,99,21,12,1,6,4,9,2,0,0,0,0,0,0,0,22,0,40,35-44,0,2,2,0,1101,0,19,5.917808219178082,180,0.0108991825613079,0.0526315789473684,57.94736842105263,186.04861111111111,3.2106481481481484,0.0280362584555622,19,1101,2,4,5,7,245,27,High value at risk
538,Graduation,Single,46107.0,1,0,2014-02-10,78,31,9,27,16,9,33,1,1,1,4,3,0,0,0,0,0,0,0,16,0,25,25-34,1,1,2,0,92,0,6,7.791780821917808,237,0.358695652173913,0.1666666666666666,15.333333333333334,11.807313642756682,0.770042194092827,0.0030730206630897,6,92,1,2,2,2,122,12,Low-priority churn
7922,PhD,Single,64950.0,0,1,2012-08-12,29,819,0,72,12,0,63,2,11,2,10,7,0,1,0,0,0,0,0,22,0,63,55-64,1,1,2,0,903,1,23,24.0,784,0.0697674418604651,0.0869565217391304,39.26086956521739,37.625,0.9583333333333334,0.0069515011547344,23,903,3,5,4,7,354,37,Champions
5692,Basic,Married,25443.0,1,0,2012-12-22,82,1,4,3,8,9,7,1,1,0,3,8,0,0,0,0,0,0,0,12,0,25,25-34,1,2,3,0,25,0,4,21.435616438356163,652,0.28,0.25,6.25,1.166283231083845,0.1866053169734151,0.0005500687329719,4,25,1,1,1,0,111,10,Low-priority churn
6383,PhD,Together,32892.0,1,0,2014-05-25,78,26,0,15,2,1,2,2,3,0,3,8,0,0,0,0,0,0,0,22,0,43,35-44,1,2,3,0,44,0,6,4.372602739726028,133,0.0454545454545454,0.3333333333333333,7.333333333333333,10.06265664160401,1.3721804511278195,0.003671162583584,6,44,1,2,2,2,122,12,Low-priority churn
1628,Graduation,Together,71796.0,0,0,2013-10-24,54,354,21,311,167,75,32,1,9,3,4,4,0,0,0,0,0,0,0,16,0,43,35-44,0,2,2,0,928,0,16,11.375342465753423,346,0.0344827586206896,0.0625,58.0,81.57996146435453,1.4065510597302504,0.0136352935758573,16,928,2,4,4,6,244,26,High value at risk
1204,PhD,Married,67536.0,0,1,2013-05-22,45,1253,0,447,23,71,35,3,11,5,11,8,0,0,0,1,0,0,0,22,0,44,35-44,1,2,3,0,1794,1,27,16.471232876712328,501,0.0195094760312151,0.1111111111111111,66.44444444444444,108.91716566866268,1.6392215568862276,0.0193527302183124,27,1794,2,5,5,8,255,28,High value at risk
3673,Graduation,Single,55239.0,0,1,2013-07-14,59,371,17,238,23,24,106,3,7,5,11,5,0,0,0,0,0,0,0,16,0,43,35-44,1,1,2,0,673,0,23,14.728767123287671,448,0.1575037147102526,0.1304347826086956,29.26086956521739,45.692894345238095,1.5615699404761905,0.0099262248075247,23,673,2,5,4,7,254,27,High value at risk
760,PhD,Divorced,60554.0,1,0,2013-08-09,8,588,7,76,110,15,15,2,8,4,9,6,0,0,0,0,0,0,0,22,0,39,35-44,1,1,2,0,796,0,21,13.873972602739723,422,0.0188442211055276,0.0952380952380952,37.90476190476191,57.37361769352291,1.5136255924170616,0.0113697429124793,21,796,3,5,4,7,354,37,Champions
8957,2n Cycle,Single,64831.0,1,1,2013-06-10,51,480,86,249,75,86,144,8,6,3,5,6,0,0,0,0,0,0,0,18,0,62,55-64,2,1,3,0,976,0,14,15.846575342465751,482,0.1475409836065573,0.5714285714285714,69.71428571428571,61.59059474412172,0.8834716459197787,0.0114002118882858,14,976,2,3,4,5,234,25,High value at risk
4128,PhD,Together,56067.0,0,1,2013-07-20,51,517,12,54,16,6,120,2,7,4,7,5,0,0,0,0,0,0,0,22,0,52,45-54,1,2,3,0,605,0,18,14.531506849315068,442,0.1983471074380165,0.1111111111111111,33.611111111111114,41.63367269984917,1.23868778280543,0.0089108401091228,18,605,2,4,4,6,244,26,High value at risk
6810,Graduation,Divorced,82025.0,0,0,2013-05-28,76,267,98,606,48,70,98,1,3,2,6,1,0,0,1,0,0,0,1,16,0,31,25-34,0,1,1,0,1089,1,11,16.273972602739725,495,0.0899908172635445,0.0909090909090909,99.0,66.91666666666667,0.6759259259259259,0.0097896982627247,11,1089,1,3,4,5,134,15,Critical retention
5386,Graduation,Together,94384.0,0,0,2013-03-04,62,1111,24,790,160,45,172,0,5,8,5,2,0,1,1,1,0,0,1,16,0,61,55-64,0,2,2,0,2130,3,18,19.06849315068493,580,0.0807511737089201,0.0,118.33333333333331,111.70258620689656,0.9439655172413794,0.0142018883972151,18,2130,2,4,5,7,245,27,High value at risk
8700,Basic,Single,14906.0,0,0,2012-12-22,86,7,7,14,7,16,15,3,2,1,3,7,0,0,0,0,0,0,0,12,0,28,25-34,0,1,1,0,51,0,6,21.435616438356163,652,0.2941176470588235,0.5,8.5,2.379217791411043,0.2799079754601227,0.0019153772639831,6,51,1,2,2,2,122,12,Low-priority churn
3202,PhD,Married,51563.0,0,0,2012-10-01,60,1166,0,48,0,0,36,1,4,4,10,8,0,1,1,0,0,0,0,22,0,27,25-34,0,2,2,0,1214,2,18,24.0,734,0.029654036243822,0.0555555555555555,67.44444444444444,50.583333333333336,0.75,0.0117720070593254,18,1214,2,4,5,7,245,27,High value at risk
1328,2n Cycle,Married,57937.0,0,1,2014-02-16,56,261,42,144,55,48,133,3,4,4,9,3,0,0,0,0,0,0,0,18,0,32,25-34,1,2,3,0,550,0,17,7.594520547945205,231,0.2418181818181818,0.1764705882352941,32.35294117647059,72.42063492063492,2.2384559884559887,0.0149998726038217,17,550,2,4,3,5,243,25,Standard base
8405,Graduation,Divorced,68274.0,1,1,2013-09-30,83,135,25,51,23,25,46,2,4,2,5,3,0,0,0,0,0,0,0,16,0,35,35-44,2,1,3,0,259,0,11,12.164383561643834,370,0.1776061776061776,0.1818181818181818,23.545454545454547,21.291666666666668,0.9042792792792792,0.0037422737791838,11,259,1,3,3,4,133,14,Low-priority churn
6515,Graduation,Together,39771.0,1,0,2013-12-06,92,6,2,18,2,8,14,1,2,0,3,4,0,0,0,0,0,0,0,16,0,37,35-44,1,2,3,0,36,0,5,9.96164383561644,303,0.3888888888888889,0.2,7.2,3.6138613861386135,0.5019251925192519,0.0010904009613452,5,36,1,1,1,0,111,10,Low-priority churn
2882,2n Cycle,Divorced,67893.0,0,1,2012-10-01,31,711,28,142,49,18,47,2,3,2,9,8,0,0,0,0,0,0,0,18,0,39,35-44,1,1,2,0,948,0,14,24.0,734,0.0495780590717299,0.1428571428571428,67.71428571428571,39.5,0.5833333333333334,0.0069815739472405,14,948,3,3,4,5,334,35,High-potential growth
7574,PhD,Together,27922.0,1,0,2014-05-10,80,11,0,13,2,4,11,1,2,0,3,4,0,0,0,0,0,0,0,22,0,35,35-44,1,2,3,0,30,0,5,4.865753424657534,148,0.3666666666666666,0.2,6.0,6.165540540540541,1.0275900900900905,0.0026497559804629,5,30,1,1,1,0,111,10,Low-priority churn
6387,PhD,Together,52190.0,1,1,2014-05-08,39,42,0,17,0,0,18,3,2,1,3,5,1,0,0,0,0,0,0,22,0,38,35-44,2,2,4,0,59,1,6,4.931506849315069,150,0.3050847457627119,0.5,9.833333333333334,11.963888888888889,1.2166666666666666,0.0027508462668455,6,59,2,2,2,2,222,22,Standard base
5320,Master,Divorced,44051.0,1,1,2013-01-29,20,79,7,58,6,3,18,4,3,1,4,6,0,0,0,0,0,0,1,18,0,41,35-44,2,1,3,0,153,0,8,20.186301369863013,614,0.1176470588235294,0.5,19.125,7.579397394136808,0.3963083604777416,0.0020647151876153,8,153,3,2,2,2,322,32,Recents
5048,PhD,Single,42767.0,2,0,2013-05-11,53,20,6,43,19,5,38,1,3,1,2,8,0,0,0,0,0,0,0,22,0,43,35-44,2,1,3,0,93,0,6,16.832876712328765,512,0.4086021505376344,0.1666666666666666,15.5,5.524902343750001,0.3564453125,0.001550233313653,6,93,2,2,2,2,222,22,Standard base
8146,Master,Together,46106.0,1,1,2014-05-11,84,30,0,8,2,0,14,1,1,1,2,6,0,0,0,0,0,0,0,18,0,38,35-44,2,2,4,0,40,0,4,4.832876712328767,147,0.35,0.25,10.0,8.276643990929704,0.8276643990929705,0.0021541605841139,4,40,1,1,1,0,111,10,Low-priority churn
10031,PhD,Married,16927.0,1,1,2013-02-10,50,20,2,23,3,1,4,5,3,0,4,8,0,0,0,0,0,0,0,22,0,38,35-44,2,2,4,0,49,0,7,19.791780821917808,602,0.0816326530612244,0.7142857142857143,7.0,2.47577519379845,0.3536821705426357,0.0017551428088604,7,49,2,2,2,2,222,22,Standard base
5748,Graduation,Married,59754.0,0,1,2012-12-01,96,115,27,44,4,146,139,3,5,2,6,5,0,0,0,0,0,0,1,16,0,49,45-54,1,2,3,0,336,0,13,22.126027397260277,673,0.4136904761904761,0.2307692307692307,25.846153846153847,15.185735512630016,0.5875433382862804,0.0030496506702741,13,336,1,3,3,4,133,14,Low-priority churn
2134,Graduation,Single,53700.0,0,1,2012-08-17,94,263,5,233,69,41,83,4,5,5,8,5,0,0,0,0,0,0,0,16,0,62,55-64,1,1,2,0,611,0,18,24.0,779,0.1358428805237315,0.2222222222222222,33.94444444444444,25.45833333333333,0.75,0.0056890130353817,18,611,1,4,4,6,144,16,Critical retention
1523,Graduation,Married,59041.0,1,1,2014-05-07,25,69,2,15,2,2,6,2,2,0,4,5,0,0,0,0,0,0,0,16,0,41,35-44,2,2,4,0,90,0,6,4.964383561643835,151,0.0666666666666666,0.3333333333333333,15.0,18.12913907284768,1.2086092715231789,0.0036847219537977,6,90,3,2,2,2,322,32,Recents
9665,PhD,Divorced,54237.0,0,1,2013-04-27,48,267,3,30,4,0,57,4,5,2,5,6,0,0,0,0,0,0,0,22,0,57,55-64,1,1,2,0,304,0,12,17.293150684931508,526,0.1875,0.3333333333333333,25.33333333333333,17.579214195183777,0.6939163498098859,0.0038894218032377,12,304,2,3,3,4,233,24,Standard base
4640,Graduation,Divorced,70647.0,0,1,2012-09-21,65,561,85,171,25,123,114,2,4,7,13,2,0,0,0,0,0,0,0,16,0,47,45-54,1,1,2,0,965,0,24,24.0,744,0.1181347150259067,0.0833333333333333,40.208333333333336,40.208333333333336,1.0,0.0068297309156793,24,965,2,5,4,7,254,27,High value at risk
3635,PhD,Single,52597.0,0,1,2014-05-07,69,492,0,37,7,0,42,3,6,3,8,5,0,0,0,0,0,0,0,22,0,52,45-54,1,1,2,0,536,0,17,4.964383561643835,151,0.0783582089552238,0.1764705882352941,31.529411764705884,107.96909492273733,3.42439293598234,0.0246331376137963,17,536,1,4,3,5,143,15,Low-priority churn
3547,Master,Together,41021.0,1,0,2012-12-30,12,14,7,9,6,16,12,2,2,0,3,6,0,0,0,0,0,0,1,18,0,45,45-54,1,2,3,0,52,0,5,21.172602739726027,644,0.2307692307692307,0.4,10.4,2.456004140786749,0.2361542443064182,0.0007184624872489,5,52,3,1,2,1,312,31,Recents
2456,PhD,Married,40233.0,0,1,2013-10-14,84,80,4,46,0,17,2,5,2,1,5,6,0,0,0,0,0,0,0,22,0,39,35-44,1,2,3,0,147,0,8,11.704109589041096,356,0.0136054421768707,0.625,18.375,12.559691011235955,0.6835205992509363,0.0037460863503798,8,147,1,2,2,2,122,12,Low-priority churn
5633,Graduation,Married,50183.0,1,1,2014-06-25,47,97,12,84,13,10,15,7,3,1,6,5,0,0,0,0,0,0,0,16,0,34,25-34,2,2,4,0,216,0,10,3.3534246575342466,102,0.0694444444444444,0.7,21.6,64.41176470588235,2.9820261437908497,0.0154024505603608,10,216,2,3,3,4,233,24,Standard base
7801,Graduation,Together,54753.0,0,1,2013-09-12,87,197,107,227,7,59,131,3,5,2,11,4,0,0,0,0,0,0,0,16,0,55,55-64,1,2,3,0,597,0,18,12.756164383561645,388,0.219430485762144,0.1666666666666666,33.166666666666664,46.80090206185567,1.4110824742268042,0.0102571699220548,18,597,1,4,4,6,144,16,Critical retention
10489,Graduation,Married,92955.0,0,0,2013-08-19,35,693,21,925,31,24,84,1,6,7,9,2,0,0,1,1,0,0,1,16,0,41,35-44,0,2,2,0,1694,2,22,13.545205479452054,412,0.0495867768595041,0.0454545454545454,77.0,125.06270226537217,1.624190938511327,0.0161449349382439,22,1694,2,5,5,8,255,28,High value at risk
7011,Graduation,Married,33471.0,1,0,2012-10-12,47,43,2,27,0,9,12,3,3,0,4,7,0,0,0,0,0,0,0,16,0,41,35-44,1,2,3,0,81,0,7,23.76986301369863,723,0.1481481481481481,0.4285714285714285,11.571428571428571,3.407676348547718,0.2944905486399262,0.0012217177910003,7,81,2,2,2,2,222,22,Standard base
3933,Graduation,Together,44010.0,1,0,2012-10-13,46,186,36,234,86,72,48,6,10,2,6,9,0,0,0,0,0,0,0,16,0,34,25-34,1,2,3,0,614,0,18,23.73698630136986,722,0.0781758957654723,0.3333333333333333,34.111111111111114,25.866805170821795,0.7583102493074793,0.0070529802783426,18,614,2,4,4,6,244,26,High value at risk
10981,Graduation,Married,84219.0,0,0,2014-02-02,27,434,137,400,45,137,45,1,3,4,10,1,0,0,0,0,0,0,0,16,0,26,25-34,0,2,2,0,1153,0,17,8.054794520547945,245,0.039028620988725,0.0588235294117647,67.82352941176471,143.14455782312925,2.1105442176870746,0.0203960471375527,17,1153,3,4,5,7,345,37,Champions
1734,PhD,Together,40706.0,2,1,2013-01-17,37,59,0,11,4,2,5,4,3,0,4,7,0,0,0,0,0,0,0,22,0,46,45-54,3,2,5,0,76,0,7,20.58082191780822,626,0.0657894736842105,0.5714285714285714,10.857142857142858,3.692758253461129,0.340122470713525,0.0010886134486693,7,76,2,2,2,2,222,22,Standard base
10995,2n Cycle,Married,15716.0,1,0,2012-11-12,8,16,5,30,8,7,26,3,3,0,4,8,0,0,0,0,0,1,0,18,0,26,25-34,1,2,3,0,66,0,7,22.75068493150685,692,0.3939393939393939,0.4285714285714285,9.428571428571429,2.9010115606936417,0.3076830443159923,0.0022150762743906,7,66,3,2,2,2,322,32,Recents
6357,2n Cycle,Divorced,59052.0,0,1,2013-11-17,29,230,35,75,63,57,31,3,7,1,7,5,0,0,0,0,0,0,0,18,0,55,55-64,1,1,2,0,460,0,15,10.586301369863014,322,0.067391304347826,0.2,30.666666666666668,43.45238095238095,1.416925465838509,0.0088299900329975,15,460,3,3,3,4,333,34,Loyal
9209,Master,Together,80573.0,0,0,2012-10-14,85,829,138,430,60,92,15,1,4,6,13,2,0,0,0,0,0,0,0,18,0,43,35-44,0,2,2,0,1549,0,23,23.704109589041096,721,0.0096836668818592,0.0434782608695652,67.34782608695652,65.34731853906611,0.970295885344429,0.0097323895407741,23,1549,1,5,5,8,155,18,Critical retention
10286,Graduation,Married,83715.0,0,0,2014-02-03,2,318,8,407,150,35,8,1,2,8,13,0,0,0,0,0,0,0,0,16,0,52,45-54,0,2,2,0,918,0,23,8.021917808219177,244,0.008714596949891,0.0434782608695652,39.91304347826087,114.43647540983608,2.86714480874317,0.0164037234058177,23,918,3,5,4,7,354,37,Champions
2611,Master,Together,82576.0,0,0,2012-08-01,66,1206,55,445,168,18,18,1,2,4,12,1,0,0,1,0,0,0,0,18,0,55,55-64,0,2,2,0,1892,1,18,24.0,795,0.0095137420718816,0.0555555555555555,105.11111111111111,78.83333333333333,0.75,0.011456113156365,18,1892,2,4,5,7,245,27,High value at risk
3308,Graduation,Married,35704.0,1,1,2014-01-03,54,30,9,12,2,11,30,3,2,0,4,4,0,0,0,0,0,0,0,16,0,62,55-64,2,2,4,0,64,0,6,9.041095890410958,275,0.46875,0.5,10.666666666666666,7.07878787878788,0.6636363636363637,0.002379157924755,6,64,2,2,2,2,222,22,Standard base
5407,Graduation,Together,53103.0,0,1,2013-09-12,70,729,17,133,11,0,195,5,10,6,7,7,1,0,0,0,0,0,0,16,0,60,55-64,1,2,3,0,890,1,23,12.756164383561645,388,0.2191011235955056,0.217391304347826,38.69565217391305,69.77018900343643,1.8030498281786944,0.0157663835949237,23,890,1,5,4,7,154,17,Critical retention
2166,2n Cycle,Widow,46779.0,1,1,2013-07-12,55,12,1,3,0,0,7,1,0,1,2,4,0,0,0,0,0,0,0,18,0,54,45-54,2,1,3,0,16,0,3,14.794520547945204,450,0.4375,0.3333333333333333,5.333333333333333,1.0814814814814817,0.2027777777777778,0.0002774274306372,3,16,2,1,1,0,211,20,Standard base
6634,Master,Divorced,33462.0,1,0,2013-08-07,78,22,3,18,0,0,11,1,2,0,3,7,0,0,0,0,0,0,0,18,0,35,35-44,1,1,2,0,43,0,5,13.93972602739726,424,0.2558139534883721,0.2,8.6,3.0847091194968552,0.358687106918239,0.0011062252535402,5,43,1,1,1,0,111,10,Low-priority churn
5718,Graduation,Married,80763.0,0,0,2013-08-15,17,674,168,108,192,42,231,1,5,11,6,3,0,0,1,1,0,0,1,16,0,64,55-64,0,2,2,0,1184,2,22,13.676712328767122,416,0.1951013513513513,0.0454545454545454,53.81818181818182,86.57051282051283,1.608573717948718,0.0128628970425337,22,1184,3,5,5,8,355,38,Champions
6872,PhD,Married,65352.0,0,1,2013-08-21,43,284,3,84,4,7,23,2,4,2,8,4,0,0,0,0,0,0,0,22,0,40,35-44,1,2,3,0,382,0,14,13.47945205479452,410,0.0602094240837696,0.1428571428571428,27.285714285714285,28.339430894308947,1.038617886178862,0.0052037148171702,14,382,2,3,3,4,233,24,Standard base
8164,PhD,Married,82170.0,0,0,2013-11-25,13,1023,93,651,49,55,37,1,5,6,7,2,0,0,0,0,0,0,0,22,0,36,35-44,0,2,2,0,1871,0,18,10.323287671232876,314,0.0197755211117049,0.0555555555555555,103.94444444444444,181.24071125265397,1.7436305732484076,0.0264681579047322,18,1871,3,4,5,7,345,37,Champions
4580,Graduation,Married,75759.0,0,0,2013-10-25,46,1394,22,708,89,91,182,1,9,7,9,5,1,0,1,1,0,0,1,16,0,45,45-54,0,2,2,0,2304,3,25,11.342465753424657,345,0.0789930555555555,0.04,92.16,203.13043478260872,2.204106280193237,0.0321752559747528,25,2304,2,5,5,8,255,28,High value at risk
9305,2n Cycle,Single,79689.0,0,0,2013-05-12,65,311,26,640,180,37,121,1,4,9,13,2,0,0,0,0,0,0,0,18,0,38,35-44,0,1,1,0,1194,0,26,16.8,511,0.1013400335008375,0.0384615384615384,45.92307692307692,71.07142857142857,1.5476190476190474,0.0107023195529764,26,1194,2,5,5,8,255,28,High value at risk
453,PhD,Widow,35340.0,1,1,2014-06-29,1,27,0,12,0,1,5,2,2,0,3,5,0,0,0,0,0,0,0,22,0,58,55-64,2,1,3,0,40,0,5,3.221917808219178,98,0.125,0.4,8.0,12.414965986394558,1.5518707482993197,0.0042156081447859,5,40,3,1,1,0,311,30,Recents
8545,Graduation,Divorced,85683.0,0,0,2014-03-21,6,1296,17,311,45,69,51,1,2,4,10,1,0,1,1,1,1,0,1,16,0,60,55-64,0,1,1,0,1738,4,16,6.50958904109589,198,0.0293440736478711,0.0625,108.625,266.9907407407408,2.457912457912458,0.0373923519121516,16,1738,3,4,5,7,345,37,Champions
9850,2n Cycle,Married,24884.0,1,0,2012-11-29,32,3,6,7,0,0,3,1,0,0,3,7,0,0,0,0,0,0,0,18,0,42,35-44,1,2,3,0,16,0,3,22.191780821917806,675,0.1875,0.3333333333333333,5.333333333333333,0.7209876543209878,0.1351851851851851,0.0003476873433472,3,16,3,1,1,0,311,30,Recents
7378,Master,Together,42021.0,1,0,2012-08-31,34,393,5,136,7,5,27,5,10,1,6,9,1,0,0,0,0,0,0,18,0,33,25-34,1,2,3,0,546,1,17,24.0,765,0.0494505494505494,0.2941176470588235,32.11764705882353,22.75,0.7083333333333334,0.0064967516241879,17,546,2,4,3,5,243,25,Standard base
7646,Graduation,Single,64449.0,1,0,2014-02-18,70,218,63,282,137,35,70,4,5,3,12,4,0,0,0,0,0,0,0,16,0,25,25-34,1,1,2,0,735,0,20,7.528767123287671,229,0.0952380952380952,0.2,36.75,97.6255458515284,2.656477438136827,0.0181772649725882,20,735,1,4,4,6,144,16,Critical retention
1640,Graduation,Divorced,64587.0,1,1,2014-06-22,49,66,0,16,0,6,20,2,1,1,4,3,0,0,0,0,0,0,0,16,0,60,55-64,2,1,3,0,88,0,6,3.452054794520548,105,0.2272727272727272,0.3333333333333333,14.666666666666666,25.49206349206349,1.738095238095238,0.0047363209609482,6,88,2,2,2,2,222,22,Standard base
8492,Graduation,Together,75437.0,0,0,2013-11-09,25,795,0,545,95,58,0,1,8,4,10,6,0,0,0,1,0,0,0,16,0,36,35-44,0,2,2,0,1493,1,22,10.84931506849315,330,0.0,0.0454545454545454,67.86363636363636,137.61237373737376,2.027777777777778,0.0218904315501476,22,1493,3,5,5,8,355,38,Champions
1212,Graduation,Married,52845.0,1,0,2013-08-13,7,384,25,292,130,41,64,3,8,8,6,6,1,0,0,0,0,0,0,16,0,41,35-44,1,2,3,0,872,1,22,13.742465753424655,418,0.073394495412844,0.1363636363636363,39.63636363636363,63.45295055821372,1.600877192982456,0.0144088448613599,22,872,3,5,4,7,354,37,Champions
9097,Graduation,Divorced,46086.0,0,1,2013-11-03,34,244,8,32,7,2,50,4,3,1,8,4,0,0,0,0,0,0,0,16,0,58,55-64,1,1,2,0,293,0,12,11.046575342465752,336,0.1706484641638225,0.3333333333333333,24.416666666666668,26.52405753968254,1.086309523809524,0.0069064073791648,12,293,2,3,3,4,233,24,Standard base
10473,PhD,Widow,78028.0,0,1,2012-09-10,38,158,19,288,25,0,38,1,6,4,9,7,0,1,1,0,0,0,1,22,0,58,55-64,1,1,2,0,490,2,19,24.0,755,0.0775510204081632,0.0526315789473684,25.789473684210527,20.416666666666668,0.7916666666666666,0.003139898497975,19,490,2,4,3,5,243,25,Standard base
7962,PhD,Single,95169.0,0,0,2013-10-09,1,1285,21,449,106,20,20,1,4,3,4,1,0,0,1,1,0,0,1,22,0,27,25-34,0,1,1,0,1881,2,11,11.86849315068493,361,0.0106326422115895,0.0909090909090909,171.0,158.48684210526318,0.9268236380424748,0.0199838403814599,11,1881,3,3,5,6,335,36,High-potential growth
9984,2n Cycle,Married,56337.0,1,1,2013-03-27,25,349,16,144,28,5,182,5,8,5,4,8,1,0,0,1,0,0,1,18,0,33,25-34,2,2,4,0,542,2,17,18.312328767123287,557,0.3357933579335793,0.2941176470588235,31.88235294117647,29.59754637941353,0.9283363255535608,0.006304392433977,17,542,3,4,3,5,343,35,High-potential growth
5527,Graduation,Together,22434.0,1,0,2013-02-13,25,4,12,11,3,13,15,2,2,0,3,8,0,0,0,0,0,0,0,16,0,27,25-34,1,2,3,0,43,0,5,19.693150684931503,599,0.3488372093023256,0.4,8.6,2.183500278241514,0.2538953811908737,0.0011679594962511,5,43,3,1,1,0,311,30,Recents
6374,PhD,Married,36930.0,0,1,2013-05-17,50,223,2,31,0,2,39,5,5,2,4,8,0,0,0,0,0,0,0,22,0,60,55-64,1,2,3,0,258,0,11,16.635616438356163,506,0.1511627906976744,0.4545454545454545,23.454545454545453,15.508893280632412,0.6612318840579711,0.0050394454201892,11,258,2,3,3,4,233,24,Standard base
7453,Graduation,Single,36130.0,0,1,2013-02-02,46,157,43,127,68,56,37,6,3,8,4,4,1,0,0,0,0,0,1,16,0,60,55-64,1,1,2,0,451,1,15,20.054794520547944,610,0.082039911308204,0.4,30.066666666666663,22.48838797814208,0.7479508196721312,0.0074691573688819,15,451,2,3,3,4,233,24,Standard base
8952,Master,Married,65569.0,0,1,2012-11-05,96,397,46,288,20,38,70,2,6,5,10,3,0,0,0,0,0,0,0,18,0,61,55-64,1,2,3,0,789,0,21,22.980821917808218,699,0.0887198986058301,0.0952380952380952,37.57142857142857,34.33297567954221,0.9138054363376252,0.0062833916660999,21,789,1,5,4,7,154,17,Critical retention
6119,PhD,Single,36736.0,1,1,2013-05-10,52,10,0,3,0,0,4,1,1,0,2,6,0,0,0,0,0,0,0,22,0,51,45-54,2,1,3,0,13,0,3,16.865753424657534,513,0.3076923076923077,0.3333333333333333,4.333333333333333,0.7707927225471085,0.1778752436647173,0.0002517833370689,3,13,2,1,1,0,211,20,Standard base
5236,Graduation,Together,77568.0,0,1,2012-08-25,30,1230,0,396,232,178,158,1,10,2,8,5,0,1,1,1,0,0,0,16,0,35,35-44,1,2,3,0,2036,3,20,24.0,771,0.0776031434184675,0.05,101.8,84.83333333333333,0.8333333333333334,0.0131239686468646,20,2036,3,4,5,7,345,37,Champions
5723,PhD,Together,49187.0,0,1,2014-01-11,63,81,1,31,2,1,0,1,1,1,5,2,0,0,0,0,0,0,0,22,0,38,35-44,1,2,3,0,116,0,7,8.778082191780822,267,0.0,0.1428571428571428,16.571428571428573,13.214731585518102,0.7974406991260924,0.00322395712335,7,116,2,2,2,2,222,22,Standard base
1710,Graduation,Single,30168.0,1,0,2013-03-07,51,154,20,66,0,12,27,7,6,1,4,9,0,0,0,0,0,0,0,16,0,36,35-44,1,1,2,0,252,0,11,18.969863013698628,577,0.1071428571428571,0.6363636363636364,22.90909090909091,13.284228769497402,0.5798671288272675,0.0052841005447483,11,252,2,3,3,4,233,24,Standard base
1970,Master,Together,34053.0,0,1,2012-09-10,14,63,0,21,7,0,12,1,3,0,3,8,0,0,0,0,0,0,0,18,0,46,45-54,1,2,3,0,91,0,6,24.0,755,0.1318681318681318,0.1666666666666666,15.166666666666666,3.7916666666666665,0.25,0.0013361524682113,6,91,3,2,2,2,322,32,Recents
5313,Master,Married,38196.0,1,1,2014-04-18,20,30,0,11,0,0,3,3,2,0,4,5,0,0,0,0,0,0,0,18,0,43,35-44,2,2,4,0,41,0,6,5.589041095890411,170,0.073170731707317,0.5,6.833333333333333,7.33578431372549,1.0735294117647058,0.0023046761903001,6,41,3,2,1,1,321,31,Recents
10634,Master,Married,59412.0,0,0,2014-04-19,56,90,67,165,30,43,11,1,4,2,8,3,0,0,0,0,0,0,0,18,0,63,55-64,0,2,2,0,395,0,14,5.556164383561644,169,0.0278481012658227,0.0714285714285714,28.214285714285715,71.0922090729783,2.519723865877712,0.0143591615982585,14,395,2,3,3,4,233,24,Standard base
7010,2n Cycle,Married,70924.0,0,0,2014-04-07,41,635,114,254,132,152,76,1,6,6,7,3,0,0,1,0,0,0,0,18,0,49,45-54,0,2,2,0,1287,1,19,5.950684931506849,181,0.059052059052059,0.0526315789473684,67.73684210526316,216.27762430939228,3.1929097605893184,0.0365931347881211,19,1287,2,4,5,7,245,27,High value at risk
8562,Graduation,Together,54165.0,0,0,2013-05-28,72,127,4,73,15,6,11,1,2,1,7,2,0,0,0,0,0,0,0,16,0,45,45-54,0,2,2,0,225,0,10,16.273972602739725,495,0.0488888888888888,0.1,22.5,13.825757575757576,0.6144781144781145,0.0030630313100542,10,225,1,3,3,4,133,14,Low-priority churn
3158,Graduation,Married,32300.0,1,0,2013-01-03,1,13,3,6,6,5,6,1,1,0,3,8,0,0,0,0,0,0,0,16,0,41,35-44,1,2,3,0,33,0,4,21.04109589041096,640,0.1818181818181818,0.25,8.25,1.568359375,0.1901041666666666,0.0005826722136222,4,33,3,1,1,0,311,30,Recents
4436,Graduation,Single,20180.0,0,0,2013-02-20,27,18,42,24,15,20,18,1,2,1,4,7,0,0,0,0,0,0,0,16,0,38,35-44,0,1,1,0,119,0,7,19.46301369863013,592,0.1512605042016806,0.1428571428571428,17.0,6.114161036036037,0.3596565315315315,0.0036357746497736,7,119,3,2,2,2,322,32,Recents
5287,Graduation,Married,34961.0,1,0,2014-06-19,77,45,2,26,4,1,1,3,3,1,3,7,0,0,0,0,0,0,0,16,0,41,35-44,1,2,3,0,78,0,7,3.5506849315068494,108,0.0128205128205128,0.4285714285714285,11.142857142857142,21.96759259259259,1.9714506172839503,0.0075401479108466,7,78,1,2,2,2,122,12,Low-priority churn
2445,PhD,Together,28440.0,1,0,2013-07-07,87,38,1,24,0,0,0,1,2,0,3,8,0,0,0,0,0,0,0,22,0,40,35-44,1,2,3,0,63,0,5,14.95890410958904,455,0.0,0.2,12.6,4.211538461538462,0.3342490842490843,0.0017770204479065,5,63,1,1,2,1,112,11,Low-priority churn
6059,PhD,Together,64504.0,1,2,2013-03-04,81,986,36,168,16,0,108,7,11,3,4,7,0,0,0,0,0,0,1,22,0,61,55-64,3,2,5,0,1206,0,18,19.06849315068493,580,0.0895522388059701,0.3888888888888889,67.0,63.24568965517242,0.9439655172413794,0.0117659102669922,18,1206,1,4,5,7,145,17,Critical retention
4550,Master,Together,33564.0,0,1,2014-06-24,51,61,0,3,0,0,7,1,1,1,3,5,0,0,0,0,0,0,0,18,0,48,45-54,1,2,3,0,64,0,5,3.3863013698630136,103,0.109375,0.2,12.8,18.89967637540453,1.476537216828479,0.0067571241957113,5,64,2,1,2,1,212,21,Standard base
4240,Graduation,Married,17345.0,1,0,2012-11-03,79,4,9,16,17,0,12,2,2,1,2,8,0,0,0,0,0,0,0,16,0,36,35-44,1,2,3,0,46,0,5,23.046575342465754,701,0.2608695652173913,0.4,9.2,1.9959581550166428,0.2169519733713742,0.0013808877405707,5,46,1,1,2,1,112,11,Low-priority churn
8911,PhD,Married,56320.0,0,1,2013-04-08,11,201,53,172,116,77,83,3,5,4,9,4,0,0,0,0,0,0,0,22,0,47,45-54,1,2,3,0,619,0,18,17.91780821917808,545,0.1340872374798061,0.1666666666666666,34.388888888888886,34.546636085626915,1.0045871559633028,0.0073607889386989,18,619,3,4,4,6,344,36,Champions
3706,Graduation,Single,28647.0,1,0,2013-08-21,54,19,8,29,0,12,26,1,2,2,2,7,1,0,0,0,0,0,1,16,0,36,35-44,1,1,2,0,68,1,6,13.47945205479452,410,0.3823529411764705,0.1666666666666666,11.333333333333334,5.044715447154472,0.4451219512195122,0.0021131910973523,6,68,2,2,2,2,222,22,Standard base
3628,Basic,Single,15038.0,1,0,2013-01-29,93,4,8,11,19,12,26,2,2,1,2,9,0,0,0,0,0,0,0,12,0,27,25-34,1,1,2,0,54,0,5,20.186301369863013,614,0.4814814814814814,0.4,10.8,2.675081433224756,0.2476927252985885,0.0021346573479649,5,54,1,1,2,1,112,11,Low-priority churn
10175,PhD,Divorced,32173.0,0,1,2013-08-01,0,18,0,2,0,0,2,1,1,0,3,4,0,0,0,0,0,0,0,22,0,56,55-64,1,1,2,0,20,0,4,14.136986301369864,430,0.1,0.25,5.0,1.4147286821705427,0.2829457364341085,0.0005276705369734,4,20,3,1,1,0,311,30,Recents
8985,2n Cycle,Together,68316.0,0,1,2012-11-04,54,806,80,161,120,11,33,5,10,7,10,6,0,0,0,0,0,0,0,18,0,50,45-54,1,2,3,0,1178,0,27,23.013698630136982,700,0.0280135823429541,0.1851851851851851,43.629629629629626,51.18690476190476,1.1732142857142858,0.0089912005554022,27,1178,2,5,5,8,255,28,High value at risk
5204,Graduation,Together,74538.0,0,0,2013-06-29,21,380,98,733,110,112,28,1,8,8,5,3,0,0,1,0,0,0,1,16,0,43,35-44,0,2,2,0,1433,1,21,15.221917808219178,463,0.0195394277739009,0.0476190476190476,68.23809523809524,94.14056875449964,1.3795896328293735,0.0151558510431457,21,1433,3,5,5,8,355,38,Champions
9220,Graduation,Single,91700.0,0,0,2013-01-17,58,576,172,961,125,115,19,1,8,6,5,3,0,0,0,0,0,0,1,16,0,43,35-44,0,1,1,0,1949,0,19,20.58082191780822,626,0.0097485890200102,0.0526315789473684,102.57894736842104,94.6998136315229,0.9231895633652822,0.0123925601262625,19,1949,2,4,5,7,245,27,High value at risk
9888,Graduation,Together,68695.0,0,0,2014-06-25,3,458,81,356,106,50,40,1,4,4,7,2,0,0,0,0,0,0,0,16,0,45,45-54,0,2,2,0,1051,0,15,3.3534246575342466,102,0.0380589914367269,0.0666666666666666,70.06666666666666,313.4109477124183,4.473039215686274,0.0547482549319312,15,1051,3,3,4,5,334,35,High-potential growth
5263,2n Cycle,Married,31056.0,1,0,2013-01-22,99,5,10,13,3,8,16,1,1,0,3,8,0,0,0,0,0,0,0,18,0,37,35-44,1,2,3,0,39,0,4,20.416438356164385,621,0.4102564102564102,0.25,9.75,1.9102254428341383,0.1959205582393988,0.0007381087491631,4,39,1,1,1,0,111,10,Low-priority churn
9503,Graduation,Single,28071.0,0,0,2012-08-29,65,39,33,130,41,26,44,2,5,1,5,8,0,0,0,0,0,0,0,16,0,34,25-34,0,1,1,0,269,0,11,24.0,767,0.1635687732342007,0.1818181818181818,24.454545454545453,11.208333333333334,0.4583333333333333,0.004791421751986,11,269,2,3,3,4,233,24,Standard base
10613,PhD,Together,37334.0,1,1,2014-02-26,44,26,1,16,2,2,15,4,3,0,4,4,0,0,0,0,0,0,0,22,0,56,55-64,2,2,4,0,47,0,7,7.265753424657534,221,0.3191489361702128,0.5714285714285714,6.714285714285714,6.468702865761689,0.96342383107089,0.0020791887927663,7,47,2,2,2,2,222,22,Standard base
67,Master,Single,46423.0,1,1,2013-09-18,6,68,0,16,0,0,8,3,2,0,4,7,0,0,0,0,0,0,0,18,0,42,35-44,2,1,3,0,84,0,6,12.55890410958904,382,0.0952380952380952,0.5,14.0,6.688481675392671,0.4777486910994765,0.0017289227345219,6,84,3,2,2,2,322,32,Recents
6019,PhD,Married,37126.0,1,0,2014-03-30,9,45,3,9,4,4,7,1,1,2,2,6,1,0,0,0,0,0,1,22,0,43,35-44,1,2,3,0,65,1,5,6.213698630136986,189,0.1076923076923077,0.2,13.0,10.460758377425044,0.8046737213403881,0.0033811641579782,5,65,3,1,2,1,312,31,Recents
5863,Graduation,Married,47703.0,0,1,2013-05-29,95,359,0,134,13,26,123,4,6,3,8,5,0,0,0,0,0,0,0,16,0,61,55-64,1,2,3,0,532,0,17,16.241095890410957,494,0.231203007518797,0.2352941176470588,31.294117647058822,32.75641025641026,1.046727395411606,0.0082400881092787,17,532,1,4,3,5,143,15,Low-priority churn
3717,Graduation,Married,61180.0,0,1,2014-04-23,70,403,24,29,6,24,218,2,5,5,6,3,1,0,0,0,0,0,0,16,0,55,55-64,1,2,3,0,486,1,16,5.424657534246575,165,0.448559670781893,0.125,30.375,89.5909090909091,2.94949494949495,0.0175725875954708,16,486,1,4,3,5,143,15,Low-priority churn
6730,Graduation,Married,38998.0,1,1,2012-11-03,92,34,1,14,0,0,5,3,2,0,3,8,0,0,0,0,0,1,0,16,0,60,55-64,2,2,4,0,49,0,5,23.046575342465754,701,0.1020408163265306,0.6,9.8,2.1261293390394678,0.2169519733713742,0.0006542271928938,5,49,1,1,2,1,112,11,Low-priority churn
4998,Graduation,Together,76081.0,0,0,2014-05-23,85,292,30,415,63,33,200,1,4,5,4,2,0,0,0,1,0,0,0,16,0,52,45-54,0,2,2,0,833,1,13,4.438356164383562,135,0.2400960384153661,0.0769230769230769,64.07692307692308,187.6820987654321,2.9290123456790123,0.0296024655983121,13,833,1,3,4,5,134,15,Critical retention
6287,Graduation,Together,34728.0,1,0,2013-07-30,2,14,0,16,0,0,6,1,1,1,2,6,0,0,0,0,0,0,1,16,0,28,25-34,1,2,3,0,30,0,4,14.202739726027398,432,0.2,0.25,7.5,2.1122685185185186,0.2816358024691358,0.0007298785482095,4,30,3,1,1,0,311,30,Recents
5985,Master,Single,33168.0,0,1,2012-10-13,0,80,1,37,0,1,3,3,2,1,4,7,0,0,0,0,0,0,0,18,0,49,45-54,1,1,2,0,119,0,7,23.73698630136986,722,0.0252100840336134,0.4285714285714285,17.0,5.0132733148661135,0.2948984302862419,0.0018137747159428,7,119,3,2,2,2,322,32,Recents
4754,Master,Married,33585.0,0,1,2013-09-25,91,30,11,33,13,6,29,1,2,0,4,4,0,0,0,0,0,0,0,18,0,48,45-54,1,2,3,0,93,0,6,12.32876712328767,375,0.3118279569892473,0.1666666666666666,15.5,7.543333333333334,0.4866666666666667,0.0026952508560369,6,93,1,2,2,2,122,12,Low-priority churn
4002,PhD,Married,77037.0,0,1,2013-10-13,3,463,96,333,168,53,10,1,7,7,12,3,0,0,0,0,0,0,0,22,0,54,45-54,1,2,3,0,1113,0,26,11.736986301369862,357,0.008984725965858,0.0384615384615384,42.80769230769231,94.82843137254902,2.215219421101774,0.0147713589115696,26,1113,3,5,5,8,355,38,Champions
966,Graduation,Married,44529.0,0,1,2013-07-05,98,538,13,91,17,6,26,6,6,2,11,5,0,1,0,0,0,0,0,16,0,48,45-54,1,2,3,0,665,1,19,15.024657534246575,457,0.0390977443609022,0.3157894736842105,35.0,44.26057622173596,1.2645878920495988,0.0119276632006295,19,665,1,4,4,6,144,16,Critical retention
9725,PhD,Together,28764.0,1,1,2014-06-05,16,8,0,3,0,0,1,1,1,0,2,8,1,0,0,0,0,0,0,22,0,48,45-54,2,2,4,0,11,1,3,4.0109589041095886,122,0.0909090909090909,0.3333333333333333,3.6666666666666665,2.7424863387978147,0.7479508196721313,0.0011441328071747,3,11,3,1,1,0,311,30,Recents
4475,PhD,Married,69098.0,0,0,2013-02-16,82,1315,22,780,145,0,178,1,7,8,9,5,0,0,0,0,0,0,0,22,0,65,65-74,0,2,2,0,2262,0,24,19.594520547945205,596,0.0786914235190097,0.0416666666666666,94.25,115.44043624161074,1.2248322147651007,0.0200481234608719,24,2262,1,5,5,8,155,18,Critical retention
5740,2n Cycle,Divorced,25959.0,1,1,2013-02-14,1,4,2,12,7,5,26,2,1,2,2,6,0,0,0,0,0,0,1,18,0,44,35-44,2,1,3,0,30,0,5,19.660273972602734,598,0.8666666666666667,0.4,6.0,1.5259197324414715,0.2543199554069119,0.0007053829804421,5,30,3,1,1,0,311,30,Recents
5731,Master,Married,27100.0,1,0,2013-04-05,64,12,0,13,2,0,10,1,1,0,3,7,0,0,0,0,0,0,0,18,0,31,25-34,1,2,3,0,27,0,4,18.016438356164382,548,0.3703703703703703,0.25,6.75,1.498631386861314,0.2220194647201946,0.0006636006141083,4,27,2,1,1,0,211,20,Standard base
7290,Graduation,Single,70596.0,0,0,2012-10-05,68,347,44,534,17,0,26,1,3,5,12,2,0,0,0,0,0,0,0,16,0,29,25-34,0,1,1,0,942,0,20,24.0,730,0.0276008492569002,0.05,47.1,39.25,0.8333333333333334,0.0066717661057283,20,942,1,4,4,6,144,16,Critical retention
3846,Graduation,Married,42557.0,0,1,2012-08-29,98,192,5,53,0,5,15,4,6,1,4,8,0,0,0,0,0,0,0,16,0,40,35-44,1,2,3,0,255,0,11,24.0,767,0.0588235294117647,0.3636363636363636,23.181818181818183,10.625,0.4583333333333333,0.0029959818596235,11,255,1,3,3,4,133,14,Low-priority churn
8104,PhD,Married,53312.0,0,0,2013-08-09,32,241,0,12,0,0,25,1,5,1,5,7,0,0,0,0,0,0,0,22,0,63,55-64,0,2,2,0,253,0,11,13.873972602739723,422,0.0988142292490118,0.0909090909090909,23.0,18.235584518167457,0.7928515007898895,0.004104648375938,11,253,3,3,3,4,333,34,Loyal
4507,Graduation,Single,72228.0,0,0,2012-11-27,87,631,28,491,30,14,56,1,6,7,8,3,0,0,0,0,0,0,0,16,0,62,55-64,0,1,1,0,1194,0,21,22.257534246575343,677,0.0469011725293132,0.0476190476190476,56.85714285714285,53.64475627769571,0.9435007385524372,0.0089125695759587,21,1194,1,5,5,8,155,18,Critical retention
11013,Graduation,Together,67605.0,0,0,2013-03-31,84,336,28,282,184,54,54,1,2,8,6,1,0,0,0,0,0,0,0,16,0,27,25-34,0,2,2,0,884,0,16,18.180821917808217,553,0.0610859728506787,0.0625,55.25,48.62266425557566,0.8800482218203738,0.0086306038172754,16,884,1,4,4,6,144,16,Critical retention
3759,Graduation,Together,65196.0,0,2,2013-07-25,34,743,19,181,12,0,200,2,7,6,11,5,1,0,0,0,0,0,0,16,0,56,55-64,2,2,4,0,955,1,24,14.367123287671232,437,0.2094240837696335,0.0833333333333333,39.79166666666666,66.47120518688025,1.6704805491990848,0.0122347147408209,24,955,2,5,4,7,254,27,High value at risk
1162,PhD,Single,42000.0,0,0,2013-01-10,23,124,83,267,85,59,35,2,5,2,11,5,0,0,0,0,0,0,1,22,0,27,25-34,0,1,1,0,618,0,18,20.810958904109587,633,0.0566343042071197,0.1111111111111111,34.333333333333336,29.695892575039498,0.8649289099526067,0.0084845407357255,18,618,3,4,4,6,344,36,Champions
10766,PhD,Married,65526.0,0,1,2014-04-11,22,397,19,69,12,0,9,1,4,4,8,2,0,0,0,0,0,0,0,22,0,50,45-54,1,2,3,0,497,0,16,5.8191780821917805,177,0.0181086519114688,0.0625,31.0625,85.4072504708098,2.7495291902071566,0.0156409212472868,16,497,3,4,3,5,343,35,High-potential growth
4415,Graduation,Married,16860.0,1,1,2012-09-12,19,10,4,4,3,3,14,3,1,1,3,7,0,0,0,0,0,0,0,16,0,53,45-54,2,2,4,0,24,0,5,24.0,753,0.5833333333333334,0.6,4.8,1.0,0.2083333333333333,0.0007117437722419,5,24,3,1,1,0,311,30,Recents
3005,Graduation,Single,83528.0,0,0,2014-05-01,7,530,117,678,134,44,147,1,4,10,8,1,1,0,0,1,0,0,1,16,0,22,18-24,0,1,1,0,1503,2,22,5.161643835616438,157,0.0978043912175648,0.0454545454545454,68.31818181818181,291.1863057324841,4.262208067940552,0.0418331058901183,22,1503,3,5,5,8,355,38,Champions
2223,2n Cycle,Divorced,64176.0,0,1,2012-08-03,52,1215,33,249,64,116,149,8,8,9,8,6,0,0,0,0,0,0,0,18,0,49,45-54,1,1,2,0,1677,0,25,24.0,793,0.0888491353607632,0.32,67.08,69.875,1.0416666666666667,0.013065632011967,25,1677,2,5,5,8,255,28,High value at risk
4817,Graduation,Divorced,22304.0,0,0,2012-08-04,91,3,2,7,0,4,2,1,1,0,2,8,0,0,0,0,0,0,0,16,0,58,55-64,0,1,1,0,16,0,3,24.0,792,0.125,0.3333333333333333,5.333333333333333,0.6666666666666666,0.125,0.0003586800573888,3,16,1,1,1,0,111,10,Low-priority churn
2875,Graduation,Married,67023.0,0,0,2014-03-04,93,444,44,382,11,8,17,1,3,7,13,2,0,0,0,0,0,1,0,16,0,36,35-44,0,2,2,0,889,0,23,7.068493150684931,215,0.0191226096737907,0.0434782608695652,38.65217391304348,125.76937984496124,3.253875968992248,0.0225181289727337,23,889,1,5,4,7,154,17,Critical retention
11112,Graduation,Together,70713.0,0,1,2012-12-03,23,736,114,279,82,76,190,6,5,6,8,3,0,0,0,0,0,0,0,16,0,48,45-54,1,2,3,0,1287,0,19,22.06027397260274,671,0.1476301476301476,0.3157894736842105,67.73684210526316,58.34016393442623,0.8612767014406358,0.009900329037279,19,1287,3,4,5,7,345,37,Champions
3807,Graduation,Together,59925.0,0,1,2012-11-30,83,473,21,176,19,21,56,3,9,2,9,6,0,0,0,0,0,0,0,16,0,59,55-64,1,2,3,0,710,0,20,22.15890410958904,674,0.0788732394366197,0.15,35.5,32.04129574678536,0.9025717111770524,0.0064162794987304,20,710,1,4,4,6,144,16,Critical retention
9197,Graduation,Married,39722.0,0,1,2014-02-24,92,32,0,5,2,0,8,2,2,0,3,5,0,0,0,0,0,0,0,16,0,61,55-64,1,2,3,0,39,0,5,7.331506849315068,223,0.2051282051282051,0.4,7.8,5.3195067264574,0.6819880418535127,0.0016070208125846,5,39,1,1,1,0,111,10,Low-priority churn
10832,Graduation,Together,46610.0,0,0,2013-07-18,4,288,10,30,4,10,125,1,6,1,6,6,0,0,0,0,0,0,0,16,0,56,55-64,0,2,2,0,342,0,13,14.5972602739726,444,0.3654970760233918,0.0769230769230769,26.307692307692307,23.429054054054056,0.8905780780780782,0.0060319383962379,13,342,3,3,3,4,333,34,Loyal
6421,Graduation,Together,88347.0,0,0,2013-07-03,32,1050,178,555,77,138,118,1,4,7,9,1,0,0,0,1,0,0,0,16,0,53,45-54,0,2,2,0,1998,1,20,15.090410958904108,459,0.059059059059059,0.05,99.9,132.40196078431373,1.3253449527959331,0.0179838990504687,20,1998,3,4,5,7,345,37,Champions
4207,PhD,Married,87171.0,0,0,2013-05-01,27,1001,44,107,58,44,44,1,6,7,11,2,1,0,1,0,0,0,0,22,0,33,25-34,0,2,2,0,1254,2,24,17.161643835616438,522,0.0350877192982456,0.0416666666666666,52.25,73.0699233716475,1.3984674329501916,0.0100588392981584,24,1254,3,5,5,8,355,38,Champions
577,2n Cycle,Together,26907.0,1,1,2013-08-20,10,9,1,7,0,3,2,2,1,0,3,7,0,0,0,0,0,0,0,18,0,38,35-44,2,2,4,0,20,0,4,13.512328767123288,411,0.1,0.5,5.0,1.4801297648012977,0.2960259529602595,0.0006601091603529,4,20,3,1,1,0,311,30,Recents
10855,Master,Single,50014.0,1,0,2014-01-22,9,234,14,77,19,10,42,2,4,1,8,5,0,0,0,0,0,0,0,18,0,46,45-54,1,1,2,0,354,0,13,8.416438356164383,256,0.1186440677966101,0.1538461538461538,27.23076923076923,42.06054687500001,1.5445963541666667,0.0100917055724397,13,354,3,3,3,4,333,34,Loyal
3081,PhD,Married,41014.0,1,0,2013-04-22,65,7,2,6,2,0,3,1,1,0,2,7,0,0,0,0,0,0,0,22,0,36,35-44,1,2,3,0,17,0,3,17.457534246575342,531,0.1764705882352941,0.3333333333333333,5.666666666666667,0.973791588198368,0.1718455743879472,0.0002849148841463,3,17,2,1,1,0,211,20,Standard base
3535,Graduation,Single,66294.0,0,0,2014-03-17,68,251,108,334,65,92,117,1,4,3,5,2,0,0,0,0,0,0,0,16,0,49,45-54,0,1,1,0,850,0,12,6.641095890410958,202,0.1376470588235294,0.0833333333333333,70.83333333333333,127.99092409240926,1.8069306930693072,0.0231678747565226,12,850,1,3,4,5,134,15,Critical retention
247,Graduation,Married,36715.0,1,0,2012-11-17,16,172,10,125,21,13,16,6,7,2,4,9,0,0,0,0,0,0,1,16,0,43,35-44,1,2,3,0,341,0,13,22.58630136986301,687,0.0469208211143695,0.4615384615384615,26.23076923076923,15.097646773410968,0.5755701115963126,0.004934543409531,13,341,3,3,3,4,333,34,Loyal
8707,Graduation,Married,79456.0,0,0,2012-08-22,12,565,42,548,64,83,99,1,5,6,4,3,0,0,0,0,0,0,1,16,0,58,55-64,0,2,2,0,1302,0,15,24.0,774,0.076036866359447,0.0666666666666666,86.8,54.25,0.625,0.0081932138542086,15,1302,3,3,5,6,335,36,High-potential growth
9523,Graduation,Together,40479.0,1,0,2013-08-17,95,5,0,8,2,0,0,1,0,0,3,4,0,0,0,0,0,0,0,16,0,32,25-34,1,2,3,0,15,0,3,13.610958904109587,414,0.0,0.3333333333333333,5.0,1.1020531400966185,0.2204106280193236,0.000326703665633,3,15,1,1,1,0,111,10,Low-priority churn
6072,Master,Single,75345.0,0,0,2013-02-02,16,918,57,842,99,38,133,1,5,8,6,3,0,0,0,1,0,0,1,18,0,44,35-44,0,1,1,0,1954,1,19,20.054794520547944,610,0.0680655066530194,0.0526315789473684,102.84210526315788,97.43306010928964,0.9474043715846996,0.0155179072441631,19,1954,3,4,5,7,345,37,Champions
6295,Graduation,Married,54233.0,0,1,2013-02-04,46,652,8,158,21,0,142,4,11,6,5,8,0,0,0,0,0,0,0,16,0,37,35-44,1,2,3,0,839,0,22,19.98904109589041,608,0.169249106078665,0.1818181818181818,38.13636363636363,41.97299890350877,1.1006030701754386,0.0092872602814173,22,839,2,5,4,7,254,27,High value at risk
10914,Graduation,Single,24163.0,1,1,2013-10-12,3,4,1,7,2,1,2,2,1,0,3,4,0,0,0,0,0,0,0,16,0,44,35-44,2,1,3,0,15,0,4,11.769863013698629,358,0.1333333333333333,0.5,3.75,1.2744413407821231,0.3398510242085661,0.0006329220746341,4,15,3,1,1,0,311,30,Recents
1509,PhD,Together,84460.0,0,0,2013-01-04,80,152,27,103,106,54,81,0,9,9,4,5,0,1,1,1,1,0,1,22,0,56,55-64,0,2,2,0,442,4,22,21.00821917808219,639,0.1832579185520362,0.0,20.09090909090909,21.03938445487741,1.047209181011998,0.0029892566121066,22,442,1,5,3,6,153,16,Low-priority churn
5577,Graduation,Together,43776.0,1,0,2014-05-03,77,8,0,9,2,1,3,1,1,0,2,6,0,0,0,0,0,0,0,16,0,31,25-34,1,2,3,0,20,0,3,5.095890410958904,155,0.15,0.3333333333333333,6.666666666666667,3.924731182795699,0.5887096774193549,0.0010758583286172,3,20,1,1,1,0,111,10,Low-priority churn
7348,PhD,Single,71691.0,0,0,2014-03-17,0,336,130,411,240,32,43,1,4,7,5,2,0,0,0,0,0,0,1,22,0,56,55-64,0,1,1,0,1149,0,16,6.641095890410958,202,0.0374238468233246,0.0625,71.8125,173.01361386138615,2.4092409240924093,0.0289598884983698,16,1149,3,4,5,7,345,37,Champions
1127,PhD,Married,85844.0,0,0,2014-05-29,62,938,19,843,25,95,38,1,6,6,7,2,0,0,1,0,0,0,0,22,0,41,35-44,0,2,2,0,1920,1,19,4.241095890410959,129,0.0197916666666666,0.0526315789473684,101.05263157894736,452.71317829457365,4.479974160206719,0.0632840750609813,19,1920,2,4,5,7,245,27,High value at risk
1833,PhD,Single,39190.0,1,0,2014-04-26,91,68,8,18,19,8,12,2,2,1,4,5,0,0,0,0,0,0,0,22,0,40,35-44,1,1,2,0,121,0,7,5.326027397260273,162,0.0991735537190082,0.2857142857142857,17.285714285714285,22.71862139917696,1.314300411522634,0.0069564546259281,7,121,1,2,2,2,122,12,Low-priority churn
6466,PhD,Married,57236.0,1,1,2014-03-12,22,105,0,9,2,1,4,3,2,1,4,3,0,0,0,0,0,0,0,22,0,49,45-54,2,2,4,0,117,0,7,6.8054794520547945,207,0.0341880341880341,0.4285714285714285,16.714285714285715,17.192028985507246,1.0285829307568437,0.0036044508321001,7,117,3,2,2,2,322,32,Recents
9964,Graduation,Single,61825.0,0,1,2013-08-07,56,162,50,100,55,30,27,1,4,2,8,4,0,0,0,0,0,0,0,16,0,35,35-44,1,1,2,0,397,0,14,13.93972602739726,424,0.0680100755667506,0.0714285714285714,28.357142857142858,28.479756289308177,1.0043238993710693,0.0055278135943663,14,397,2,3,3,4,233,24,Standard base
4790,Graduation,Divorced,79803.0,0,1,2014-06-02,54,574,8,216,21,16,33,1,4,3,5,1,0,0,0,0,0,0,0,16,0,56,55-64,1,1,2,0,835,0,12,4.10958904109589,125,0.0395209580838323,0.0833333333333333,69.58333333333333,203.18333333333337,2.9200000000000004,0.0305527361126774,12,835,2,3,4,5,234,25,High value at risk
10245,2n Cycle,Single,80910.0,0,0,2012-10-31,71,160,80,369,67,39,41,1,3,3,8,1,0,0,0,0,0,0,0,18,0,28,25-34,0,1,1,0,715,0,14,23.145205479452056,704,0.0573426573426573,0.0714285714285714,51.07142857142857,30.89192708333333,0.6048768939393939,0.0045816725373872,14,715,1,3,4,5,134,15,Critical retention
1109,Master,Together,27590.0,1,0,2013-04-23,38,6,0,5,0,0,1,1,1,0,2,7,0,0,0,0,0,0,0,18,0,32,25-34,1,2,3,0,11,0,3,17.424657534246574,530,0.0909090909090909,0.3333333333333333,3.6666666666666665,0.6312893081761006,0.1721698113207547,0.000274573095256,3,11,2,1,1,0,211,20,Standard base
6001,Graduation,Married,56775.0,0,1,2013-01-02,62,614,35,160,58,35,35,2,5,8,10,5,0,0,0,0,0,0,0,16,0,35,35-44,1,2,3,0,902,0,23,21.07397260273973,641,0.0388026607538802,0.0869565217391304,39.21739130434783,42.801612064482576,1.0913936557462298,0.0090465758656766,23,902,2,5,4,7,254,27,High value at risk
5538,Graduation,Divorced,83829.0,0,0,2013-10-08,78,897,161,430,186,161,27,0,4,7,6,1,1,0,1,1,0,0,1,16,0,39,35-44,0,1,1,0,1835,3,17,11.9013698630137,362,0.0147138964577656,0.0,107.94117647058825,154.18393186003684,1.4284069981583791,0.022071206650687,17,1835,1,4,5,7,145,17,Critical retention
10552,2n Cycle,Married,54210.0,0,1,2013-05-20,18,70,54,109,80,9,45,2,4,1,7,5,0,0,0,0,0,0,0,18,0,35,35-44,1,2,3,0,322,0,12,16.53698630136986,503,0.139751552795031,0.1666666666666666,26.83333333333333,19.47150430748841,0.7256461232604374,0.0043102389169869,12,322,3,3,3,4,333,34,Loyal
1545,Graduation,Married,38508.0,1,0,2013-08-02,95,120,19,206,25,19,54,6,7,2,5,8,0,0,0,0,0,0,0,16,0,28,25-34,1,2,3,0,389,0,14,14.104109589041096,429,0.1388174807197943,0.4285714285714285,27.785714285714285,27.58061383061383,0.9926184926184926,0.0085947690341582,14,389,1,3,3,4,133,14,Low-priority churn
7409,Graduation,Together,53187.0,1,0,2013-10-26,66,211,2,30,7,7,10,2,4,1,6,5,0,0,0,0,0,0,0,16,0,44,35-44,1,2,3,0,257,0,11,11.30958904109589,344,0.0389105058365758,0.1818181818181818,23.363636363636363,22.72407945736434,0.972625968992248,0.005126985043119,11,257,2,3,3,4,233,24,Standard base
4444,Graduation,Married,30023.0,1,0,2014-03-24,28,11,0,16,7,6,21,1,2,0,3,8,0,0,0,0,0,0,0,16,0,42,35-44,1,2,3,0,40,0,5,6.410958904109589,195,0.525,0.2,8.0,6.239316239316239,0.7799145299145299,0.0024938145712218,5,40,3,1,1,0,311,30,Recents
146,PhD,Single,76045.0,0,0,2013-11-15,78,760,53,400,17,93,0,1,4,5,11,2,0,0,0,1,0,0,0,22,0,54,45-54,0,1,1,0,1323,1,20,10.652054794520549,324,0.0,0.05,66.15,124.2013888888889,1.877572016460905,0.0195991408595787,20,1323,1,4,5,7,145,17,Critical retention
6271,PhD,Married,50870.0,0,1,2014-06-19,13,53,0,8,0,0,2,1,2,0,3,5,0,0,0,0,0,0,0,22,0,62,55-64,1,2,3,0,61,0,5,3.5506849315068494,108,0.0327868852459016,0.2,12.2,17.179783950617285,1.408179012345679,0.0040526323453392,5,61,3,1,2,1,312,31,Recents
4741,2n Cycle,Married,65463.0,1,0,2014-01-30,17,391,32,70,21,32,16,2,6,2,9,5,0,1,0,0,0,0,0,18,0,40,35-44,1,2,3,0,546,1,17,8.153424657534247,248,0.0293040293040293,0.1176470588235294,32.11764705882353,66.96572580645162,2.085013440860215,0.0122754641503967,17,546,3,4,3,5,343,35,High-potential growth
246,Graduation,Married,66480.0,1,1,2014-05-31,71,199,9,57,20,21,6,7,4,1,7,4,0,0,0,0,0,0,0,16,0,49,45-54,2,2,4,0,306,0,12,4.175342465753425,127,0.0196078431372549,0.5833333333333334,25.5,73.28740157480314,2.874015748031496,0.0132287728474373,12,306,1,3,3,4,133,14,Low-priority churn
375,Graduation,Divorced,76773.0,0,0,2013-02-25,79,516,56,449,86,33,16,1,2,2,11,1,0,0,0,0,0,0,0,16,0,60,55-64,0,1,1,0,1140,0,15,19.2986301369863,587,0.0140350877192982,0.0666666666666666,76.0,59.07155025553663,0.7772572402044293,0.0092331757657827,15,1140,1,3,5,6,135,16,Critical retention
1524,2n Cycle,Single,81698.0,0,0,2013-03-01,1,709,45,115,30,160,45,1,8,2,5,5,0,0,0,1,0,0,1,18,0,31,25-34,0,1,1,0,1059,1,15,19.16712328767123,583,0.0424929178470254,0.0666666666666666,70.6,55.25085763293311,0.7825900514579761,0.0081153797105828,15,1059,3,3,4,5,334,35,High-potential growth
10022,PhD,Single,54466.0,1,1,2014-02-09,78,12,0,4,0,0,0,1,1,0,2,5,0,0,0,0,0,0,0,22,0,41,35-44,2,1,3,0,16,0,3,7.824657534246575,238,0.0,0.3333333333333333,5.333333333333333,2.044817927170868,0.3834033613445378,0.0004505161959029,3,16,1,1,1,0,111,10,Low-priority churn
11010,PhD,Single,16269.0,1,0,2013-08-30,75,19,3,18,3,1,0,3,3,0,3,8,0,0,0,0,0,0,0,22,0,30,25-34,1,1,2,0,44,0,6,13.183561643835615,401,0.0,0.5,7.333333333333333,3.3374896093100586,0.4551122194513716,0.0024617293817518,6,44,1,2,2,2,122,12,Low-priority churn
4356,Graduation,Together,71819.0,0,1,2013-08-28,70,1224,28,140,0,14,168,3,3,3,5,6,0,1,1,0,0,0,0,16,0,43,35-44,1,2,3,0,1406,2,11,13.24931506849315,403,0.1194879089615931,0.2727272727272727,127.8181818181818,106.11869313482217,0.8302315963606287,0.0177310226766992,11,1406,1,3,5,6,135,16,Critical retention
3885,PhD,Married,33569.0,1,0,2013-10-16,10,16,2,18,3,0,24,1,1,1,2,8,1,0,0,0,0,0,1,22,0,31,25-34,1,2,3,0,39,1,4,11.63835616438356,354,0.6153846153846154,0.25,9.75,3.350988700564972,0.3436911487758946,0.0011978868720182,4,39,3,1,1,0,311,30,Recents
1175,Master,Married,36262.0,0,0,2013-09-20,24,88,39,54,64,28,153,1,3,5,3,6,1,0,0,0,0,0,1,18,0,31,25-34,0,2,2,0,273,1,11,12.493150684931509,380,0.5604395604395604,0.0909090909090909,24.818181818181817,21.851973684210527,0.8804824561403508,0.0072313629753054,11,273,3,3,3,4,333,34,Loyal
880,Basic,Together,22634.0,0,0,2013-01-16,47,2,23,11,8,6,46,1,2,1,2,8,0,0,0,0,0,0,0,12,0,48,45-54,0,2,2,0,50,0,5,20.613698630136984,627,0.92,0.2,10.0,2.425571504518873,0.2425571504518873,0.0012859794139006,5,50,2,1,2,1,212,21,Standard base
2320,2n Cycle,Married,47025.0,0,1,2013-09-12,98,508,11,59,23,5,29,5,11,1,6,9,0,0,0,0,0,0,0,18,0,36,35-44,1,2,3,0,606,0,18,12.756164383561645,388,0.0478547854785478,0.2777777777777778,33.666666666666664,47.506443298969074,1.4110824742268042,0.0121228563442345,18,606,1,4,4,6,144,16,Critical retention
850,Graduation,Single,70566.0,0,1,2013-10-06,4,381,28,215,84,28,21,2,6,5,9,3,0,0,0,0,0,0,0,16,0,46,45-54,1,1,2,0,736,0,20,11.967123287671232,364,0.0285326086956521,0.1,36.8,61.50183150183151,1.6712454212454213,0.0104586058161434,20,736,3,4,4,6,344,36,Champions
4713,PhD,Married,31605.0,1,0,2012-11-22,15,74,0,42,2,1,6,2,2,1,4,7,0,0,0,0,0,0,0,22,0,35,35-44,1,2,3,0,119,0,7,22.421917808219177,682,0.0504201680672268,0.2857142857142857,17.0,5.307306940371457,0.3121945259042033,0.0020151141681524,7,119,3,2,2,2,322,32,Recents
675,Master,Divorced,52034.0,1,1,2013-05-17,67,146,0,93,7,13,73,5,4,2,5,7,0,0,0,0,0,0,0,18,0,41,35-44,2,1,3,0,259,0,11,16.635616438356163,506,0.2818532818532818,0.4545454545454545,23.545454545454547,15.569005270092228,0.6612318840579711,0.0035904997355787,11,259,1,3,3,4,133,14,Low-priority churn
5025,Graduation,Single,48526.0,1,0,2013-12-24,32,23,17,23,43,20,9,1,2,1,4,3,0,0,0,0,0,0,0,16,0,35,35-44,1,1,2,0,126,0,7,9.36986301369863,285,0.0714285714285714,0.1428571428571428,18.0,13.447368421052632,0.7470760233918129,0.0033254012498996,7,126,3,2,2,2,322,32,Recents
2308,Graduation,Married,46734.0,0,1,2012-11-18,40,110,5,137,26,23,29,2,6,1,5,7,0,0,0,0,0,0,0,16,0,60,55-64,1,2,3,0,301,0,12,22.553424657534247,686,0.0963455149501661,0.1666666666666666,25.08333333333333,13.34608843537415,0.532069970845481,0.003426906775035,12,301,2,3,3,4,233,24,Standard base
5995,Graduation,Divorced,39552.0,1,1,2012-12-18,54,165,3,147,4,24,41,7,6,2,5,8,0,0,0,0,0,0,1,16,0,52,45-54,2,1,3,0,343,0,13,21.567123287671237,656,0.119533527696793,0.5384615384615384,26.384615384615383,15.903836382113822,0.6027693089430894,0.0048251930770976,13,343,2,3,3,4,233,24,Standard base
6749,Graduation,Single,86358.0,1,1,2012-08-08,78,957,47,494,82,47,95,4,5,3,6,8,0,0,0,0,0,0,0,16,0,48,45-54,2,1,3,0,1627,0,14,24.0,788,0.0583896742470805,0.2857142857142857,116.21428571428572,67.79166666666667,0.5833333333333334,0.0094200884689316,14,1627,1,3,5,6,135,16,Critical retention
1010,Graduation,Together,46931.0,2,1,2014-04-24,94,41,0,17,3,1,16,2,1,1,3,3,0,0,0,0,0,0,0,16,0,37,35-44,3,2,5,0,62,0,5,5.391780821917808,164,0.2580645161290322,0.4,12.4,11.498983739837398,0.9273373983739838,0.0029402272459152,5,62,1,1,2,1,112,11,Low-priority churn
8977,Basic,Single,16581.0,0,0,2013-01-12,51,1,3,4,2,3,11,1,0,0,3,4,0,0,0,0,0,0,0,12,0,29,25-34,0,1,1,0,13,0,3,20.745205479452054,631,0.8461538461538461,0.3333333333333333,4.333333333333333,0.6266508188061278,0.1446117274167987,0.0004535196806992,3,13,2,1,1,0,211,20,Standard base
4756,2n Cycle,Divorced,63998.0,0,0,2013-12-20,42,176,29,818,0,33,112,1,7,6,11,4,0,0,0,0,0,0,1,18,0,62,55-64,0,1,1,0,1056,0,24,9.501369863013698,289,0.106060606060606,0.0416666666666666,44.0,111.14186851211072,2.5259515570934257,0.0208397515882578,24,1056,2,5,4,7,254,27,High value at risk
3412,Master,Married,67381.0,0,1,2013-01-15,67,815,8,53,11,0,70,4,2,2,9,7,0,1,0,0,0,0,0,18,0,63,55-64,1,2,3,0,887,1,13,20.646575342465752,628,0.0789177001127395,0.3076923076923077,68.23076923076923,42.96111995753716,0.6296443736730362,0.007651020903377,13,887,1,3,4,5,134,15,Critical retention
606,Graduation,Single,25930.0,1,1,2013-10-10,87,6,1,2,2,0,4,1,1,0,2,7,0,0,0,0,0,0,0,16,0,47,45-54,2,1,3,0,11,0,3,11.835616438356164,360,0.3636363636363636,0.3333333333333333,3.6666666666666665,0.9293981481481484,0.2534722222222222,0.0004301109825598,3,11,1,1,1,0,111,10,Low-priority churn
5961,Graduation,Married,42693.0,1,0,2014-06-07,29,8,4,20,6,3,16,1,1,0,3,5,0,0,0,0,0,0,0,16,0,36,35-44,1,2,3,0,41,0,4,3.945205479452055,120,0.3902439024390244,0.25,10.25,10.392361111111112,1.0138888888888888,0.0029210487277383,4,41,3,1,1,0,311,30,Recents
2975,Graduation,Together,85606.0,0,1,2012-11-12,89,717,42,864,219,30,84,2,6,7,9,3,0,0,0,1,0,0,0,16,0,38,35-44,1,2,3,0,1872,1,22,22.75068493150685,692,0.0448717948717948,0.0909090909090909,85.0909090909091,82.28323699421965,0.9670038535645472,0.0115342247497913,22,1872,1,5,5,8,155,18,Critical retention
2894,Graduation,Single,72903.0,0,0,2013-10-29,74,1067,138,750,0,19,39,1,7,5,8,4,0,1,1,1,0,0,1,16,0,29,25-34,0,1,1,0,1974,3,20,11.210958904109589,341,0.019756838905775,0.05,98.7,176.0777126099707,1.7839687194525904,0.0289827929072829,20,1974,1,4,5,7,145,17,Critical retention
7613,2n Cycle,Together,49669.0,1,0,2014-05-24,97,166,5,107,11,8,29,2,5,1,6,6,0,0,0,0,0,0,0,18,0,40,35-44,1,2,3,0,297,0,12,4.405479452054794,134,0.0976430976430976,0.1666666666666666,24.75,67.4160447761194,2.723880597014926,0.0162876751558,12,297,1,3,3,4,133,14,Low-priority churn
10542,PhD,Married,36778.0,1,1,2012-08-05,63,29,4,34,2,4,4,3,3,0,3,9,0,0,0,0,0,0,0,22,0,46,45-54,2,2,4,0,73,0,6,24.0,791,0.0547945205479452,0.5,12.166666666666666,3.0416666666666665,0.25,0.0009924411332862,6,73,2,2,2,2,222,22,Standard base
8015,PhD,Divorced,85696.0,0,0,2013-05-03,88,714,76,395,116,0,12,1,4,6,9,1,0,0,0,0,0,0,1,22,0,52,45-54,0,1,1,0,1301,0,19,17.095890410958905,520,0.0092236740968485,0.0526315789473684,68.47368421052632,76.10016025641025,1.111378205128205,0.0106562957789969,19,1301,1,4,5,7,145,17,Critical retention
11166,Graduation,Married,49678.0,0,1,2013-02-02,81,229,5,56,3,2,20,2,6,2,4,7,0,0,0,0,0,0,0,16,0,53,45-54,1,2,3,0,295,0,12,20.054794520547944,610,0.0677966101694915,0.1666666666666666,24.58333333333333,14.709699453551911,0.5983606557377049,0.0035532105447607,12,295,1,3,3,4,133,14,Low-priority churn
523,Graduation,Married,37155.0,1,0,2013-01-31,51,23,0,26,7,15,3,1,2,0,4,5,0,0,0,0,0,0,0,16,0,25,25-34,1,2,3,0,71,0,6,20.12054794520548,612,0.0422535211267605,0.1666666666666666,11.833333333333334,3.528730936819172,0.2982026143790849,0.0011396789460861,6,71,2,2,2,2,222,22,Standard base
4066,2n Cycle,Divorced,21282.0,1,0,2014-05-11,76,1,5,8,4,8,20,2,2,1,2,6,0,0,0,0,0,0,0,18,0,36,35-44,1,1,2,0,26,0,5,4.832876712328767,147,0.7692307692307693,0.4,5.2,5.379818594104308,1.034580498866213,0.0030334471914881,5,26,1,1,1,0,111,10,Low-priority churn
8414,PhD,Single,33419.0,0,1,2013-08-17,76,56,0,12,0,0,18,2,2,0,4,7,0,0,0,0,0,0,0,22,0,52,45-54,1,1,2,0,68,0,6,13.610958904109587,414,0.2647058823529412,0.3333333333333333,11.333333333333334,4.99597423510467,0.4408212560386473,0.0017939402980716,6,68,1,2,2,2,122,12,Low-priority churn
819,Graduation,Widow,63285.0,0,0,2013-11-05,84,508,124,249,50,38,134,1,6,5,13,3,0,0,0,0,0,0,0,16,0,69,65-74,0,1,1,0,969,0,24,10.98082191780822,334,0.1382868937048503,0.0416666666666666,40.375,88.24476047904191,2.18562874251497,0.0167328296713044,24,969,1,5,4,7,154,17,Critical retention
4961,Master,Together,21255.0,1,0,2014-01-21,56,29,0,25,2,2,3,4,2,1,4,4,0,0,0,0,0,0,0,18,0,40,35-44,1,2,3,0,58,0,7,8.449315068493151,257,0.0517241379310344,0.5714285714285714,8.285714285714286,6.864461738002594,0.8284695201037613,0.0038754900426267,7,58,2,2,2,2,222,22,Standard base
749,Graduation,Together,42162.0,1,0,2013-11-19,31,46,7,59,2,4,27,2,3,1,3,6,1,0,0,0,0,0,1,16,0,33,25-34,1,2,3,0,118,1,7,10.52054794520548,320,0.2288135593220339,0.2857142857142857,16.857142857142858,11.216145833333334,0.6653645833333334,0.003192299938333,7,118,3,2,2,2,322,32,Recents
5430,Graduation,Together,54450.0,1,1,2012-09-14,0,454,0,171,8,19,32,12,9,2,8,8,0,0,0,0,0,0,0,16,0,58,55-64,2,2,4,0,652,0,19,24.0,751,0.0490797546012269,0.631578947368421,34.31578947368421,27.166666666666668,0.7916666666666666,0.0059871441689623,19,652,3,4,4,6,344,36,Champions
7755,PhD,Married,57744.0,0,1,2013-11-12,91,350,3,39,0,0,19,2,9,1,4,8,0,0,0,0,0,0,0,22,0,60,55-64,1,2,3,0,392,0,14,10.750684931506848,327,0.048469387755102,0.1428571428571428,28.0,36.46279306829766,1.3022426095820592,0.0075774715437027,14,392,1,3,3,4,133,14,Low-priority churn
10525,Graduation,Single,26576.0,1,0,2012-10-13,40,10,0,8,0,0,9,1,1,0,2,9,1,0,0,0,0,0,1,16,0,28,25-34,1,1,2,0,18,1,3,23.73698630136986,722,0.5,0.3333333333333333,6.0,0.7583102493074793,0.1263850415512465,0.0003424037850575,3,18,2,1,1,0,211,20,Standard base
1453,PhD,Widow,57513.0,0,0,2013-07-06,59,735,40,183,52,20,30,2,9,3,13,6,0,0,0,0,0,0,0,22,0,71,65-74,0,1,1,0,1030,0,25,14.991780821917809,456,0.029126213592233,0.08,41.2,68.70431286549709,1.6675804093567252,0.014335050412706,25,1030,2,5,4,7,254,27,High value at risk
8310,Graduation,Together,68142.0,0,1,2012-08-29,96,897,126,196,91,112,37,3,10,4,7,6,0,0,0,0,0,0,0,16,0,50,45-54,1,2,3,0,1422,0,21,24.0,767,0.0260196905766526,0.1428571428571428,67.71428571428571,59.25,0.875,0.0104340935106101,21,1422,1,5,5,8,155,18,Critical retention
10710,Graduation,Married,7500.0,0,1,2012-08-29,61,5,2,3,3,0,5,1,1,0,2,8,0,0,0,0,0,0,0,16,0,35,35-44,1,2,3,0,13,0,3,24.0,767,0.3846153846153846,0.3333333333333333,4.333333333333333,0.5416666666666666,0.125,0.0008666666666666,3,13,2,1,1,0,211,20,Standard base
5031,Graduation,Together,83145.0,0,0,2012-09-22,14,777,35,731,39,137,114,1,5,9,11,2,0,0,1,0,0,0,1,16,0,40,35-44,0,2,2,0,1719,1,25,24.0,743,0.0663176265270506,0.04,68.76,71.625,1.0416666666666667,0.0103373624391123,25,1719,3,5,5,8,355,38,Champions
2613,Master,Married,54197.0,0,1,2014-04-03,16,162,6,37,6,13,13,2,1,3,6,1,0,0,0,0,0,0,0,18,0,54,45-54,1,2,3,0,224,0,10,6.082191780821917,185,0.0580357142857142,0.2,22.4,36.82882882882883,1.6441441441441442,0.0081544355950688,10,224,3,3,3,4,333,34,Loyal
213,PhD,Single,23091.0,1,1,2014-05-28,98,35,0,11,0,0,2,4,2,1,3,7,0,0,0,0,0,0,0,22,0,51,45-54,2,1,3,0,46,0,6,4.273972602739726,130,0.0434782608695652,0.6666666666666666,7.666666666666667,10.762820512820513,1.4038461538461535,0.0055932547812501,6,46,1,2,2,2,122,12,Low-priority churn
967,Graduation,Married,46049.0,1,1,2013-07-21,11,342,9,112,19,14,19,10,5,2,9,7,0,0,0,0,0,0,1,16,0,38,35-44,2,2,4,0,496,0,16,14.4986301369863,441,0.0383064516129032,0.625,31.0,34.21012849584279,1.1035525321239608,0.0089148850561383,16,496,3,4,3,5,343,35,High-potential growth
1077,Graduation,Together,56715.0,0,0,2012-12-05,52,258,105,239,237,172,9,1,7,3,4,4,0,0,0,0,0,0,0,16,0,40,35-44,0,2,2,0,1011,0,14,21.994520547945204,669,0.0089020771513353,0.0714285714285714,72.21428571428571,45.96599402092676,0.6365221723966119,0.0097256797716851,14,1011,2,3,4,5,234,25,High value at risk
7959,Graduation,Married,79410.0,0,0,2014-05-29,19,658,80,483,123,13,13,1,3,2,5,1,0,0,0,0,0,0,0,16,0,53,45-54,0,2,2,0,1357,0,10,4.241095890410959,129,0.0095799557848194,0.1,135.7,319.96447028423773,2.3578811369509043,0.048351261093198,10,1357,3,3,5,6,335,36,High-potential growth
640,Graduation,Married,57304.0,0,1,2013-03-11,61,356,80,329,138,17,106,2,7,6,10,5,0,0,0,0,0,0,0,16,0,63,55-64,1,2,3,0,920,0,23,18.83835616438356,573,0.1152173913043478,0.0869565217391304,40.0,48.83653286794648,1.220913321698662,0.010226832235365,23,920,2,5,4,7,254,27,High value at risk
4252,Graduation,Married,44375.0,0,1,2014-03-23,73,213,5,28,7,7,41,1,4,1,6,5,0,0,0,0,0,0,0,16,0,49,45-54,1,2,3,0,260,0,11,6.443835616438356,196,0.1576923076923077,0.0909090909090909,23.63636363636364,40.34863945578231,1.7070578231292517,0.010911181373958,11,260,1,3,3,4,133,14,Low-priority churn
6218,Graduation,Married,59594.0,0,1,2012-10-20,74,457,4,29,0,0,9,1,8,1,7,7,0,1,0,0,0,0,0,16,0,49,45-54,1,2,3,0,490,1,16,23.506849315068493,715,0.0183673469387755,0.0625,30.625,20.844988344988344,0.6806526806526807,0.0041974000761798,16,490,1,4,3,5,143,15,Low-priority churn
6905,Graduation,Together,80685.0,0,0,2012-08-22,55,241,45,604,34,26,54,1,6,4,10,2,0,0,0,0,0,0,0,16,0,20,18-24,0,2,2,0,950,0,20,24.0,774,0.0568421052631578,0.05,47.5,39.583333333333336,0.8333333333333334,0.0058870917766623,20,950,2,4,4,6,244,26,High value at risk
5922,PhD,Married,40344.0,0,1,2013-10-13,48,210,0,6,0,0,2,2,4,1,5,7,0,0,0,0,0,0,0,22,0,40,35-44,1,2,3,0,216,0,10,11.736986301369862,357,0.0092592592592592,0.2,21.6,18.403361344537817,0.8520074696545286,0.0054739325831462,10,216,2,3,3,4,233,24,Standard base
3598,Graduation,Married,62710.0,0,1,2013-05-23,53,441,35,83,7,29,11,4,4,2,12,4,0,0,0,0,0,0,0,16,0,42,35-44,1,2,3,0,595,0,18,16.43835616438356,500,0.0184873949579831,0.2222222222222222,33.05555555555556,36.19583333333334,1.0950000000000002,0.0069263275394673,18,595,2,4,4,6,244,26,High value at risk
6116,2n Cycle,Married,48985.0,0,1,2013-07-05,13,19,13,18,10,7,8,1,1,1,3,3,0,0,0,0,0,0,0,18,0,46,45-54,1,2,3,0,67,0,5,15.024657534246575,457,0.1194029850746268,0.2,13.4,4.459336250911743,0.3327862873814733,0.001092416760456,5,67,3,1,2,1,312,31,Recents
6263,Graduation,Together,35322.0,1,2,2012-08-22,34,28,9,37,12,7,13,3,2,0,4,8,0,0,0,0,0,0,0,16,0,46,45-54,3,2,5,0,93,0,6,24.0,774,0.1397849462365591,0.5,15.5,3.875,0.25,0.0013164599966026,6,93,2,2,2,2,222,22,Standard base
10486,Graduation,Married,77142.0,0,0,2013-05-29,54,476,75,162,29,151,97,1,4,4,8,2,0,0,0,0,0,0,0,16,0,66,65-74,0,2,2,0,893,0,16,16.241095890410957,494,0.108622620380739,0.0625,55.8125,54.983974358974365,0.9851551956815116,0.0085531577131483,16,893,2,4,4,6,244,26,High value at risk
2410,Graduation,Single,81657.0,0,0,2014-01-22,69,364,40,425,158,60,50,1,3,4,8,1,0,0,0,0,0,0,0,16,0,45,45-54,0,1,1,0,1047,0,15,8.416438356164383,256,0.0477554918815663,0.0666666666666666,69.8,124.3994140625,1.7822265625000002,0.0182812614809508,15,1047,1,3,4,5,134,15,Critical retention
193,Basic,Married,14421.0,0,0,2014-02-17,81,0,0,2,3,3,8,1,1,0,2,5,1,0,0,0,0,0,0,12,0,18,18-24,0,2,2,0,8,1,3,7.561643835616438,230,1.0,0.3333333333333333,2.6666666666666665,1.0579710144927537,0.3967391304347826,0.0008803586557043,3,8,1,1,1,0,111,10,Low-priority churn
8278,PhD,Married,74214.0,0,0,2012-08-26,3,863,83,547,86,99,33,1,8,2,5,5,0,0,0,0,0,0,0,22,0,24,18-24,0,2,2,0,1678,0,15,24.0,770,0.0196662693682955,0.0666666666666666,111.86666666666666,69.91666666666667,0.625,0.0113051445818848,15,1678,3,3,5,6,335,36,High-potential growth
10660,Master,Married,66726.0,1,1,2014-01-12,61,349,7,35,0,0,47,3,8,2,4,7,0,1,0,0,0,0,0,18,0,57,55-64,2,2,4,0,391,1,14,8.745205479452055,266,0.1202046035805626,0.2142857142857142,27.928571428571427,44.71021303258145,1.600877192982456,0.0080406821387611,14,391,2,3,3,4,233,24,Standard base
8686,Basic,Together,23724.0,1,0,2013-01-08,65,5,23,15,0,18,14,2,2,0,3,8,0,0,0,0,0,0,0,12,0,35,35-44,1,2,3,0,61,0,5,20.876712328767123,635,0.2295081967213114,0.4,12.2,2.921916010498688,0.239501312335958,0.0014779544817899,5,61,2,1,2,1,212,21,Standard base
1604,Master,Married,47353.0,0,1,2013-11-13,93,184,2,19,8,8,4,3,2,2,6,5,0,0,0,0,0,0,0,18,0,54,45-54,1,2,3,0,221,0,10,10.717808219178082,326,0.0180995475113122,0.3,22.1,20.619887525562373,0.9330265848670756,0.0052254059997623,10,221,1,3,3,4,133,14,Low-priority churn
5907,Master,Married,33444.0,1,1,2012-11-03,24,8,0,8,0,0,2,1,1,0,2,8,0,0,0,0,0,0,0,18,0,62,55-64,2,2,4,0,16,0,3,23.046575342465754,701,0.125,0.3333333333333333,5.333333333333333,0.6942463147883975,0.1301711840228245,0.0002491016558264,3,16,3,1,1,0,311,30,Recents
10669,Graduation,Married,54386.0,0,1,2013-05-17,8,277,21,64,62,21,25,2,3,2,10,3,0,0,0,0,0,0,0,16,0,33,25-34,1,2,3,0,445,0,15,16.635616438356163,506,0.0561797752808988,0.1333333333333333,29.666666666666668,26.74983530961792,0.9016798418972332,0.0059022179184976,15,445,3,3,3,4,333,34,Loyal
2918,Graduation,Divorced,28510.0,1,1,2013-04-13,72,44,5,19,0,4,19,3,2,0,4,5,0,0,0,0,0,0,0,16,0,33,25-34,2,1,3,0,72,0,6,17.753424657534246,540,0.2638888888888889,0.5,12.0,4.055555555555555,0.3379629629629629,0.0017070033906231,6,72,1,2,2,2,122,12,Low-priority churn
359,Graduation,Together,48070.0,0,1,2013-01-13,33,373,14,83,6,9,19,3,8,2,6,7,0,0,0,0,0,1,0,16,0,64,55-64,1,2,3,0,485,0,16,20.712328767123285,630,0.0391752577319587,0.1875,30.3125,23.41600529100529,0.7724867724867726,0.0058454766692752,16,485,2,4,3,5,243,25,Standard base
8387,Graduation,Married,43140.0,0,1,2013-01-05,68,134,8,76,6,0,11,1,4,1,5,6,0,0,0,0,0,0,0,16,0,57,55-64,1,2,3,0,224,0,10,20.975342465753425,638,0.0491071428571428,0.1,22.4,10.679205851619646,0.4767502612330198,0.0029705718641501,10,224,1,3,3,4,133,14,Low-priority churn
1829,PhD,Divorced,54959.0,0,1,2013-01-19,55,1148,0,60,0,0,24,3,9,5,4,7,0,1,0,0,0,0,1,22,0,53,45-54,1,1,2,0,1208,1,18,20.51506849315068,624,0.0198675496688741,0.1666666666666666,67.11111111111111,58.88354700854702,0.8774038461538463,0.0128569035845369,18,1208,2,4,5,7,245,27,High value at risk
3839,Basic,Single,15056.0,1,1,2013-05-03,76,6,12,3,21,6,40,5,2,2,3,5,0,0,0,0,0,0,0,12,0,56,55-64,2,1,3,0,48,0,7,17.095890410958905,520,0.8333333333333334,0.7142857142857143,6.857142857142857,2.8076923076923075,0.4094551282051282,0.0022377993950788,7,48,1,2,2,2,122,12,Low-priority churn
9392,Graduation,Single,26954.0,1,0,2014-05-08,17,4,1,11,0,0,1,1,1,0,2,7,0,0,0,0,0,0,0,16,0,43,35-44,1,1,2,0,16,0,3,4.931506849315069,150,0.0625,0.3333333333333333,5.333333333333333,3.2444444444444445,0.6083333333333333,0.0014444361999455,3,16,3,1,1,0,311,30,Recents
2292,Graduation,Single,22327.0,1,0,2013-08-02,94,5,4,8,2,0,5,1,1,0,3,5,0,0,0,0,0,0,0,16,0,29,25-34,1,1,2,0,19,0,4,14.104109589041096,429,0.2631578947368421,0.25,4.75,1.3471250971250972,0.2836052836052836,0.0007240337333945,4,19,1,1,1,0,111,10,Low-priority churn
10466,Graduation,Married,44393.0,1,1,2013-08-22,86,24,2,20,2,2,10,2,1,0,4,4,0,0,0,0,0,0,0,16,0,49,45-54,2,2,4,0,50,0,5,13.446575342465753,409,0.2,0.4,10.0,3.718418907905461,0.3718418907905461,0.0010051365506919,5,50,1,1,2,1,112,11,Low-priority churn
9855,PhD,Single,62000.0,0,1,2013-08-25,25,899,0,101,0,0,20,1,6,6,13,4,0,0,0,1,0,0,0,22,0,62,55-64,1,1,2,0,1000,1,25,13.347945205479451,406,0.02,0.04,40.0,74.91789819376027,1.8729474548440064,0.0145002383600826,25,1000,3,5,4,7,354,37,Champions
4088,PhD,Together,31497.0,0,1,2012-12-06,22,108,1,28,13,1,4,2,3,1,4,8,0,0,0,0,0,0,0,22,0,52,45-54,1,2,3,0,151,0,8,21.96164383561644,668,0.0264900662251655,0.25,18.875,6.8756237524950095,0.3642714570858283,0.0026195347185427,8,151,3,2,2,2,322,32,Recents
5231,2n Cycle,Married,45894.0,0,2,2014-02-27,15,27,2,7,0,2,13,1,1,0,3,5,0,0,0,0,0,0,0,18,0,40,35-44,2,2,4,0,38,0,4,7.232876712328767,220,0.3421052631578947,0.25,9.5,5.253787878787879,0.5530303030303031,0.0013737188858119,4,38,3,1,1,0,311,30,Recents
590,Master,Divorced,78579.0,0,0,2012-12-22,35,816,66,549,216,66,99,1,5,6,4,3,0,0,0,0,0,0,1,18,0,44,35-44,0,1,1,0,1713,0,15,21.435616438356163,652,0.0577933450087565,0.0666666666666666,114.2,79.91372699386504,0.6997699386503068,0.0122038295718497,15,1713,2,3,5,6,235,26,High value at risk
8732,Master,Widow,67369.0,0,1,2012-11-17,81,1298,0,70,37,14,42,4,7,4,10,4,0,1,1,0,0,0,1,18,0,45,45-54,1,1,2,0,1419,2,21,22.58630136986301,687,0.0295983086680761,0.1904761904761904,67.57142857142857,62.82569141193596,0.9297671033478896,0.0111907301124141,21,1419,1,5,5,8,155,18,Critical retention
2315,Graduation,Divorced,58401.0,0,1,2014-04-20,55,10,0,11,17,29,29,1,1,2,2,4,0,0,0,0,0,0,0,16,0,54,45-54,1,1,2,0,67,0,5,5.523287671232876,168,0.4328358208955223,0.2,13.4,12.13045634920635,0.9052579365079366,0.0024925168437265,5,67,2,1,2,1,212,21,Standard base
3515,Graduation,Single,62307.0,0,1,2014-02-17,94,87,13,34,10,6,10,1,4,0,4,5,0,0,0,0,0,0,0,16,0,62,55-64,1,1,2,0,150,0,8,7.561643835616438,230,0.0666666666666666,0.125,18.75,19.83695652173913,1.0579710144927537,0.0038204933355942,8,150,1,2,2,2,122,12,Low-priority churn
2245,Master,Married,43641.0,1,1,2013-04-22,50,57,2,51,4,2,23,3,2,1,4,6,0,0,0,0,0,0,0,18,0,45,45-54,2,2,4,0,116,0,7,17.457534246575342,531,0.1982758620689655,0.4285714285714285,16.571428571428573,6.644695543000628,0.4009730069052103,0.0018270971452534,7,116,2,2,2,2,222,22,Standard base
6606,Master,Married,70091.0,1,0,2013-03-31,11,964,34,137,15,0,11,2,5,2,10,8,0,1,0,0,0,0,0,18,0,45,45-54,1,2,3,0,1150,1,17,18.180821917808217,553,0.0095652173913043,0.1176470588235294,67.6470588235294,63.25346594333937,0.9350512356841472,0.010829373119517,17,1150,3,4,5,7,345,37,Champions
5545,PhD,Married,78075.0,0,0,2014-04-05,72,572,8,259,34,35,80,1,3,5,5,1,0,0,0,0,0,0,0,22,0,42,35-44,0,2,2,0,908,0,13,6.016438356164383,183,0.0881057268722467,0.0769230769230769,69.84615384615384,150.91985428051004,2.1607468123861566,0.0231961351439784,13,908,1,3,4,5,134,15,Critical retention
7342,2n Cycle,Widow,59184.0,0,1,2012-09-09,6,341,142,113,259,151,66,3,6,6,12,5,0,0,0,0,0,0,0,18,0,53,45-54,1,1,2,0,1006,0,24,24.0,756,0.0656063618290258,0.125,41.91666666666666,41.91666666666666,1.0,0.0084989186266558,24,1006,3,5,4,7,354,37,Champions
9500,Graduation,Married,58113.0,0,1,2013-01-25,66,221,104,169,102,78,84,3,9,2,8,7,0,0,0,0,0,1,0,16,0,55,55-64,1,2,3,0,674,0,19,20.317808219178083,618,0.1246290801186943,0.1578947368421052,35.473684210526315,33.17286947141316,0.9351402373247032,0.0068500066019127,19,674,2,4,4,6,244,26,High value at risk
3602,Master,Married,51412.0,0,1,2013-12-31,42,140,3,29,4,5,14,2,3,2,4,4,0,0,0,0,0,0,0,18,0,56,55-64,1,2,3,0,181,0,9,9.13972602739726,278,0.0773480662983425,0.2222222222222222,20.11111111111111,19.80365707434053,0.9847122302158274,0.0046223427388953,9,181,2,2,2,2,222,22,Standard base
2995,Master,Together,66636.0,0,0,2013-08-17,64,291,10,689,84,10,0,1,3,4,9,1,0,0,0,0,0,0,0,18,0,57,55-64,0,2,2,0,1084,0,16,13.610958904109587,414,0.0,0.0625,67.75,79.64170692431561,1.1755233494363928,0.0143421046144994,16,1084,2,4,4,6,244,26,High value at risk
1118,Master,Married,50965.0,0,1,2013-02-20,87,544,13,85,8,6,29,3,10,4,5,8,1,0,0,0,0,0,0,18,0,58,55-64,1,2,3,0,656,1,19,19.46301369863013,592,0.0442073170731707,0.1578947368421052,34.526315789473685,33.70495495495496,0.9762105855855856,0.0079360239273905,19,656,1,4,4,6,144,16,Critical retention
3068,Graduation,Married,18351.0,0,0,2013-10-29,1,1,12,9,0,14,7,1,2,0,3,7,0,0,0,0,0,0,0,16,0,24,18-24,0,2,2,0,36,0,5,11.210958904109589,341,0.1944444444444444,0.2,7.2,3.211143695014663,0.4459921798631476,0.002099816050361,5,36,3,1,1,0,311,30,Recents
8955,PhD,Together,40451.0,0,2,2014-02-16,54,35,0,4,0,0,10,1,1,1,2,5,1,0,0,0,0,0,0,22,0,57,55-64,2,2,4,0,39,1,4,7.594520547945205,231,0.2564102564102564,0.25,9.75,5.1352813852813854,0.5266955266955268,0.0015234079904916,4,39,2,1,1,0,211,20,Standard base
945,Graduation,Together,36317.0,0,1,2013-05-22,53,87,3,25,3,2,13,2,3,0,4,7,0,0,0,0,0,0,0,16,0,49,45-54,1,2,3,0,120,0,7,16.471232876712328,501,0.1083333333333333,0.2857142857142857,17.142857142857142,7.285429141716567,0.4249833666001331,0.0024072789520224,7,120,2,2,2,2,222,22,Standard base
5644,Graduation,Together,42213.0,0,1,2013-10-12,96,309,3,24,4,3,20,2,5,1,7,7,0,1,0,0,0,0,0,16,0,57,55-64,1,2,3,0,343,1,13,11.769863013698629,358,0.0583090379008746,0.1538461538461538,26.384615384615383,29.142225325884542,1.10451582867784,0.0082843366714191,13,343,1,3,3,4,133,14,Low-priority churn
7192,Graduation,Together,65748.0,0,1,2013-04-15,58,172,73,93,95,78,34,2,2,4,10,1,0,0,0,0,0,1,0,16,0,59,55-64,1,2,3,0,511,0,16,17.687671232876713,538,0.0665362035225048,0.125,31.9375,28.89017967781908,0.9045848822800496,0.0052728928048583,16,511,2,4,3,5,243,25,Standard base
2324,Graduation,Together,77044.0,0,1,2013-10-27,12,625,38,242,50,34,76,2,7,11,11,4,1,0,0,0,0,0,0,16,0,42,35-44,1,2,3,0,989,1,29,11.276712328767124,343,0.076845298281092,0.0689655172413793,34.10344827586207,87.70286686103013,2.571671525753158,0.0136601734376766,29,989,3,5,4,7,354,37,Champions
697,Graduation,Together,74918.0,0,0,2013-03-12,78,972,59,913,25,19,59,1,5,9,6,3,0,0,1,0,0,0,0,16,0,45,45-54,0,2,2,0,1988,1,20,18.805479452054797,572,0.0296780684104627,0.05,99.4,105.71386946386949,1.0635198135198136,0.0169327322347958,20,1988,1,4,5,7,145,17,Critical retention
3439,Graduation,Married,56721.0,1,1,2012-10-31,64,157,6,39,6,13,75,5,4,1,5,6,0,0,0,0,0,0,0,16,0,42,35-44,2,2,4,0,221,0,10,23.145205479452056,704,0.3393665158371041,0.5,22.1,9.548413825757576,0.4320549242424242,0.0020200801450801,10,221,2,3,3,4,233,24,Standard base
1506,Graduation,Single,42160.0,1,1,2013-06-28,26,48,9,45,3,15,20,4,2,1,4,6,0,0,0,0,0,0,1,16,0,39,35-44,2,1,3,0,120,0,7,15.254794520547945,464,0.1666666666666666,0.5714285714285714,17.142857142857142,7.866379310344827,0.4588721264367816,0.0022390073938362,7,120,3,2,2,2,322,32,Recents
232,Graduation,Single,61559.0,0,1,2013-07-17,8,279,83,88,32,14,34,1,4,2,10,3,0,0,0,0,0,0,0,16,0,49,45-54,1,1,2,0,496,0,16,14.63013698630137,445,0.0685483870967741,0.0625,31.0,33.90262172284644,1.093632958801498,0.0066088055471037,16,496,3,4,3,5,343,35,High-potential growth
8876,PhD,Together,33629.0,1,1,2012-08-08,49,132,0,16,0,0,4,5,3,1,4,9,0,0,0,0,0,0,0,22,0,51,45-54,2,2,4,0,148,0,8,24.0,788,0.027027027027027,0.625,18.5,6.166666666666667,0.3333333333333333,0.0022004817270807,8,148,2,2,2,2,222,22,Standard base
9739,Graduation,Single,34377.0,0,1,2013-01-19,55,62,0,22,3,1,26,2,2,2,2,7,0,0,0,0,0,0,0,16,0,51,45-54,1,1,2,0,88,0,6,20.51506849315068,624,0.2954545454545454,0.3333333333333333,14.666666666666666,4.289529914529915,0.2924679487179487,0.0014973487789614,6,88,2,2,2,2,222,22,Standard base
10395,Basic,Single,8940.0,1,0,2012-08-22,25,1,45,3,4,6,42,3,3,1,3,8,0,0,0,0,0,0,0,12,0,28,25-34,1,1,2,0,59,0,7,24.0,774,0.711864406779661,0.4285714285714285,8.428571428571429,2.458333333333333,0.2916666666666667,0.0032997762863534,7,59,3,2,2,2,322,32,Recents
1176,Graduation,Married,26228.0,1,0,2013-09-22,50,2,6,4,3,1,9,1,1,0,2,8,0,0,0,0,0,0,0,16,0,41,35-44,1,2,3,0,16,0,3,12.427397260273972,378,0.5625,0.3333333333333333,5.333333333333333,1.2874779541446209,0.2414021164021164,0.0005890550346856,3,16,2,1,1,0,211,20,Standard base
1627,2n Cycle,Divorced,77297.0,0,0,2013-01-26,84,408,61,109,48,122,41,1,5,7,9,4,0,0,0,1,0,0,0,18,0,57,55-64,0,1,1,0,748,1,21,20.284931506849315,617,0.0548128342245989,0.0476190476190476,35.61904761904762,36.87466234467856,1.0352512155591571,0.0057246199482016,21,748,1,5,4,7,154,17,Critical retention
938,Graduation,Married,40211.0,1,1,2013-07-30,30,51,1,7,2,1,25,2,2,1,2,8,1,0,0,0,0,0,0,16,0,33,25-34,2,2,4,0,62,1,5,14.202739726027398,432,0.4032258064516129,0.4,12.4,4.365354938271605,0.3520447530864197,0.0013027345566949,5,62,3,1,2,1,312,31,Recents
2740,PhD,Widow,33438.0,1,1,2013-09-22,81,62,1,16,3,2,6,4,2,1,4,5,0,0,0,0,0,0,0,22,0,56,55-64,2,1,3,0,84,0,7,12.427397260273972,378,0.0714285714285714,0.5714285714285714,12.0,6.75925925925926,0.5632716049382717,0.0024257165832618,7,84,1,2,2,2,122,12,Low-priority churn
257,PhD,Married,75032.0,0,1,2013-04-28,74,952,12,180,47,12,12,2,5,4,9,3,0,0,0,0,0,0,0,22,0,55,55-64,1,2,3,0,1203,0,18,17.26027397260274,525,0.0099750623441396,0.1111111111111111,66.83333333333333,69.69761904761904,1.042857142857143,0.0111468630527165,18,1203,1,4,5,7,145,17,Critical retention
4058,PhD,Single,61284.0,0,0,2013-10-12,76,618,15,106,20,7,45,1,11,2,8,6,0,1,0,0,0,0,0,22,0,59,55-64,0,1,1,0,766,1,21,11.769863013698629,358,0.0587467362924282,0.0476190476190476,36.47619047619048,65.08147113594042,1.7842178770949724,0.0127435815813472,21,766,1,5,4,7,154,17,Critical retention
7736,Graduation,Married,22518.0,1,0,2012-10-22,36,11,7,12,2,2,27,2,2,1,2,5,1,0,0,0,0,0,1,16,0,28,25-34,1,2,3,0,34,1,5,23.44109589041096,713,0.7941176470588235,0.4,6.8,1.4504441327723236,0.2133006077606358,0.0007729518426711,5,34,2,1,1,0,211,20,Standard base
8210,Master,Married,54730.0,0,1,2013-08-15,64,318,3,17,4,7,56,5,4,1,8,4,0,0,0,0,0,0,0,18,0,39,35-44,1,2,3,0,349,0,13,13.676712328767122,416,0.160458452722063,0.3846153846153846,26.846153846153847,25.51782852564103,0.9505208333333334,0.005594992550844,13,349,2,3,3,4,233,24,Standard base
833,Master,Married,38452.0,1,1,2014-03-30,62,56,0,14,0,0,2,3,3,0,3,7,0,0,0,0,0,0,0,18,0,59,55-64,2,2,4,0,70,0,6,6.213698630136986,189,0.0285714285714285,0.5,11.666666666666666,11.265432098765432,0.9656084656084656,0.0035156867051176,6,70,2,2,2,2,222,22,Standard base
6230,Graduation,Divorced,44421.0,1,1,2013-02-15,53,110,5,59,7,1,7,5,5,0,4,8,0,0,0,0,0,0,0,16,0,43,35-44,2,1,3,0,182,0,9,19.627397260273973,597,0.0384615384615384,0.5555555555555556,20.22222222222222,9.272752652149636,0.4585427135678391,0.0025049645848989,9,182,2,2,3,3,223,23,Standard base
7325,PhD,Together,38197.0,1,0,2013-06-29,86,23,0,11,2,1,3,1,1,0,3,5,0,0,0,0,0,0,0,22,0,28,25-34,1,2,3,0,37,0,4,15.221917808219178,463,0.081081081081081,0.25,9.25,2.4307055435565155,0.2627789776817854,0.0007636323931899,4,37,1,1,1,0,111,10,Low-priority churn
1307,Graduation,Divorced,41986.0,0,1,2014-02-09,15,27,5,8,8,3,12,3,3,0,4,4,0,0,0,0,0,0,0,16,0,36,35-44,1,1,2,0,51,0,7,7.824657534246575,238,0.2352941176470588,0.4285714285714285,7.285714285714286,6.517857142857143,0.8946078431372549,0.0018628658532435,7,51,3,2,2,2,322,32,Recents
1502,Graduation,Together,28427.0,1,0,2013-03-21,67,18,3,19,3,3,6,2,2,0,3,8,0,0,0,0,0,0,0,16,0,31,25-34,1,2,3,0,46,0,5,18.50958904109589,563,0.1304347826086956,0.4,9.2,2.485198342214328,0.2701302545885139,0.0010490864356622,5,46,1,1,2,1,112,11,Low-priority churn
6211,PhD,Together,37395.0,1,0,2014-05-02,47,18,0,9,0,1,11,1,1,0,3,6,0,0,0,0,0,0,0,22,0,38,35-44,1,2,3,0,28,0,4,5.128767123287671,156,0.3928571428571428,0.25,7.0,5.45940170940171,0.77991452991453,0.0017519139059451,4,28,2,1,1,0,211,20,Standard base
843,Graduation,Married,64722.0,1,0,2014-05-26,47,303,0,280,60,147,15,4,8,2,11,6,0,0,0,0,0,0,0,16,0,43,35-44,1,2,3,0,790,0,21,4.33972602739726,132,0.0189873417721519,0.1904761904761904,37.61904761904762,182.03914141414143,4.839015151515151,0.0337515790143953,21,790,2,5,4,7,254,27,High value at risk
4174,Master,Together,55249.0,0,1,2014-04-17,81,97,1,19,2,0,11,1,2,1,4,3,0,0,0,0,0,0,0,18,0,58,55-64,1,2,3,0,119,0,7,5.621917808219178,171,0.0924369747899159,0.1428571428571428,17.0,21.16715399610137,1.2451267056530215,0.0045974741253817,7,119,1,2,2,2,122,12,Low-priority churn
9757,Graduation,Together,84906.0,0,0,2013-10-04,98,997,15,414,99,30,76,1,5,6,12,2,0,1,1,0,1,0,0,16,0,42,35-44,0,2,2,0,1555,3,23,12.032876712328768,366,0.0488745980707395,0.0434782608695652,67.6086956521739,129.2292805100182,1.9114298724954464,0.0182643319214215,23,1555,1,5,5,8,155,18,Critical retention
286,Graduation,Single,44213.0,1,1,2013-11-29,48,95,11,35,0,4,7,4,2,1,5,6,0,0,0,0,0,0,0,16,0,62,55-64,2,1,3,0,145,0,8,10.191780821917808,310,0.0482758620689655,0.5,18.125,14.227150537634408,0.7849462365591398,0.0038614390892183,8,145,2,2,2,2,222,22,Standard base
11086,Basic,Single,25707.0,1,0,2014-01-18,18,1,6,2,3,6,3,1,1,0,3,7,0,0,0,0,0,0,0,12,0,30,25-34,1,1,2,0,18,0,4,8.547945205479452,260,0.1666666666666666,0.25,4.5,2.105769230769231,0.4679487179487179,0.0009829708160901,4,18,3,1,1,0,311,30,Recents
1921,PhD,Married,59062.0,2,1,2013-10-03,74,46,1,12,3,0,9,2,2,0,3,4,0,0,0,0,0,0,0,22,0,47,45-54,3,2,5,0,62,0,5,12.065753424657531,367,0.1451612903225806,0.4,12.4,5.138510445049955,0.4143960036330609,0.0010440236588771,5,62,1,1,2,1,112,11,Low-priority churn
4138,Graduation,Single,76624.0,0,1,2014-05-24,68,411,106,147,54,115,66,1,5,10,7,1,1,0,0,0,0,0,0,16,0,52,45-54,1,1,2,0,833,1,22,4.405479452054794,134,0.0792316926770708,0.0454545454545454,37.86363636363637,189.0827114427861,4.993781094527364,0.0296120345755041,22,833,1,5,4,7,154,17,Critical retention
7718,Master,Together,66000.0,0,0,2014-04-20,36,244,51,270,101,0,45,1,1,3,5,1,0,0,0,0,0,0,0,18,0,67,65-74,0,2,2,0,666,0,9,5.523287671232876,168,0.0675675675675675,0.1111111111111111,74.0,120.58035714285715,1.6294642857142858,0.0219237012987013,9,666,2,2,4,4,224,24,High value at risk
1291,PhD,Together,27683.0,1,0,2012-08-04,90,152,9,121,12,12,45,4,6,2,4,8,0,0,0,0,0,0,0,22,0,36,35-44,1,2,3,0,306,0,12,24.0,792,0.1470588235294117,0.3333333333333333,25.5,12.75,0.5,0.0055268576382617,12,306,1,3,3,4,133,14,Low-priority churn
4136,Basic,Single,7500.0,1,0,2012-12-03,63,10,17,18,8,26,40,4,3,2,2,9,0,0,0,0,0,0,0,12,0,22,18-24,1,1,2,0,79,0,7,22.06027397260274,671,0.5063291139240507,0.5714285714285714,11.285714285714286,3.5810978638847493,0.3173124689518132,0.0057297565822155,7,79,2,2,2,2,222,22,Standard base
803,Graduation,Together,40521.0,1,1,2013-04-05,82,12,0,5,0,0,4,1,0,1,2,5,0,0,0,0,0,0,0,16,0,46,45-54,2,2,4,0,17,0,3,18.016438356164382,548,0.2352941176470588,0.3333333333333333,5.666666666666667,0.9435827250608272,0.166514598540146,0.000279435174372,3,17,1,1,1,0,111,10,Low-priority churn
4298,PhD,Together,20427.0,1,0,2014-03-24,63,5,0,4,0,0,1,1,1,0,2,8,0,0,0,0,0,0,0,22,0,41,35-44,1,2,3,0,9,0,3,6.410958904109589,195,0.1111111111111111,0.3333333333333333,3.0,1.403846153846154,0.4679487179487179,0.0008247003400476,3,9,2,1,1,0,211,20,Standard base
10833,Graduation,Married,65106.0,0,1,2014-05-24,55,790,19,133,12,0,19,3,8,3,13,6,0,1,0,0,0,0,0,16,0,39,35-44,1,2,3,0,954,1,24,4.405479452054794,134,0.0199161425576519,0.125,39.75,216.5485074626866,5.447761194029852,0.0399130969427124,24,954,2,5,4,7,254,27,High value at risk
9606,PhD,Married,69969.0,0,0,2013-08-27,64,882,29,514,38,29,44,1,4,2,6,3,0,0,1,1,0,0,1,22,0,49,45-54,0,2,2,0,1492,2,12,13.282191780821917,404,0.0294906166219839,0.0833333333333333,124.33333333333331,112.3308580858086,0.9034653465346536,0.0192652502826923,12,1492,2,3,5,6,235,26,High value at risk
8534,Graduation,Married,67433.0,0,2,2013-07-16,51,615,28,259,12,48,30,4,6,5,13,4,0,1,0,0,0,0,0,16,0,62,55-64,2,2,4,0,962,1,24,14.663013698630136,446,0.0311850311850311,0.1666666666666666,40.083333333333336,65.60724962630792,1.6367713004484306,0.0116750996621193,24,962,2,5,4,7,254,27,High value at risk
5153,PhD,Married,77766.0,0,1,2013-02-22,97,1004,59,265,115,59,27,2,11,10,11,6,1,0,0,0,0,0,1,22,0,47,45-54,1,2,3,0,1502,1,32,19.3972602739726,590,0.0179760319573901,0.0625,46.9375,77.43361581920904,1.649717514124294,0.0119487101024934,32,1502,1,5,5,8,155,18,Critical retention
961,Graduation,Married,74716.0,0,1,2013-09-12,92,133,27,421,13,195,71,2,7,3,5,4,0,0,0,0,0,0,0,16,0,42,35-44,1,2,3,0,789,0,15,12.756164383561645,388,0.0899873257287705,0.1333333333333333,52.6,61.852448453608254,1.17590206185567,0.0099340085315501,15,789,1,3,4,5,134,15,Critical retention
6653,PhD,Married,55158.0,1,1,2012-07-30,72,293,0,87,4,11,23,4,7,2,5,7,0,0,0,0,0,0,1,22,0,44,35-44,2,2,4,0,395,0,14,24.0,797,0.0582278481012658,0.2857142857142857,28.214285714285715,16.458333333333332,0.5833333333333334,0.0035806229377424,14,395,1,3,3,4,133,14,Low-priority churn
810,Graduation,Married,74190.0,0,1,2014-05-12,49,151,81,86,168,91,64,2,4,2,11,2,0,0,0,0,0,0,0,16,0,39,35-44,1,2,3,0,577,0,17,4.8,146,0.1109185441941074,0.1176470588235294,33.94117647058823,120.20833333333334,3.541666666666667,0.0194433212023183,17,577,2,4,3,5,243,25,Standard base
5493,Graduation,Married,39356.0,1,1,2014-03-19,21,15,0,2,0,0,6,1,1,0,2,6,1,0,0,0,0,0,0,16,0,38,35-44,2,2,4,0,17,1,3,6.575342465753424,200,0.3529411764705882,0.3333333333333333,5.666666666666667,2.5854166666666667,0.45625,0.0007883169021241,3,17,3,1,1,0,311,30,Recents
2147,Graduation,Together,76653.0,0,0,2013-08-16,91,736,63,946,219,189,126,1,4,7,11,2,0,0,1,1,0,0,0,16,0,45,45-54,0,2,2,0,2153,2,22,13.643835616438356,415,0.0585229911751045,0.0454545454545454,97.86363636363636,157.80020080321285,1.6124497991967872,0.0247035655439259,22,2153,1,5,5,8,155,18,Critical retention
3979,PhD,Divorced,90687.0,0,0,2013-05-22,98,982,17,672,23,34,51,1,6,2,8,2,0,0,1,0,0,0,1,22,0,31,25-34,0,1,1,0,1728,1,16,16.471232876712328,501,0.0295138888888888,0.0625,108.0,104.91017964071855,0.9713905522288756,0.0138820575792409,16,1728,1,4,5,7,145,17,Critical retention
6049,Master,Together,73450.0,0,0,2013-12-05,85,1142,51,415,90,69,37,1,7,8,11,3,1,0,0,1,0,0,0,18,0,32,25-34,0,2,2,0,1767,2,26,9.994520547945204,304,0.0209394453876627,0.0384615384615384,67.96153846153847,176.796875,2.6014254385964914,0.0288844452008168,26,1767,1,5,5,8,155,18,Critical retention
8147,Graduation,Married,31454.0,1,1,2013-07-06,40,28,0,11,0,0,9,3,2,0,3,8,0,0,0,0,0,0,0,16,0,54,45-54,2,2,4,0,39,0,5,14.991780821917809,456,0.2307692307692307,0.6,7.8,2.6014254385964914,0.333516081871345,0.0009924685338321,5,39,2,1,1,0,211,20,Standard base
1857,Graduation,Single,47139.0,1,1,2014-03-06,2,46,0,12,0,2,23,2,2,1,2,7,0,0,0,0,0,0,1,16,0,62,55-64,2,1,3,0,60,0,5,7.002739726027397,213,0.3833333333333333,0.4,12.0,8.568075117370892,0.7140062597809077,0.0021811430324879,5,60,3,1,2,1,312,31,Recents
5207,PhD,Married,53378.0,1,1,2012-09-24,41,489,6,152,8,6,132,10,9,4,6,8,0,0,0,0,0,0,1,22,0,51,45-54,2,2,4,0,661,0,19,24.0,741,0.199697428139183,0.5263157894736842,34.78947368421053,27.541666666666668,0.7916666666666666,0.0061916894600771,19,661,2,4,4,6,244,26,High value at risk
11114,Graduation,Together,19656.0,1,0,2013-02-08,94,25,4,9,6,8,32,3,2,1,3,7,0,0,0,0,0,0,0,16,0,44,35-44,1,2,3,0,52,0,6,19.85753424657534,604,0.6153846153846154,0.5,8.666666666666666,2.6186534216335544,0.3021523178807947,0.0015986895125967,6,52,1,2,2,2,122,12,Low-priority churn
5429,PhD,Married,45579.0,0,1,2013-08-20,10,145,1,33,2,1,1,1,4,1,4,6,0,0,0,0,0,0,0,22,0,66,65-74,1,2,3,0,182,0,9,13.512328767123288,411,0.0054945054945054,0.1111111111111111,20.22222222222222,13.469180859691807,0.666058394160584,0.0035461543762763,9,182,3,2,3,3,323,33,Recents
9400,2n Cycle,Single,85485.0,0,0,2014-06-21,73,630,26,611,44,18,54,1,6,6,6,2,0,0,0,0,0,0,0,18,0,56,55-64,0,1,1,0,1329,0,18,3.484931506849315,106,0.0406320541760722,0.0555555555555555,73.83333333333333,381.3561320754717,5.165094339622642,0.0535330594245266,18,1329,1,4,5,7,145,17,Critical retention
1740,Graduation,Married,55956.0,0,0,2014-04-07,22,760,38,104,50,9,38,2,7,3,4,4,0,1,0,0,0,0,0,16,0,70,65-74,0,2,2,0,961,1,14,5.950684931506849,181,0.0395421436004162,0.1428571428571428,68.64285714285714,161.494014732965,2.352670349907919,0.0346330719993491,14,961,3,3,4,5,334,35,High-potential growth
7488,Master,Single,64191.0,0,1,2013-01-22,30,420,15,186,151,38,15,3,5,3,13,3,0,0,0,0,0,0,0,18,0,51,45-54,1,1,2,0,810,0,21,20.416438356164385,621,0.0185185185185185,0.1428571428571428,38.57142857142857,39.67391304347826,1.0285829307568437,0.0074167244087448,21,810,3,5,4,7,354,37,Champions
195,Graduation,Single,38808.0,1,0,2012-08-26,21,125,17,52,3,19,30,4,5,1,4,8,1,0,0,0,0,0,1,16,0,42,35-44,1,1,2,0,216,1,10,24.0,770,0.1388888888888889,0.4,21.6,9.0,0.4166666666666667,0.0027829313543599,10,216,3,3,3,4,333,34,Loyal
635,Master,Married,57183.0,1,1,2013-03-19,51,464,5,64,7,0,70,8,9,1,7,8,0,0,0,0,0,0,0,18,0,48,45-54,2,2,4,0,540,0,17,18.575342465753423,565,0.1296296296296296,0.4705882352941176,31.764705882352946,29.070796460176997,0.9151917404129796,0.0061005815980645,17,540,2,4,3,5,243,25,Standard base
7527,Master,Divorced,23748.0,1,0,2012-11-21,97,6,6,29,12,15,8,3,2,1,3,8,0,0,0,0,0,0,0,18,0,46,45-54,1,1,2,0,68,0,6,22.454794520547942,683,0.1176470588235294,0.5,11.333333333333334,3.028306490971205,0.267203513909224,0.00153022056138,6,68,1,2,2,2,122,12,Low-priority churn
10319,Graduation,Married,66303.0,0,1,2013-02-26,56,1090,12,96,16,12,60,4,3,4,11,8,0,1,0,0,0,0,0,16,0,43,35-44,1,2,3,0,1226,1,18,19.26575342465753,586,0.0489396411092985,0.2222222222222222,68.11111111111111,63.636234357224126,0.9343003412969284,0.0115173493248674,18,1226,2,4,5,7,245,27,High value at risk
2296,Master,Married,37368.0,1,0,2013-12-16,4,3,2,11,2,2,10,1,1,0,2,6,1,0,0,0,0,0,0,18,0,39,35-44,1,2,3,0,20,1,3,9.632876712328766,293,0.5,0.3333333333333333,6.666666666666667,2.076222980659841,0.3114334470989761,0.0006667382725304,3,20,3,1,1,0,311,30,Recents
10637,Graduation,Married,40800.0,1,2,2013-01-01,77,24,0,27,8,30,10,2,3,0,3,7,0,0,0,0,0,1,0,16,0,50,45-54,3,2,5,0,89,0,6,21.10684931506849,642,0.1123595505617977,0.3333333333333333,14.833333333333334,4.216640706126688,0.2842679127725857,0.0012401884429784,6,89,1,2,2,2,122,12,Low-priority churn
2931,Graduation,Divorced,71847.0,0,0,2012-09-21,95,737,21,106,55,63,210,0,6,7,9,3,0,0,0,1,0,0,0,16,0,36,35-44,0,1,1,0,982,1,22,24.0,744,0.2138492871690427,0.0,44.63636363636363,40.91666666666666,0.9166666666666666,0.0068339666235194,22,982,1,5,4,7,154,17,Critical retention
907,Graduation,Married,46149.0,0,1,2013-11-29,36,254,6,71,4,0,27,5,5,1,7,5,0,0,0,0,0,0,0,16,0,39,35-44,1,2,3,0,335,0,13,10.191780821917808,310,0.0805970149253731,0.3846153846153846,25.76923076923077,32.869623655913976,1.2755376344086022,0.0085469995854941,13,335,2,3,3,4,233,24,Standard base
3698,Graduation,Together,78687.0,0,0,2012-08-09,13,817,185,687,145,55,241,1,4,6,8,2,0,0,1,0,0,0,1,16,0,31,25-34,0,2,2,0,1889,1,18,24.0,787,0.127580730545262,0.0555555555555555,104.94444444444444,78.70833333333333,0.75,0.0120032533963678,18,1889,3,4,5,7,345,37,Champions
9516,2n Cycle,Divorced,49118.0,0,0,2012-08-18,90,620,54,239,99,98,119,2,9,7,10,7,0,1,0,0,1,0,1,18,0,43,35-44,0,1,1,0,1110,2,26,24.0,778,0.1072072072072072,0.0769230769230769,42.69230769230769,46.25,1.0833333333333333,0.0112993200048861,26,1110,1,5,5,8,155,18,Critical retention
679,PhD,Married,37633.0,1,1,2012-09-20,49,13,4,20,0,0,1,2,1,0,3,9,0,0,0,0,0,0,0,22,0,57,55-64,2,2,4,0,37,0,4,24.0,745,0.027027027027027,0.5,9.25,1.5416666666666667,0.1666666666666666,0.0004915898280764,4,37,2,1,1,0,211,20,Standard base
7384,Master,Together,39767.0,0,0,2013-07-21,18,113,61,204,34,26,47,2,7,1,7,8,0,0,0,0,0,0,0,18,0,63,55-64,0,2,2,0,438,0,15,14.4986301369863,441,0.1073059360730593,0.1333333333333333,29.2,30.209750566893423,1.0345804988662133,0.0091160260216441,15,438,3,3,3,4,333,34,Loyal
5043,Basic,Married,26997.0,0,0,2012-11-05,89,7,23,78,133,49,144,2,4,2,5,7,0,0,0,0,0,0,0,12,0,63,55-64,0,2,2,0,290,0,11,22.980821917808218,699,0.496551724137931,0.1818181818181818,26.363636363636363,12.61921793037673,0.4786599904625656,0.0056091645428944,11,290,1,3,3,4,133,14,Low-priority churn
5267,Graduation,Divorced,33986.0,1,0,2013-03-14,43,16,2,18,2,1,5,1,1,0,3,7,0,0,0,0,0,0,0,16,0,44,35-44,1,1,2,0,39,0,4,18.73972602739726,570,0.1282051282051282,0.25,9.75,2.081140350877193,0.2134502923976608,0.000734822697891,4,39,2,1,1,0,211,20,Standard base
339,PhD,Married,57091.0,0,1,2012-11-23,82,462,0,24,6,0,4,2,9,2,5,7,0,1,0,0,0,0,1,22,0,42,35-44,1,2,3,0,492,1,16,22.38904109589041,681,0.008130081300813,0.125,30.75,21.97503671071953,0.7146353401860011,0.0046189494058368,16,492,1,4,3,5,143,15,Low-priority churn
2516,2n Cycle,Married,46831.0,1,1,2013-06-08,84,22,2,10,6,4,34,2,1,2,2,4,0,0,0,0,0,0,0,18,0,45,45-54,2,2,4,0,44,0,5,15.912328767123286,484,0.7727272727272727,0.4,8.8,2.765151515151516,0.3142217630853994,0.0007085438743955,5,44,1,1,2,1,112,11,Low-priority churn
9010,Master,Married,83151.0,0,0,2013-02-10,80,968,147,842,137,42,210,1,5,7,10,2,1,0,1,1,0,0,1,18,0,42,35-44,0,2,2,0,2136,3,22,19.791780821917808,602,0.098314606741573,0.0454545454545454,97.0909090909091,107.92358803986713,1.1115725359911406,0.0155750749417133,22,2136,1,5,5,8,155,18,Critical retention
378,Graduation,Married,52531.0,0,0,2012-12-30,68,283,112,151,51,72,125,2,7,2,10,6,0,0,0,0,0,0,0,16,0,43,35-44,0,2,2,0,669,0,19,21.172602739726027,644,0.186846038863976,0.1052631578947368,35.21052631578947,31.59743788819876,0.8973861283643892,0.007218009454577,19,669,1,4,4,6,144,16,Critical retention
4808,Graduation,Married,15759.0,0,0,2013-09-05,12,1,2,5,6,0,3,1,1,0,2,7,0,0,0,0,0,0,0,16,0,58,55-64,0,2,2,0,14,0,3,12.986301369863012,395,0.2142857142857142,0.3333333333333333,4.666666666666667,1.078059071729958,0.2310126582278481,0.000820909249366,3,14,3,1,1,0,311,30,Recents
7628,2n Cycle,Married,43050.0,1,0,2014-03-18,10,30,5,24,6,3,8,2,2,0,4,5,0,0,0,0,0,0,0,18,0,41,35-44,1,2,3,0,68,0,6,6.608219178082192,201,0.1176470588235294,0.3333333333333333,11.333333333333334,10.29021558872305,0.9079601990049752,0.0028683527773444,6,68,3,2,2,2,322,32,Recents
7128,PhD,Single,42997.0,1,1,2013-12-07,91,4,0,5,0,1,5,1,1,0,2,7,0,0,0,0,0,0,0,22,0,37,35-44,2,1,3,0,10,0,3,9.92876712328767,302,0.5,0.3333333333333333,3.333333333333333,1.0071743929359824,0.3021523178807947,0.0002810915346473,3,10,1,1,1,0,111,10,Low-priority churn
2811,PhD,Single,48918.0,1,1,2014-04-12,21,52,0,9,0,0,1,2,1,0,4,4,0,0,0,0,0,0,0,22,0,51,45-54,2,1,3,0,61,0,5,5.786301369863014,176,0.0163934426229508,0.4,12.2,10.54214015151515,0.8641098484848485,0.0025860763281038,5,61,3,1,2,1,312,31,Recents
3551,Master,Together,60033.0,0,1,2014-03-29,28,62,1,57,19,11,48,2,2,1,5,2,0,0,0,0,0,0,0,18,0,60,55-64,1,2,3,0,150,0,8,6.2465753424657535,190,0.32,0.25,18.75,24.01315789473684,1.280701754385965,0.0047999915835764,8,150,3,2,2,2,322,32,Recents
1663,PhD,Together,34043.0,1,0,2013-10-25,97,20,2,14,3,0,10,1,2,0,2,9,0,0,0,0,0,0,0,22,0,36,35-44,1,2,3,0,39,0,4,11.342465753424657,345,0.2564102564102564,0.25,9.75,3.4384057971014497,0.3526570048309179,0.0012120221356877,4,39,1,1,1,0,111,10,Low-priority churn
5543,Graduation,Together,57811.0,0,1,2013-06-24,49,545,7,114,37,21,78,5,7,2,11,5,0,1,0,0,0,0,0,16,0,48,45-54,1,2,3,0,724,1,20,15.386301369863013,468,0.1077348066298342,0.25,36.2,47.05484330484331,1.29985754985755,0.009767312789229,20,724,2,4,4,6,244,26,High value at risk
1577,Graduation,Married,78569.0,0,0,2014-02-19,14,558,79,622,207,175,95,1,4,6,4,1,0,0,1,0,0,0,1,16,0,68,65-74,0,2,2,0,1641,1,14,7.495890410958903,228,0.0578915295551493,0.0714285714285714,117.21428571428572,218.9199561403509,1.8676900584795324,0.0334360813257672,14,1641,3,3,5,6,335,36,High-potential growth
10641,Graduation,Single,7500.0,1,1,2012-12-27,5,6,5,4,13,4,25,4,2,1,3,6,0,0,0,0,0,0,0,16,0,36,35-44,2,1,3,0,32,0,6,21.27123287671233,647,0.78125,0.6666666666666666,5.333333333333333,1.504379185986605,0.2820710973724884,0.0024070066975785,6,32,3,2,1,1,321,31,Recents
5336,Master,Together,157733.0,1,0,2013-06-04,37,39,1,9,2,0,8,0,1,0,1,1,0,0,0,0,0,0,0,18,0,43,35-44,1,2,3,0,51,0,2,16.043835616438354,488,0.1568627450980392,0.0,25.5,3.1787909836065578,0.1246584699453552,0.0002418358352613,2,51,2,1,2,1,212,21,Standard base
1878,2n Cycle,Married,23148.0,0,0,2014-02-18,83,4,6,8,6,3,10,1,2,0,3,7,0,0,0,0,0,0,0,18,0,29,25-34,0,2,2,0,27,0,5,7.528767123287671,229,0.3703703703703703,0.2,5.4,3.5862445414847164,0.6641193595342068,0.0018591210686805,5,27,1,1,1,0,111,10,Low-priority churn
3099,Graduation,Divorced,44267.0,1,1,2013-02-25,48,183,5,65,3,5,49,5,5,2,4,9,0,0,0,0,0,0,0,16,0,44,35-44,2,1,3,0,261,0,11,19.2986301369863,587,0.1877394636015325,0.4545454545454545,23.727272727272727,13.52427597955707,0.5699886428165815,0.0036661917851827,11,261,2,3,3,4,233,24,Standard base
6055,Graduation,Married,71626.0,0,0,2012-11-01,94,546,72,376,94,145,72,1,5,5,8,3,0,1,0,0,0,0,0,16,0,35,35-44,0,2,2,0,1233,1,18,23.112328767123287,703,0.0583941605839416,0.0555555555555555,68.5,53.34815078236131,0.7788051209103841,0.0089377852928871,18,1233,1,4,5,7,145,17,Critical retention
5841,Graduation,Together,60894.0,0,1,2013-06-28,61,606,7,155,10,0,54,5,10,3,8,7,0,0,0,0,0,0,0,16,0,48,45-54,1,2,3,0,778,0,21,15.254794520547945,464,0.0694087403598971,0.238095238095238,37.04761904761905,51.000359195402304,1.376616379310345,0.0100503220406744,21,778,2,5,4,7,254,27,High value at risk
3972,Graduation,Together,50200.0,1,1,2013-04-03,70,266,6,51,8,6,64,6,7,1,5,8,0,0,0,0,0,0,0,16,0,38,35-44,2,2,4,0,337,0,13,18.082191780821915,550,0.1899109792284866,0.4615384615384615,25.923076923076923,18.63712121212121,0.718939393939394,0.0044550887359652,13,337,1,3,3,4,133,14,Low-priority churn
4394,PhD,Married,81051.0,0,0,2014-05-23,43,1142,29,249,38,29,14,1,5,5,12,2,0,1,1,0,0,0,0,22,0,49,45-54,0,2,2,0,1487,2,22,4.438356164383562,135,0.0094149293880295,0.0454545454545454,67.5909090909091,335.03395061728395,4.95679012345679,0.0496034275629838,22,1487,2,5,5,8,255,28,High value at risk
5758,Graduation,Married,65169.0,0,0,2014-01-14,23,1074,0,69,0,0,46,1,10,4,13,6,1,0,1,1,1,0,1,16,0,32,25-34,0,2,2,0,1143,4,27,8.67945205479452,264,0.0402449693788276,0.037037037037037,42.333333333333336,131.6903409090909,3.1107954545454546,0.0242490154967713,27,1143,3,5,5,8,355,38,Champions
6658,Graduation,Together,59868.0,0,1,2013-07-22,37,771,51,154,54,10,154,7,11,2,12,6,0,0,0,0,0,0,0,16,0,42,35-44,1,2,3,0,1040,0,25,14.465753424657532,440,0.148076923076923,0.28,41.6,71.89393939393939,1.728219696969697,0.0144104909588974,25,1040,2,5,4,7,254,27,High value at risk
4603,PhD,Married,65695.0,0,1,2014-01-31,50,371,32,189,0,58,6,2,5,4,10,4,0,0,0,0,0,0,0,22,0,54,45-54,1,2,3,0,650,0,19,8.120547945205479,247,0.0092307692307692,0.1052631578947368,34.21052631578947,80.04385964912282,2.33974358974359,0.0146209957498968,19,650,2,4,4,6,244,26,High value at risk
8427,Master,Single,64857.0,0,0,2012-11-23,78,556,14,717,210,0,43,1,7,5,10,4,0,0,0,0,0,0,0,18,0,58,55-64,0,1,1,0,1497,0,22,22.38904109589041,681,0.0287241148964595,0.0454545454545454,68.04545454545455,66.86306901615272,0.9826235927557514,0.0123711677720806,22,1497,1,5,5,8,155,18,Critical retention
10260,Master,Together,45143.0,0,1,2013-08-26,74,202,5,74,11,5,14,3,6,1,5,7,0,0,0,0,0,0,0,18,0,49,45-54,1,2,3,0,297,0,12,13.315068493150685,405,0.0471380471380471,0.25,24.75,22.30555555555556,0.9012345679012346,0.0059293061308877,12,297,1,3,3,4,133,14,Low-priority churn
7143,2n Cycle,Together,74805.0,0,1,2013-11-06,14,209,162,209,41,162,37,5,4,7,10,2,0,0,0,0,0,0,0,18,0,59,55-64,1,2,3,0,783,0,21,10.947945205479453,333,0.0472541507024265,0.238095238095238,37.285714285714285,71.52027027027027,1.9181681681681684,0.0114730732336507,21,783,3,5,4,7,354,37,Champions
8789,2n Cycle,Married,59060.0,1,0,2014-01-11,77,35,40,111,36,40,12,3,3,1,7,4,0,0,0,0,0,0,0,18,0,25,25-34,1,2,3,0,262,0,11,8.778082191780822,267,0.0458015267175572,0.2727272727272727,23.818181818181817,29.847066167290887,1.2531210986267167,0.0060644225195985,11,262,1,3,3,4,133,14,Low-priority churn
6197,PhD,Single,27238.0,1,1,2013-04-20,39,37,0,17,0,0,3,3,3,0,3,9,0,0,0,0,0,0,0,22,0,52,45-54,2,1,3,0,54,0,6,17.523287671232875,533,0.0555555555555555,0.5,9.0,3.081613508442777,0.3424015009380863,0.0013576386702883,6,54,2,2,2,2,222,22,Standard base
4554,Graduation,Together,47009.0,0,1,2013-10-01,89,171,45,73,59,10,90,4,3,2,8,4,0,0,0,0,0,0,0,16,0,49,45-54,1,2,3,0,358,0,13,12.131506849315068,369,0.2513966480446927,0.3076923076923077,27.53846153846154,29.50993676603433,1.0715898825654924,0.0075330094490929,13,358,1,3,3,4,133,14,Low-priority churn
4937,2n Cycle,Married,46094.0,1,1,2014-06-10,62,12,2,20,3,2,5,1,1,0,3,7,0,0,0,0,0,0,0,18,0,41,35-44,2,2,4,0,39,0,4,3.846575342465753,117,0.1282051282051282,0.25,9.75,10.13888888888889,1.03988603988604,0.0026395337064838,4,39,2,1,1,0,211,20,Standard base
8749,Graduation,Together,37235.0,1,0,2014-02-01,68,20,2,9,4,6,20,1,1,1,2,4,0,0,0,0,0,0,0,16,0,30,25-34,1,2,3,0,41,0,4,8.087671232876712,246,0.4878048780487805,0.25,10.25,5.069444444444445,0.494579945799458,0.0016337675126449,4,41,1,1,1,0,111,10,Low-priority churn
1650,Master,Married,81843.0,0,0,2013-04-22,13,779,86,537,34,69,138,1,5,9,12,3,0,0,0,0,0,0,0,18,0,54,45-54,0,2,2,0,1505,0,26,17.457534246575342,531,0.0916943521594684,0.0384615384615384,57.88461538461539,86.20919648462021,1.4893283113622098,0.0126401812960844,26,1505,3,5,5,8,355,38,Champions
10377,Master,Together,46692.0,0,1,2013-06-06,37,170,6,97,24,12,88,3,6,1,5,6,0,0,0,0,0,0,0,18,0,56,55-64,1,2,3,0,309,0,12,15.97808219178082,486,0.284789644012945,0.25,25.75,19.338991769547327,0.7510288065843622,0.0049701854971851,12,309,2,3,3,4,233,24,Standard base
9206,Graduation,Together,77382.0,0,1,2014-01-07,36,491,48,231,112,105,134,2,5,7,12,1,0,0,1,0,0,0,0,16,0,46,45-54,1,2,3,0,987,1,24,8.90958904109589,271,0.1357649442755825,0.0833333333333333,41.125,110.77952029520296,2.693726937269373,0.0171791145685357,24,987,2,5,4,7,254,27,High value at risk
10971,Graduation,Single,37774.0,2,0,2012-09-03,28,173,8,107,7,2,176,4,7,2,3,9,1,0,0,0,0,1,1,16,0,37,35-44,2,1,3,0,297,1,12,24.0,762,0.5925925925925926,0.3333333333333333,24.75,12.375,0.5,0.0039312754804892,12,297,3,3,3,4,333,34,Loyal
6398,Basic,Married,18393.0,1,0,2014-03-29,2,7,10,13,16,0,4,2,3,0,3,8,0,0,0,0,0,0,0,12,0,40,35-44,1,2,3,0,46,0,6,6.2465753424657535,190,0.0869565217391304,0.3333333333333333,7.666666666666667,7.364035087719298,0.9605263157894736,0.0048044593624004,6,46,3,2,2,2,322,32,Recents
9212,Master,Married,72828.0,0,1,2013-02-14,17,1205,0,235,19,14,205,6,6,3,13,7,0,0,0,0,0,0,0,18,0,52,45-54,1,2,3,0,1473,0,22,19.660273972602734,598,0.1391717583163611,0.2727272727272727,66.95454545454545,74.92265886287626,1.1190078037904123,0.0123451406925154,22,1473,3,5,5,8,355,38,Champions
7937,Graduation,Married,24711.0,0,0,2014-04-18,86,10,7,25,6,3,7,1,3,0,3,7,0,0,0,0,0,0,0,16,0,32,25-34,0,2,2,0,51,0,6,5.589041095890411,170,0.1372549019607843,0.1666666666666666,8.5,9.125,1.0735294117647058,0.0044312249605438,6,51,1,2,2,2,122,12,Low-priority churn
839,PhD,Married,45503.0,1,0,2013-09-25,54,97,4,44,6,1,18,1,3,1,4,5,0,0,0,0,0,0,0,22,0,39,35-44,1,2,3,0,152,0,8,12.32876712328767,375,0.1184210526315789,0.125,19.0,12.328888888888889,0.648888888888889,0.0032513607161432,8,152,2,2,2,2,222,22,Standard base
158,PhD,Together,71604.0,0,0,2013-11-17,3,345,53,528,98,75,97,1,8,3,5,4,1,0,0,0,0,0,1,22,0,69,65-74,0,2,2,0,1099,1,16,10.586301369863014,322,0.0882620564149226,0.0625,68.6875,103.81340579710144,1.5113871635610765,0.0173979228753312,16,1099,3,4,4,6,344,36,Champions
4832,Graduation,Married,27244.0,1,0,2014-03-07,84,6,5,17,3,24,46,2,2,2,2,7,0,0,0,0,0,0,0,16,0,35,35-44,1,2,3,0,55,0,6,6.96986301369863,212,0.8363636363636363,0.3333333333333333,9.166666666666666,7.891116352201258,0.8608490566037736,0.0034757523207464,6,55,1,2,2,2,122,12,Low-priority churn
5621,Graduation,Married,48752.0,1,1,2012-12-12,8,73,57,100,71,15,0,5,6,1,5,9,0,0,0,0,0,0,1,16,0,45,45-54,2,2,4,0,316,0,12,21.76438356164384,662,0.0,0.4166666666666667,26.33333333333333,14.51913393756294,0.5513595166163142,0.0035737940443623,12,316,3,3,3,4,333,34,Loyal
1945,Graduation,Married,71434.0,0,1,2013-09-18,4,711,36,217,172,96,168,3,7,4,7,4,0,1,0,1,0,0,0,16,0,52,45-54,1,2,3,0,1232,2,18,12.55890410958904,382,0.1363636363636363,0.1666666666666666,68.44444444444444,98.0977312390925,1.4332460732984291,0.0164791664315187,18,1232,3,4,5,7,345,37,Champions
5147,Graduation,Single,90842.0,0,0,2013-07-29,57,774,70,118,182,187,93,1,4,9,13,1,0,0,0,0,0,0,0,16,0,66,65-74,0,1,1,0,1331,0,26,14.235616438356164,433,0.0698722764838467,0.0384615384615384,51.19230769230769,93.497882986913,1.8264049268668208,0.01235083547085,26,1331,2,5,5,8,255,28,High value at risk
2535,Master,Married,88097.0,1,0,2012-08-18,24,163,0,480,0,126,75,1,6,5,8,9,0,1,1,1,0,0,1,18,0,36,35-44,1,2,3,0,769,3,19,24.0,778,0.0975292587776332,0.0526315789473684,40.47368421052632,32.041666666666664,0.7916666666666666,0.0043645073044485,19,769,3,4,4,6,344,36,Champions
11039,Graduation,Married,51948.0,0,1,2013-09-17,51,82,33,54,71,30,41,2,5,2,4,5,0,0,0,0,0,0,0,16,0,39,35-44,1,2,3,0,270,0,11,12.591780821917808,383,0.1518518518518518,0.1818181818181818,24.545454545454547,21.44255874673629,0.873585726718886,0.0049532360237321,11,270,2,3,3,4,233,24,Standard base
9495,Graduation,Together,71853.0,0,0,2013-05-08,29,358,108,413,141,97,32,1,2,8,6,1,0,0,0,0,0,0,0,16,0,32,25-34,0,2,2,0,1117,0,16,16.931506849315067,515,0.0286481647269471,0.0625,69.8125,65.97168284789645,0.9449838187702266,0.0110177750988094,16,1117,3,4,5,7,345,37,Champions
9635,Master,Married,35876.0,0,0,2014-04-20,13,66,2,40,4,3,14,1,3,1,3,6,0,0,0,0,0,0,0,18,0,31,25-34,0,2,2,0,115,0,7,5.523287671232876,168,0.1217391304347826,0.1428571428571428,16.428571428571427,20.82093253968254,1.2673611111111112,0.0069642989875178,7,115,3,2,2,2,322,32,Recents
2173,Graduation,Widow,40049.0,0,1,2013-10-16,23,13,6,7,0,3,3,1,1,0,3,6,0,0,0,0,0,0,0,16,0,62,55-64,1,1,2,0,29,0,4,11.63835616438356,354,0.1034482758620689,0.25,7.25,2.491760828625236,0.3436911487758946,0.0007466136468701,4,29,3,1,1,0,311,30,Recents
942,Graduation,Single,39660.0,1,0,2012-08-08,36,139,13,78,20,13,36,3,7,1,3,9,0,0,0,0,0,0,1,16,0,32,25-34,1,1,2,0,263,0,11,24.0,788,0.1368821292775665,0.2727272727272727,23.90909090909091,10.958333333333334,0.4583333333333333,0.003315683308119,11,263,2,3,3,4,233,24,Standard base
9386,Graduation,Together,50127.0,0,1,2014-05-29,88,274,0,21,4,6,15,1,5,1,6,6,0,1,0,0,0,0,0,16,0,52,45-54,1,2,3,0,305,1,12,4.241095890410959,129,0.0491803278688524,0.0833333333333333,25.416666666666668,71.91537467700259,2.8294573643410854,0.0172159613805739,12,305,1,3,3,4,133,14,Low-priority churn
5510,Master,Married,43263.0,0,1,2012-11-21,2,262,6,61,0,10,102,3,5,2,6,5,0,0,0,0,0,0,0,18,0,37,35-44,1,2,3,0,339,0,13,22.454794520547942,683,0.3008849557522124,0.2307692307692307,26.07692307692308,15.096998535871156,0.5789409468033186,0.0041875039278472,13,339,3,3,3,4,333,34,Loyal
2253,Graduation,Married,18929.0,0,0,2013-02-16,15,32,0,8,23,4,18,1,1,0,4,6,0,0,0,0,0,0,0,16,0,24,18-24,0,2,2,0,67,0,5,19.594520547945205,596,0.2686567164179104,0.2,13.4,3.4193232662192394,0.2551733780760626,0.0021676728403312,5,67,3,1,2,1,312,31,Recents
5181,Basic,Single,24367.0,1,0,2013-03-20,58,2,4,2,0,11,5,1,1,0,2,9,0,0,0,0,0,0,0,12,0,32,25-34,1,1,2,0,19,0,3,18.542465753424658,564,0.2631578947368421,0.3333333333333333,6.333333333333333,1.024674940898345,0.1617907801418439,0.0005046209747108,3,19,2,1,1,0,211,20,Standard base
10390,2n Cycle,Married,26887.0,0,1,2013-02-10,27,6,7,4,3,4,6,1,1,0,3,6,0,0,0,0,0,0,0,18,0,55,55-64,1,2,3,0,24,0,4,19.791780821917808,602,0.25,0.25,6.0,1.212624584717608,0.2021040974529346,0.0005412093211072,4,24,3,1,1,0,311,30,Recents
7793,Graduation,Together,62061.0,0,1,2013-08-31,12,641,7,84,0,30,38,3,10,4,7,6,0,1,0,0,0,0,0,16,0,38,35-44,1,2,3,0,762,1,21,13.150684931506849,400,0.0498687664041994,0.1428571428571428,36.285714285714285,57.94375,1.596875,0.0112038961666747,21,762,3,5,4,7,354,37,Champions
10590,PhD,Together,76542.0,0,0,2013-03-30,91,794,73,573,0,29,14,1,4,8,10,2,0,0,0,0,0,0,0,22,0,58,55-64,0,2,2,0,1469,0,22,18.213698630136985,554,0.0095302927161334,0.0454545454545454,66.77272727272727,80.6535800240674,1.2078820697954271,0.0126445998313188,22,1469,1,5,5,8,155,18,Critical retention
5080,Graduation,Single,70515.0,0,0,2013-10-21,12,420,0,452,182,64,140,1,6,6,4,2,0,0,0,0,0,0,1,16,0,21,18-24,0,1,1,0,1118,0,16,11.473972602739726,349,0.1252236135957066,0.0625,69.875,97.43791786055397,1.3944603629417385,0.0165816494976479,16,1118,3,4,5,7,345,37,Champions
8369,Graduation,Together,18227.0,1,0,2012-11-08,21,1,2,7,4,3,11,1,0,1,2,8,0,0,0,0,0,0,0,16,0,27,25-34,1,2,3,0,17,0,3,22.88219178082192,696,0.6470588235294118,0.3333333333333333,5.666666666666667,0.7429358237547893,0.1311063218390804,0.0004891221750731,3,17,3,1,1,0,311,30,Recents
5232,Graduation,Married,69139.0,0,1,2014-01-27,23,86,12,75,33,15,6,1,4,1,5,4,0,0,0,0,0,0,0,16,0,49,45-54,1,2,3,0,221,0,10,8.252054794520548,251,0.0271493212669683,0.1,22.1,26.78120849933599,1.2118193891102258,0.0046482376371083,10,221,3,3,3,4,333,34,Loyal
2407,Graduation,Married,69109.0,0,0,2012-11-09,10,823,25,459,124,29,95,1,6,6,7,4,0,0,1,0,0,0,1,16,0,32,25-34,0,2,2,0,1460,1,19,22.84931506849315,695,0.0650684931506849,0.0526315789473684,76.84210526315789,63.89688249400479,0.8315347721822541,0.0110949744595936,19,1460,3,4,5,7,345,37,Champions
3834,Graduation,Single,69627.0,0,1,2013-03-17,35,231,161,215,171,30,53,2,8,2,11,5,0,0,0,0,0,0,0,16,0,52,45-54,1,1,2,0,808,0,21,18.64109589041096,567,0.0655940594059406,0.0952380952380952,38.47619047619048,43.3450911228689,1.126543209876543,0.0074703935754007,21,808,2,5,4,7,254,27,High value at risk
7912,Graduation,Married,38136.0,1,0,2013-04-22,69,8,15,27,0,20,33,2,3,1,2,8,1,0,0,0,0,0,0,16,0,36,35-44,1,2,3,0,70,1,6,17.457534246575342,531,0.4714285714285714,0.3333333333333333,11.666666666666666,4.009730069052103,0.3436911487758945,0.001261714936769,6,70,1,2,2,2,122,12,Low-priority churn
7712,PhD,Single,62159.0,0,0,2014-04-28,68,182,17,259,77,70,29,1,6,2,10,4,0,0,0,0,0,0,0,22,0,68,65-74,0,1,1,0,605,0,18,5.260273972602739,160,0.0479338842975206,0.0555555555555555,33.611111111111114,115.01302083333334,3.421875,0.022203643076626,18,605,1,4,4,6,144,16,Critical retention
1065,Graduation,Single,80695.0,0,0,2013-12-29,85,557,129,984,193,37,18,1,5,8,5,2,0,0,0,0,0,0,0,16,0,51,45-54,0,1,1,0,1900,0,18,9.205479452054794,280,0.0094736842105263,0.0555555555555555,105.55555555555556,206.39880952380955,1.955357142857143,0.0306931744753171,18,1900,1,4,5,7,145,17,Critical retention
7275,Master,Single,33316.0,1,1,2013-10-04,34,79,1,31,4,4,12,3,2,1,4,6,0,0,0,0,0,0,0,18,0,43,35-44,2,1,3,0,119,0,7,12.032876712328768,366,0.1008403361344537,0.4285714285714285,17.0,9.88957194899818,0.5817395264116576,0.0035620981926995,7,119,2,2,2,2,222,22,Standard base
1343,Graduation,Together,58554.0,1,1,2012-09-26,55,368,24,68,38,0,88,6,8,2,6,7,0,0,0,0,0,0,0,16,0,46,45-54,2,2,4,0,498,0,16,24.0,739,0.1767068273092369,0.375,31.125,20.75,0.6666666666666666,0.0042524848857464,16,498,2,4,3,5,243,25,Standard base
1384,Basic,Married,17256.0,1,0,2013-11-23,10,6,4,14,8,8,22,2,2,1,2,8,1,0,0,0,0,0,0,12,0,22,18-24,1,2,3,0,40,1,5,10.389041095890413,316,0.55,0.4,8.0,3.850210970464135,0.4812763713080168,0.0026774763355105,5,40,3,1,1,0,311,30,Recents
9967,Graduation,Divorced,53034.0,1,1,2013-05-30,30,160,15,196,15,11,50,8,6,1,7,8,0,0,0,0,0,0,0,16,0,40,35-44,2,1,3,0,397,0,14,16.208219178082192,493,0.1259445843828715,0.5714285714285714,28.357142857142858,24.49374577417173,0.8637592968221771,0.0055421983876392,14,397,3,3,3,4,333,34,Loyal
6181,2n Cycle,Together,52203.0,0,0,2012-07-31,36,488,21,238,56,108,28,1,8,7,11,6,0,0,0,0,0,0,0,18,0,64,55-64,0,2,2,0,911,0,26,24.0,796,0.0307354555433589,0.0384615384615384,35.03846153846154,37.958333333333336,1.0833333333333333,0.0087255521713311,26,911,2,5,4,7,254,27,High value at risk
10507,2n Cycle,Divorced,59601.0,0,1,2013-07-25,14,691,7,69,0,7,23,4,2,2,7,8,0,1,0,0,0,0,0,18,0,37,35-44,1,1,2,0,774,1,11,14.367123287671232,437,0.0297157622739018,0.3636363636363636,70.36363636363636,53.872997711670486,0.7656369183829138,0.0108467302988212,11,774,3,3,4,5,334,35,High-potential growth
2674,Master,Single,75154.0,0,1,2012-09-04,79,543,10,205,160,143,82,1,6,3,6,3,0,0,0,0,0,0,1,18,0,56,55-64,1,1,2,0,1061,0,15,24.0,761,0.0772855796418473,0.0666666666666666,70.73333333333333,44.208333333333336,0.625,0.0070588391835431,15,1061,1,3,4,5,134,15,Critical retention
2698,Graduation,Single,47025.0,0,1,2013-11-07,52,254,7,108,20,0,26,3,6,3,5,6,0,0,0,0,0,0,0,16,0,38,35-44,1,1,2,0,389,0,14,10.915068493150685,332,0.0668380462724935,0.2142857142857142,27.785714285714285,35.63880522088353,1.2826305220883534,0.0090944319542924,14,389,2,3,3,4,233,24,Standard base
3231,Graduation,Married,37971.0,1,0,2013-11-25,97,5,4,10,2,2,7,1,1,0,3,8,0,0,0,0,0,0,0,16,0,41,35-44,1,2,3,0,23,0,4,10.323287671232876,314,0.3043478260869565,0.25,5.75,2.2279723991507434,0.3874734607218684,0.0007041075765665,4,23,1,1,1,0,111,10,Low-priority churn
10476,Graduation,Married,67267.0,0,1,2014-05-13,0,134,11,59,15,2,30,1,3,2,5,2,0,0,0,0,0,0,0,16,0,56,55-64,1,2,3,0,221,0,10,4.767123287671232,145,0.1357466063348416,0.1,22.1,46.35919540229886,2.0977011494252875,0.008270182181866,10,221,3,3,3,4,333,34,Loyal
5948,Graduation,Single,57338.0,0,1,2014-04-29,96,143,6,52,11,8,17,2,4,1,5,5,0,0,0,0,0,0,0,16,0,39,35-44,1,1,2,0,220,0,10,5.227397260273972,159,0.0772727272727272,0.2,22.0,42.08595387840671,1.9129979035639413,0.0088079710931821,10,220,1,3,3,4,133,14,Low-priority churn
9140,2n Cycle,Together,50523.0,1,1,2013-12-25,89,51,4,24,4,7,1,2,2,0,4,6,0,0,0,0,0,0,0,18,0,54,45-54,2,2,4,0,90,0,6,9.336986301369862,284,0.0111111111111111,0.3333333333333333,15.0,9.639084507042254,0.642605633802817,0.0022894328144509,6,90,1,2,2,2,122,12,Low-priority churn
4743,PhD,Married,56242.0,0,1,2013-03-03,72,689,8,167,11,8,88,5,8,4,11,6,0,0,0,0,0,0,0,22,0,45,45-54,1,2,3,0,883,0,23,19.101369863013694,581,0.0996602491506228,0.217391304347826,38.391304347826086,46.227051061388416,1.2041021227768216,0.0098631736555716,23,883,1,5,4,7,154,17,Critical retention
8805,Graduation,Single,48904.0,0,1,2012-12-02,1,283,10,38,0,13,27,4,7,2,4,8,0,0,0,0,0,0,0,16,0,54,45-54,1,1,2,0,344,0,13,22.093150684931505,672,0.0784883720930232,0.3076923076923077,26.46153846153846,15.57043650793651,0.5884176587301588,0.003820653486325,13,344,3,3,3,4,333,34,Loyal
1542,Graduation,Single,56243.0,1,2,2013-12-30,26,347,0,35,4,3,7,6,4,2,8,5,0,0,0,0,0,0,0,16,0,39,35-44,3,1,4,0,389,0,14,9.172602739726027,279,0.0179948586118251,0.4285714285714285,27.785714285714285,42.40890083632019,1.526284348864994,0.0090483581963238,14,389,3,3,3,4,333,34,Loyal
6770,Graduation,Married,21355.0,1,0,2013-08-20,5,5,13,14,0,5,31,2,2,1,2,6,1,0,0,0,0,0,1,16,0,29,25-34,1,2,3,0,37,1,5,13.512328767123288,411,0.8378378378378378,0.4,7.4,2.738240064882401,0.3700324412003244,0.001538697297054,5,37,3,1,1,0,311,30,Recents
8773,Master,Together,57420.0,0,1,2013-06-25,22,280,0,18,0,0,24,3,5,1,6,7,0,1,0,0,0,0,0,18,0,43,35-44,1,2,3,0,298,1,12,15.353424657534246,467,0.0805369127516778,0.25,24.83333333333333,19.40935046395432,0.7815845824411135,0.0040562905880782,12,298,3,3,3,4,333,34,Loyal
10475,Master,Together,46106.0,0,1,2013-04-01,39,187,5,65,26,20,14,2,4,2,6,5,0,0,0,0,0,0,0,18,0,44,35-44,1,2,3,1,303,0,12,18.14794520547945,552,0.0462046204620462,0.1666666666666666,25.25,16.69610507246377,0.6612318840579711,0.0043454921456982,12,303,2,3,3,4,233,24,Standard base
10420,Master,Divorced,46390.0,0,1,2014-05-05,56,95,14,64,2,9,38,1,4,2,3,7,0,0,0,0,0,0,0,18,0,59,55-64,1,1,2,0,184,0,9,5.03013698630137,153,0.2065217391304347,0.1111111111111111,20.444444444444443,36.57952069716775,1.7892156862745097,0.0094622601501619,9,184,2,2,3,3,223,23,Standard base
7514,2n Cycle,Together,54342.0,1,1,2013-07-03,74,84,10,34,11,10,28,4,3,1,4,6,0,0,0,0,0,0,0,18,0,58,55-64,2,2,4,0,149,0,8,15.090410958904108,459,0.1879194630872483,0.5,18.625,9.873819898329703,0.5301379811183733,0.0021803731695549,8,149,1,2,2,2,122,12,Low-priority churn
2902,Graduation,Together,51609.5,1,1,2012-09-03,87,19,4,12,2,2,6,1,1,0,3,5,0,0,0,0,0,0,0,16,0,56,55-64,2,2,4,1,39,0,4,24.0,762,0.1538461538461538,0.25,9.75,1.625,0.1666666666666666,0.0003778374136544,4,39,1,1,1,0,111,10,Low-priority churn
4345,2n Cycle,Single,43685.5,1,1,2014-01-12,49,5,1,9,2,0,4,1,1,0,2,7,0,0,0,0,0,0,0,18,0,50,45-54,2,1,3,1,17,0,3,8.745205479452055,266,0.2352941176470588,0.3333333333333333,5.666666666666667,1.9439223057644108,0.3430451127819549,0.0005339773533362,3,17,2,1,1,0,211,20,Standard base
793,Graduation,Married,20895.0,1,0,2012-10-06,24,18,3,17,3,0,4,1,2,0,3,9,0,0,0,0,0,0,0,16,0,41,35-44,1,2,3,0,41,0,5,23.96712328767123,729,0.0975609756097561,0.2,8.2,1.710676726108825,0.2086191129401006,0.0009824417666095,5,41,3,1,1,0,311,30,Recents
10909,Graduation,Married,92344.0,0,0,2014-01-15,9,992,24,694,51,19,119,0,5,10,5,1,1,0,1,0,0,0,0,16,0,66,65-74,0,2,2,0,1780,2,20,8.646575342465754,263,0.0668539325842696,0.0,89.0,205.86185044359948,2.3130544993662863,0.0267515182938057,20,1780,3,4,5,7,345,37,Champions
3769,PhD,Together,56559.0,1,0,2014-03-02,17,25,1,13,0,0,3,1,1,0,3,7,0,0,0,0,0,0,0,22,0,42,35-44,1,2,3,1,39,0,4,7.134246575342465,217,0.0769230769230769,0.25,9.75,5.466589861751152,0.5606758832565285,0.0011598344797647,4,39,3,1,1,0,311,30,Recents
4791,Graduation,Together,44964.0,1,1,2012-12-16,35,19,1,17,2,0,2,1,1,0,3,8,0,0,0,0,0,0,0,16,0,34,25-34,2,2,4,0,39,0,4,21.63287671232877,658,0.0512820512820512,0.25,9.75,1.802811550151976,0.184903748733536,0.0004811346544307,4,39,2,1,1,0,211,20,Standard base
8216,Master,Married,53761.0,1,1,2013-10-11,7,158,0,76,13,7,71,6,4,4,3,5,0,0,0,0,0,0,0,18,0,42,35-44,2,2,4,0,254,0,11,11.802739726027395,359,0.2795275590551181,0.5454545454545454,23.09090909090909,21.52042711234912,0.9319870009285052,0.0048035774138909,11,254,3,3,3,4,333,34,Loyal
8140,Graduation,Together,22682.0,1,0,2013-10-03,51,10,14,29,4,2,36,3,2,1,4,4,0,0,0,0,0,0,0,16,0,41,35-44,1,2,3,0,59,0,7,12.065753424657531,367,0.6101694915254238,0.4285714285714285,8.428571428571429,4.889872842870118,0.5801544050862852,0.0025870061773406,7,59,2,2,2,2,222,22,Standard base
10146,PhD,Together,38887.0,1,0,2014-03-02,17,25,1,13,0,0,3,1,1,0,3,7,0,0,0,0,0,0,0,22,0,42,35-44,1,2,3,0,39,0,4,7.134246575342465,217,0.0769230769230769,0.25,9.75,5.466589861751152,0.5606758832565285,0.0016869153789444,4,39,3,1,1,0,311,30,Recents
5289,2n Cycle,Single,41658.0,1,1,2012-11-09,30,8,4,12,15,4,29,2,1,1,2,4,0,0,0,0,0,0,0,18,0,39,35-44,2,1,3,0,43,0,4,22.84931506849315,695,0.6744186046511628,0.5,10.75,1.8818944844124696,0.1750599520383693,0.0005420983679713,4,43,3,1,1,0,311,30,Recents
2587,PhD,Married,29791.0,1,0,2014-05-15,21,14,0,6,0,0,0,2,2,0,3,5,0,0,0,0,0,0,0,22,0,42,35-44,1,2,3,0,20,0,5,4.701369863013698,143,0.0,0.4,4.0,4.254079254079255,1.0635198135198136,0.0017135695696334,5,20,3,1,1,0,311,30,Recents
4405,Master,Married,63915.0,0,2,2013-07-30,2,622,7,115,30,0,15,2,6,3,12,5,0,0,0,0,0,0,0,18,0,58,55-64,2,2,4,0,774,0,21,14.202739726027398,432,0.0193798449612403,0.0952380952380952,36.85714285714285,54.49652777777778,1.478587962962963,0.0102316879188505,21,774,3,5,4,7,354,37,Champions
8663,Graduation,Divorced,39996.0,1,1,2014-05-22,85,11,0,3,0,0,1,1,1,0,2,6,0,0,0,0,0,0,0,16,0,40,35-44,2,1,3,0,14,0,3,4.471232876712328,136,0.0714285714285714,0.3333333333333333,4.666666666666667,3.131127450980393,0.6709558823529412,0.0009394321785119,3,14,1,1,1,0,111,10,Low-priority churn
2589,Graduation,Divorced,26759.0,1,0,2014-02-07,65,25,3,16,8,5,2,2,2,1,3,6,0,0,0,0,0,0,0,16,0,42,35-44,1,1,2,0,57,0,6,7.890410958904109,240,0.0350877192982456,0.3333333333333333,9.5,7.223958333333334,0.7604166666666667,0.003239564258754,6,57,2,2,2,2,222,22,Standard base
10490,PhD,Married,51039.0,1,1,2012-12-10,11,100,64,79,65,0,109,2,6,2,4,7,0,0,0,0,0,0,0,22,0,45,45-54,2,2,4,0,308,0,12,21.83013698630137,664,0.3538961038961039,0.1666666666666666,25.666666666666668,14.108935742971887,0.549698795180723,0.0033172128943682,12,308,3,3,3,4,333,34,Loyal
4094,Graduation,Married,60544.0,1,1,2012-08-25,92,201,2,43,3,5,35,4,5,1,5,6,0,0,0,0,0,0,0,16,0,53,45-54,2,2,4,0,254,0,11,24.0,771,0.1377952755905512,0.3636363636363636,23.09090909090909,10.583333333333334,0.4583333333333333,0.0020976479915433,11,254,1,3,3,4,133,14,Low-priority churn
2534,Graduation,Married,37716.0,0,1,2014-04-21,4,97,1,41,6,2,41,2,4,1,3,7,0,0,0,0,0,0,0,16,0,61,55-64,1,2,3,0,147,0,8,5.49041095890411,167,0.2789115646258503,0.25,18.375,26.773952095808383,1.4570858283433132,0.0085185975487777,8,147,3,2,2,2,322,32,Recents
4188,Graduation,Single,36864.0,0,1,2012-08-13,53,204,5,39,17,0,89,3,5,2,4,8,0,0,0,0,0,0,1,16,0,57,55-64,1,1,2,0,265,0,11,24.0,783,0.3358490566037735,0.2727272727272727,24.09090909090909,11.041666666666666,0.4583333333333333,0.0035942925347222,11,265,2,3,3,4,233,24,Standard base
6613,Master,Married,44511.0,1,0,2012-10-12,39,513,7,133,46,14,14,6,8,4,8,8,0,0,0,0,0,0,0,18,0,44,35-44,1,2,3,0,713,0,20,23.76986301369863,723,0.0196353436185133,0.3,35.65,29.995965882895344,0.8414015675426464,0.0080868008041774,20,713,2,4,4,6,244,26,High value at risk
10827,PhD,Married,36947.0,1,1,2012-08-07,49,88,3,21,4,1,29,4,3,0,4,9,0,0,0,0,0,0,0,22,0,47,45-54,2,2,4,0,117,0,7,24.0,789,0.2478632478632478,0.5714285714285714,16.714285714285715,4.875,0.2916666666666667,0.0015833491217148,7,117,2,2,2,2,222,22,Standard base
8402,Master,Married,67087.0,0,1,2013-12-17,40,329,35,222,130,35,43,2,7,5,8,4,0,0,0,0,0,0,0,18,0,61,55-64,1,2,3,0,751,0,20,9.6,292,0.0572569906790945,0.1,37.55,78.22916666666667,2.083333333333333,0.0139930239837822,20,751,2,4,4,6,244,26,High value at risk
8783,Graduation,Married,57045.0,0,1,2012-09-08,40,296,13,104,11,13,17,3,4,2,9,3,0,0,0,0,0,0,0,16,0,64,55-64,1,2,3,0,437,0,15,24.0,757,0.0389016018306636,0.2,29.133333333333333,18.20833333333333,0.625,0.0038303094048558,15,437,2,3,3,4,233,24,Standard base
10010,PhD,Divorced,36957.0,1,1,2012-09-06,43,100,2,16,2,1,31,4,3,2,2,9,0,0,0,0,0,0,1,22,0,61,55-64,2,1,3,0,121,0,7,24.0,759,0.256198347107438,0.5714285714285714,17.285714285714285,5.041666666666667,0.2916666666666667,0.0016370376383364,7,121,2,2,2,2,222,22,Standard base
618,PhD,Married,69389.0,0,1,2012-09-28,17,422,7,238,69,46,15,1,7,2,12,4,0,0,0,0,0,0,0,22,0,37,35-44,1,2,3,0,782,0,21,24.0,737,0.0191815856777493,0.0476190476190476,37.23809523809524,32.583333333333336,0.875,0.0056348989032843,21,782,3,5,4,7,354,37,Champions
361,Master,Married,43142.0,1,1,2014-02-18,84,5,1,7,2,1,4,1,1,0,2,7,0,0,0,0,0,0,0,18,0,45,45-54,2,2,4,0,16,0,3,7.528767123287671,229,0.25,0.3333333333333333,5.333333333333333,2.1251819505094613,0.398471615720524,0.0005911219555447,3,16,1,1,1,0,111,10,Low-priority churn
4310,Graduation,Married,80589.0,0,0,2014-01-22,25,507,93,520,242,40,26,1,5,10,5,1,0,0,0,1,0,0,1,16,0,70,65-74,0,2,2,0,1402,1,20,8.416438356164383,256,0.0185449358059914,0.05,70.1,166.57877604166669,2.376302083333333,0.0248041955167578,20,1402,3,4,5,7,345,37,Champions
2678,Graduation,Single,34412.0,1,0,2013-02-13,62,52,12,50,4,36,55,3,5,0,3,9,0,0,0,0,0,0,0,16,0,24,18-24,1,1,2,0,154,0,8,19.693150684931503,599,0.3571428571428571,0.375,19.25,7.81997774067891,0.4062326099053979,0.0027269479509516,8,154,2,2,2,2,222,22,Standard base
6376,Graduation,Single,57537.0,1,0,2013-06-10,83,191,56,139,51,8,100,4,4,3,8,4,0,0,0,0,0,0,0,16,0,35,35-44,1,1,2,0,445,0,15,15.846575342465751,482,0.2247191011235955,0.2666666666666666,29.666666666666668,28.081777316735824,0.9465767634854771,0.0058567761232047,15,445,1,3,3,4,133,14,Low-priority churn
10341,Graduation,Together,51315.0,0,0,2014-02-23,45,68,28,39,16,30,41,1,2,2,5,2,0,0,0,0,0,0,0,16,0,66,65-74,0,2,2,0,181,0,9,7.364383561643836,224,0.2265193370165746,0.1111111111111111,20.11111111111111,24.57775297619048,1.2220982142857142,0.0057475014267618,9,181,2,2,2,2,222,22,Standard base
5654,Graduation,Married,36026.0,2,1,2014-03-16,34,20,4,10,6,4,17,2,2,0,3,6,0,0,0,0,0,0,0,16,0,42,35-44,3,2,5,0,44,0,5,6.673972602739726,203,0.3863636363636363,0.4,8.8,6.592775041050904,0.7491789819376027,0.0021960056762507,5,44,2,1,2,1,212,21,Standard base
4098,Graduation,Married,24639.0,1,1,2014-01-28,3,20,3,16,0,4,1,3,2,0,4,6,0,0,0,0,0,0,0,16,0,41,35-44,2,2,4,0,43,0,6,8.21917808219178,250,0.0232558139534883,0.5,7.166666666666667,5.231666666666667,0.7300000000000001,0.0025479930191972,6,43,3,2,1,1,321,31,Recents
5824,PhD,Together,34578.0,2,1,2014-04-11,1,7,0,1,0,0,0,1,1,0,2,6,0,0,0,0,0,0,0,22,0,42,35-44,3,2,5,0,8,0,3,5.8191780821917805,177,0.0,0.3333333333333333,2.6666666666666665,1.3747645951035783,0.5155367231638418,0.0004771003279901,3,8,3,1,1,0,311,30,Recents
7000,2n Cycle,Single,65704.0,0,0,2013-10-13,18,279,172,74,38,8,246,1,2,10,10,1,0,0,0,0,0,0,0,18,0,42,35-44,0,1,1,0,571,0,22,11.736986301369862,357,0.4308231173380035,0.0454545454545454,25.954545454545453,48.64962651727358,1.8744164332399629,0.0088852355748094,22,571,3,5,3,6,353,36,High-potential growth
5229,PhD,Together,54132.0,0,1,2014-02-16,81,30,1,8,0,0,3,1,1,0,3,7,0,0,0,0,0,0,0,22,0,45,45-54,1,2,3,0,39,0,4,7.594520547945205,231,0.0769230769230769,0.25,9.75,5.1352813852813854,0.5266955266955268,0.0011383909078433,4,39,1,1,1,0,111,10,Low-priority churn
2428,Graduation,Married,28164.0,1,0,2013-05-04,23,3,18,26,11,8,12,3,2,0,4,7,0,0,0,0,0,0,0,16,0,44,35-44,1,2,3,0,66,0,6,17.063013698630137,519,0.1818181818181818,0.5,11.0,3.868015414258189,0.3516377649325626,0.0016480679225642,6,66,3,2,2,2,322,32,Recents
2836,PhD,Married,43269.0,1,0,2013-09-16,61,10,1,7,0,0,1,1,1,0,2,8,0,0,0,0,0,0,0,22,0,42,35-44,1,2,3,0,18,0,3,12.624657534246577,384,0.0555555555555555,0.3333333333333333,6.0,1.42578125,0.2376302083333333,0.0003954187755668,3,18,2,1,1,0,211,20,Standard base
8418,2n Cycle,Single,38741.0,1,1,2014-03-30,60,7,10,17,8,6,13,2,2,0,3,7,0,0,0,0,0,0,0,18,0,56,55-64,2,1,3,0,48,0,5,6.213698630136986,189,0.2708333333333333,0.4,9.6,7.724867724867725,0.8046737213403881,0.0023927728426837,5,48,2,1,2,1,212,21,Standard base
1362,Graduation,Single,31907.0,0,0,2013-03-04,75,33,87,64,175,16,74,1,6,1,6,7,0,0,0,0,0,0,0,16,0,42,35-44,0,1,1,0,375,0,13,19.06849315068493,580,0.1973333333333333,0.0769230769230769,28.846153846153847,19.66594827586207,0.6817528735632185,0.0073962258849263,13,375,1,3,3,4,133,14,Low-priority churn
10033,2n Cycle,Divorced,31163.0,1,0,2014-02-13,54,2,3,10,11,2,10,1,1,0,3,6,0,0,0,0,0,0,0,18,0,41,35-44,1,1,2,0,28,0,4,7.693150684931506,234,0.3571428571428571,0.25,7.0,3.63960113960114,0.51994301994302,0.001401508637654,4,28,2,1,1,0,211,20,Standard base
9349,Graduation,Married,92533.0,0,0,2013-12-19,84,693,21,118,110,147,42,1,6,5,11,2,0,0,1,1,0,0,0,16,0,29,25-34,0,2,2,0,1089,2,22,9.534246575342465,290,0.0385674931129476,0.0454545454545454,49.5,114.2198275862069,2.307471264367816,0.0148124229305705,22,1089,1,5,4,7,154,17,Critical retention
274,Graduation,Single,34853.0,1,1,2013-12-23,75,9,3,15,2,3,2,2,2,0,3,6,0,0,0,0,0,0,0,16,0,41,35-44,2,1,3,0,32,0,5,9.402739726027397,286,0.0625,0.4,6.4,3.4032634032634035,0.5317599067599068,0.0011717545358838,5,32,1,1,1,0,111,10,Low-priority churn
3388,Graduation,Divorced,70844.0,1,1,2013-10-30,16,129,26,67,3,67,2,5,6,1,5,7,0,0,0,0,0,0,0,16,0,47,45-54,2,1,3,0,292,0,12,11.178082191780822,340,0.0068493150684931,0.4166666666666667,24.33333333333333,26.12254901960784,1.0735294117647058,0.0044248008050829,12,292,3,3,3,4,333,34,Loyal
922,2n Cycle,Married,31086.0,1,1,2013-05-04,79,16,2,11,3,0,16,2,1,1,2,8,1,0,0,0,0,0,0,18,0,35,35-44,2,2,4,0,32,1,4,17.063013698630137,519,0.5,0.5,8.0,1.8754014129736676,0.2344251766217084,0.000723953450289,4,32,1,1,1,0,111,10,Low-priority churn
2518,2n Cycle,Together,20491.0,0,0,2013-01-25,16,5,4,5,4,2,10,1,0,1,2,7,0,0,0,0,0,0,0,18,0,28,25-34,0,2,2,0,20,0,3,20.317808219178083,618,0.5,0.3333333333333333,6.666666666666667,0.9843581445523192,0.1476537216828478,0.0005764627267887,3,20,3,1,1,0,311,30,Recents
574,Graduation,Married,42523.0,0,0,2014-04-23,96,14,36,11,3,26,35,1,1,1,4,2,0,0,0,0,0,0,0,16,0,50,45-54,0,2,2,0,90,0,6,5.424657534246575,165,0.3888888888888889,0.1666666666666666,15.0,16.590909090909093,1.1060606060606062,0.0046819582129884,6,90,1,2,2,2,122,12,Low-priority churn
5967,Graduation,Together,33402.0,1,1,2013-07-18,60,26,2,19,10,5,8,3,2,1,3,8,0,0,0,0,0,0,0,16,0,62,55-64,2,2,4,0,62,0,6,14.5972602739726,444,0.1290322580645161,0.5,10.333333333333334,4.247372372372372,0.411036036036036,0.0015259106780572,6,62,2,2,2,2,222,22,Standard base
1183,Master,Married,36408.0,1,1,2013-09-21,11,9,1,4,3,2,3,1,1,0,2,6,0,0,0,0,0,0,0,18,0,65,65-74,2,2,4,0,19,0,3,12.46027397260274,379,0.1578947368421052,0.3333333333333333,6.333333333333333,1.5248460861917328,0.2407651715039578,0.000502586053458,3,19,3,1,1,0,311,30,Recents
6856,Graduation,Together,21645.0,1,0,2012-09-03,75,14,0,23,4,5,19,3,3,0,3,9,0,0,0,0,0,0,1,16,0,35,35-44,1,2,3,0,46,0,6,24.0,762,0.4130434782608695,0.5,7.666666666666667,1.9166666666666667,0.25,0.001062601062601,6,46,1,2,2,2,122,12,Low-priority churn
4530,Master,Widow,78427.0,0,0,2012-10-24,36,972,19,595,180,26,138,3,3,7,10,3,0,0,0,1,0,0,1,18,0,66,65-74,0,1,1,0,1792,1,20,23.375342465753423,711,0.0770089285714285,0.15,89.6,76.66197843413033,0.8556024378809189,0.0117299366443898,20,1792,2,4,5,7,245,27,High value at risk
1553,Graduation,Together,82657.0,0,0,2013-09-27,71,966,168,672,246,105,126,1,7,5,10,4,0,1,0,1,0,0,0,16,0,68,65-74,0,2,2,0,2157,2,22,12.263013698630136,373,0.0584144645340751,0.0454545454545454,98.04545454545456,175.89477211796248,1.7940125111706882,0.0255360981576339,22,2157,1,5,5,8,155,18,Critical retention
4682,Graduation,Married,51876.0,0,0,2013-10-15,88,99,27,102,28,48,6,1,2,2,8,1,0,0,0,0,0,0,0,16,0,56,55-64,0,2,2,0,304,0,12,11.671232876712327,355,0.0197368421052631,0.0833333333333333,25.33333333333333,26.04694835680752,1.0281690140845072,0.006025202025632,12,304,1,3,3,4,133,14,Low-priority churn
8204,2n Cycle,Married,78041.0,0,0,2012-12-16,93,482,35,553,72,160,17,1,4,4,9,2,0,0,0,0,0,0,0,18,0,43,35-44,0,2,2,0,1302,0,17,21.63287671232877,658,0.0130568356374807,0.0588235294117647,76.58823529411765,60.18617021276596,0.7858409321175279,0.0092545462327903,17,1302,1,4,5,7,145,17,Critical retention
5221,Graduation,Married,52852.0,0,1,2012-12-01,93,714,8,99,11,0,47,4,10,7,5,8,1,0,0,0,0,0,0,16,0,57,55-64,1,2,3,0,832,1,22,22.126027397260277,673,0.0564903846153846,0.1818181818181818,37.81818181818182,37.60277365032194,0.9943041109460128,0.0085376766026614,22,832,1,5,4,7,154,17,Critical retention
1232,PhD,Together,70038.0,0,0,2013-10-25,54,587,54,348,71,54,130,1,4,4,8,2,0,0,0,0,0,0,0,22,0,32,25-34,0,2,2,0,1114,0,16,11.342465753424657,345,0.1166965888689407,0.0625,69.625,98.21497584541063,1.4106280193236715,0.0168277179551804,16,1114,2,4,5,7,245,27,High value at risk
1927,2n Cycle,Together,69401.0,0,1,2014-03-23,41,399,27,159,58,8,39,4,4,4,5,2,0,0,0,0,0,0,0,18,0,41,35-44,1,2,3,0,651,0,13,6.443835616438356,196,0.0599078341013824,0.3076923076923077,50.07692307692308,101.02678571428572,2.017431972789116,0.0174683567754272,13,651,2,3,4,5,234,25,High value at risk
5788,Graduation,Together,46053.0,1,0,2013-02-17,46,56,10,92,19,7,25,3,3,2,4,5,0,0,0,0,0,0,0,16,0,42,35-44,1,2,3,0,184,0,9,19.56164383561644,595,0.1358695652173913,0.3333333333333333,20.444444444444443,9.406162464985997,0.4600840336134454,0.0024509575832156,9,184,2,2,3,3,223,23,Standard base
6652,Graduation,Married,77343.0,0,0,2014-06-09,28,227,151,573,98,54,31,1,3,4,9,1,0,0,0,0,0,0,0,16,0,49,45-54,0,2,2,0,1103,0,16,3.8794520547945206,118,0.028105167724388,0.0625,68.9375,284.31850282485874,4.124293785310734,0.0441128742600921,16,1103,3,4,5,7,345,37,Champions
6246,Graduation,Single,73892.0,0,0,2013-11-13,40,703,102,601,0,58,43,1,3,11,8,1,0,0,0,0,0,0,1,16,0,61,55-64,0,1,1,0,1464,0,22,10.717808219178082,326,0.0293715846994535,0.0454545454545454,66.54545454545455,136.5950920245399,2.0526584867075663,0.0221829305512704,22,1464,2,5,5,8,255,28,High value at risk
5975,PhD,Single,40304.0,1,0,2013-09-30,82,37,0,17,0,0,3,1,2,0,3,7,0,0,0,0,0,0,0,22,0,47,45-54,1,1,2,0,54,0,5,12.164383561643834,370,0.0555555555555555,0.2,10.8,4.4391891891891895,0.411036036036036,0.0013217117474759,5,54,1,1,2,1,112,11,Low-priority churn
6875,PhD,Together,32727.0,0,0,2012-08-28,38,167,13,180,86,13,70,2,7,3,5,8,0,0,0,0,0,0,0,22,0,49,45-54,0,2,2,0,459,0,15,24.0,768,0.1525054466230936,0.1333333333333333,30.6,19.125,0.625,0.0070125584379869,15,459,2,3,3,4,233,24,Standard base
4042,Graduation,Divorced,43300.0,0,1,2012-10-13,87,91,3,52,2,1,31,3,4,0,4,8,0,0,0,0,0,0,1,16,0,43,35-44,1,1,2,0,149,0,8,23.73698630136986,722,0.2080536912751678,0.375,18.625,6.2771237303785785,0.3370267774699908,0.0017396185857862,8,149,1,2,2,2,122,12,Low-priority churn
2157,Graduation,Together,26290.0,1,1,2013-01-12,49,15,8,16,11,5,22,4,2,0,4,6,0,0,0,0,0,0,0,16,0,42,35-44,2,2,4,0,55,0,6,20.745205479452054,631,0.4,0.6666666666666666,9.166666666666666,2.6512150026413104,0.2892234548335974,0.0012101399783832,6,55,2,2,2,2,222,22,Standard base
10133,Graduation,Single,93790.0,0,0,2014-02-12,16,1302,68,731,89,114,45,0,6,7,12,2,0,1,1,1,0,0,1,16,0,44,35-44,0,1,1,0,2304,3,25,7.726027397260274,235,0.01953125,0.0,92.16,298.21276595744683,3.23581560283688,0.0381549545952592,25,2304,3,5,5,8,355,38,Champions
2525,PhD,Married,38410.0,0,0,2012-09-14,65,153,64,123,116,64,14,2,5,2,9,6,0,0,0,0,0,0,1,22,0,40,35-44,0,2,2,0,520,0,16,24.0,751,0.0269230769230769,0.125,32.5,21.666666666666668,0.6666666666666666,0.006769070554543,16,520,2,4,3,5,243,25,Standard base
8233,Master,Widow,64866.0,0,1,2014-01-26,9,508,5,21,7,5,10,4,7,3,7,5,0,1,0,0,0,0,0,18,0,64,55-64,1,1,2,0,546,1,17,8.284931506849315,252,0.0183150183150183,0.2352941176470588,32.11764705882353,65.90277777777779,2.0519179894179893,0.0121918005323795,17,546,3,4,3,5,343,35,High-potential growth
9483,Graduation,Together,57957.0,0,1,2013-08-19,24,290,59,177,77,5,29,7,4,6,8,3,0,0,0,0,0,1,0,16,0,55,55-64,1,2,3,0,608,0,18,13.545205479452054,412,0.0476973684210526,0.3888888888888889,33.77777777777778,44.88673139158576,1.3288834951456312,0.0092938001742503,18,608,3,4,4,6,344,36,Champions
10403,Graduation,Together,16531.0,1,0,2014-06-18,43,2,13,6,7,5,11,3,3,0,3,7,0,0,0,0,0,0,0,16,0,36,35-44,1,2,3,0,33,0,6,3.5835616438356164,109,0.3333333333333333,0.5,5.5,9.208715596330276,1.6743119266055049,0.0066846885945171,6,33,2,2,1,1,221,21,Standard base
5074,Master,Married,28072.0,1,0,2013-07-08,10,30,0,10,2,0,5,1,1,0,3,7,0,0,0,0,0,0,0,18,0,28,25-34,1,2,3,0,42,0,4,14.926027397260274,454,0.119047619047619,0.25,10.5,2.813876651982379,0.2679882525697503,0.001202854083207,4,42,3,1,1,0,311,30,Recents
10524,Master,Divorced,49476.0,0,1,2013-06-20,29,386,23,95,54,41,196,4,2,11,5,2,0,0,0,0,0,0,0,18,0,51,45-54,1,1,2,0,599,0,18,15.517808219178082,472,0.327212020033389,0.2222222222222222,33.27777777777778,38.60081214689266,1.159957627118644,0.0093623119444318,18,599,3,4,4,6,344,36,Champions
4690,Graduation,Married,50725.0,0,1,2013-02-13,45,443,10,75,0,10,48,4,8,1,8,8,0,0,0,0,0,0,0,16,0,61,55-64,1,2,3,0,538,0,17,19.693150684931503,599,0.0892193308550185,0.2352941176470588,31.647058823529413,27.319143016138007,0.8632442960489706,0.0064628825272283,17,538,2,4,3,5,243,25,Standard base
7196,PhD,Married,41145.0,1,1,2014-02-08,20,9,0,3,0,0,1,1,0,0,3,3,0,0,0,0,0,0,0,22,0,64,55-64,2,2,4,0,12,0,3,7.857534246575342,239,0.0833333333333333,0.3333333333333333,4.0,1.5271966527196654,0.3817991631799163,0.0004454091586495,3,12,3,1,1,0,311,30,Recents
4406,Graduation,Together,67419.0,0,1,2013-01-16,29,846,84,352,91,56,42,4,9,4,8,5,0,0,0,0,0,0,0,16,0,44,35-44,1,2,3,0,1429,0,21,20.613698630136984,627,0.0293911826452064,0.1904761904761904,68.04761904761905,69.32283359914939,1.0187400318979267,0.0123388659456502,21,1429,3,5,5,8,355,38,Champions
9672,2n Cycle,Married,23162.0,1,1,2013-12-21,82,8,3,9,19,4,22,3,1,1,3,6,0,0,0,0,0,0,0,18,0,44,35-44,2,2,4,0,43,0,5,9.468493150684932,288,0.5116279069767442,0.6,8.6,4.541377314814815,0.5280671296296297,0.0023528420593117,5,43,1,1,1,0,111,10,Low-priority churn
4864,Graduation,Married,34380.0,1,0,2013-05-02,68,72,7,58,13,1,24,4,4,1,3,8,0,0,0,0,0,0,0,16,0,37,35-44,1,2,3,0,151,0,8,17.12876712328767,521,0.1589403973509933,0.5,18.875,8.815579014715292,0.4670505438259757,0.0030769909300925,8,151,1,2,2,2,122,12,Low-priority churn
4706,Graduation,Single,34704.0,0,1,2013-04-27,65,29,0,5,0,1,5,1,1,0,3,5,0,0,0,0,0,0,0,16,0,48,45-54,1,1,2,0,35,0,4,17.293150684931508,526,0.1428571428571428,0.25,8.75,2.0239226869455007,0.2313054499366286,0.0006998349539922,4,35,2,1,1,0,211,20,Standard base
4070,PhD,Married,94871.0,0,2,2012-09-01,99,169,24,553,188,0,144,1,8,5,4,7,0,1,1,0,0,0,1,22,0,45,45-54,2,2,4,0,934,2,17,24.0,764,0.1541755888650963,0.0588235294117647,54.94117647058823,38.91666666666666,0.7083333333333334,0.0049224736747794,17,934,1,4,4,6,144,16,Critical retention
25,Graduation,Married,65148.0,0,1,2012-11-16,9,460,35,422,33,12,153,2,6,6,7,4,0,0,0,0,0,0,0,16,0,56,55-64,1,2,3,0,962,0,19,22.61917808219178,688,0.159043659043659,0.1052631578947368,50.63157894736842,42.53028100775194,0.8399951550387597,0.0078339069824556,19,962,3,4,4,6,344,36,Champions
3697,Graduation,Together,39898.0,0,1,2013-02-12,20,69,8,26,12,7,12,2,3,0,4,7,0,0,0,0,0,0,0,16,0,60,55-64,1,2,3,0,122,0,7,19.726027397260275,600,0.0983606557377049,0.2857142857142857,17.428571428571427,6.184722222222222,0.354861111111111,0.0018601600748575,7,122,3,2,2,2,322,32,Recents
4220,PhD,Married,59892.0,0,1,2013-11-02,26,73,0,13,0,1,0,1,2,1,3,3,0,0,0,0,0,0,0,22,0,44,35-44,1,2,3,0,87,0,6,11.07945205479452,337,0.0,0.1666666666666666,14.5,7.852373887240356,0.5415430267062314,0.0015733067295612,6,87,3,2,2,2,322,32,Recents
5286,Master,Single,41020.0,0,0,2013-10-28,68,112,1,54,7,7,36,1,3,2,4,3,0,0,0,0,0,0,0,18,0,27,25-34,0,1,1,0,181,0,9,11.243835616438355,342,0.1988950276243093,0.1111111111111111,20.11111111111111,16.097709551656923,0.8004385964912282,0.0047092275626495,9,181,1,2,2,2,122,12,Low-priority churn
9559,PhD,Married,57072.0,0,1,2014-01-24,79,944,0,60,0,0,30,2,7,5,13,5,1,0,0,0,0,0,0,22,0,53,45-54,1,2,3,0,1004,1,25,8.35068493150685,254,0.0298804780876494,0.08,40.16,120.22965879265092,2.993766404199475,0.0252795750194808,25,1004,1,5,4,7,154,17,Critical retention
3102,2n Cycle,Together,19414.0,1,0,2013-10-16,32,2,3,12,3,5,7,1,1,0,3,8,0,0,0,0,0,0,0,18,0,33,25-34,1,2,3,0,25,0,4,11.63835616438356,354,0.28,0.25,6.25,2.148069679849341,0.3436911487758946,0.0013277447284532,4,25,3,1,1,0,311,30,Recents
5868,Graduation,Married,19107.0,1,0,2013-08-22,49,2,4,9,10,5,16,2,1,0,3,7,0,0,0,0,0,0,0,16,0,34,25-34,1,2,3,0,30,0,4,13.446575342465753,409,0.5333333333333333,0.5,7.5,2.2310513447432765,0.2974735126324369,0.0014011941245051,4,30,2,1,1,0,211,20,Standard base
8370,2n Cycle,Together,75484.0,0,1,2012-08-02,50,378,97,259,197,194,34,2,7,3,6,4,0,0,0,0,0,0,0,18,0,38,35-44,1,2,3,0,1125,0,16,24.0,794,0.0302222222222222,0.125,70.3125,46.875,0.6666666666666666,0.0074519103386148,16,1125,2,4,5,7,245,27,High value at risk
9988,Master,Single,70379.0,0,1,2013-03-03,84,553,25,142,65,67,8,3,6,3,13,4,0,0,0,0,0,0,0,18,0,38,35-44,1,1,2,0,852,0,22,19.101369863013694,581,0.0093896713615023,0.1363636363636363,38.72727272727273,44.60413080895009,1.1517498565691338,0.0076052454525838,22,852,1,5,4,7,154,17,Critical retention
2939,Master,Together,79419.0,0,0,2014-06-22,96,751,127,687,20,15,31,1,4,6,4,2,0,0,0,0,0,0,0,18,0,44,35-44,0,2,2,0,1600,0,14,3.452054794520548,105,0.019375,0.0714285714285714,114.28571428571428,463.4920634920635,4.055555555555555,0.0700324199738697,14,1600,1,3,5,6,135,16,Critical retention
5529,PhD,Together,64014.0,2,1,2014-06-10,56,406,0,30,0,0,8,7,8,2,5,7,0,0,0,1,0,0,0,22,0,68,65-74,3,2,5,0,436,1,15,3.846575342465753,117,0.018348623853211,0.4666666666666667,29.066666666666663,113.34757834757836,3.89957264957265,0.0212480229351538,15,436,2,3,3,4,233,24,Standard base
9743,Graduation,Married,76998.0,0,1,2013-01-11,85,1449,89,161,69,35,107,2,11,8,8,6,0,0,1,0,0,0,0,16,0,59,55-64,1,2,3,0,1803,1,27,20.778082191780825,632,0.0593455352190793,0.074074074074074,66.77777777777777,86.77412974683544,1.2994462025316456,0.0135235922616434,27,1803,1,5,5,8,155,18,Critical retention
5763,Master,Together,49854.0,1,0,2013-11-10,63,123,17,171,39,0,30,5,6,2,5,6,0,0,0,0,0,0,0,18,0,42,35-44,1,2,3,0,350,0,13,10.816438356164385,329,0.0857142857142857,0.3846153846153846,26.923076923076923,32.3581560283688,1.201874366767984,0.0077887004521287,13,350,2,3,3,4,233,24,Standard base
3478,PhD,Married,60585.0,1,1,2013-06-24,17,267,42,309,55,42,21,10,7,4,9,5,0,0,0,0,0,0,1,22,0,43,35-44,2,2,4,0,715,0,20,15.386301369863013,468,0.0293706293706293,0.5,35.75,46.46990740740741,1.29985754985755,0.0092042401401153,20,715,3,4,4,6,344,36,Champions
7494,PhD,Divorced,42873.0,1,1,2013-01-21,11,209,0,40,3,2,15,4,6,1,4,8,0,0,0,0,0,0,0,22,0,64,55-64,2,1,3,0,254,0,11,20.44931506849315,622,0.0590551181102362,0.3636363636363636,23.09090909090909,12.42095391211147,0.5379153269024652,0.0034765807605098,11,254,3,3,3,4,333,34,Loyal
1763,Graduation,Together,87679.0,0,0,2013-07-27,62,1259,172,815,97,148,33,1,7,11,10,4,1,0,1,1,0,0,1,16,0,26,25-34,0,2,2,0,2491,3,28,14.3013698630137,435,0.0132476916900843,0.0357142857142857,88.96428571428571,174.17911877394636,1.957854406130268,0.023838654926349,28,2491,2,5,5,8,255,28,High value at risk
7250,Graduation,Together,57867.0,1,0,2013-10-01,48,344,35,178,15,23,17,7,7,2,9,6,0,0,0,0,0,0,0,16,0,36,35-44,1,2,3,0,595,0,18,12.131506849315068,369,0.0285714285714285,0.3888888888888889,33.05555555555556,49.04584462511292,1.483739837398374,0.0101707386852844,18,595,2,4,4,6,244,26,High value at risk
2005,Graduation,Married,35765.0,1,0,2013-12-11,86,22,3,30,0,5,15,2,2,0,4,6,0,0,0,0,0,0,0,16,0,24,18-24,1,2,3,0,60,0,6,9.797260273972602,298,0.25,0.3333333333333333,10.0,6.124161073825504,0.6124161073825504,0.0020548003043731,6,60,1,2,2,2,122,12,Low-priority churn
10770,Graduation,Married,65492.0,0,0,2014-01-26,73,247,161,295,210,85,47,2,4,7,13,2,0,0,0,0,0,0,0,16,0,55,55-64,0,2,2,0,998,0,24,8.284931506849315,252,0.0470941883767535,0.0833333333333333,41.583333333333336,120.45965608465607,2.8968253968253967,0.0220716403990697,24,998,1,5,4,7,154,17,Critical retention
6885,Graduation,Divorced,32952.0,1,0,2013-12-01,36,38,0,12,3,1,1,1,2,0,3,7,0,0,0,0,0,0,0,16,0,37,35-44,1,1,2,0,54,0,5,10.126027397260271,308,0.0185185185185185,0.2,10.8,5.332792207792208,0.4937770562770563,0.0019420219256344,5,54,2,1,2,1,212,21,Standard base
2072,PhD,Together,53374.0,0,1,2012-08-16,34,896,10,101,13,10,34,6,4,2,9,9,1,0,0,0,0,0,1,22,0,45,45-54,1,2,3,0,1030,1,15,24.0,780,0.033009708737864,0.4,68.66666666666667,42.91666666666666,0.625,0.0096488927193015,15,1030,2,3,4,5,234,25,High value at risk
9463,Graduation,Together,71706.0,0,1,2012-11-13,16,931,56,253,91,98,14,4,9,5,7,5,0,0,0,0,0,0,0,16,0,55,55-64,1,2,3,0,1429,0,21,22.71780821917808,691,0.0097970608817354,0.1904761904761904,68.04761904761905,62.90219488663772,0.92438494934877,0.01052668310378,21,1429,3,5,5,8,355,38,Champions
6318,Graduation,Married,68487.0,0,0,2013-01-13,48,758,12,385,33,89,89,1,9,7,13,4,0,0,0,0,0,0,0,16,0,26,25-34,0,2,2,0,1277,0,29,20.712328767123285,630,0.0696945967110415,0.0344827586206896,44.03448275862069,61.65410052910054,1.4001322751322751,0.0108027685013098,29,1277,2,5,5,8,255,28,High value at risk
4093,Master,Together,53253.0,1,1,2013-02-11,61,216,9,57,20,9,125,7,4,3,5,5,0,0,0,0,0,0,0,18,0,39,35-44,2,2,4,0,311,0,12,19.75890410958904,601,0.4019292604501607,0.5833333333333334,25.916666666666668,15.739739323349973,0.6073211314475874,0.0035467836906878,12,311,2,3,3,4,233,24,Standard base
3340,Graduation,Married,42014.0,1,0,2012-08-17,56,244,15,108,4,15,50,6,7,1,6,8,0,0,0,0,0,0,1,16,0,37,35-44,1,2,3,0,386,0,14,24.0,779,0.1295336787564766,0.4285714285714285,27.571428571428573,16.083333333333332,0.5833333333333334,0.0045937068596182,14,386,2,3,3,4,233,24,Standard base
3594,Master,Married,54108.0,1,1,2012-11-05,74,539,6,91,8,6,97,13,8,2,9,8,0,0,0,0,0,0,0,18,0,41,35-44,2,2,4,0,650,0,19,22.980821917808218,699,0.1492307692307692,0.6842105263157895,34.21052631578947,28.28445398187888,0.8267763471626133,0.0062728884413126,19,650,1,4,4,6,144,16,Critical retention
3584,PhD,Single,49667.0,0,0,2012-08-20,35,1181,26,120,17,13,39,2,5,10,5,8,1,0,0,0,0,0,1,22,0,59,55-64,0,1,1,0,1357,1,20,24.0,776,0.0287398673544583,0.1,67.85,56.54166666666666,0.8333333333333334,0.0136609821410594,20,1357,2,4,5,7,245,27,High value at risk
3643,Master,Married,63206.0,0,0,2014-03-20,65,750,8,125,11,8,26,1,4,3,6,2,0,0,1,0,0,0,0,18,0,40,35-44,0,2,2,0,902,1,13,6.542465753424657,199,0.0288248337028824,0.0769230769230769,69.38461538461539,137.86850921273034,1.987018425460637,0.0261750800644363,13,902,2,3,4,5,234,25,High value at risk
851,Master,Married,57136.0,1,1,2013-07-09,48,306,5,109,21,109,92,9,5,2,10,6,0,0,0,0,0,0,0,18,0,42,35-44,2,2,4,0,550,0,17,14.893150684931506,453,0.1672727272727272,0.5294117647058824,32.35294117647059,36.92972774098602,1.1414643119941137,0.007756173566435,17,550,2,4,3,5,243,25,Standard base
7706,2n Cycle,Together,46772.0,0,1,2012-11-07,88,350,104,189,197,151,57,6,11,8,5,8,1,0,0,0,0,0,0,18,0,39,35-44,1,2,3,0,991,1,24,22.915068493150685,697,0.0575176589303733,0.25,41.29166666666666,43.24665231946437,1.0473457675753228,0.0110955235575466,24,991,1,5,4,7,154,17,Critical retention
3967,PhD,Married,78931.0,0,0,2013-10-25,19,331,197,170,58,152,35,1,2,8,13,1,0,0,0,0,0,0,0,22,0,43,35-44,0,2,2,0,908,0,23,11.342465753424657,345,0.0385462555066079,0.0434782608695652,39.47826086956522,80.05314009661836,2.027777777777778,0.0121706006658907,23,908,3,5,4,7,354,37,Champions
10128,Graduation,Together,53977.0,0,1,2013-06-08,21,620,16,165,0,24,82,5,5,5,12,5,0,0,0,0,0,0,0,16,0,56,55-64,1,2,3,0,825,0,22,15.912328767123286,484,0.0993939393939394,0.2272727272727272,37.5,51.846590909090914,1.3825757575757578,0.011526374027995,22,825,3,5,4,7,354,37,Champions
9451,Graduation,Married,73538.0,0,1,2012-11-25,92,811,76,428,99,137,107,3,10,4,9,7,0,0,0,0,0,0,0,16,0,49,45-54,1,2,3,0,1551,0,23,22.32328767123288,679,0.0689877498388136,0.1304347826086956,67.43478260869566,69.47901325478645,1.0303141875306825,0.0113376507255764,23,1551,1,5,5,8,155,18,Critical retention
9264,Graduation,Married,79529.0,0,0,2014-04-27,1,423,42,706,73,197,197,1,4,8,9,2,0,0,0,0,0,0,0,16,0,28,25-34,0,2,2,0,1441,0,21,5.293150684931507,161,0.1367106176266481,0.0476190476190476,68.61904761904762,272.2386128364389,3.967391304347826,0.0410776365104209,21,1441,3,5,5,8,355,38,Champions
3865,2n Cycle,Together,20981.0,0,0,2013-04-30,14,2,12,10,6,13,30,1,3,1,2,8,0,0,0,0,0,0,1,18,0,37,35-44,0,2,2,0,43,0,6,17.194520547945206,523,0.6976744186046512,0.1666666666666666,7.166666666666667,2.5007966857871256,0.3489483747609943,0.0014303207773435,6,43,3,2,1,1,321,31,Recents
2853,Graduation,Single,51766.0,1,0,2014-03-11,74,60,51,87,6,20,51,2,4,2,4,5,0,0,0,0,0,0,0,16,0,34,25-34,1,1,2,0,224,0,10,6.838356164383561,208,0.2276785714285714,0.2,22.4,32.75641025641026,1.4623397435897436,0.0075933416349905,10,224,1,3,3,4,133,14,Low-priority churn
1490,Graduation,Married,55759.0,0,1,2012-11-28,84,675,0,85,10,7,77,5,10,3,8,8,0,0,0,0,0,0,0,16,0,52,45-54,1,2,3,0,777,0,21,22.22465753424657,676,0.0990990990990991,0.238095238095238,37.0,34.961168639053255,0.944896449704142,0.0075240593208027,21,777,1,5,4,7,154,17,Critical retention
10380,Master,Married,37787.0,1,0,2013-09-20,50,40,1,40,4,3,18,1,3,0,3,8,0,0,0,0,0,0,0,18,0,42,35-44,1,2,3,0,88,0,6,12.493150684931509,380,0.2045454545454545,0.1666666666666666,14.666666666666666,7.043859649122807,0.4802631578947368,0.002236915229827,6,88,2,2,2,2,222,22,Standard base
3887,Graduation,Single,27242.0,1,0,2012-11-11,2,3,17,26,20,1,39,2,2,0,3,9,0,0,0,0,0,0,1,16,0,44,35-44,1,1,2,0,67,0,5,22.78356164383561,693,0.582089552238806,0.4,13.4,2.940716690716691,0.2194564694564694,0.0012953747995228,5,67,3,1,2,1,312,31,Recents
4278,PhD,Single,87188.0,0,0,2013-06-03,73,910,111,724,49,74,55,1,10,2,6,3,0,0,0,0,0,0,1,22,0,31,25-34,0,1,1,0,1868,0,18,16.076712328767123,489,0.0294432548179871,0.0555555555555555,103.77777777777776,116.19291070211317,1.1196319018404908,0.015992050837562,18,1868,1,4,5,7,145,17,Critical retention
8643,Graduation,Together,69930.0,0,0,2013-05-26,21,252,98,827,219,70,196,1,4,5,12,3,0,0,0,0,0,0,0,16,0,43,35-44,0,2,2,0,1466,0,21,16.33972602739726,497,0.1336971350613915,0.0476190476190476,69.80952380952381,89.71998658618378,1.285211267605634,0.0153959650941542,21,1466,3,5,5,8,355,38,Champions
1998,Graduation,Single,37697.0,1,0,2014-02-07,82,34,6,21,11,4,8,1,2,1,3,6,0,0,0,0,0,0,0,16,0,38,35-44,1,1,2,0,76,0,6,7.890410958904109,240,0.1052631578947368,0.1666666666666666,12.666666666666666,9.631944444444445,0.7604166666666667,0.0030661148986214,6,76,1,2,2,2,122,12,Low-priority churn
2408,Graduation,Married,58597.0,1,1,2012-11-20,20,490,0,184,10,28,21,12,7,4,9,7,0,0,0,0,0,0,0,16,0,38,35-44,2,2,4,0,712,0,20,22.48767123287671,684,0.0294943820224719,0.6,35.6,31.66179337231969,0.8893762183235868,0.0064839756381356,20,712,3,4,4,6,344,36,Champions
202,PhD,Widow,82032.0,0,0,2014-04-05,54,332,194,377,149,125,57,0,4,6,7,1,0,0,0,0,0,0,0,22,0,66,65-74,0,1,1,0,1177,0,17,6.016438356164383,183,0.0484282073067119,0.0,69.23529411764706,195.63069216757745,2.825591985428052,0.0286177138922728,17,1177,2,4,5,7,245,27,High value at risk
7998,Graduation,Together,28087.0,1,1,2012-12-11,77,53,8,17,13,0,21,3,2,2,2,7,0,0,0,0,0,0,0,16,0,56,55-64,2,2,4,0,91,0,6,21.7972602739726,663,0.2307692307692307,0.5,15.166666666666666,4.17483660130719,0.27526395173454,0.0017836735577201,6,91,1,2,2,2,122,12,Low-priority churn
830,PhD,Single,74004.0,0,0,2014-02-24,5,784,48,560,42,176,48,1,4,6,4,3,0,0,1,1,0,0,1,22,0,27,25-34,0,1,1,0,1610,2,14,7.331506849315068,223,0.0298136645962732,0.0714285714285714,115.0,219.6001494768311,1.909566517189836,0.0356089102443377,14,1610,3,3,5,6,335,36,High-potential growth
3536,Graduation,Together,19740.0,0,1,2013-03-24,65,7,11,3,10,4,20,2,1,1,3,5,0,0,0,0,0,0,0,16,0,54,45-54,1,2,3,0,35,0,5,18.410958904109588,560,0.5714285714285714,0.4,7.0,1.9010416666666667,0.271577380952381,0.0011556484295845,5,35,2,1,1,0,211,20,Standard base
6050,2n Cycle,Married,57036.0,0,1,2012-12-11,33,1171,43,219,19,14,47,4,6,3,13,9,1,0,0,0,0,0,0,18,0,39,35-44,1,2,3,0,1466,1,22,21.7972602739726,663,0.0320600272851296,0.1818181818181818,66.63636363636364,67.25615887380594,1.00930115635998,0.0141502543391133,22,1466,2,5,5,8,255,28,High value at risk
125,2n Cycle,Together,53083.0,1,1,2013-05-15,65,215,7,33,3,0,13,6,5,1,5,7,0,1,0,0,0,0,0,18,0,56,55-64,2,2,4,0,258,1,11,16.7013698630137,508,0.0503875968992248,0.5454545454545454,23.454545454545453,15.44783464566929,0.6586286089238845,0.0034921540935522,11,258,2,3,3,4,233,24,Standard base
3463,PhD,Married,69283.0,0,1,2014-06-14,41,674,62,134,0,26,8,4,7,3,13,5,0,0,0,0,0,0,0,22,0,39,35-44,1,2,3,0,896,0,23,3.7150684931506848,113,0.0089285714285714,0.1739130434782608,38.95652173913044,241.17994100294987,6.191002949852508,0.0417730076935958,23,896,2,5,4,7,254,27,High value at risk
3745,2n Cycle,Married,23331.0,1,0,2012-09-04,92,5,36,7,0,10,45,2,3,0,3,8,0,0,0,0,0,0,0,18,0,26,25-34,1,2,3,0,58,0,6,24.0,761,0.7758620689655172,0.3333333333333333,9.666666666666666,2.4166666666666665,0.25,0.0012429814410012,6,58,1,2,2,2,122,12,Low-priority churn
9771,2n Cycle,Single,23331.0,1,0,2012-10-05,97,104,20,101,24,15,5,6,5,1,5,9,0,0,0,0,0,0,0,18,0,26,25-34,1,1,2,0,264,0,11,24.0,730,0.0189393939393939,0.5454545454545454,24.0,11.0,0.4583333333333333,0.0056577086280056,11,264,1,3,3,4,133,14,Low-priority churn
451,Graduation,Single,9255.0,1,0,2013-12-20,91,9,0,7,2,0,4,1,1,1,2,8,0,0,0,0,0,0,0,16,0,25,25-34,1,1,2,0,18,0,4,9.501369863013698,289,0.2222222222222222,0.25,4.5,1.8944636678200693,0.4209919261822376,0.0024563548367197,4,18,1,1,1,0,111,10,Low-priority churn
10530,PhD,Widow,67786.0,0,0,2013-12-07,0,431,82,441,80,20,102,1,3,6,6,1,0,0,0,0,0,0,1,22,0,55,55-64,0,1,1,0,1054,0,15,9.92876712328767,302,0.0967741935483871,0.0666666666666666,70.26666666666667,106.15618101545256,1.5107615894039736,0.0187925850793,15,1054,3,3,4,5,334,35,High-potential growth
1079,PhD,Married,71969.0,0,1,2012-10-16,59,1000,0,76,0,0,10,3,3,4,9,8,0,1,0,0,0,0,0,22,0,43,35-44,1,2,3,0,1076,1,16,23.63835616438356,719,0.0092936802973977,0.1875,67.25,45.51923968474734,0.6768660176170608,0.0075898077813637,16,1076,2,4,4,6,244,26,High value at risk
8920,Master,Single,59235.0,1,0,2013-01-12,4,448,40,469,80,0,91,3,11,2,12,7,0,0,0,0,0,0,0,18,0,47,45-54,1,1,2,0,1037,0,25,20.745205479452054,631,0.0877531340405014,0.12,41.48,49.98745377707343,1.2050977284733229,0.0101266049687664,25,1037,3,5,4,7,354,37,Champions
6678,Graduation,Together,31928.0,1,0,2014-03-28,5,33,4,24,4,2,5,2,3,0,4,7,0,0,0,0,0,0,0,16,0,25,25-34,1,2,3,0,67,0,7,6.27945205479452,191,0.0746268656716417,0.2857142857142857,9.571428571428571,10.669720767888307,1.1147469458987784,0.0040101681663323,7,67,3,2,2,2,322,32,Recents
3852,Master,Together,74881.0,1,1,2013-03-08,48,505,72,270,36,27,54,4,9,2,12,5,0,0,0,0,0,0,0,18,0,53,45-54,2,2,4,0,910,0,23,18.936986301369863,576,0.0593406593406593,0.1739130434782608,39.56521739130435,48.0541087962963,1.214554398148148,0.0077008761308683,23,910,2,5,4,7,254,27,High value at risk
528,Graduation,Married,65819.0,0,0,2012-11-29,99,267,38,701,149,165,63,1,5,4,10,3,0,0,0,0,0,0,0,16,0,36,35-44,0,2,2,0,1320,0,19,22.191780821917806,675,0.0477272727272727,0.0526315789473684,69.47368421052632,59.48148148148149,0.856172839506173,0.0108445551858548,19,1320,1,4,5,7,145,17,Critical retention
73,PhD,Single,51411.0,1,2,2013-05-26,81,14,0,3,0,0,1,1,0,0,3,5,0,0,0,0,0,0,0,22,0,61,55-64,3,1,4,0,17,0,3,16.33972602739726,497,0.0588235294117647,0.3333333333333333,5.666666666666667,1.040409121395037,0.1836016096579477,0.0002428451004014,3,17,1,1,1,0,111,10,Low-priority churn
5589,Graduation,Divorced,51983.0,0,1,2012-08-31,95,631,0,115,10,7,30,3,9,2,10,7,0,0,0,0,0,0,0,16,0,50,45-54,1,1,2,0,763,0,21,24.0,765,0.0393184796854521,0.1428571428571428,36.333333333333336,31.791666666666668,0.875,0.0073389377296423,21,763,1,5,4,7,154,17,Critical retention
6365,2n Cycle,Married,30390.0,0,0,2013-09-02,5,10,12,12,25,1,20,1,2,0,3,6,0,0,0,0,0,0,0,18,0,27,25-34,0,2,2,0,60,0,5,13.084931506849314,398,0.3333333333333333,0.2,12.0,4.585427135678392,0.3821189279731993,0.0018106326300803,5,60,3,1,2,1,312,31,Recents
5636,Graduation,Single,30983.0,0,0,2012-11-09,50,51,4,50,12,1,49,1,4,0,3,8,0,0,0,0,0,0,1,16,0,51,45-54,0,1,1,0,118,0,7,22.84931506849315,695,0.4152542372881356,0.1428571428571428,16.857142857142858,5.164268585131894,0.3063549160671462,0.0020001685770126,7,118,2,2,2,2,222,22,Standard base
591,Graduation,Widow,66033.0,0,1,2013-01-20,76,293,35,179,46,59,65,2,8,3,7,7,0,0,0,0,0,0,0,16,0,57,55-64,1,1,2,0,612,0,18,20.48219178082192,623,0.1062091503267973,0.1111111111111111,34.0,29.879614767255216,0.8788121990369181,0.0054299422592803,18,612,1,4,4,6,144,16,Critical retention
2217,2n Cycle,Married,37284.0,1,1,2013-03-29,46,11,1,2,2,1,6,1,0,0,3,6,0,0,0,0,0,0,0,18,0,39,35-44,2,2,4,0,17,0,3,18.246575342465757,555,0.3529411764705882,0.3333333333333333,5.666666666666667,0.9316816816816816,0.1644144144144144,0.0002998653626268,3,17,2,1,1,0,211,20,Standard base
2544,Master,Divorced,57530.0,0,1,2013-10-12,68,50,1,27,6,7,1,1,1,1,4,1,0,0,0,0,0,0,0,18,0,63,55-64,1,1,2,0,91,0,6,11.769863013698629,358,0.0109890109890109,0.1666666666666666,15.166666666666666,7.73161080074488,0.5097765363128492,0.0016127121433849,6,91,1,2,2,2,122,12,Low-priority churn
7725,2n Cycle,Married,76800.0,0,0,2014-03-08,33,173,26,255,35,71,81,1,4,4,7,1,0,0,0,0,0,0,0,18,0,49,45-54,0,2,2,0,560,0,15,6.936986301369863,211,0.1446428571428571,0.0666666666666666,37.333333333333336,80.72669826224329,2.1623222748815167,0.0126135466034755,15,560,2,3,3,4,233,24,Standard base
8091,Graduation,Married,63943.0,0,1,2012-09-02,50,423,184,368,13,97,21,1,6,4,6,5,0,0,0,0,0,0,0,16,0,58,55-64,1,2,3,0,1085,0,16,24.0,763,0.0193548387096774,0.0625,67.8125,45.208333333333336,0.6666666666666666,0.0084841186681888,16,1085,2,4,4,6,244,26,High value at risk
7791,Master,Married,37054.0,1,1,2013-09-15,89,12,1,6,0,1,5,2,1,0,3,7,0,0,0,0,0,0,0,18,0,47,45-54,2,2,4,0,20,0,4,12.657534246575342,385,0.25,0.5,5.0,1.5800865800865802,0.316017316017316,0.0005117136870793,4,20,1,1,1,0,111,10,Low-priority churn
955,Master,Together,47175.0,1,1,2012-10-28,81,167,2,44,6,2,19,7,4,2,4,8,1,0,0,0,0,0,1,18,0,52,45-54,2,2,4,0,221,1,10,23.243835616438357,707,0.085972850678733,0.7,22.1,9.50789721829326,0.4302215935879303,0.0024185430126024,10,221,1,3,3,4,133,14,Low-priority churn
4037,Graduation,Divorced,31859.0,1,0,2013-06-14,77,3,1,3,8,0,5,1,1,0,2,7,0,0,0,0,0,0,0,16,0,38,35-44,1,1,2,0,15,0,3,15.715068493150683,478,0.3333333333333333,0.3333333333333333,5.0,0.9544979079497908,0.1908995815899581,0.0003595208542451,3,15,1,1,1,0,111,10,Low-priority churn
6642,Graduation,Divorced,27215.0,2,1,2013-01-23,50,30,5,22,8,9,28,4,2,1,4,6,0,0,0,0,0,0,0,16,0,53,45-54,3,1,4,0,74,0,7,20.383561643835616,620,0.3783783783783784,0.5714285714285714,10.571428571428571,3.6303763440860215,0.3434139784946237,0.0016007538537215,7,74,2,2,2,2,222,22,Standard base
2793,PhD,Divorced,70179.0,0,1,2013-07-21,10,532,88,168,69,44,133,3,7,3,13,5,0,0,0,0,0,0,0,22,0,38,35-44,1,1,2,0,901,0,23,14.4986301369863,441,0.1476137624861265,0.1304347826086956,39.17391304347826,62.143801965230544,1.5863567649281936,0.010626050863973,23,901,3,5,4,7,354,37,Champions
9530,Graduation,Married,24645.0,1,0,2012-11-01,16,5,3,4,4,1,0,1,1,0,2,8,0,0,0,0,0,0,0,16,0,26,25-34,1,2,3,0,17,0,3,23.112328767123287,703,0.0,0.3333333333333333,5.666666666666667,0.7355381697486961,0.129800853485064,0.0003581439657936,3,17,3,1,1,0,311,30,Recents
4828,Graduation,Divorced,79865.0,0,1,2014-06-18,12,71,99,278,185,121,38,1,5,10,5,1,0,0,0,0,0,0,0,16,0,60,55-64,1,1,2,0,754,0,20,3.5835616438356164,109,0.0503978779840848,0.05,37.7,210.40519877675845,5.581039755351682,0.0316141286586251,20,754,3,4,4,6,344,36,Champions
10699,Graduation,Married,44322.0,1,0,2014-06-16,30,46,0,40,3,0,3,2,3,0,3,8,0,0,0,0,0,0,0,16,0,29,25-34,1,2,3,0,89,0,6,3.6493150684931503,111,0.0337078651685393,0.3333333333333333,14.833333333333334,24.38813813813814,1.6441441441441442,0.0066029885306993,6,89,3,2,2,2,322,32,Recents
1497,Graduation,Single,47958.0,0,1,2013-01-19,8,268,11,88,15,3,22,2,6,3,5,5,0,0,0,0,0,0,0,16,0,62,55-64,1,1,2,0,385,0,14,20.51506849315068,624,0.0571428571428571,0.1428571428571428,27.5,18.76669337606838,0.6824252136752138,0.0046957821534013,14,385,3,3,3,4,333,34,Loyal
7476,Master,Single,63972.0,0,1,2012-12-02,93,928,63,254,0,12,12,4,5,4,10,4,0,1,0,0,0,0,0,18,0,50,45-54,1,1,2,0,1257,1,19,22.093150684931505,672,0.0095465393794749,0.2105263157894736,66.15789473684211,56.89546130952382,0.8599950396825398,0.0106725682441425,19,1257,1,4,5,7,145,17,Critical retention
4390,Graduation,Together,75315.0,0,1,2014-04-15,14,459,15,171,142,23,31,2,5,4,12,2,0,0,0,0,0,0,0,16,0,60,55-64,1,2,3,0,810,0,21,5.6876712328767125,173,0.0382716049382716,0.0952380952380952,38.57142857142857,142.41329479768785,3.692196531791907,0.0226908256996913,21,810,3,5,4,7,354,37,Champions
10478,PhD,Married,55517.0,1,1,2012-09-27,53,483,0,108,0,6,36,5,11,1,6,9,0,0,0,0,0,0,1,22,0,64,55-64,2,2,4,0,597,0,18,24.0,738,0.0603015075376884,0.2777777777777778,33.166666666666664,24.875,0.75,0.0053767314516274,18,597,2,4,4,6,244,26,High value at risk
1081,PhD,Married,75283.0,1,2,2013-03-27,26,733,9,180,12,19,66,11,6,3,5,4,0,0,0,0,0,0,0,22,0,57,55-64,3,2,5,0,953,0,14,18.312328767123287,557,0.0692549842602308,0.7857142857142857,68.07142857142857,52.041442250149615,0.7645122681029324,0.0082953297158959,14,953,3,3,4,5,334,35,High-potential growth
8135,Master,Married,27161.0,1,0,2013-10-28,41,7,4,23,7,0,11,1,1,0,3,7,0,0,0,0,0,0,0,18,0,28,25-34,1,2,3,0,41,0,4,11.243835616438355,342,0.2682926829268293,0.25,10.25,3.646442495126706,0.3557504873294347,0.0016110345694753,4,41,2,1,1,0,211,20,Standard base
4967,PhD,Together,38201.0,0,1,2013-03-29,19,233,0,23,0,0,12,4,5,1,5,8,0,0,0,0,0,0,0,22,0,54,45-54,1,2,3,0,256,0,11,18.246575342465757,555,0.046875,0.3636363636363636,23.272727272727277,14.03003003003003,0.6028528528528528,0.0044072239040957,11,256,3,3,3,4,333,34,Loyal
2130,Graduation,Together,45203.0,2,0,2014-03-23,4,35,3,67,10,8,24,1,3,1,3,6,0,0,0,0,0,0,1,16,0,32,25-34,2,2,4,0,123,0,7,6.443835616438356,196,0.1951219512195122,0.1428571428571428,17.571428571428573,19.08801020408163,1.0863095238095235,0.0050672770048222,7,123,3,2,2,2,322,32,Recents
9298,PhD,Together,81574.0,0,0,2014-04-28,89,1252,0,465,46,35,0,1,4,5,8,1,0,1,1,0,0,0,0,22,0,67,65-74,0,2,2,0,1798,2,17,5.260273972602739,160,0.0,0.0588235294117647,105.76470588235294,341.8072916666667,3.231770833333333,0.0502817993478314,17,1798,1,4,5,7,145,17,Critical retention
6257,Master,Single,60482.0,0,1,2013-01-23,81,255,43,134,37,14,24,1,7,2,7,7,0,0,0,0,0,0,0,18,0,38,35-44,1,1,2,0,483,0,16,20.383561643835616,620,0.0496894409937888,0.0625,30.1875,23.695564516129032,0.7849462365591398,0.0047013454282852,16,483,1,4,3,5,143,15,Low-priority churn
3790,Graduation,Together,34633.0,2,1,2014-01-23,31,8,1,5,0,0,1,1,1,0,2,6,0,0,0,0,0,0,0,16,0,58,55-64,3,2,5,0,14,0,3,8.383561643835616,255,0.0714285714285714,0.3333333333333333,4.666666666666667,1.669934640522876,0.3578431372549019,0.0005786162240139,3,14,3,1,1,0,311,30,Recents
9952,Master,Together,78093.0,0,0,2013-12-11,53,368,32,639,13,43,10,1,4,7,5,1,0,0,0,0,0,0,0,18,0,67,65-74,0,2,2,0,1095,0,16,9.797260273972602,298,0.0091324200913242,0.0625,68.4375,111.76593959731544,1.633109619686801,0.0171742829084269,16,1095,2,4,4,6,244,26,High value at risk
3503,Graduation,Divorced,82460.0,0,0,2013-12-02,78,255,47,573,52,32,15,1,5,3,6,1,0,0,0,0,0,0,0,16,0,64,55-64,0,1,1,0,959,0,14,10.093150684931508,307,0.0156412930135557,0.0714285714285714,68.5,95.01492942453856,1.3870792616720955,0.0138270573986716,14,959,1,3,4,5,134,15,Critical retention
5223,Master,Together,45903.0,0,1,2014-04-23,80,33,8,10,2,10,3,2,2,1,3,4,0,0,0,0,0,0,0,18,0,48,45-54,1,2,3,0,63,0,6,5.424657534246575,165,0.0476190476190476,0.3333333333333333,10.5,11.613636363636363,1.1060606060606062,0.0030360463665476,6,63,1,2,2,2,122,12,Low-priority churn
4764,Master,Together,40442.0,1,1,2012-08-19,52,45,12,52,25,22,13,4,3,1,4,7,0,0,0,0,0,0,1,18,0,62,55-64,2,2,4,0,156,0,8,24.0,777,0.0833333333333333,0.5,19.5,6.5,0.3333333333333333,0.0019286879976262,8,156,2,2,2,2,222,22,Standard base
2471,Graduation,Married,61482.0,0,0,2014-06-27,39,48,58,68,16,66,43,1,3,2,6,2,0,0,0,0,0,0,0,16,0,49,45-54,0,2,2,0,256,0,11,3.287671232876712,100,0.16796875,0.0909090909090909,23.272727272727277,77.86666666666667,3.3458333333333337,0.0151979441137243,11,256,2,3,3,4,233,24,Standard base
5892,Graduation,Married,34968.0,1,0,2013-04-10,11,158,6,45,8,2,2,7,3,2,5,7,0,0,0,0,0,0,0,16,0,34,25-34,1,2,3,0,219,0,10,17.852054794520548,543,0.0091324200913242,0.7,21.9,12.267495395948435,0.560159607120933,0.0042098474248278,10,219,3,3,3,4,333,34,Loyal
2612,Graduation,Married,75794.0,0,0,2013-12-24,33,754,160,625,63,32,48,1,7,5,12,3,0,0,0,1,0,0,0,16,0,27,25-34,0,2,2,0,1634,1,24,9.36986301369863,285,0.02937576499388,0.0416666666666666,68.08333333333333,174.38888888888889,2.56140350877193,0.0276099251479888,24,1634,2,5,5,8,255,28,High value at risk
5185,Graduation,Married,74268.0,0,0,2013-02-14,83,199,66,315,97,174,41,1,4,3,5,2,0,0,0,0,0,0,0,16,0,59,55-64,0,2,2,0,851,0,12,19.660273972602734,598,0.0481786133960047,0.0833333333333333,70.91666666666667,43.285256410256416,0.6103678929765887,0.0069939015043232,12,851,1,3,4,5,134,15,Critical retention
10069,Basic,Together,13724.0,1,0,2012-08-31,43,2,7,5,2,15,27,1,2,0,2,9,1,0,0,0,0,0,0,12,0,26,25-34,1,2,3,0,31,1,4,24.0,765,0.8709677419354839,0.25,7.75,1.2916666666666667,0.1666666666666666,0.0011294083357621,4,31,2,1,1,0,211,20,Standard base
1131,PhD,Single,52569.0,0,1,2014-04-05,54,85,0,3,0,0,7,1,2,0,4,3,0,0,0,0,0,0,0,22,0,47,45-54,1,1,2,0,88,0,6,6.016438356164383,183,0.0795454545454545,0.1666666666666666,14.666666666666666,14.626593806921676,0.9972677595628416,0.0033388332607251,6,88,2,2,2,2,222,22,Standard base
1041,PhD,Single,48432.0,0,1,2012-10-18,3,322,3,50,4,3,42,5,7,1,6,8,0,0,0,0,0,0,1,22,0,41,35-44,1,1,2,0,382,0,14,23.572602739726022,717,0.1099476439790576,0.3571428571428571,27.285714285714285,16.205253370525337,0.5939098093909809,0.0040151767518645,14,382,3,3,3,4,333,34,Loyal
3409,Graduation,Single,36108.0,1,0,2013-10-15,68,141,8,129,3,11,47,3,7,1,4,9,1,0,0,0,0,0,0,16,0,30,25-34,1,1,2,0,292,1,12,11.671232876712327,355,0.160958904109589,0.25,24.33333333333333,25.018779342723008,1.0281690140845072,0.0083146491667407,12,292,1,3,3,4,133,14,Low-priority churn
7022,Graduation,Married,76445.0,1,0,2012-09-28,2,739,107,309,140,80,35,1,2,5,13,6,0,0,0,0,0,0,0,16,0,43,35-44,1,2,3,0,1375,0,20,24.0,737,0.0254545454545454,0.05,68.75,57.29166666666666,0.8333333333333334,0.0089933939433579,20,1375,3,4,5,7,345,37,Champions
7943,PhD,Married,36663.0,1,0,2014-04-25,40,18,0,6,3,3,5,1,1,1,3,2,0,0,0,0,0,0,0,22,0,39,35-44,1,2,3,0,30,0,5,5.358904109589041,163,0.1666666666666666,0.2,6.0,5.598159509202454,0.9330265848670756,0.0018323081611005,5,30,2,1,1,0,211,20,Standard base
5272,Master,Married,53843.0,0,1,2013-06-27,64,378,0,88,19,4,73,4,8,5,3,7,0,0,0,0,0,0,0,18,0,49,45-54,1,2,3,0,489,0,16,15.287671232876711,465,0.1492842535787321,0.25,30.5625,31.986559139784948,1.0465949820788532,0.0071288507266946,16,489,2,4,3,5,243,25,Standard base
5453,Master,Married,90226.0,0,0,2012-09-26,26,1083,108,649,253,151,108,1,4,7,12,2,0,0,0,1,0,0,0,18,0,58,55-64,0,2,2,0,2244,1,23,24.0,739,0.0481283422459893,0.0434782608695652,97.56521739130434,93.5,0.9583333333333334,0.0124354398953738,23,2244,3,5,5,8,355,38,Champions
2565,Master,Divorced,70638.0,0,0,2013-06-01,69,1016,12,215,16,12,63,1,4,5,10,3,0,1,0,0,0,0,0,18,0,59,55-64,0,1,1,0,1271,1,19,16.142465753424656,491,0.049567269866247,0.0526315789473684,66.89473684210526,78.73642226748134,1.1770196877121522,0.0133757618733511,19,1271,1,4,5,7,145,17,Critical retention
800,Graduation,Together,44512.0,1,1,2013-08-30,57,23,1,6,0,0,2,2,1,0,3,4,0,0,0,0,0,0,0,16,0,54,45-54,2,2,4,0,30,0,4,13.183561643835615,401,0.0666666666666666,0.5,7.5,2.2755610972568583,0.3034081463009144,0.0006134690233438,4,30,2,1,1,0,211,20,Standard base
11092,Graduation,Married,27116.0,1,1,2014-03-02,78,12,1,21,2,2,3,2,2,0,3,7,0,0,0,0,0,0,0,16,0,53,45-54,2,2,4,0,38,0,5,7.134246575342465,217,0.0789473684210526,0.4,7.6,5.32642089093702,0.7008448540706606,0.0023571710684188,5,38,1,1,1,0,111,10,Low-priority churn
5062,PhD,Married,54072.0,1,1,2013-07-27,71,35,0,4,0,0,0,1,2,0,2,8,0,0,0,0,0,0,0,22,0,51,45-54,2,2,4,0,39,0,4,14.3013698630137,435,0.0,0.25,9.75,2.7270114942528734,0.2796934865900383,0.000605195626776,4,39,1,1,1,0,111,10,Low-priority churn
8969,Graduation,Married,71855.0,0,1,2013-01-16,59,548,31,422,0,112,28,4,5,5,11,3,0,0,0,0,0,0,0,16,0,37,35-44,1,2,3,0,1113,0,21,20.613698630136984,627,0.0251572327044025,0.1904761904761904,53.0,53.99322169059012,1.0187400318979267,0.0090170295774418,21,1113,2,5,5,8,255,28,High value at risk
4656,2n Cycle,Single,51250.0,1,0,2013-03-30,28,342,32,230,34,32,40,5,10,5,4,9,1,0,0,0,0,0,0,18,0,24,18-24,1,1,2,0,670,1,19,18.213698630136985,554,0.0597014925373134,0.2631578947368421,35.26315789473684,36.78549939831529,1.0431708784596871,0.0086131901030201,19,670,3,4,4,6,344,36,Champions
4480,Master,Married,60432.0,0,1,2014-03-09,61,365,3,15,4,3,11,5,7,2,5,6,0,0,0,0,0,0,0,18,0,41,35-44,1,2,3,0,390,0,14,6.904109589041096,210,0.0282051282051282,0.3571428571428571,27.857142857142858,56.48809523809524,2.0277777777777777,0.0112168576723779,14,390,2,3,3,4,233,24,Standard base
1773,2n Cycle,Married,12393.0,0,0,2012-12-04,38,5,6,15,11,7,13,1,2,0,3,9,0,0,0,0,0,0,0,18,0,36,35-44,0,2,2,0,44,0,5,22.02739726027397,670,0.2954545454545454,0.2,8.8,1.9975124378109452,0.2269900497512438,0.0019341684219907,5,44,2,1,2,1,212,21,Standard base
9242,Graduation,Single,64509.0,0,0,2013-08-17,19,836,185,575,24,25,77,1,6,3,9,4,1,0,0,0,0,0,1,16,0,24,18-24,0,1,1,0,1645,1,18,13.610958904109587,414,0.0468085106382978,0.0555555555555555,91.38888888888889,120.85849436392914,1.322463768115942,0.0224821642308383,18,1645,3,4,5,7,345,37,Champions
1764,Graduation,Single,33955.0,1,0,2013-08-09,92,100,2,128,23,7,10,4,5,1,5,8,0,0,0,0,0,0,0,16,0,39,35-44,1,1,2,0,260,0,11,13.873972602739723,422,0.0384615384615384,0.3636363636363636,23.63636363636364,18.74012638230648,0.7928515007898895,0.0066229278924363,11,260,1,3,3,4,133,14,Low-priority churn
10099,Graduation,Married,55434.0,1,0,2013-10-05,21,238,115,215,169,69,76,3,5,3,13,4,0,0,0,0,0,0,0,16,0,30,25-34,1,2,3,0,806,0,21,12.0,365,0.0942928039702233,0.1428571428571428,38.38095238095238,67.16666666666667,1.75,0.014539813111087,21,806,3,5,4,7,354,37,Champions
5423,Graduation,Together,28359.0,1,0,2013-10-27,35,6,0,5,2,1,2,1,1,0,2,7,0,0,0,0,0,0,0,16,0,31,25-34,1,2,3,0,14,0,3,11.276712328767124,343,0.1428571428571428,0.3333333333333333,4.666666666666667,1.2414965986394555,0.2660349854227405,0.0005253344329374,3,14,2,1,1,0,211,20,Standard base
940,Graduation,Single,57100.0,1,0,2014-05-18,9,158,11,99,15,11,17,2,3,2,7,3,0,0,0,0,0,0,0,16,0,27,25-34,1,1,2,0,294,0,12,4.602739726027397,140,0.0578231292517006,0.1666666666666666,24.5,63.875,2.607142857142857,0.0134238178633975,12,294,3,3,3,4,333,34,Loyal
3298,Master,Married,52973.0,0,1,2012-11-08,92,856,0,76,12,9,199,7,9,6,9,8,0,0,0,0,0,0,0,18,0,58,55-64,1,2,3,0,953,0,24,22.88219178082192,696,0.2088142707240294,0.2916666666666667,39.708333333333336,41.648108237547895,1.0488505747126438,0.009434566644339,24,953,1,5,4,7,154,17,Critical retention
8286,PhD,Together,51717.0,0,1,2013-08-20,55,98,1,17,0,1,5,1,3,0,4,7,0,1,0,0,0,0,0,22,0,49,45-54,1,2,3,0,117,1,7,13.512328767123288,411,0.0427350427350427,0.1428571428571428,16.714285714285715,8.658759124087592,0.5180454176804542,0.0020091093738819,7,117,2,2,2,2,222,22,Standard base
9668,Graduation,Married,18793.0,1,0,2013-01-12,14,4,16,20,0,17,20,3,2,0,4,8,0,0,0,0,0,0,0,16,0,43,35-44,1,2,3,0,57,0,6,20.745205479452054,631,0.3508771929824561,0.5,9.5,2.747622820919176,0.2892234548335974,0.0017544550551285,6,57,3,2,2,2,322,32,Recents
6097,Graduation,Single,50664.0,1,1,2013-01-16,64,313,8,104,6,4,126,9,8,1,6,9,0,0,0,0,0,0,0,16,0,55,55-64,2,1,3,0,435,0,15,20.613698630136984,627,0.2896551724137931,0.6,29.0,21.1024720893142,0.727671451355662,0.0049982169799417,15,435,2,3,3,4,233,24,Standard base
7019,Graduation,Together,54414.0,1,1,2013-01-23,49,109,18,16,24,26,18,4,3,1,5,4,0,0,0,0,0,0,0,16,0,51,45-54,2,2,4,0,193,0,9,20.383561643835616,620,0.0932642487046632,0.4444444444444444,21.444444444444443,9.468413978494624,0.4415322580645161,0.0020880833561571,9,193,2,2,3,3,223,23,Standard base
7408,PhD,Married,54549.0,0,1,2014-03-03,8,216,2,6,0,0,9,2,5,1,4,7,0,0,0,0,0,0,0,22,0,62,55-64,1,2,3,0,224,0,10,7.101369863013699,216,0.0401785714285714,0.2,22.4,31.54320987654321,1.408179012345679,0.0069390551342557,10,224,3,3,3,4,333,34,Loyal
8041,PhD,Widow,47111.0,0,1,2012-09-08,35,595,71,153,120,112,41,6,3,2,10,9,0,0,0,0,0,0,0,22,0,43,35-44,1,1,2,0,1051,0,15,24.0,757,0.0390104662226451,0.4,70.06666666666666,43.79166666666666,0.625,0.011154507439876,15,1051,2,3,4,5,234,25,High value at risk
252,PhD,Divorced,41003.0,0,0,2013-03-17,11,123,133,142,71,44,88,1,6,2,8,6,0,0,0,0,0,0,0,22,0,51,45-54,0,1,1,0,513,0,16,18.64109589041096,567,0.1715399610136452,0.0625,32.0625,27.51984126984127,0.8583186360964139,0.0080539983717799,16,513,3,4,3,5,343,35,High-potential growth
9986,Graduation,Together,19444.0,1,0,2014-02-22,8,16,0,23,3,2,10,3,4,1,2,7,0,0,0,0,0,0,1,16,0,32,25-34,1,2,3,0,44,0,7,7.397260273972602,225,0.2272727272727272,0.4285714285714285,6.285714285714286,5.948148148148149,0.9462962962962964,0.0036709410500811,7,44,3,2,2,2,322,32,Recents
3276,2n Cycle,Together,36301.0,1,0,2013-10-25,53,11,12,35,3,5,12,1,3,0,3,7,0,0,0,0,0,0,0,18,0,38,35-44,1,2,3,0,66,0,6,11.342465753424657,345,0.1818181818181818,0.1666666666666666,11.0,5.8188405797101455,0.5289855072463768,0.0019235306728883,6,66,2,2,2,2,222,22,Standard base
3570,PhD,Together,42731.0,1,0,2013-10-21,64,159,2,51,6,2,24,3,4,1,5,5,0,0,0,0,0,0,0,22,0,45,45-54,1,2,3,0,220,0,10,11.473972602739726,349,0.109090909090909,0.3,22.0,19.1738299904489,0.8715377268385864,0.0053845208369892,10,220,2,3,3,4,233,24,Standard base
3783,PhD,Married,52854.0,1,1,2014-03-24,43,105,0,10,0,1,0,2,2,1,4,5,0,0,0,0,0,0,0,22,0,55,55-64,2,2,4,0,116,0,7,6.410958904109589,195,0.0,0.2857142857142857,16.571428571428573,18.094017094017094,1.091880341880342,0.00410807517176,7,116,2,2,2,2,222,22,Standard base
10207,Graduation,Together,22775.0,1,0,2013-06-19,40,5,1,8,0,0,1,1,1,0,2,8,0,0,0,0,0,0,0,16,0,36,35-44,1,2,3,0,14,0,3,15.550684931506847,473,0.0714285714285714,0.3333333333333333,4.666666666666667,0.9002818886539817,0.1929175475687103,0.0004743526965465,3,14,2,1,1,0,211,20,Standard base
3427,PhD,Married,59821.0,0,1,2013-04-12,11,629,0,70,0,0,35,6,11,2,7,8,0,0,0,0,0,0,0,22,0,59,55-64,1,2,3,0,699,0,20,17.78630136986301,541,0.050071530758226,0.3,34.95,39.29990757855823,1.1244608749229823,0.0078835006259122,20,699,3,4,4,6,344,36,Champions
5209,Graduation,Divorced,50002.0,0,1,2013-06-17,21,443,5,71,21,16,82,2,8,2,7,7,0,0,0,0,0,0,0,16,0,60,55-64,1,1,2,0,556,0,17,15.616438356164384,475,0.1474820143884892,0.1176470588235294,32.705882352941174,35.603508771929825,1.08859649122807,0.0085445003252501,17,556,3,4,3,5,343,35,High-potential growth
10711,Graduation,Married,69755.0,0,0,2013-10-02,23,217,77,373,111,23,93,1,3,6,12,1,0,0,0,0,0,0,0,16,0,69,65-74,0,2,2,0,801,0,21,12.0986301369863,368,0.1161048689138576,0.0476190476190476,38.142857142857146,66.20584239130434,1.7357336956521738,0.0113894360073923,21,801,3,5,4,7,354,37,Champions
10785,Graduation,Married,44078.0,1,1,2014-06-19,17,24,1,10,2,0,4,2,2,0,3,5,0,0,0,0,0,0,0,16,0,45,45-54,2,2,4,0,37,0,5,3.5506849315068494,108,0.1081081081081081,0.4,7.4,10.420524691358024,1.408179012345679,0.0028369321724283,5,37,3,1,1,0,311,30,Recents
2814,Master,Together,30560.0,1,0,2013-06-27,6,9,1,5,4,5,7,1,1,0,3,7,0,0,0,0,0,0,0,18,0,38,35-44,1,2,3,0,24,0,4,15.287671232876711,465,0.2916666666666667,0.25,6.0,1.5698924731182795,0.2616487455197133,0.0006164499239993,4,24,3,1,1,0,311,30,Recents
6866,Master,Together,35924.0,1,1,2014-03-23,56,8,0,14,2,3,7,1,1,0,3,5,0,0,0,0,0,0,0,18,0,45,45-54,2,2,4,0,27,0,4,6.443835616438356,196,0.2592592592592592,0.25,6.75,4.190051020408164,0.6207482993197279,0.001399638465786,4,27,2,1,1,0,211,20,Standard base
1665,PhD,Divorced,64140.0,0,2,2013-09-23,71,1459,0,61,0,15,215,5,2,5,6,5,1,0,1,0,1,0,1,22,0,50,45-54,2,1,3,0,1535,3,13,12.394520547945206,377,0.1400651465798045,0.3846153846153846,118.07692307692308,123.8450486295314,1.0488505747126438,0.0231702616706326,13,1535,1,3,5,6,135,16,Critical retention
6575,Graduation,Together,56386.0,1,1,2012-10-27,51,230,48,214,13,32,75,8,9,1,7,9,0,0,0,0,0,0,0,16,0,33,25-34,2,2,4,0,537,0,17,23.27671232876712,708,0.1396648044692737,0.4705882352941176,31.58823529411765,23.070268361581924,0.730343691148776,0.004909786477831,17,537,2,4,3,5,243,25,Standard base
3091,2n Cycle,Together,75774.0,1,0,2014-05-02,27,340,21,134,258,14,56,1,7,5,8,4,0,0,0,0,0,0,0,18,0,33,25-34,1,2,3,0,767,0,20,5.128767123287671,156,0.0730117340286831,0.05,38.35,149.54861111111114,3.89957264957265,0.0236833654463712,20,767,3,4,4,6,344,36,Champions
10141,Master,Divorced,39228.0,0,0,2013-05-10,1,7,1,6,0,3,3,1,0,0,3,4,0,0,0,0,0,0,0,18,0,54,45-54,0,1,1,0,17,0,3,16.865753424657534,513,0.1764705882352941,0.3333333333333333,5.666666666666667,1.007959714100065,0.1778752436647173,0.0003083388541144,3,17,3,1,1,0,311,30,Recents
5177,Master,Married,58494.0,0,1,2013-12-12,56,298,7,68,4,0,19,2,6,2,6,6,0,0,0,0,0,0,0,18,0,40,35-44,1,2,3,0,377,0,14,9.764383561643836,297,0.0503978779840848,0.1428571428571428,26.928571428571427,38.60970819304153,1.4337822671156004,0.0079207525270369,14,377,2,3,3,4,233,24,Standard base
7005,Graduation,Single,58684.0,0,0,2014-06-16,71,479,35,179,28,7,85,1,5,3,12,2,0,1,0,0,0,0,0,16,0,33,25-34,0,1,1,0,728,1,20,3.6493150684931503,111,0.1167582417582417,0.05,36.4,199.4894894894895,5.480480480480481,0.0407926159408675,20,728,1,4,4,6,144,16,Critical retention
6409,Graduation,Divorced,57136.0,0,0,2013-05-18,18,267,140,599,34,12,127,1,7,5,7,6,0,0,0,0,0,0,1,16,0,47,45-54,0,1,1,0,1052,0,19,16.602739726027398,505,0.120722433460076,0.0526315789473684,55.36842105263158,63.36303630363036,1.1443894389438944,0.01330783456391,19,1052,3,4,4,6,344,36,Champions
7485,PhD,Widow,56551.0,1,1,2014-05-07,48,67,4,32,17,2,16,3,2,1,4,4,0,0,0,0,0,0,0,22,0,64,55-64,2,1,3,0,122,0,7,4.964383561643835,151,0.1311475409836065,0.4285714285714285,17.428571428571427,24.57505518763797,1.410044150110375,0.0052147736070388,7,122,2,2,2,2,222,22,Standard base
8079,Graduation,Married,22448.0,1,0,2014-02-26,86,3,1,8,23,2,18,3,2,1,3,3,0,0,0,0,0,0,0,16,0,32,25-34,1,2,3,0,37,0,6,7.265753424657534,221,0.4864864864864865,0.5,6.166666666666667,5.092383107088989,0.82579185520362,0.0027222290308743,6,37,1,2,1,1,121,11,Low-priority churn
8395,Graduation,Single,82014.0,0,0,2012-08-20,48,980,37,265,35,163,31,1,3,6,12,6,0,0,0,0,0,0,1,16,0,53,45-54,0,1,1,0,1480,0,21,24.0,776,0.0209459459459459,0.0476190476190476,70.47619047619048,61.66666666666666,0.875,0.0090228497573585,21,1480,2,5,5,8,255,28,High value at risk
10352,Graduation,Widow,34213.0,1,1,2012-09-07,2,50,4,28,6,3,26,3,3,1,2,9,0,0,0,0,0,0,1,16,0,51,45-54,2,1,3,0,91,0,6,24.0,758,0.2857142857142857,0.5,15.166666666666666,3.7916666666666665,0.25,0.0013299038377225,6,91,3,2,2,2,322,32,Recents
4931,Graduation,Together,157146.0,0,0,2013-04-29,13,1,0,1725,2,1,1,0,0,28,0,1,0,0,0,0,0,0,0,16,0,37,35-44,0,2,2,0,1729,0,28,17.22739726027397,524,0.0005783689994216,0.0,61.75,100.36339058524176,1.6253180661577609,0.0076639601836693,28,1729,3,5,5,8,355,38,Champions
13,PhD,Widow,25358.0,0,1,2013-07-22,57,19,0,5,0,0,8,2,1,0,3,6,0,0,0,0,0,0,0,22,0,67,65-74,1,1,2,0,24,0,4,14.465753424657532,440,0.3333333333333333,0.5,6.0,1.6590909090909092,0.2765151515151515,0.0007851207078275,4,24,2,1,1,0,211,20,Standard base
1834,Master,Single,35544.0,1,0,2014-03-08,77,30,5,23,4,1,4,1,2,0,3,7,0,0,0,0,0,0,0,18,0,36,35-44,1,1,2,0,63,0,5,6.936986301369863,211,0.0634920634920634,0.2,12.6,9.08175355450237,0.7207740916271722,0.0030660883033431,5,63,1,1,2,1,112,11,Low-priority churn
2285,Master,Together,36634.0,0,1,2013-05-28,0,213,9,76,4,3,30,3,5,2,5,7,0,0,0,0,0,0,0,18,0,60,55-64,1,2,3,0,305,0,12,16.273972602739725,495,0.0983606557377049,0.25,25.416666666666668,18.74158249158249,0.7373737373737375,0.0061390781759837,12,305,3,3,3,4,333,34,Loyal
2295,PhD,Married,62670.0,0,1,2014-02-02,57,539,30,92,80,46,38,1,5,3,13,3,0,0,0,0,0,0,0,22,0,60,55-64,1,2,3,0,787,0,21,8.054794520547945,245,0.048284625158831,0.0476190476190476,37.47619047619048,97.70578231292517,2.607142857142857,0.018708622750201,21,787,2,5,4,7,254,27,High value at risk
1378,2n Cycle,Together,50334.0,0,1,2013-07-24,24,284,16,160,84,16,134,6,7,4,6,6,0,0,0,0,0,0,0,18,0,42,35-44,1,2,3,0,560,0,17,14.4,438,0.2392857142857143,0.3529411764705882,32.94117647058823,38.88888888888889,1.1805555555555556,0.0092714003788029,17,560,3,4,3,5,343,35,High-potential growth
2781,Graduation,Single,72066.0,0,0,2014-06-23,55,1003,34,536,134,51,34,1,4,6,6,2,0,0,1,1,0,0,1,16,0,33,25-34,0,1,1,0,1758,2,16,3.4191780821917805,104,0.0193401592718998,0.0625,109.875,514.1586538461539,4.67948717948718,0.0856146288978692,16,1758,2,4,5,7,245,27,High value at risk
1165,PhD,Single,50729.0,1,1,2013-05-02,62,239,13,143,45,4,52,9,6,2,7,6,0,0,0,0,0,0,0,22,0,56,55-64,2,1,3,0,444,0,15,17.12876712328767,521,0.1171171171171171,0.6,29.6,25.92130518234165,0.8757197696737045,0.0061317128701157,15,444,2,3,3,4,233,24,Standard base
1404,Graduation,Together,34916.0,2,0,2013-05-15,89,51,23,82,33,0,42,4,5,1,3,9,0,0,0,0,0,0,0,16,0,46,45-54,2,2,4,0,189,0,9,16.7013698630137,508,0.2222222222222222,0.4444444444444444,21.0,11.316437007874017,0.5388779527559054,0.0038892554729776,9,189,1,2,3,3,123,13,Low-priority churn
6457,Graduation,Divorced,64892.0,0,1,2014-05-29,77,527,24,230,32,24,65,2,6,4,12,4,0,0,0,0,0,0,0,16,0,38,35-44,1,1,2,0,837,0,22,4.241095890410959,129,0.077658303464755,0.0909090909090909,38.04545454545455,197.3546511627907,5.18733850129199,0.0364953432465248,22,837,1,5,4,7,154,17,Critical retention
2639,Graduation,Single,43602.0,1,1,2014-01-10,45,19,5,12,10,3,19,3,3,1,2,6,0,0,0,0,0,0,0,16,0,48,45-54,2,1,3,0,49,0,6,8.810958904109588,268,0.3877551020408163,0.5,8.166666666666666,5.561256218905473,0.6809701492537314,0.0015305507689295,6,49,2,2,2,2,222,22,Standard base
6437,2n Cycle,Single,41473.0,1,0,2013-06-19,80,21,8,20,15,3,9,1,2,0,3,7,0,0,0,0,0,0,0,18,0,29,25-34,1,1,2,0,67,0,5,15.550684931506847,473,0.1343283582089552,0.2,13.4,4.308491895701198,0.3215292459478506,0.0012466400489092,5,67,1,1,2,1,112,11,Low-priority churn
6912,PhD,Married,63246.0,0,2,2013-08-20,60,593,30,91,29,22,7,1,6,3,12,4,0,0,0,0,0,0,0,22,0,47,45-54,2,2,4,0,765,0,21,13.512328767123288,411,0.0091503267973856,0.0476190476190476,36.42857142857143,56.61496350364963,1.5541362530413625,0.0107418581735413,21,765,2,5,4,7,254,27,High value at risk
7327,PhD,Married,36732.0,1,1,2013-12-29,71,21,5,3,10,1,7,3,1,1,4,2,0,0,0,0,0,0,0,22,0,55,55-64,2,2,4,0,40,0,6,9.205479452054794,280,0.175,0.5,6.666666666666667,4.345238095238096,0.6517857142857143,0.001419548544671,6,40,1,2,1,1,121,11,Low-priority churn
8143,PhD,Single,37929.0,0,0,2013-07-30,49,202,2,46,3,2,10,2,4,2,5,7,0,1,0,1,0,0,1,22,0,29,25-34,0,1,1,0,255,2,11,14.202739726027398,432,0.0392156862745098,0.1818181818181818,23.181818181818183,17.95428240740741,0.7744984567901234,0.0056803867459961,11,255,2,3,3,4,233,24,Standard base
1964,Graduation,Together,86610.0,0,0,2013-09-05,66,446,107,768,33,196,53,1,5,6,6,2,0,0,0,0,0,0,0,16,0,63,55-64,0,2,2,0,1550,0,17,12.986301369863012,395,0.0341935483870967,0.0588235294117647,91.17647058823528,119.3565400843882,1.309071729957806,0.0165371028866488,17,1550,2,4,5,7,245,27,High value at risk
3690,Master,Married,80141.0,0,0,2013-01-11,20,1184,102,673,52,40,40,1,7,4,10,6,0,0,1,0,0,0,1,18,0,28,25-34,0,2,2,0,2051,1,21,20.778082191780825,632,0.0195026816187225,0.0476190476190476,97.66666666666669,98.70978375527426,1.0106803797468356,0.0147804170781908,21,2051,3,5,5,8,355,38,Champions
3389,Graduation,Married,69016.0,0,1,2012-11-22,61,726,53,363,123,107,161,4,8,9,13,5,0,0,0,0,0,0,0,16,0,44,35-44,1,2,3,0,1372,0,30,22.421917808219177,682,0.1173469387755102,0.1333333333333333,45.73333333333333,61.190127077223856,1.337976539589443,0.0106392941481205,30,1372,2,5,5,8,255,28,High value at risk
4712,2n Cycle,Together,20193.0,0,0,2012-11-28,18,8,8,22,24,11,9,1,1,1,4,4,0,0,0,0,0,0,0,18,0,23,18-24,0,2,2,0,73,0,6,22.22465753424657,676,0.1232876712328767,0.1666666666666666,12.166666666666666,3.284640039447732,0.2699704142011834,0.0019519477280925,6,73,3,2,2,2,322,32,Recents
1170,Graduation,Married,27573.0,1,0,2013-03-25,45,50,15,110,39,15,15,4,5,1,4,8,0,0,0,0,0,0,0,16,0,39,35-44,1,2,3,0,229,0,10,18.37808219178082,559,0.0655021834061135,0.4,22.9,12.460494931425163,0.5441264162194396,0.0054229115140573,10,229,2,3,3,4,233,24,Standard base
6347,Basic,Single,15862.0,1,0,2013-06-27,26,1,1,4,11,9,10,1,1,0,3,8,0,0,0,0,0,0,0,12,0,35,35-44,1,1,2,0,26,0,4,15.287671232876711,465,0.3846153846153846,0.25,6.5,1.7007168458781363,0.2616487455197133,0.0012866348600767,4,26,3,1,1,0,311,30,Recents
4065,PhD,Married,49544.0,1,0,2013-02-12,0,308,0,73,0,0,23,2,5,1,8,7,0,0,0,0,0,0,0,22,0,38,35-44,1,2,3,0,381,0,14,19.726027397260275,600,0.0603674540682414,0.1428571428571428,27.214285714285715,19.31458333333333,0.7097222222222221,0.0046781648635556,14,381,3,3,3,4,333,34,Loyal
8230,Graduation,Married,33228.0,1,0,2014-01-23,28,22,2,31,7,4,5,1,2,0,3,7,0,0,0,0,0,0,0,16,0,34,25-34,1,2,3,0,66,0,5,8.383561643835616,255,0.0757575757575757,0.2,13.2,7.872549019607844,0.5964052287581699,0.0028431018489013,5,66,3,1,2,1,312,31,Recents
1215,Graduation,Together,70440.0,0,0,2013-10-08,49,690,117,499,76,102,88,1,5,10,7,3,0,0,0,1,0,0,0,16,0,36,35-44,0,2,2,0,1484,1,22,11.9013698630137,362,0.059299191374663,0.0454545454545454,67.45454545454545,124.69152854511972,1.848526703499079,0.0212421684063236,22,1484,2,5,5,8,255,28,High value at risk
5939,Graduation,Together,38232.0,1,1,2014-01-17,84,43,5,28,7,6,33,4,3,1,3,5,0,0,0,0,0,0,0,16,0,43,35-44,2,2,4,0,89,0,7,8.580821917808219,261,0.3707865168539326,0.5714285714285714,12.714285714285714,10.371966794380588,0.815772669220945,0.0032554823585626,7,89,1,2,2,2,122,12,Low-priority churn
2156,PhD,Married,22554.0,1,1,2012-11-03,38,27,0,10,0,0,4,4,2,0,4,5,0,0,0,0,0,0,0,22,0,59,55-64,2,2,4,0,37,0,6,23.046575342465754,701,0.1081081081081081,0.6666666666666666,6.166666666666667,1.6054446029481693,0.2603423680456491,0.0008541870725981,6,37,2,2,1,1,221,21,Standard base
7788,PhD,Married,23536.0,1,0,2014-06-04,53,6,0,3,0,0,1,1,0,0,3,3,0,0,0,0,0,0,0,22,0,31,25-34,1,2,3,0,9,0,3,4.043835616438356,123,0.1111111111111111,0.3333333333333333,3.0,2.225609756097561,0.7418699186991871,0.0011347432475004,3,9,2,1,1,0,211,20,Standard base
10323,Graduation,Married,49413.0,0,1,2013-10-25,88,205,7,41,3,2,46,2,4,2,5,5,0,0,0,0,0,0,0,16,0,62,55-64,1,2,3,0,258,0,11,11.342465753424657,345,0.1782945736434108,0.1818181818181818,23.454545454545453,22.746376811594203,0.9698067632850242,0.0055239819832661,11,258,1,3,3,4,133,14,Low-priority churn
7947,Graduation,Married,42231.0,1,1,2014-03-25,99,24,0,8,0,1,4,1,1,0,3,5,0,0,0,0,0,0,0,16,0,45,45-54,2,2,4,0,33,0,4,6.3780821917808215,194,0.1212121212121212,0.25,8.25,5.173969072164949,0.627147766323024,0.0014701908282062,4,33,1,1,1,0,111,10,Low-priority churn
1891,Master,Divorced,78789.0,0,0,2012-08-08,12,667,50,850,21,83,83,1,4,6,5,2,0,0,0,0,0,0,1,18,0,34,25-34,0,1,1,0,1671,0,15,24.0,788,0.049670855774985,0.0666666666666666,111.4,69.625,0.625,0.0106042721699729,15,1671,3,3,5,6,335,36,High-potential growth
2570,Graduation,Together,56534.0,0,1,2013-07-23,35,691,7,61,10,0,46,4,10,4,7,8,0,1,0,0,1,0,1,16,0,46,45-54,1,2,3,0,769,2,21,14.432876712328769,439,0.059817945383615,0.1904761904761904,36.61904761904762,53.28113135914958,1.45501138952164,0.0113095407420277,21,769,2,5,4,7,254,27,High value at risk
9256,Graduation,Single,58350.0,0,1,2013-01-04,5,493,26,206,116,80,80,4,8,3,12,6,0,0,0,0,0,0,0,16,0,43,35-44,1,1,2,0,921,0,23,21.00821917808219,639,0.0868621064060803,0.1739130434782608,40.04347826086956,43.83998435054774,1.094809598330725,0.0090159350849455,23,921,3,5,4,7,354,37,Champions
7397,Graduation,Single,49090.0,0,1,2013-07-19,45,494,5,82,7,0,100,3,7,2,9,7,0,0,0,0,0,0,0,16,0,63,55-64,1,1,2,0,588,0,18,14.564383561643837,443,0.1700680272108843,0.1666666666666666,32.666666666666664,40.372460496614,1.2358916478555306,0.0098690064363285,18,588,2,4,4,6,244,26,High value at risk
6349,Master,Divorced,61787.0,0,0,2013-07-06,71,621,73,414,78,48,85,1,8,4,6,5,0,0,0,0,0,0,0,18,0,27,25-34,0,1,1,0,1234,0,18,14.991780821917809,456,0.0688816855753646,0.0555555555555555,68.55555555555556,82.31176900584796,1.2006578947368425,0.0159862305674361,18,1234,1,4,5,7,145,17,Critical retention
10790,PhD,Married,18169.0,1,0,2013-02-19,40,9,0,5,0,0,7,1,1,0,2,8,0,0,0,0,0,0,0,22,0,29,25-34,1,2,3,0,14,0,3,19.495890410958904,593,0.5,0.3333333333333333,4.666666666666667,0.7181000562113548,0.1538785834738617,0.0004742804047848,3,14,2,1,1,0,211,20,Standard base
10398,2n Cycle,Single,24336.0,1,0,2012-08-27,82,1,6,2,8,2,12,1,1,0,2,7,0,0,0,0,0,0,0,18,0,33,25-34,1,1,2,0,19,0,3,24.0,769,0.631578947368421,0.3333333333333333,6.333333333333333,0.7916666666666666,0.125,0.0003903681788297,3,19,1,1,1,0,111,10,Low-priority churn
2431,Graduation,Married,18222.0,0,0,2012-12-31,70,12,4,19,12,6,14,1,2,0,3,8,0,0,0,0,0,0,0,16,0,24,18-24,0,2,2,0,53,0,5,21.13972602739726,643,0.2641509433962264,0.2,10.6,2.507128045619492,0.2365215137376879,0.0016510556770625,5,53,1,1,2,1,112,11,Low-priority churn
550,Graduation,Divorced,62335.0,0,1,2013-05-23,87,243,131,217,85,6,26,2,3,3,13,2,0,0,0,0,0,0,0,16,0,62,55-64,1,1,2,0,682,0,19,16.43835616438356,500,0.0381231671554252,0.1052631578947368,35.89473684210526,41.48833333333334,1.1558333333333335,0.0079868452715168,19,682,1,4,4,6,144,16,Critical retention
1890,2n Cycle,Together,42033.0,1,1,2012-09-19,95,11,1,4,2,0,7,1,1,0,2,7,0,0,0,0,0,0,0,18,0,43,35-44,2,2,4,0,18,0,3,24.0,746,0.3888888888888889,0.3333333333333333,6.0,0.75,0.125,0.0002141174791235,3,18,1,1,1,0,111,10,Low-priority churn
10742,PhD,Married,86580.0,0,0,2013-02-27,72,532,21,127,26,20,20,0,4,2,5,1,0,0,1,0,0,0,0,22,0,31,25-34,0,2,2,0,726,1,11,19.232876712328768,585,0.0275482093663911,0.0,66.0,37.74786324786324,0.5719373219373219,0.0052318590780129,11,726,1,3,4,5,134,15,Critical retention
10356,PhD,Divorced,41437.0,1,1,2012-09-22,5,29,0,2,0,0,1,1,1,0,3,7,0,0,0,0,0,0,0,22,0,57,55-64,2,1,3,0,31,0,4,24.0,743,0.032258064516129,0.25,7.75,1.2916666666666667,0.1666666666666666,0.0003740618288003,4,31,3,1,1,0,311,30,Recents
4676,Master,Widow,73705.0,0,2,2014-03-05,86,612,91,520,258,107,107,2,9,6,8,5,0,0,0,0,0,0,0,18,0,63,55-64,2,1,3,0,1588,0,23,7.035616438356164,214,0.0673803526448362,0.0869565217391304,69.04347826086956,225.70872274143304,3.2690809968847354,0.0367479095434122,23,1588,1,5,5,8,155,18,Critical retention
8852,Graduation,Married,61064.0,0,1,2012-08-31,80,387,126,342,0,45,180,5,8,4,11,6,0,0,0,0,0,0,0,16,0,38,35-44,1,2,3,0,900,0,23,24.0,765,0.2,0.217391304347826,39.130434782608695,37.5,0.9583333333333334,0.0073693174374426,23,900,1,5,4,7,154,17,Critical retention
5294,Graduation,Single,18358.0,1,0,2013-11-20,49,6,8,19,16,4,4,3,3,0,4,7,0,0,0,0,0,0,0,16,0,25,25-34,1,1,2,0,53,0,7,10.487671232876712,319,0.0754716981132075,0.4285714285714285,7.571428571428571,5.05355276907001,0.6674503657262278,0.0033033355065279,7,53,2,2,2,2,222,22,Standard base
1958,PhD,Together,55012.0,0,1,2014-03-21,85,582,0,65,0,0,13,6,8,2,9,5,0,0,0,0,0,0,0,22,0,41,35-44,1,2,3,0,647,0,19,6.50958904109589,198,0.0200927357032457,0.3157894736842105,34.05263157894737,99.39183501683502,2.918771043771044,0.0216807609285614,19,647,1,4,4,6,144,16,Critical retention
7349,Basic,Together,9722.0,1,0,2012-10-02,7,6,17,16,6,16,42,4,3,1,3,8,0,0,0,0,0,0,1,12,0,41,35-44,1,2,3,0,61,0,7,24.0,733,0.6885245901639344,0.5714285714285714,8.714285714285714,2.5416666666666665,0.2916666666666667,0.0031372145649043,7,61,3,2,2,2,322,32,Recents
8799,PhD,Married,38175.0,1,0,2013-09-23,6,70,6,69,2,3,3,3,3,1,4,7,0,0,0,0,0,0,0,22,0,30,25-34,1,2,3,0,150,0,8,12.394520547945206,377,0.02,0.375,18.75,12.10212201591512,0.6454465075154731,0.0038042033841776,8,150,3,2,2,2,322,32,Recents
1351,Master,Together,58656.0,0,1,2012-09-20,25,962,12,194,16,24,12,4,7,8,13,6,0,0,1,0,0,0,0,18,0,58,55-64,1,2,3,0,1208,1,28,24.0,745,0.009933774834437,0.1428571428571428,43.142857142857146,50.333333333333336,1.1666666666666667,0.0102973267866884,28,1208,3,5,5,8,355,38,Champions
1045,Graduation,Together,52117.0,0,1,2012-08-16,55,112,10,107,30,0,20,2,5,2,4,7,0,0,0,0,0,0,0,16,0,49,45-54,1,2,3,0,259,0,11,24.0,780,0.0772200772200772,0.1818181818181818,23.545454545454547,10.791666666666666,0.4583333333333333,0.0024847938292687,11,259,2,3,3,4,233,24,Standard base
7732,Graduation,Married,64813.0,1,0,2014-01-02,81,293,0,124,179,97,52,1,7,2,10,5,0,0,0,0,0,0,0,16,0,36,35-44,1,2,3,0,693,0,19,9.073972602739726,276,0.075036075036075,0.0526315789473684,36.47368421052632,76.37228260869566,2.093900966183575,0.0141401785336945,19,693,1,4,4,6,144,16,Critical retention
8070,PhD,Married,54222.0,0,1,2014-03-01,98,199,12,31,3,12,7,1,3,3,5,3,0,0,0,0,0,0,0,22,0,41,35-44,1,2,3,0,257,0,11,7.167123287671233,218,0.0272373540856031,0.0909090909090909,23.363636363636363,35.85818042813456,1.5347859327217126,0.0079358593400762,11,257,1,3,3,4,133,14,Low-priority churn
477,Graduation,Married,83512.0,0,0,2014-06-17,31,1060,61,835,80,20,101,1,4,7,10,1,1,0,1,1,1,0,1,16,0,28,25-34,0,2,2,0,2056,4,21,3.616438356164384,110,0.049124513618677,0.0476190476190476,97.9047619047619,568.5151515151515,5.806818181818183,0.0816910362364907,21,2056,3,5,5,8,355,38,Champions
7832,Master,Married,77520.0,0,1,2013-08-28,30,940,44,396,0,88,58,1,8,7,7,4,1,0,1,1,0,0,1,18,0,55,55-64,1,2,3,0,1468,3,22,13.24931506849315,403,0.0395095367847411,0.0454545454545454,66.72727272727273,110.79818031430936,1.6604631927212574,0.0171514211012862,22,1468,3,5,5,8,355,38,Champions
2202,Graduation,Together,41154.0,0,1,2013-04-09,98,44,2,11,2,3,7,1,1,0,4,5,0,0,0,0,0,0,0,16,0,36,35-44,1,2,3,0,62,0,5,17.884931506849313,544,0.1129032258064516,0.2,12.4,3.466605392156864,0.2795649509803922,0.001010819475771,5,62,1,1,2,1,112,11,Low-priority churn
7396,Graduation,Married,80398.0,0,0,2012-11-10,92,342,51,936,207,35,26,1,5,8,12,3,0,0,1,0,0,0,0,16,0,48,45-54,0,2,2,0,1571,1,25,22.816438356164383,694,0.0165499681731381,0.04,62.84,68.85386647454371,1.0957012487992317,0.0102769521343133,25,1571,1,5,5,8,155,18,Critical retention
4055,Basic,Single,18746.0,1,0,2014-05-29,41,2,10,11,12,9,20,2,3,0,3,6,0,0,0,0,0,0,0,12,0,22,18-24,1,1,2,0,44,0,6,4.241095890410959,129,0.4545454545454545,0.3333333333333333,7.333333333333333,10.37467700258398,1.4147286821705427,0.006641210073136,6,44,2,2,2,2,222,22,Standard base
10091,Graduation,Single,60230.0,0,1,2013-05-20,78,520,20,367,39,81,40,2,6,3,6,5,0,0,0,0,0,0,0,16,0,58,55-64,1,1,2,0,1027,0,15,16.53698630136986,503,0.0389483933787731,0.1333333333333333,68.46666666666667,62.1032140490391,0.9070576540755468,0.0123732121631822,15,1027,1,3,4,5,134,15,Critical retention
7629,Graduation,Married,22108.0,1,1,2014-05-08,46,5,3,9,6,2,6,2,2,0,3,7,0,0,0,0,0,0,0,16,0,37,35-44,2,2,4,0,25,0,5,4.931506849315069,150,0.24,0.4,5.0,5.069444444444445,1.0138888888888888,0.0027516434473192,5,25,2,1,1,0,211,20,Standard base
10640,Graduation,Together,44392.0,1,1,2013-09-05,71,87,5,71,7,12,29,5,4,1,4,7,0,0,0,0,0,0,0,16,0,40,35-44,2,2,4,0,182,0,9,12.986301369863012,395,0.1593406593406593,0.5555555555555556,20.22222222222222,14.014767932489454,0.6930379746835443,0.0037884577218839,9,182,1,2,3,3,123,13,Low-priority churn
3498,PhD,Married,55424.0,0,1,2012-11-25,6,462,61,184,10,53,107,4,7,5,9,6,1,0,0,0,0,0,1,22,0,38,35-44,1,2,3,0,770,1,21,22.32328767123288,679,0.1389610389610389,0.1904761904761904,36.66666666666666,34.49312714776632,0.940721649484536,0.0074682001619009,21,770,3,5,4,7,354,37,Champions
6742,Graduation,Married,17688.0,1,0,2013-01-13,82,2,2,1,3,1,2,1,1,0,2,8,0,0,0,0,0,1,0,16,0,35,35-44,1,2,3,0,9,0,3,20.712328767123285,630,0.2222222222222222,0.3333333333333333,3.0,0.4345238095238096,0.1448412698412698,0.0002947922724042,3,9,1,1,1,0,111,10,Low-priority churn
1172,PhD,Married,92491.0,0,0,2013-05-01,71,979,44,935,29,25,22,1,7,5,12,3,0,1,1,1,0,0,1,22,0,31,25-34,0,2,2,0,2012,3,24,17.161643835616438,522,0.0109343936381709,0.0416666666666666,83.83333333333333,117.2381864623244,1.3984674329501916,0.0152107582094246,24,2012,1,5,5,8,155,18,Critical retention
569,Graduation,Single,90273.0,0,0,2013-12-14,32,704,129,853,120,74,111,1,5,6,7,2,0,1,1,1,0,0,1,16,0,23,18-24,0,1,1,0,1880,3,18,9.6986301369863,295,0.0590425531914893,0.0555555555555555,104.44444444444444,193.8418079096045,1.855932203389831,0.0257674132344693,18,1880,3,4,5,7,345,37,Champions
4686,PhD,Widow,82571.0,0,0,2014-04-02,28,861,31,558,62,95,79,0,6,5,13,2,0,0,1,0,0,0,0,22,0,52,45-54,0,1,1,0,1607,1,24,6.115068493150685,186,0.0491599253266957,0.0,66.95833333333333,262.793458781362,3.924731182795699,0.0381916351428024,24,1607,3,5,5,8,355,38,Champions
1381,PhD,Single,38513.0,1,0,2014-01-28,20,172,3,115,16,0,18,5,6,1,5,8,0,0,0,0,0,0,1,22,0,32,25-34,1,1,2,0,306,0,12,8.21917808219178,250,0.0588235294117647,0.4166666666666667,25.5,37.23,1.4600000000000002,0.011600238880378,12,306,3,3,3,4,333,34,Loyal
2634,Master,Single,16653.0,1,0,2014-04-18,10,5,7,31,15,4,7,3,2,1,3,6,0,0,0,0,0,0,1,18,0,35,35-44,1,1,2,0,62,0,6,5.589041095890411,170,0.1129032258064516,0.5,10.333333333333334,11.09313725490196,1.0735294117647058,0.0079936135866704,6,62,3,2,2,2,322,32,Recents
10905,Graduation,Together,42586.0,1,1,2012-10-29,7,194,2,56,0,0,0,5,4,1,6,8,0,0,0,0,0,0,1,16,0,59,55-64,2,2,4,0,252,0,11,23.21095890410959,706,0.0,0.4545454545454545,22.90909090909091,10.856940509915017,0.4739140698772426,0.0030592985046489,11,252,3,3,3,4,333,34,Loyal
1744,Basic,Single,23529.0,0,1,2013-01-07,67,9,7,13,3,2,20,1,1,1,2,6,0,0,0,0,0,0,0,12,0,49,45-54,1,1,2,0,34,0,4,20.909589041095888,636,0.5882352941176471,0.25,8.5,1.6260482180293503,0.1912997903563941,0.0008292991039292,4,34,1,1,1,0,111,10,Low-priority churn
3828,Graduation,Married,71107.0,0,1,2013-02-17,61,533,10,217,198,174,195,2,7,6,13,4,0,0,0,0,0,0,0,16,0,63,55-64,1,2,3,0,1132,0,26,19.56164383561644,595,0.1722614840989399,0.0769230769230769,43.53846153846154,57.86834733893558,1.3291316526610646,0.0097658482015445,26,1132,2,5,5,8,255,28,High value at risk
8605,PhD,Together,46910.0,1,1,2014-03-23,36,48,0,14,0,0,6,2,2,0,3,6,0,0,0,0,0,0,0,22,0,50,45-54,2,2,4,0,62,0,5,6.443835616438356,196,0.0967741935483871,0.4,12.4,9.62159863945578,0.7759353741496599,0.00246129148739,5,62,2,1,2,1,212,21,Standard base
4351,Graduation,Divorced,37244.0,1,1,2013-04-27,90,18,2,10,0,0,25,1,1,1,2,7,1,0,0,0,0,0,0,16,0,59,55-64,2,1,3,0,30,1,4,17.293150684931508,526,0.8333333333333334,0.25,7.5,1.7347908745247147,0.2313054499366286,0.0005589488372434,4,30,1,1,1,0,111,10,Low-priority churn
10129,Graduation,Together,82427.0,0,0,2014-03-12,35,482,147,509,104,107,107,1,3,5,12,1,0,0,1,0,0,0,0,16,0,48,45-54,0,2,2,0,1349,1,20,6.8054794520547945,207,0.0793180133432172,0.05,67.45,198.22262479871176,2.9388083735909825,0.0288579166727472,20,1349,2,4,5,7,245,27,High value at risk
2499,2n Cycle,Single,75342.0,0,1,2013-05-06,38,204,97,97,21,118,26,1,5,2,10,4,0,0,0,0,0,0,0,18,0,56,55-64,1,1,2,0,537,0,17,16.997260273972604,517,0.0484171322160148,0.0588235294117647,31.58823529411765,31.593326885880074,1.000161186331399,0.0050319864435581,17,537,2,4,3,5,243,25,Standard base
10092,Graduation,Divorced,70044.0,0,1,2013-02-18,46,1073,0,250,153,14,14,4,7,10,5,5,0,0,0,0,0,0,0,16,0,60,55-64,1,1,2,0,1490,0,22,19.528767123287672,594,0.0093959731543624,0.1818181818181818,67.72727272727273,76.29769921436588,1.126543209876543,0.0130713892777738,22,1490,2,5,5,8,255,28,High value at risk
5796,Graduation,Married,77437.0,0,0,2013-11-26,70,560,21,442,29,44,29,1,4,5,13,1,0,0,1,0,0,0,0,16,0,51,45-54,0,2,2,0,1096,1,22,10.29041095890411,313,0.0264598540145985,0.0454545454545454,49.81818181818182,106.506922257721,2.137912673056443,0.0165048112283876,22,1096,1,5,4,7,154,17,Critical retention
10556,Graduation,Married,54984.0,0,1,2014-05-24,51,173,13,131,32,3,6,4,6,1,6,7,0,0,0,1,0,0,0,16,0,55,55-64,1,2,3,0,352,1,13,4.405479452054794,134,0.0170454545454545,0.3076923076923077,27.07692307692308,79.90049751243782,2.950870646766169,0.0174379086670532,13,352,2,3,3,4,233,24,Standard base
1064,PhD,Married,42403.0,1,0,2013-12-11,18,22,1,11,0,5,3,1,1,0,3,8,0,0,0,0,0,0,0,22,0,43,35-44,1,2,3,0,39,0,4,9.797260273972602,298,0.0769230769230769,0.25,9.75,3.980704697986577,0.4082774049217002,0.0011265348295129,4,39,3,1,1,0,311,30,Recents
48,Graduation,Together,55761.0,0,1,2014-04-24,97,136,1,12,0,3,32,2,4,1,3,6,0,1,0,0,0,0,0,16,0,50,45-54,1,2,3,0,152,1,8,5.391780821917808,164,0.2105263157894736,0.25,19.0,28.191056910569102,1.483739837398374,0.0060668331437174,8,152,1,2,2,2,122,12,Low-priority churn
7610,Graduation,Together,37292.0,1,0,2013-04-18,32,275,0,86,10,23,66,5,6,3,5,8,0,0,0,0,0,0,0,16,0,31,25-34,1,2,3,0,394,0,14,17.589041095890412,535,0.1675126903553299,0.3571428571428571,28.142857142857142,22.40031152647975,0.7959501557632398,0.0072080805083598,14,394,3,3,3,4,333,34,Loyal
263,PhD,Single,45576.0,0,0,2014-05-28,9,56,19,29,2,14,25,1,3,1,3,8,0,0,0,0,0,0,1,22,0,69,65-74,0,1,1,0,120,0,7,4.273972602739726,130,0.2083333333333333,0.1428571428571428,17.142857142857142,28.07692307692308,1.6378205128205128,0.0073925547859197,7,120,3,2,2,2,322,32,Recents
10814,Graduation,Together,70321.0,0,0,2013-01-16,6,303,23,751,82,26,191,1,6,5,13,4,0,0,0,0,0,0,1,16,0,67,65-74,0,2,2,0,1185,0,24,20.613698630136984,627,0.1611814345991561,0.0416666666666666,49.375,57.486044657097295,1.1642743221690592,0.0098097657297986,24,1185,3,5,5,8,355,38,Champions
9710,PhD,Divorced,58086.0,0,1,2013-01-20,80,708,7,62,0,0,15,2,11,3,7,8,0,0,0,0,0,0,0,22,0,45,45-54,1,1,2,0,777,0,21,20.48219178082192,623,0.0193050193050193,0.0952380952380952,37.0,37.93539325842697,1.0252808988764046,0.0078370815532335,21,777,1,5,4,7,154,17,Critical retention
9292,Graduation,Married,81795.0,0,0,2012-10-26,74,324,132,693,27,118,88,1,4,11,7,2,0,0,0,0,0,0,0,16,0,62,55-64,0,2,2,0,1294,0,22,23.30958904109589,709,0.0680061823802163,0.0454545454545454,58.81818181818182,55.51363422661025,0.9438175834508696,0.0081443072402875,22,1294,1,5,5,8,155,18,Critical retention
10250,Basic,Together,28389.0,0,0,2012-11-20,49,1,5,3,7,4,8,1,1,0,2,7,0,0,0,0,0,0,0,12,0,67,65-74,0,2,2,0,20,0,3,22.48767123287671,684,0.4,0.3333333333333333,6.666666666666667,0.8893762183235868,0.133406432748538,0.0003759383782409,3,20,2,1,1,0,211,20,Standard base
5847,Graduation,Divorced,69901.0,0,1,2013-05-29,95,312,21,206,102,92,149,3,7,3,10,5,0,0,0,0,0,0,0,16,0,45,45-54,1,1,2,0,733,0,20,16.241095890410957,494,0.2032742155525238,0.15,36.65,45.13242240215925,1.2314439946018896,0.0077479445047411,20,733,1,4,4,6,144,16,Critical retention
737,PhD,Married,80360.0,0,0,2013-03-03,56,1493,86,454,112,43,43,2,4,4,5,2,0,1,1,1,0,0,0,22,0,65,65-74,0,2,2,0,2188,3,13,19.101369863013694,581,0.0196526508226691,0.1538461538461538,168.30769230769232,114.54675846242112,0.6805794606999427,0.0171050410844829,13,2188,2,3,5,6,235,26,High value at risk
3878,2n Cycle,Single,31859.0,1,0,2014-02-27,3,3,4,7,15,8,11,1,1,0,3,7,0,0,0,0,0,0,0,18,0,34,25-34,1,1,2,0,37,0,4,7.232876712328767,220,0.2972972972972973,0.25,9.25,5.115530303030304,0.5530303030303031,0.0019268138873274,4,37,3,1,1,0,311,30,Recents
5092,PhD,Widow,51569.0,0,1,2013-02-12,39,380,0,47,6,0,34,4,7,1,7,8,0,1,0,0,0,0,1,22,0,65,65-74,1,1,2,0,433,1,15,19.726027397260275,600,0.0785219399538106,0.2666666666666666,28.866666666666667,21.950694444444444,0.7604166666666666,0.0051078813499065,15,433,2,3,3,4,233,24,Standard base
5394,Basic,Single,16014.0,1,1,2013-03-17,42,3,9,4,7,8,7,4,1,1,4,3,0,0,0,0,0,0,0,12,0,35,35-44,2,1,3,0,31,0,6,18.64109589041096,567,0.2258064516129032,0.6666666666666666,5.166666666666667,1.662992357436802,0.3218694885361552,0.0012461538834296,6,31,2,2,1,1,221,21,Standard base
3798,Graduation,Married,41120.0,1,1,2013-11-06,80,24,2,23,0,8,24,3,2,1,3,6,0,0,0,0,0,0,0,16,0,46,45-54,2,2,4,0,57,0,6,10.947945205479453,333,0.4210526315789473,0.5,9.5,5.206456456456457,0.5480480480480481,0.0015193939075262,6,57,1,2,2,2,122,12,Low-priority churn
3524,Master,Single,39763.0,1,0,2013-08-04,9,80,1,60,4,6,16,2,5,1,2,9,0,0,0,0,0,0,1,18,0,43,35-44,1,1,2,0,151,0,8,14.03835616438356,427,0.1059602649006622,0.25,18.875,10.75624512099922,0.5698672911787666,0.0032461067186075,8,151,3,2,2,2,322,32,Recents
5247,PhD,Married,38725.0,1,1,2014-05-10,52,31,0,6,2,1,5,2,1,0,4,4,0,0,0,0,0,0,0,22,0,59,55-64,2,2,4,0,40,0,5,4.865753424657534,148,0.125,0.4,8.0,8.220720720720722,1.0275900900900905,0.0025474150716242,5,40,2,1,1,0,211,20,Standard base
5883,Graduation,Married,77981.0,1,0,2013-05-26,78,138,120,204,16,126,60,3,7,4,7,5,0,0,0,0,0,0,0,16,0,42,35-44,1,2,3,0,604,0,18,16.33972602739726,497,0.0993377483443708,0.1666666666666666,33.55555555555556,36.96512407780014,1.1016096579476862,0.0056883277841217,18,604,1,4,4,6,144,16,Critical retention
2118,2n Cycle,Married,62905.0,0,1,2013-09-10,68,166,75,96,119,107,59,3,7,2,8,4,0,0,0,0,0,0,0,18,0,50,45-54,1,2,3,0,563,0,17,12.821917808219178,390,0.1047957371225577,0.1764705882352941,33.11764705882353,43.909188034188034,1.3258547008547008,0.0083762857707695,17,563,1,4,3,5,143,15,Low-priority churn
8812,2n Cycle,Divorced,13533.0,1,0,2013-03-10,45,12,3,8,8,0,17,2,2,0,3,7,0,0,0,0,0,0,0,18,0,35,35-44,1,1,2,0,31,0,5,18.871232876712327,574,0.5483870967741935,0.4,6.2,1.6427119628339142,0.2649535423925668,0.0014566277657582,5,31,2,1,1,0,211,20,Standard base
6616,Graduation,Together,59481.0,0,1,2013-10-23,47,178,3,85,71,66,58,2,3,3,8,2,0,0,0,0,0,0,0,16,0,39,35-44,1,2,3,0,403,0,14,11.408219178082192,347,0.1439205955334987,0.1428571428571428,28.785714285714285,35.32540826128722,1.227185398655139,0.0071267278481438,14,403,2,3,3,4,233,24,Standard base
2797,Graduation,Married,72117.0,0,1,2013-08-20,34,707,20,171,65,60,50,1,9,7,9,5,0,0,0,0,0,0,0,16,0,37,35-44,1,2,3,0,1023,0,25,13.512328767123288,411,0.0488758553274682,0.04,40.92,75.70863746958638,1.850162206001622,0.0125976350879132,25,1023,2,5,4,7,254,27,High value at risk
4328,2n Cycle,Married,21955.0,1,0,2013-09-07,81,5,1,7,17,14,11,2,2,1,3,6,0,0,0,0,0,0,0,18,0,28,25-34,1,2,3,0,44,0,6,12.92054794520548,393,0.25,0.3333333333333333,7.333333333333333,3.405428329092451,0.4643765903307888,0.0018613135936738,6,44,1,2,2,2,122,12,Low-priority churn
9167,Graduation,Married,67131.0,0,1,2013-03-26,72,465,71,250,93,35,62,3,9,2,12,6,0,0,0,0,0,0,0,16,0,58,55-64,1,2,3,0,914,0,23,18.34520547945205,558,0.0678336980306345,0.1304347826086956,39.73913043478261,49.822281959378735,1.2537335722819594,0.0089059805978243,23,914,1,5,4,7,154,17,Critical retention
10560,PhD,Single,36802.0,1,0,2014-06-16,23,16,1,2,0,0,1,1,1,0,3,5,0,0,0,0,0,0,0,22,0,34,25-34,1,1,2,0,19,0,4,3.6493150684931503,111,0.0526315789473684,0.25,4.75,5.206456456456457,1.0960960960960962,0.0016976652757316,4,19,3,1,1,0,311,30,Recents
5534,Master,Married,47808.0,0,1,2013-10-20,30,123,1,26,2,0,72,2,3,2,3,7,1,0,0,0,0,0,0,18,0,39,35-44,1,2,3,0,152,1,8,11.506849315068491,350,0.4736842105263157,0.25,19.0,13.20952380952381,0.6952380952380952,0.0033156435264869,8,152,3,2,2,2,322,32,Recents
5093,PhD,Divorced,25509.0,1,0,2012-09-18,15,40,3,30,10,7,11,3,3,0,3,9,0,0,0,0,0,0,1,22,0,40,35-44,1,1,2,0,90,0,6,24.0,747,0.1222222222222222,0.5,15.0,3.75,0.25,0.00176408326473,6,90,3,2,2,2,322,32,Recents
8584,PhD,Together,85431.0,0,0,2013-06-08,54,376,53,462,168,53,53,1,2,7,7,0,0,0,0,0,0,0,0,22,0,62,55-64,0,2,2,0,1112,0,16,15.912328767123286,484,0.0476618705035971,0.0625,69.5,69.88292011019284,1.0055096418732783,0.0098160508635309,16,1112,2,4,5,7,245,27,High value at risk
2694,Graduation,Married,42664.0,0,1,2014-03-18,44,21,0,3,0,0,0,1,1,0,3,6,0,0,0,0,0,0,0,16,0,47,45-54,1,2,3,0,24,0,4,6.608219178082192,201,0.0,0.25,6.0,3.6318407960199006,0.6053067993366501,0.0010215190688223,4,24,2,1,1,0,211,20,Standard base
164,PhD,Married,28973.0,0,0,2012-10-13,59,206,0,46,3,2,12,2,5,1,5,8,0,0,0,0,0,0,0,22,0,37,35-44,0,2,2,0,257,0,11,23.73698630136986,722,0.046692607003891,0.1818181818181818,23.363636363636363,10.826985226223456,0.4634118190212373,0.0044843068620674,11,257,2,3,3,4,233,24,Standard base
10477,PhD,Together,39435.0,1,0,2013-08-06,16,71,0,18,0,0,13,1,3,1,2,7,0,0,0,0,0,0,0,22,0,41,35-44,1,2,3,0,89,0,6,13.972602739726026,425,0.146067415730337,0.1666666666666666,14.833333333333334,6.369607843137255,0.4294117647058824,0.0019382602793875,6,89,3,2,2,2,322,32,Recents
2681,2n Cycle,Married,65370.0,0,0,2013-08-01,1,71,22,112,138,89,29,1,2,3,13,1,0,0,0,0,0,0,0,18,0,30,25-34,0,2,2,0,432,0,18,14.136986301369864,430,0.0671296296296296,0.0555555555555555,24.0,30.55813953488372,1.2732558139534884,0.0056095712776289,18,432,3,4,3,5,343,35,High-potential growth
5150,Basic,Single,20194.0,1,0,2012-12-17,64,0,4,7,11,10,15,2,2,0,3,6,0,0,0,0,0,0,0,12,0,35,35-44,1,1,2,0,32,0,5,21.6,657,0.46875,0.4,6.4,1.4814814814814816,0.2314814814814815,0.000880349498751,5,32,2,1,1,0,211,20,Standard base
5283,PhD,Single,42473.0,1,1,2014-02-17,72,93,1,21,0,4,25,3,2,1,4,5,0,0,0,0,0,0,0,22,0,38,35-44,2,1,3,0,119,0,7,7.561643835616438,230,0.2100840336134453,0.4285714285714285,17.0,15.73731884057971,0.9257246376811594,0.0044463029709923,7,119,1,2,2,2,122,12,Low-priority churn
9645,Graduation,Married,64590.0,0,0,2012-10-14,98,920,138,168,36,46,30,1,9,4,10,6,0,0,0,0,0,0,0,16,0,46,45-54,0,2,2,0,1308,0,23,23.704109589041096,721,0.0229357798165137,0.0434782608695652,56.869565217391305,55.18030513176144,0.970295885344429,0.0102517984452877,23,1308,1,5,5,8,155,18,Critical retention
10678,Graduation,Together,71232.0,0,1,2013-11-28,91,653,17,170,34,26,17,2,11,2,10,7,0,0,0,0,0,0,0,16,0,55,55-64,1,2,3,0,900,0,23,10.224657534246576,311,0.0188888888888888,0.0869565217391304,39.130434782608695,88.02250803858522,2.2494640943194,0.0148285896291417,23,900,1,5,4,7,154,17,Critical retention
7261,Graduation,Together,34600.0,1,1,2013-01-01,8,199,33,60,8,3,15,5,5,2,5,8,0,0,0,0,0,0,1,16,0,43,35-44,2,2,4,0,303,0,12,21.10684931506849,642,0.0495049504950495,0.4166666666666667,25.25,14.35552959501558,0.5685358255451713,0.0049787963913348,12,303,3,3,3,4,333,34,Loyal
9648,Graduation,Single,46904.0,1,1,2012-11-03,20,153,4,56,0,9,31,4,5,1,4,8,0,0,0,0,0,0,0,16,0,47,45-54,2,1,3,0,222,0,10,23.046575342465754,701,0.1396396396396396,0.4,22.2,9.632667617689016,0.4339039467427484,0.0024644382443345,10,222,3,3,3,4,333,34,Loyal
2870,Graduation,Married,49094.0,0,1,2012-09-21,6,376,0,38,11,8,69,5,6,3,6,6,0,0,0,0,0,0,0,16,0,41,35-44,1,2,3,0,433,0,15,24.0,744,0.1593533487297921,0.3333333333333333,28.866666666666667,18.041666666666668,0.625,0.004409907524341,15,433,3,3,3,4,333,34,Loyal
8008,Graduation,Together,36075.0,1,0,2013-12-09,54,46,0,30,12,1,30,1,2,0,4,6,0,0,0,0,0,0,0,16,0,31,25-34,1,2,3,0,89,0,6,9.863013698630136,300,0.3370786516853932,0.1666666666666666,14.833333333333334,9.02361111111111,0.6083333333333333,0.003001617001617,6,89,2,2,2,2,222,22,Standard base
1513,2n Cycle,Together,60839.0,1,1,2012-08-28,72,600,21,128,223,150,128,13,2,2,12,8,0,0,0,0,0,0,0,18,0,35,35-44,2,2,4,0,1122,0,16,24.0,768,0.1140819964349376,0.8125,70.125,46.75,0.6666666666666666,0.0092210588602705,16,1122,1,4,5,7,145,17,Critical retention
7960,2n Cycle,Together,82122.0,0,0,2013-08-15,89,734,22,350,151,25,100,1,3,9,13,1,0,0,1,0,0,0,0,18,0,52,45-54,0,2,2,0,1282,1,25,13.676712328767122,416,0.078003120124805,0.04,51.28,93.73597756410255,1.82792467948718,0.013697081546592,25,1282,1,5,5,8,155,18,Critical retention
9905,Graduation,Together,34074.0,1,1,2013-07-13,69,135,1,41,10,1,67,5,3,3,3,6,1,0,0,0,0,0,0,16,0,62,55-64,2,2,4,0,188,1,9,14.761643835616438,449,0.3563829787234042,0.5555555555555556,20.88888888888889,12.73570898292502,0.6096881959910914,0.0044851942183218,9,188,1,2,3,3,123,13,Low-priority churn
10691,Master,Married,28520.0,1,1,2013-06-14,55,11,0,10,0,2,20,1,1,1,2,6,0,0,0,0,0,0,0,18,0,54,45-54,2,2,4,0,23,0,4,15.715068493150683,478,0.8695652173913043,0.25,5.75,1.463563458856346,0.2545327754532775,0.000615805101903,4,23,2,1,1,0,211,20,Standard base
7002,Graduation,Single,62535.0,0,1,2013-10-03,13,163,48,90,0,45,52,1,3,2,8,3,0,0,0,0,0,0,0,16,0,59,55-64,1,1,2,0,346,0,13,12.065753424657531,367,0.1502890173410404,0.0769230769230769,26.615384615384617,28.67620345140781,1.0774296094459583,0.0055027495229374,13,346,3,3,3,4,333,34,Loyal
2952,Master,Single,36273.0,1,0,2014-04-16,80,29,3,30,3,2,9,2,3,0,3,6,0,0,0,0,0,0,0,18,0,37,35-44,1,1,2,0,67,0,6,5.654794520547945,172,0.1343283582089552,0.3333333333333333,11.166666666666666,11.848352713178295,1.061046511627907,0.0039197263131844,6,67,1,2,2,2,122,12,Low-priority churn
8439,Graduation,Together,63404.0,0,2,2014-06-06,97,734,26,70,11,44,17,2,6,3,4,4,0,0,0,1,0,0,0,16,0,50,45-54,2,2,4,0,885,1,13,3.9780821917808216,121,0.0192090395480226,0.1538461538461538,68.07692307692308,222.46900826446284,3.2679063360881546,0.0421050422555919,13,885,1,3,4,5,134,15,Critical retention
2831,Graduation,Together,78416.0,0,1,2014-06-27,99,453,38,279,188,38,183,2,7,7,10,3,0,0,0,0,0,0,0,16,0,38,35-44,1,2,3,0,996,0,24,3.287671232876712,100,0.1837349397590361,0.0833333333333333,41.5,302.95,7.300000000000001,0.0463604366455825,24,996,1,5,4,7,154,17,Critical retention
6977,Graduation,Together,75702.0,0,1,2012-10-14,87,1073,0,629,145,37,37,1,10,5,13,6,0,0,1,0,0,0,0,16,0,40,35-44,1,2,3,0,1884,1,28,23.704109589041096,721,0.0196390658174097,0.0357142857142857,67.28571428571429,79.47988904299584,1.1812297734627832,0.012598856945866,28,1884,1,5,5,8,155,18,Critical retention
6289,Master,Together,59385.0,1,1,2013-04-28,85,135,0,10,0,4,36,2,3,1,4,5,0,0,0,0,0,0,0,18,0,63,55-64,2,2,4,0,149,0,8,17.26027397260274,525,0.2416107382550335,0.25,18.625,8.632539682539683,0.4634920634920635,0.0017443879126122,8,149,1,2,2,2,122,12,Low-priority churn
8397,Graduation,Married,44689.0,1,1,2014-01-10,82,18,0,5,0,0,11,2,1,1,2,7,1,0,0,0,0,0,0,16,0,63,55-64,2,2,4,0,23,1,4,8.810958904109588,268,0.4782608695652174,0.5,5.75,2.610385572139304,0.4539800995024876,0.0007009471428242,4,23,1,1,1,0,111,10,Low-priority churn
1619,Graduation,Married,90369.0,0,0,2014-04-28,2,292,51,981,224,23,17,1,4,6,6,1,0,0,0,0,0,0,1,16,0,58,55-64,0,2,2,0,1571,0,16,5.260273972602739,160,0.0108211330362826,0.0625,98.1875,298.65364583333337,3.041666666666667,0.0396578887671657,16,1571,3,4,5,7,345,37,Champions
1990,PhD,Single,63159.0,0,0,2012-11-05,74,965,34,586,89,86,37,1,3,5,8,3,1,0,0,0,0,0,0,22,0,40,35-44,0,1,1,0,1760,1,16,22.980821917808218,699,0.0210227272727272,0.0625,110.0,76.5855984740105,0.6962327134000954,0.0145510090674033,16,1760,1,4,5,7,145,17,Critical retention
269,PhD,Single,46757.0,0,1,2012-11-16,71,777,30,163,0,51,122,6,4,4,7,9,0,0,0,0,0,0,0,22,0,51,45-54,1,1,2,0,1021,0,15,22.61917808219178,688,0.1194906953966699,0.4,68.06666666666666,45.13868701550388,0.6631540697674418,0.011584666342709,15,1021,1,3,4,5,134,15,Critical retention
8093,Master,Married,79734.0,0,0,2014-06-28,72,572,8,232,23,62,17,1,4,3,6,1,0,0,0,1,0,0,0,18,0,45,45-54,0,2,2,0,897,1,13,3.254794520547945,99,0.0189520624303233,0.0769230769230769,69.0,275.59343434343435,3.994107744107744,0.0414769259302331,13,897,1,3,4,5,134,15,Critical retention
10513,Graduation,Together,63207.0,0,0,2013-01-20,68,438,169,565,91,169,70,1,2,3,6,7,0,0,0,1,0,0,0,16,0,22,18-24,0,2,2,0,1432,1,11,20.48219178082192,623,0.0488826815642458,0.0909090909090909,130.1818181818182,69.91439272338148,0.5370518994114499,0.0132734145376394,11,1432,1,3,5,6,135,16,Critical retention
10177,Graduation,Divorced,72071.0,0,1,2013-02-14,4,531,69,300,150,138,150,3,5,4,8,2,0,0,0,0,0,0,0,16,0,60,55-64,1,1,2,0,1188,0,17,19.660273972602734,598,0.1262626262626262,0.1764705882352941,69.88235294117646,60.42642140468228,0.8646878483835007,0.0100611488234683,17,1188,3,4,5,7,345,37,Champions
2549,PhD,Together,21840.0,1,0,2013-07-21,80,17,0,9,0,0,1,1,1,0,3,9,0,0,0,0,0,0,0,22,0,31,25-34,1,2,3,0,26,0,4,14.4986301369863,441,0.0384615384615384,0.25,6.5,1.7932728647014362,0.2758881330309902,0.0009853147608249,4,26,1,1,1,0,111,10,Low-priority churn
5782,2n Cycle,Together,58582.0,0,1,2013-09-28,15,402,35,106,101,77,42,2,9,2,9,5,0,1,0,0,0,0,0,18,0,32,25-34,1,2,3,0,721,1,20,12.23013698630137,372,0.058252427184466,0.1,36.05,58.9527329749104,1.635304659498208,0.0120759413420321,20,721,3,4,4,6,344,36,Champions
10057,Graduation,Single,72282.0,0,0,2013-07-19,70,503,27,419,90,139,153,1,5,7,9,7,0,0,0,0,0,0,1,16,0,63,55-64,0,1,1,0,1178,0,21,14.564383561643837,443,0.1298811544991511,0.0476190476190476,56.095238095238095,80.88224228743417,1.4418735891647856,0.0134277815700895,21,1178,1,5,5,8,155,18,Critical retention
10307,Graduation,Married,50387.0,0,2,2013-08-31,91,369,9,87,12,14,34,3,6,2,8,5,0,0,0,0,0,0,0,16,0,58,55-64,2,2,4,0,491,0,16,13.150684931506849,400,0.0692464358452138,0.1875,30.6875,37.33645833333333,1.2166666666666668,0.0088919264889753,16,491,1,4,3,5,143,15,Low-priority churn
8566,PhD,Together,32583.0,1,1,2014-06-15,10,5,0,3,0,0,1,1,1,0,2,7,0,0,0,0,0,0,0,22,0,53,45-54,2,2,4,0,8,0,3,3.682191780821918,112,0.125,0.3333333333333333,2.6666666666666665,2.1726190476190474,0.8147321428571429,0.0008001543311367,3,8,3,1,1,0,311,30,Recents
2415,Graduation,Together,62568.0,0,1,2014-04-07,99,362,17,398,80,35,61,3,5,3,5,4,0,0,0,1,0,0,0,16,0,52,45-54,1,2,3,0,892,1,13,5.950684931506849,181,0.0683856502242152,0.2307692307692307,68.61538461538461,149.8987108655617,2.1846224677716397,0.0287492732768626,13,892,1,3,4,5,134,15,Critical retention
5684,Master,Divorced,44635.0,1,1,2013-10-11,25,56,0,9,0,0,3,2,2,0,3,7,0,0,0,0,0,0,0,18,0,43,35-44,2,1,3,0,65,0,5,11.802739726027395,359,0.0461538461538461,0.4,13.0,5.50719591457753,0.4236304549675023,0.0014805948465314,5,65,3,1,2,1,312,31,Recents
9166,Graduation,Married,63967.0,0,1,2013-08-09,57,387,84,141,73,35,162,3,4,4,12,2,0,0,0,0,0,0,0,16,0,46,45-54,1,2,3,0,720,0,20,13.873972602739723,422,0.225,0.15,36.0,51.895734597156405,1.4415481832543444,0.0097354700887313,20,720,2,4,4,6,244,26,High value at risk
1440,2n Cycle,Together,52513.0,0,0,2012-09-04,84,367,17,241,104,188,232,2,9,5,9,7,0,0,0,0,0,0,0,18,0,36,35-44,0,2,2,0,917,0,23,24.0,761,0.2529989094874591,0.0869565217391304,39.869565217391305,38.208333333333336,0.9583333333333334,0.0087311713290042,23,917,1,5,4,7,154,17,Critical retention
78,Graduation,Married,25293.0,1,0,2013-09-15,51,15,0,11,0,2,9,1,1,1,2,8,0,0,0,0,0,0,0,16,0,45,45-54,1,2,3,0,28,0,4,12.657534246575342,385,0.3214285714285714,0.25,7.0,2.2121212121212124,0.316017316017316,0.0010495178328175,4,28,2,1,1,0,211,20,Standard base
5441,PhD,Widow,54111.0,0,1,2013-08-25,97,267,6,54,8,3,50,2,5,2,6,5,0,0,0,0,0,0,0,22,0,49,45-54,1,1,2,0,338,0,13,13.347945205479451,406,0.1479289940828402,0.1538461538461538,26.0,25.32224958949097,0.9739326765188836,0.0056156233496681,13,338,1,3,3,4,133,14,Low-priority churn
5302,Graduation,Together,78394.0,0,0,2013-02-15,13,298,27,697,216,24,166,1,4,6,5,2,0,0,0,0,0,0,1,16,0,28,25-34,0,2,2,0,1262,0,15,19.627397260273973,597,0.1315372424722662,0.0666666666666666,84.13333333333334,64.29787828029033,0.7642378559463986,0.0098422652162599,15,1262,3,3,5,6,335,36,High-potential growth
4687,Master,Married,80739.0,0,0,2013-05-23,92,674,92,736,39,0,92,1,3,11,9,1,0,0,0,0,0,0,0,18,0,56,55-64,0,2,2,0,1541,0,23,16.43835616438356,500,0.0597014925373134,0.0434782608695652,67.0,93.74416666666669,1.399166666666667,0.0139329196546898,23,1541,1,5,5,8,155,18,Critical retention
1087,Master,Together,22669.0,1,0,2013-05-22,30,16,14,36,37,22,48,3,4,1,2,9,0,0,0,0,0,0,1,18,0,39,35-44,1,2,3,0,125,0,7,16.471232876712328,501,0.384,0.4285714285714285,17.857142857142858,7.588988689288091,0.4249833666001331,0.0040172863501458,7,125,3,2,2,2,322,32,Recents
6859,Graduation,Single,29236.0,1,0,2013-10-08,30,37,4,24,16,9,9,2,4,0,3,9,0,0,0,0,0,0,0,16,0,27,25-34,1,1,2,0,90,0,7,11.9013698630137,362,0.1,0.2857142857142857,12.857142857142858,7.562154696132596,0.5881675874769797,0.0031039080706523,7,90,3,2,2,2,322,32,Recents
9860,Graduation,Together,44911.0,0,1,2013-03-15,11,159,0,22,2,1,31,3,4,1,4,7,0,0,0,0,0,0,0,16,0,55,55-64,1,2,3,0,184,0,9,18.70684931506849,569,0.1684782608695652,0.3333333333333333,20.444444444444443,9.835969537199766,0.4811072056239016,0.002628123053292,9,184,3,2,3,3,323,33,Recents
7129,PhD,Married,54693.0,0,1,2013-02-17,72,686,17,142,23,26,35,8,6,4,13,6,0,0,0,0,0,0,0,22,0,52,45-54,1,2,3,0,894,0,23,19.56164383561644,595,0.0391498881431767,0.3478260869565217,38.869565217391305,45.701680672268914,1.1757703081232491,0.0100272460473411,23,894,1,5,4,7,154,17,Critical retention
5866,Graduation,Together,48186.0,1,0,2014-03-20,39,97,3,66,12,7,34,3,4,1,4,7,0,0,0,0,0,0,0,16,0,40,35-44,1,2,3,0,185,0,9,6.542465753424657,199,0.1837837837837838,0.3333333333333333,20.55555555555556,28.276800670016755,1.3756281407035178,0.0070419127555763,9,185,2,2,3,3,223,23,Standard base
7393,Graduation,Together,41580.0,1,1,2012-12-10,15,56,5,24,4,0,3,3,2,1,3,5,0,0,0,0,0,0,0,16,0,36,35-44,2,2,4,0,89,0,6,21.83013698630137,664,0.0337078651685393,0.5,14.833333333333334,4.076932730923695,0.2748493975903615,0.0011766039627485,6,89,3,2,2,2,322,32,Recents
7849,PhD,Married,80336.0,0,0,2013-09-09,12,209,19,456,160,142,66,1,2,9,13,1,0,0,0,0,0,0,0,22,0,44,35-44,0,2,2,0,986,0,24,12.854794520547944,391,0.0669371196754563,0.0416666666666666,41.083333333333336,76.70289855072464,1.8670076726342717,0.0114573140635418,24,986,3,5,4,7,354,37,Champions
332,Graduation,Married,47743.0,0,1,2013-03-22,56,198,2,43,0,12,20,3,4,1,6,6,0,1,0,0,0,0,0,16,0,57,55-64,1,2,3,0,255,1,11,18.47671232876712,562,0.0784313725490196,0.2727272727272727,23.181818181818183,13.801156583629895,0.5953440094899171,0.0034688620112594,11,255,2,3,3,4,233,24,Standard base
531,PhD,Divorced,57333.0,0,1,2012-09-22,55,941,14,397,76,58,176,11,8,5,9,6,0,0,0,0,0,0,1,22,0,60,55-64,1,1,2,0,1486,0,22,24.0,743,0.1184387617765814,0.5,67.54545454545455,61.91666666666666,0.9166666666666666,0.0129593776708004,22,1486,2,5,5,8,255,28,High value at risk
9576,PhD,Together,32313.0,1,0,2013-02-11,60,86,4,56,2,4,7,3,4,0,4,9,0,0,0,0,0,0,0,22,0,32,25-34,1,2,3,0,152,0,8,19.75890410958904,601,0.0460526315789473,0.375,19.0,7.69273433166944,0.4048807542983916,0.002856831986508,8,152,2,2,2,2,222,22,Standard base
6906,Master,Widow,84953.0,0,0,2013-06-03,73,167,48,602,63,72,72,1,3,10,4,2,0,1,1,1,0,0,1,18,0,61,55-64,0,1,1,0,952,3,17,16.076712328767123,489,0.0756302521008403,0.0588235294117647,56.0,59.21608725289707,1.0574301295160191,0.0083645433008223,17,952,1,4,4,6,144,16,Critical retention
7419,Master,Divorced,27071.0,1,0,2014-04-23,90,8,3,19,0,2,3,2,2,0,3,6,0,0,0,0,0,0,0,18,0,46,45-54,1,1,2,0,32,0,5,5.424657534246575,165,0.09375,0.4,6.4,5.8989898989899,0.9217171717171718,0.0026148970776062,5,32,1,1,1,0,111,10,Low-priority churn
3170,Master,Together,68148.0,0,0,2013-08-31,86,389,66,408,37,57,85,1,4,4,6,2,0,0,0,0,0,0,0,18,0,57,55-64,0,2,2,0,957,0,14,13.150684931506849,400,0.0888192267502612,0.0714285714285714,68.35714285714286,72.77187500000001,1.0645833333333334,0.0128142058460996,14,957,1,3,4,5,134,15,Critical retention
8527,Master,Together,65735.0,1,1,2013-12-07,37,239,7,119,4,15,11,5,6,2,6,7,0,0,0,0,0,0,0,18,0,49,45-54,2,2,4,0,384,0,14,9.92876712328767,302,0.0286458333333333,0.3571428571428571,27.428571428571427,38.67549668874173,1.410044150110375,0.0070602564883988,14,384,2,3,3,4,233,24,Standard base
7872,PhD,Married,86836.0,0,0,2012-09-12,7,179,21,273,0,21,63,1,6,10,6,5,1,0,1,1,0,0,1,22,0,39,35-44,0,2,2,0,494,3,22,24.0,753,0.1275303643724696,0.0454545454545454,22.454545454545453,20.58333333333333,0.9166666666666666,0.0028444423971624,22,494,3,5,3,6,353,36,High-potential growth
10595,Graduation,Married,30093.0,0,0,2013-07-08,19,2,6,28,13,4,16,1,2,0,3,7,0,0,0,0,0,0,0,16,0,24,18-24,0,2,2,0,53,0,5,14.926027397260274,454,0.3018867924528302,0.2,10.6,3.550844346549193,0.334985315712188,0.0014159482988931,5,53,3,1,2,1,312,31,Recents
4609,PhD,Married,57705.0,0,1,2014-01-11,14,383,0,53,6,4,40,3,8,1,6,6,0,0,0,0,0,0,0,22,0,48,45-54,1,2,3,0,446,0,15,8.778082191780822,267,0.0896860986547085,0.2,29.73333333333333,50.8083645443196,1.708801498127341,0.0105658153458423,15,446,3,3,3,4,333,34,Loyal
5010,Graduation,Single,25008.0,1,0,2014-02-02,72,2,8,8,6,1,9,2,1,0,3,8,0,0,0,0,0,0,0,16,0,26,25-34,1,1,2,0,25,0,4,8.054794520547945,245,0.36,0.5,6.25,3.1037414965986394,0.4965986394557823,0.0014893193361797,4,25,1,1,1,0,111,10,Low-priority churn
4427,2n Cycle,Single,83257.0,0,0,2012-09-18,56,536,27,590,38,107,67,1,5,10,12,6,1,0,1,0,0,1,1,18,0,19,18-24,0,1,1,0,1298,2,27,24.0,747,0.0516178736517719,0.037037037037037,48.07407407407408,54.083333333333336,1.125,0.0077951403485592,27,1298,2,5,5,8,255,28,High value at risk
11148,Graduation,Together,22280.0,1,0,2013-05-19,85,2,1,4,3,1,2,1,1,0,2,8,0,0,0,0,0,0,0,16,0,39,35-44,1,2,3,0,11,0,3,16.56986301369863,504,0.1818181818181818,0.3333333333333333,3.6666666666666665,0.6638558201058201,0.1810515873015873,0.0003575525063406,3,11,1,1,1,0,111,10,Low-priority churn
1168,PhD,Married,72159.0,0,0,2012-10-29,62,322,53,899,34,40,53,1,4,6,10,2,0,0,0,0,0,0,0,22,0,36,35-44,0,2,2,0,1348,0,20,23.21095890410959,706,0.0393175074183976,0.05,67.4,58.07601510859301,0.8616619452313503,0.009658007750982,20,1348,2,4,5,7,245,27,High value at risk
9595,Graduation,Together,64260.0,0,0,2013-01-11,1,539,169,816,20,0,30,1,4,5,4,3,0,0,0,0,0,0,1,16,0,53,45-54,0,2,2,0,1544,0,13,20.778082191780825,632,0.0194300518134715,0.0769230769230769,118.76923076923076,74.30907172995781,0.6256592827004219,0.013876577353867,13,1544,3,3,5,6,335,36,High-potential growth
10163,PhD,Single,82733.0,0,0,2013-09-10,28,712,50,420,65,38,38,1,8,4,7,4,0,0,0,0,0,0,1,22,0,30,25-34,0,1,1,0,1285,0,19,12.821917808219178,390,0.0295719844357976,0.0526315789473684,67.63157894736842,100.21901709401708,1.481837606837607,0.0145362576617335,19,1285,3,4,5,7,345,37,Champions
2886,Master,Divorced,74290.0,0,1,2013-08-12,70,1121,0,72,0,12,12,4,10,8,10,6,0,1,0,1,0,0,0,18,0,43,35-44,1,1,2,0,1205,2,28,13.775342465753424,419,0.0099585062240663,0.1428571428571428,43.035714285714285,87.47513922036596,2.032617342879873,0.014129784232661,28,1205,1,5,5,8,155,18,Critical retention
6710,Master,Single,58217.0,2,1,2012-11-17,84,68,1,13,3,5,13,1,2,0,4,6,0,0,0,0,0,0,0,18,0,63,55-64,3,1,4,0,90,0,6,22.58630136986301,687,0.1444444444444444,0.1666666666666666,15.0,3.984716157205241,0.2656477438136827,0.0008213510467125,6,90,1,2,2,2,122,12,Low-priority churn
5316,Master,Together,21024.0,0,0,2013-07-04,89,36,4,18,6,2,18,1,2,0,4,7,0,0,0,0,0,0,0,18,0,38,35-44,0,2,2,0,66,0,6,15.057534246575342,458,0.2727272727272727,0.1666666666666666,11.0,4.383187772925765,0.398471615720524,0.0025018195050946,6,66,1,2,2,2,122,12,Low-priority churn
9029,PhD,Married,70116.0,0,0,2013-01-26,73,707,44,603,95,58,29,1,2,8,12,1,0,0,0,0,0,0,0,22,0,42,35-44,0,2,2,0,1507,0,22,20.284931506849315,617,0.0192435301924353,0.0454545454545454,68.5,74.29159913560238,1.0845488924905458,0.0127146327461239,22,1507,1,5,5,8,155,18,Critical retention
521,Graduation,Together,54006.0,1,0,2012-09-18,42,174,77,203,6,24,97,2,8,1,7,7,0,0,0,0,0,0,0,16,0,29,25-34,1,2,3,0,484,0,16,24.0,747,0.2004132231404958,0.125,30.25,20.166666666666668,0.6666666666666666,0.0044809835944154,16,484,2,4,3,5,243,25,Standard base
1459,PhD,Married,69063.0,0,1,2012-11-07,16,666,35,124,69,8,26,1,5,3,5,3,0,0,0,0,0,0,0,22,0,48,45-54,1,2,3,0,902,0,13,22.915068493150685,697,0.0288248337028824,0.0769230769230769,69.38461538461539,39.36274509803922,0.5673122907699666,0.0068394500843645,13,902,3,3,4,5,334,35,High-potential growth
10241,2n Cycle,Divorced,11448.0,0,0,2013-12-15,16,0,0,0,6,2,6,1,1,0,2,6,0,0,0,0,0,0,0,18,0,39,35-44,0,1,1,0,8,0,3,9.665753424657536,294,0.75,0.3333333333333333,2.6666666666666665,0.8276643990929705,0.3103741496598639,0.0008675727453804,3,8,3,1,1,0,311,30,Recents
3254,Graduation,Married,70886.0,1,0,2013-10-14,65,407,70,239,103,88,53,1,5,4,4,2,0,0,0,0,0,0,0,16,0,43,35-44,1,2,3,0,907,0,13,11.704109589041096,356,0.0584343991179713,0.0769230769230769,69.76923076923077,77.49414794007491,1.1107209737827717,0.0131186662427122,13,907,2,3,4,5,234,25,High value at risk
3678,Graduation,Widow,60208.0,1,1,2012-10-07,13,488,23,71,15,0,59,11,8,3,7,7,0,1,0,0,0,0,1,16,0,41,35-44,2,1,3,0,597,1,18,23.934246575342463,728,0.0988274706867671,0.6111111111111112,33.166666666666664,24.94333791208792,0.7520604395604397,0.0049714332803789,18,597,3,4,4,6,344,36,Champions
4227,Master,Together,32889.0,1,1,2013-09-06,78,28,0,13,4,2,8,3,2,1,3,5,0,0,0,0,0,0,0,18,0,46,45-54,2,2,4,0,47,0,6,12.953424657534246,394,0.1702127659574468,0.5,7.833333333333333,3.6283840947546535,0.4631979695431472,0.0013238653998922,6,47,1,2,2,2,122,12,Low-priority churn
9467,Graduation,Single,34738.0,1,0,2014-05-11,51,3,2,10,3,0,2,1,1,0,3,6,0,0,0,0,0,0,0,16,0,30,25-34,1,1,2,0,18,0,4,4.832876712328767,147,0.1111111111111111,0.25,4.5,3.724489795918368,0.8276643990929705,0.0012865990428643,4,18,2,1,1,0,211,20,Standard base
8486,Master,Together,30538.0,1,0,2012-10-01,27,284,0,52,8,3,20,4,9,0,4,10,0,0,0,0,0,0,0,18,0,43,35-44,1,2,3,0,347,0,13,24.0,734,0.0576368876080691,0.3076923076923077,26.692307692307693,14.458333333333334,0.5416666666666666,0.0056814460671949,13,347,3,3,3,4,333,34,Loyal
2186,2n Cycle,Together,82326.0,0,0,2014-03-10,30,938,142,754,159,81,183,1,5,10,6,2,0,1,1,1,0,0,1,18,0,37,35-44,0,2,2,0,2074,3,21,6.8712328767123285,209,0.088235294117647,0.0476190476190476,98.76190476190476,301.83811802232856,3.05622009569378,0.0439965189158703,21,2074,3,5,5,8,355,38,Champions
3286,PhD,Divorced,26642.0,1,0,2014-03-01,71,13,2,15,2,2,8,2,2,0,3,6,0,0,0,0,0,0,0,22,0,47,45-54,1,1,2,0,34,0,5,7.167123287671233,218,0.2352941176470588,0.4,6.8,4.74388379204893,0.6976299694189603,0.002136724176285,5,34,1,1,1,0,111,10,Low-priority churn
8602,Graduation,Divorced,69932.0,0,1,2013-06-12,97,412,172,153,150,105,57,2,7,6,11,4,0,0,0,0,0,0,0,16,0,50,45-54,1,1,2,0,992,0,24,15.780821917808218,480,0.0574596774193548,0.0833333333333333,41.333333333333336,62.86111111111112,1.5208333333333337,0.0107866689546035,24,992,1,5,4,7,154,17,Critical retention
3722,Graduation,Single,44503.0,1,1,2014-04-16,83,31,1,8,0,0,8,2,2,0,3,6,0,0,0,0,0,0,0,16,0,42,35-44,2,1,3,0,40,0,5,5.654794520547945,172,0.2,0.4,8.0,7.073643410852713,0.8842054263565892,0.0019073707599539,5,40,1,1,1,0,111,10,Low-priority churn
6715,PhD,Single,60200.0,0,1,2013-01-02,3,502,19,132,0,6,26,6,6,2,11,6,0,0,0,0,0,0,0,22,0,66,65-74,1,1,2,0,659,0,19,21.07397260273973,641,0.0394537177541729,0.3157894736842105,34.68421052631579,31.27080083203328,0.9015860634425376,0.0062333822256544,19,659,3,4,4,6,344,36,Champions
4796,Graduation,Divorced,49638.0,0,1,2014-04-19,71,18,10,3,3,5,0,1,1,0,3,2,0,0,0,0,0,0,0,16,0,62,55-64,1,1,2,0,39,0,4,5.556164383561644,169,0.0,0.25,9.75,7.019230769230769,0.7199211045364892,0.0016969009474751,4,39,1,1,1,0,111,10,Low-priority churn
9612,2n Cycle,Single,23830.0,0,0,2014-02-07,3,1,8,6,4,8,16,1,1,0,3,7,0,0,0,0,0,0,0,18,0,27,25-34,0,1,1,0,27,0,4,7.890410958904109,240,0.5925925925925926,0.25,6.75,3.421875,0.5069444444444444,0.0017231430969366,4,27,3,1,1,0,311,30,Recents
3766,Master,Widow,33051.0,0,0,2012-08-16,15,100,71,243,108,94,219,3,9,1,8,9,0,0,0,0,0,0,1,18,0,55,55-64,0,1,1,0,616,0,18,24.0,780,0.3555194805194805,0.1666666666666666,34.22222222222222,25.666666666666668,0.75,0.0093189313485219,18,616,3,4,4,6,344,36,Champions
1399,Graduation,Married,72905.0,0,0,2014-01-21,52,407,114,445,181,165,203,1,3,7,9,1,0,0,0,1,0,0,0,16,0,56,55-64,0,2,2,0,1312,1,19,8.449315068493151,257,0.1547256097560975,0.0526315789473684,69.05263157894737,155.27885862516212,2.248702983138781,0.0255585529593573,19,1312,2,4,5,7,245,27,High value at risk
1570,PhD,Together,69702.0,0,1,2013-02-19,8,664,9,240,50,19,57,2,7,7,10,4,0,0,0,0,0,0,0,22,0,63,55-64,1,2,3,0,982,0,24,19.495890410958904,593,0.0580448065173116,0.0833333333333333,40.91666666666666,50.36958965711074,1.2310286677908937,0.0086717034788862,24,982,3,5,4,7,354,37,Champions
3426,Graduation,Divorced,70300.0,1,0,2013-07-15,89,1045,61,338,60,46,46,3,5,5,13,8,0,0,0,0,0,0,0,16,0,39,35-44,1,1,2,0,1550,0,23,14.695890410958905,447,0.0296774193548387,0.1304347826086956,67.3913043478261,105.4716629381059,1.5650633855331844,0.0180036977988231,23,1550,1,5,5,8,155,18,Critical retention
3074,PhD,Married,70643.0,0,0,2012-10-15,66,1218,107,304,23,143,33,1,5,8,4,6,0,0,0,0,0,0,1,22,0,30,25-34,0,2,2,0,1795,0,17,23.671232876712327,720,0.0183844011142061,0.0588235294117647,105.58823529411764,75.83043981481482,0.7181712962962964,0.0128811811188338,17,1795,2,4,5,7,245,27,High value at risk
8341,PhD,Married,30396.0,1,0,2014-04-30,22,15,0,6,0,1,12,2,1,1,2,7,1,0,0,0,0,0,1,22,0,45,45-54,1,2,3,0,22,1,4,5.1945205479452055,158,0.5454545454545454,0.5,5.5,4.235232067510548,0.770042194092827,0.0016720221348245,4,22,3,1,1,0,311,30,Recents
5180,PhD,Divorced,50616.0,0,1,2014-04-18,56,128,0,16,0,1,4,2,4,0,4,7,0,0,0,0,0,0,0,22,0,46,45-54,1,1,2,0,145,0,8,5.589041095890411,170,0.0275862068965517,0.25,18.125,25.94362745098039,1.431372549019608,0.0061506940376909,8,145,2,2,2,2,222,22,Standard base
6461,Master,Single,62772.0,0,1,2013-05-19,74,581,49,157,43,8,108,1,5,6,11,2,0,1,0,0,0,0,0,18,0,45,45-54,1,1,2,0,838,1,22,16.56986301369863,504,0.1288782816229117,0.0454545454545454,38.09090909090909,50.573743386243386,1.3277116402116402,0.0096680832319333,22,838,1,5,4,7,154,17,Critical retention
7679,PhD,Single,30298.0,0,0,2014-05-19,48,6,3,12,6,1,0,1,1,1,3,3,0,0,0,0,0,0,0,22,0,29,25-34,0,1,1,0,28,0,5,4.56986301369863,139,0.0,0.2,5.6,6.127098321342927,1.0941247002398082,0.0024267337730581,5,28,2,1,1,0,211,20,Standard base
10702,Graduation,Single,52413.0,1,0,2012-11-03,67,185,8,133,56,56,12,2,7,1,7,7,0,0,0,0,0,0,0,16,0,30,25-34,1,1,2,0,438,0,15,23.046575342465754,701,0.0273972602739726,0.1333333333333333,29.2,19.004992867332383,0.6508559201141226,0.0043512089444982,15,438,1,3,3,4,133,14,Low-priority churn
7505,PhD,Married,44155.0,1,1,2014-01-19,24,22,1,9,0,0,14,1,1,1,2,4,0,0,0,0,0,0,0,22,0,57,55-64,2,2,4,0,32,0,4,8.515068493150684,259,0.4375,0.25,8.0,3.7580437580437582,0.4697554697554698,0.0010213231818938,4,32,3,1,1,0,311,30,Recents
5113,PhD,Divorced,86979.0,0,0,2013-11-07,67,584,100,835,65,83,35,1,5,5,5,2,1,0,0,0,0,0,1,22,0,43,35-44,0,1,1,0,1667,1,15,10.915068493150685,332,0.020995800839832,0.0666666666666666,111.13333333333334,152.72464859437753,1.374246987951807,0.0210705547676166,15,1667,1,3,5,6,135,16,Critical retention
10858,Graduation,Together,76532.0,1,1,2013-09-09,38,355,30,177,90,138,30,4,9,5,7,5,0,0,0,0,0,0,0,16,0,39,35-44,2,2,4,0,790,0,21,12.854794520547944,391,0.0379746835443038,0.1904761904761904,37.61904761904762,61.45566922421143,1.6336317135549874,0.0096360742002108,21,790,2,5,4,7,254,27,High value at risk
2961,Graduation,Married,42081.0,1,0,2013-02-26,86,175,10,110,54,6,27,2,6,3,4,6,1,0,0,0,0,0,0,16,0,32,25-34,1,2,3,0,355,1,13,19.26575342465753,586,0.076056338028169,0.1538461538461538,27.307692307692307,18.42647895335609,0.6747724687144483,0.0052545744502334,13,355,1,3,3,4,133,14,Low-priority churn
3010,Master,Together,88420.0,0,0,2014-05-02,87,957,153,612,99,95,153,1,4,7,8,1,1,0,1,1,0,0,0,18,0,25,25-34,0,2,2,0,1916,3,19,5.128767123287671,156,0.0798538622129436,0.0526315789473684,100.84210526315788,373.5790598290599,3.7045940170940175,0.050700618841311,19,1916,1,4,5,7,145,17,Critical retention
5790,Graduation,Married,31158.0,1,0,2013-01-27,62,25,6,16,20,0,5,2,2,0,3,8,0,0,0,0,0,0,0,16,0,29,25-34,1,2,3,0,67,0,5,20.252054794520543,616,0.0746268656716417,0.4,13.4,3.308306277056277,0.2468885281385281,0.0012741406805531,5,67,2,1,2,1,212,21,Standard base
6892,Graduation,Divorced,61671.0,0,1,2014-06-03,23,641,7,56,0,0,28,8,10,4,6,8,0,1,0,1,0,0,0,16,0,46,45-54,1,1,2,0,704,2,20,4.076712328767123,124,0.0397727272727272,0.4,35.2,172.68817204301075,4.905913978494623,0.0336018236207638,20,704,3,4,4,6,344,36,Champions
1743,Graduation,Single,69719.0,0,0,2014-05-26,99,273,86,208,177,14,43,1,2,3,5,1,0,0,0,0,0,0,0,16,0,40,35-44,0,1,1,0,758,0,10,4.33972602739726,132,0.0567282321899736,0.1,75.8,174.66540404040404,2.304292929292929,0.0300633234625403,10,758,1,3,4,5,134,15,Critical retention
3578,Graduation,Divorced,49160.0,0,1,2013-10-20,29,122,21,43,25,10,15,2,3,1,6,6,0,0,0,0,0,0,0,16,0,65,65-74,1,1,2,0,221,0,10,11.506849315068491,350,0.0678733031674208,0.2,22.1,19.205952380952382,0.8690476190476191,0.004688190166221,10,221,3,3,3,4,333,34,Loyal
5558,PhD,Single,90933.0,0,0,2014-03-31,90,1020,31,430,62,63,79,1,4,6,4,1,0,0,1,0,0,0,0,22,0,60,55-64,0,1,1,0,1606,1,14,6.180821917808219,188,0.0491905354919053,0.0714285714285714,114.71428571428572,259.8359929078014,2.265070921985816,0.0342893329692588,14,1606,1,3,5,6,135,16,Critical retention
4619,PhD,Single,113734.0,0,0,2014-05-28,9,6,2,3,1,262,3,0,27,0,0,1,0,0,0,0,0,0,0,22,0,69,65-74,0,1,1,0,274,0,27,4.273972602739726,130,0.010948905109489,0.0,10.148148148148149,64.10897435897435,6.317307692307692,0.0067640959810407,27,274,3,5,3,6,353,36,High-potential growth
10779,Graduation,Single,22148.0,0,0,2014-04-13,16,15,5,14,0,4,11,1,1,0,3,7,0,0,0,0,0,0,0,16,0,31,25-34,0,1,1,0,38,0,4,5.753424657534247,175,0.2894736842105263,0.25,9.5,6.604761904761905,0.6952380952380952,0.0035785236977218,4,38,3,1,1,0,311,30,Recents
5896,Master,Married,73395.0,0,0,2014-03-18,94,272,7,80,20,7,11,1,4,4,6,2,0,0,0,0,0,0,0,18,0,27,25-34,0,2,2,0,386,0,14,6.608219178082192,201,0.0284974093264248,0.0714285714285714,27.571428571428573,58.41210613598673,2.1185737976782755,0.0095503136948271,14,386,1,3,3,4,133,14,Low-priority churn
2337,Graduation,Divorced,29819.0,1,0,2013-10-24,77,9,1,24,2,1,2,3,3,0,3,6,0,0,0,0,0,0,0,16,0,43,35-44,1,1,2,0,37,0,6,11.375342465753423,346,0.054054054054054,0.5,6.166666666666667,3.252649325626204,0.5274566473988439,0.0013089571047826,6,37,1,2,1,1,121,11,Low-priority churn
10951,Graduation,Married,45688.0,0,1,2014-01-25,20,279,0,18,0,0,9,2,3,1,8,4,0,1,0,0,0,0,0,16,0,46,45-54,1,2,3,0,297,1,12,8.317808219178081,253,0.0303030303030303,0.1666666666666666,24.75,35.70652173913044,1.4426877470355732,0.0093783545103652,12,297,3,3,3,4,333,34,Loyal
17,PhD,Married,60491.0,0,1,2013-09-06,81,637,47,237,12,19,76,4,6,11,7,5,0,0,0,0,0,0,0,22,0,43,35-44,1,2,3,0,952,0,24,12.953424657534246,394,0.0798319327731092,0.1666666666666666,39.66666666666666,73.49407783417936,1.852791878172589,0.014579506604456,24,952,1,5,4,7,154,17,Critical retention
10680,Graduation,Together,33235.0,1,0,2014-02-05,71,45,0,16,2,1,6,1,3,0,3,7,0,0,0,0,0,0,0,16,0,28,25-34,1,2,3,0,64,0,6,7.956164383561643,242,0.09375,0.1666666666666666,10.666666666666666,8.044077134986226,0.7541322314049588,0.0029044358543654,6,64,1,2,2,2,122,12,Low-priority churn
3265,Graduation,Married,35701.0,0,0,2013-03-19,36,21,1,9,7,3,5,1,1,0,3,6,0,0,0,0,0,0,0,16,0,55,55-64,0,2,2,0,41,0,4,18.575342465753423,565,0.1219512195121951,0.25,10.25,2.207227138643068,0.2153392330383481,0.0007419043069862,4,41,2,1,1,0,211,20,Standard base
5623,Master,Married,31535.0,1,0,2013-09-26,95,15,4,13,0,0,19,1,1,1,2,7,1,0,0,0,0,0,0,18,0,34,25-34,1,2,3,0,32,1,4,12.295890410958904,374,0.59375,0.25,8.0,2.6024955436720143,0.3253119429590018,0.0009903265109898,4,32,1,1,1,0,111,10,Low-priority churn
5832,2n Cycle,Together,92556.0,0,0,2014-04-20,32,493,183,352,184,23,28,0,3,5,13,0,0,0,0,0,0,0,0,18,0,54,45-54,0,2,2,0,1235,0,21,5.523287671232876,168,0.0226720647773279,0.0,58.80952380952381,223.59871031746036,3.8020833333333335,0.0289898496457228,21,1235,3,5,5,8,355,38,Champions
5544,Graduation,Single,67384.0,0,1,2012-11-10,32,957,40,175,158,53,107,2,7,8,5,5,0,1,0,0,0,0,0,16,0,44,35-44,1,1,2,0,1383,1,20,22.816438356164383,694,0.0773680404916847,0.1,69.15,60.61419308357349,0.8765609990393852,0.0107944069364074,20,1383,3,4,5,7,345,37,Champions
5831,Graduation,Married,77870.0,0,1,2012-08-22,93,1017,50,500,65,50,133,3,5,5,5,8,0,1,0,1,0,0,1,16,0,47,45-54,1,2,3,0,1682,2,15,24.0,774,0.0790725326991676,0.2,112.13333333333334,70.08333333333333,0.625,0.010800051367664,15,1682,1,3,5,6,135,16,Critical retention
10176,Graduation,Single,57107.0,0,1,2012-08-24,44,159,0,120,0,0,137,7,4,4,8,8,0,1,0,0,1,0,1,16,0,46,45-54,1,1,2,0,279,2,16,24.0,772,0.4910394265232975,0.4375,17.4375,11.625,0.6666666666666666,0.002442782846236,16,279,2,4,3,5,243,25,Standard base
4385,PhD,Single,36038.0,1,0,2013-05-31,82,23,0,15,0,2,7,2,3,0,3,6,0,0,0,0,0,0,0,22,0,33,25-34,1,1,2,0,40,0,6,16.175342465753424,492,0.175,0.3333333333333333,6.666666666666667,2.47289972899729,0.3709349593495935,0.0008234307327811,6,40,1,2,1,1,121,11,Low-priority churn
10686,PhD,Together,34230.0,1,1,2012-12-26,72,15,0,4,0,0,2,1,1,0,2,7,0,0,0,0,0,0,0,22,0,49,45-54,2,2,4,0,19,0,3,21.304109589041094,648,0.1052631578947368,0.3333333333333333,6.333333333333333,0.8918467078189302,0.1408179012345679,0.0003126544111547,3,19,1,1,1,0,111,10,Low-priority churn
2546,2n Cycle,Single,31878.0,0,1,2014-06-22,7,23,4,5,10,5,23,1,1,0,4,3,0,0,0,0,0,0,0,18,0,37,35-44,1,1,2,0,47,0,5,3.452054794520548,105,0.4893617021276595,0.2,9.4,13.615079365079366,1.4484126984126984,0.0051251945661883,5,47,3,1,2,1,312,31,Recents
3283,2n Cycle,Married,70932.0,0,1,2014-01-19,57,200,193,100,46,185,185,2,6,2,12,3,0,0,0,0,0,0,0,18,0,42,35-44,1,2,3,0,724,0,20,8.515068493150684,259,0.255524861878453,0.1,36.2,85.02574002574003,2.348777348777349,0.0143843241457858,20,724,2,4,4,6,244,26,High value at risk
3138,Graduation,Single,91249.0,0,0,2012-10-20,84,1324,27,119,71,108,27,0,7,9,6,4,0,1,1,1,1,0,1,16,0,58,55-64,0,1,1,0,1649,4,22,23.506849315068493,715,0.0163735597331716,0.0,74.95454545454545,70.1497668997669,0.935897435897436,0.009225275924089,22,1649,1,5,5,8,155,18,Critical retention
4994,Master,Single,77598.0,0,0,2013-10-01,53,1193,33,281,129,66,33,1,7,5,13,3,0,0,1,0,0,0,0,18,0,71,65-74,0,1,1,0,1702,1,25,12.131506849315068,369,0.0193889541715628,0.04,68.08,140.29584462511292,2.0607497741644085,0.0216957928748338,25,1702,2,5,5,8,255,28,High value at risk
7966,Graduation,Single,80982.0,1,1,2013-01-08,48,505,137,401,104,22,22,3,11,5,11,5,0,0,0,0,0,1,0,16,0,55,55-64,2,1,3,0,1169,0,27,20.876712328767123,635,0.0188195038494439,0.1111111111111111,43.2962962962963,55.99540682414698,1.2933070866141732,0.0082974597057341,27,1169,2,5,5,8,255,28,High value at risk
3112,Master,Married,22701.0,1,0,2013-09-05,2,2,4,9,0,4,5,1,1,0,3,5,0,0,0,0,0,0,0,18,0,37,35-44,1,2,3,0,19,0,4,12.986301369863012,395,0.2631578947368421,0.25,4.75,1.4630801687763717,0.3080168776371308,0.0007734003799531,4,19,3,1,1,0,311,30,Recents
2181,Graduation,Married,70617.0,0,0,2013-06-23,45,353,61,753,40,46,27,1,3,3,7,2,0,0,0,0,0,0,0,16,0,44,35-44,0,2,2,0,1253,0,13,15.41917808219178,469,0.0215482841181165,0.0769230769230769,96.3846153846154,81.26243781094527,0.8431058990760483,0.0138089872655499,13,1253,2,3,5,6,235,26,High value at risk
1867,Graduation,Single,64849.0,0,0,2012-11-13,42,652,48,350,94,84,108,1,9,3,6,5,0,0,0,0,0,0,1,16,0,57,55-64,0,1,1,0,1228,0,18,22.71780821917808,691,0.0879478827361563,0.0555555555555555,68.22222222222223,54.05451037144236,0.7923299565846599,0.010002530871059,18,1228,2,4,5,7,245,27,High value at risk
1518,Master,Married,62694.0,1,1,2013-06-17,29,379,6,157,25,91,91,5,9,3,7,7,0,0,0,0,0,0,0,18,0,49,45-54,2,2,4,0,658,0,19,15.616438356164384,475,0.1382978723404255,0.2631578947368421,34.63157894736842,42.13508771929825,1.2166666666666666,0.0080649033820075,19,658,3,4,4,6,344,36,Champions
5734,PhD,Married,61917.0,1,1,2013-11-20,83,46,4,36,2,2,1,1,2,0,4,5,0,0,0,0,0,0,0,22,0,40,35-44,2,2,4,0,90,0,6,10.487671232876712,319,0.0111111111111111,0.1666666666666666,15.0,8.581504702194357,0.5721003134796239,0.001663162886224,6,90,1,2,2,2,122,12,Low-priority churn
2878,PhD,Married,67472.0,0,1,2013-09-28,93,162,31,127,8,17,69,2,4,2,7,3,0,0,0,0,0,0,0,22,0,67,65-74,1,2,3,0,345,0,13,12.23013698630137,372,0.2,0.1538461538461538,26.53846153846154,28.209005376344088,1.062948028673835,0.0050170154214508,13,345,1,3,3,4,133,14,Low-priority churn
1458,Master,Married,21059.0,1,0,2014-01-07,40,8,3,19,3,3,8,3,3,0,3,6,0,0,0,0,0,0,0,18,0,32,25-34,1,2,3,0,36,0,6,8.90958904109589,271,0.2222222222222222,0.5,6.0,4.04059040590406,0.6734317343173433,0.0023024400432522,6,36,2,2,1,1,221,21,Standard base
7007,Master,Married,29543.0,2,0,2014-04-01,47,17,3,18,3,4,18,2,3,1,2,7,0,0,0,0,0,0,0,18,0,46,45-54,2,2,4,0,45,0,6,6.147945205479452,187,0.4,0.3333333333333333,7.5,7.31951871657754,0.9759358288770054,0.0029730976745398,6,45,2,2,2,2,222,22,Standard base
6200,Graduation,Married,75903.0,0,1,2013-04-08,50,340,108,185,130,38,100,2,6,6,9,3,0,0,0,0,0,0,0,16,0,63,55-64,1,2,3,0,801,0,21,17.91780821917808,545,0.1248439450686641,0.0952380952380952,38.142857142857146,44.70412844036697,1.1720183486238531,0.0070675670432578,21,801,2,5,4,7,254,27,High value at risk
1403,2n Cycle,Together,34984.0,1,1,2012-09-06,40,8,4,15,3,5,3,2,1,0,3,7,0,0,0,0,0,0,0,18,0,39,35-44,2,2,4,0,35,0,4,24.0,759,0.0857142857142857,0.5,8.75,1.4583333333333333,0.1666666666666666,0.0005002286759661,4,35,2,1,1,0,211,20,Standard base
4827,PhD,Single,54998.0,0,1,2013-03-10,3,154,22,202,39,30,8,5,4,2,9,4,0,0,0,0,0,0,1,22,0,58,55-64,1,1,2,0,447,0,15,18.871232876712327,574,0.017897091722595,0.3333333333333333,29.8,23.68684668989547,0.7948606271777005,0.0051682272133304,15,447,3,3,3,4,333,34,Loyal
6250,PhD,Widow,54356.0,0,1,2012-11-19,62,710,15,30,20,0,0,3,11,2,8,8,0,0,0,0,0,0,1,22,0,65,65-74,1,1,2,0,775,0,21,22.52054794520548,685,0.0,0.1428571428571428,36.90476190476191,34.41301703163017,0.9324817518248176,0.0075972515339532,21,775,2,5,4,7,254,27,High value at risk
9291,Master,Married,34242.0,0,1,2014-03-23,25,8,2,4,0,0,1,1,0,0,3,5,0,0,0,0,0,0,0,18,0,55,55-64,1,2,3,0,14,0,3,6.443835616438356,196,0.0714285714285714,0.3333333333333333,4.666666666666667,2.1726190476190474,0.4655612244897959,0.0007613874356471,3,14,3,1,1,0,311,30,Recents
2478,Graduation,Married,25410.0,1,0,2013-08-31,48,2,2,4,13,13,4,1,1,0,4,4,0,0,0,0,0,0,0,16,0,41,35-44,1,2,3,0,34,0,5,13.150684931506849,400,0.1176470588235294,0.2,6.8,2.5854166666666667,0.3802083333333333,0.0012209759937032,5,34,2,1,1,0,211,20,Standard base
1139,PhD,Married,73356.0,0,0,2014-02-06,56,1050,14,322,0,14,112,1,5,11,5,2,1,0,1,1,0,0,1,22,0,30,25-34,0,2,2,0,1400,3,21,7.923287671232877,241,0.08,0.0476190476190476,66.66666666666667,176.69432918395574,2.650414937759336,0.0289046833279822,21,1400,2,5,5,8,255,28,High value at risk
5138,Graduation,Together,28320.0,0,1,2013-01-14,68,19,1,14,3,2,4,1,1,0,3,8,0,0,0,0,0,0,0,16,0,64,55-64,1,2,3,0,39,0,4,20.67945205479452,629,0.1025641025641025,0.25,9.75,1.8859300476947536,0.1934287228404875,0.0007991229015655,4,39,1,1,1,0,111,10,Low-priority churn
5393,Graduation,Single,23763.0,1,0,2012-08-07,64,22,0,6,6,2,6,1,1,0,3,7,0,0,0,0,0,0,0,16,0,37,35-44,1,1,2,0,36,0,4,24.0,789,0.1666666666666666,0.25,9.0,1.5,0.1666666666666666,0.0007574801161469,4,36,2,1,1,0,211,20,Standard base
10413,Graduation,Married,72570.0,0,0,2014-04-25,67,274,83,216,151,141,224,1,4,6,12,1,0,0,0,0,0,0,0,16,0,30,25-34,0,2,2,0,865,0,22,5.358904109589041,163,0.2589595375722543,0.0454545454545454,39.31818181818182,161.4135991820041,4.105316973415133,0.0266909630726753,22,865,1,5,4,7,154,17,Critical retention
5015,Master,Married,34529.0,1,0,2012-09-14,94,68,6,38,3,6,41,2,2,2,3,7,0,0,0,0,0,0,0,18,0,38,35-44,1,2,3,0,121,0,7,24.0,751,0.3388429752066115,0.2857142857142857,17.285714285714285,5.041666666666667,0.2916666666666667,0.0017521503663587,7,121,1,2,2,2,122,12,Low-priority churn
10868,Graduation,Widow,70792.0,0,0,2013-02-06,82,344,45,654,104,11,114,2,3,4,10,3,0,0,0,0,0,0,0,16,0,63,55-64,0,1,1,0,1158,0,17,19.92328767123288,606,0.0984455958549222,0.1176470588235294,68.11764705882354,58.12293729372937,0.8532728272827282,0.0098524585761774,17,1158,1,4,5,7,145,17,Critical retention
10676,Graduation,Married,63211.0,0,0,2012-11-02,3,145,193,459,205,26,145,2,3,8,7,2,0,0,0,0,0,0,1,16,0,32,25-34,0,2,2,0,1028,0,18,23.07945205479452,702,0.1410505836575875,0.1111111111111111,57.11111111111112,44.54178537511872,0.7799145299145299,0.0084558292781545,18,1028,3,4,4,6,344,36,Champions
2495,Master,Married,83891.0,0,1,2014-06-20,24,217,38,350,111,85,15,1,4,7,10,1,0,0,0,0,0,0,0,18,0,40,35-44,1,2,3,0,801,0,21,3.517808219178082,107,0.0187265917602996,0.0476190476190476,38.142857142857146,227.69859813084116,5.969626168224299,0.0325706354384867,21,801,3,5,4,7,354,37,Champions
7842,Graduation,Single,36065.0,1,1,2013-03-31,54,18,7,34,10,2,3,3,3,0,3,8,0,0,0,0,0,0,0,16,0,46,45-54,2,1,3,0,71,0,6,18.180821917808217,553,0.0422535211267605,0.5,11.833333333333334,3.905213984327909,0.3300180831826402,0.0012993918705652,6,71,2,2,2,2,222,22,Standard base
6663,PhD,Single,51141.0,0,0,2013-07-08,96,144,0,7,0,0,6,1,3,1,4,5,0,0,0,0,0,0,0,22,0,74,65-74,0,1,1,0,151,0,8,14.926027397260274,454,0.0397350993377483,0.125,18.875,10.116556534508076,0.5359765051395007,0.0023738033752585,8,151,1,2,2,2,122,12,Low-priority churn
2162,Graduation,Married,56939.0,0,1,2013-09-18,19,256,34,103,90,29,49,2,3,3,10,3,0,0,0,0,0,0,0,16,0,38,35-44,1,2,3,0,512,0,16,12.55890410958904,382,0.095703125,0.125,32.0,40.76788830715533,1.273996509598604,0.0085919081769237,16,512,3,4,3,5,343,35,High-potential growth
3434,Graduation,Single,80872.0,0,0,2014-05-12,60,483,72,567,94,12,108,1,4,4,10,1,0,0,0,0,0,0,0,16,0,63,55-64,0,1,1,0,1228,0,18,4.8,146,0.0879478827361563,0.0555555555555555,68.22222222222223,255.83333333333331,3.75,0.0379612226728657,18,1228,2,4,5,7,245,27,High value at risk
7919,PhD,Together,72335.0,0,0,2012-08-13,2,1285,105,653,28,21,0,1,10,4,8,8,0,0,0,0,0,0,1,22,0,38,35-44,0,2,2,0,2092,0,22,24.0,783,0.0,0.0454545454545454,95.0909090909091,87.16666666666667,0.9166666666666666,0.0144604963019285,22,2092,3,5,5,8,355,38,Champions
5626,PhD,Single,61798.0,0,0,2013-11-23,13,338,4,89,11,8,13,1,4,2,9,4,0,0,0,0,0,0,0,22,0,50,45-54,0,1,1,0,450,0,15,10.389041095890413,316,0.0288888888888888,0.0666666666666666,30.0,43.31487341772152,1.4438291139240509,0.0084109272308595,15,450,3,3,3,4,333,34,Loyal
6428,PhD,Widow,76842.0,0,0,2014-05-03,37,605,10,345,84,54,32,1,1,8,7,0,0,0,0,0,0,0,0,22,0,64,55-64,0,1,1,0,1098,0,16,5.095890410958904,155,0.029143897996357,0.0625,68.625,215.46774193548387,3.139784946236559,0.0336484331905182,16,1098,2,4,4,6,244,26,High value at risk
8514,Graduation,Together,29478.0,1,0,2014-01-17,59,8,0,7,3,1,1,1,1,0,3,6,0,0,0,0,0,0,0,16,0,38,35-44,1,2,3,0,19,0,4,8.580821917808219,261,0.0526315789473684,0.25,4.75,2.2142401021711366,0.4661558109833972,0.0009013800538046,4,19,2,1,1,0,211,20,Standard base
10448,Graduation,Single,46998.0,0,1,2012-10-22,55,172,41,86,45,6,27,5,5,3,5,7,1,0,0,0,0,0,0,16,0,58,55-64,1,1,2,0,350,1,13,23.44109589041096,713,0.0771428571428571,0.3846153846153846,26.923076923076923,14.931042543244509,0.5545815801776531,0.0038123433022455,13,350,2,3,3,4,233,24,Standard base
2109,Graduation,Single,96843.0,0,0,2013-04-23,60,448,71,951,40,17,17,1,6,11,10,2,0,0,1,0,0,0,1,16,0,24,18-24,0,1,1,0,1527,1,27,17.424657534246574,530,0.0111329404060248,0.037037037037037,56.55555555555556,87.63443396226415,1.5495283018867925,0.0108589490985117,27,1527,2,5,5,8,255,28,High value at risk
8925,Master,Married,70053.0,0,1,2013-07-03,38,512,53,98,81,179,89,3,8,5,10,5,0,0,0,0,0,0,0,18,0,49,45-54,1,2,3,0,923,0,23,15.090410958904108,459,0.0964247020585048,0.1304347826086956,40.130434782608695,61.16466957153232,1.5241466957153234,0.010477439008442,23,923,2,5,4,7,254,27,High value at risk
3009,PhD,Widow,71670.0,0,0,2013-07-09,8,1462,16,128,0,0,160,1,5,3,6,6,0,1,1,0,1,0,1,22,0,52,45-54,0,1,1,0,1606,3,14,14.893150684931506,453,0.099626400996264,0.0714285714285714,114.71428571428572,107.83480500367918,0.9400294334069168,0.0180552205950069,14,1606,3,3,5,6,335,36,High-potential growth
6355,Graduation,Married,44359.0,1,1,2014-06-17,19,20,0,14,7,3,1,3,2,0,4,3,0,0,0,0,0,0,0,16,0,36,35-44,2,2,4,0,44,0,6,3.616438356164384,110,0.0227272727272727,0.5,7.333333333333333,12.166666666666668,1.6590909090909092,0.0032913275772672,6,44,3,2,2,2,322,32,Recents
3517,Graduation,Single,40887.0,1,1,2013-05-06,32,50,4,44,10,10,43,3,3,1,3,9,0,0,0,0,0,0,1,16,0,62,55-64,2,1,3,0,118,0,7,16.997260273972604,517,0.3644067796610169,0.4285714285714285,16.857142857142858,6.942295293359122,0.4118310767246937,0.0020375068730968,7,118,3,2,2,2,322,32,Recents
1158,Graduation,Divorced,48877.0,0,1,2014-01-05,27,102,1,15,2,0,24,1,3,0,4,7,0,0,0,0,0,0,0,16,0,48,45-54,1,1,2,0,120,0,7,8.975342465753425,273,0.2,0.1428571428571428,17.142857142857142,13.36996336996337,0.7799145299145299,0.0032825165300562,7,120,3,2,2,2,322,32,Recents
6203,Graduation,Together,74485.0,0,0,2013-08-24,58,499,149,815,173,49,49,1,6,7,12,3,0,0,0,0,0,0,0,16,0,67,65-74,0,2,2,0,1685,0,25,13.380821917808218,407,0.029080118694362,0.04,67.4,125.92649467649468,1.8683456183456184,0.0202875469707717,25,1685,2,5,5,8,255,28,High value at risk
7165,Graduation,Together,64474.0,0,1,2013-10-22,59,381,35,172,56,86,93,2,8,2,10,5,0,0,0,0,0,0,0,16,0,42,35-44,1,2,3,0,730,0,20,11.441095890410958,348,0.1273972602739726,0.1,36.5,63.805076628352495,1.7480842911877397,0.0118754989536903,20,730,2,4,4,6,244,26,High value at risk
3595,Graduation,Together,77226.0,0,1,2014-02-28,29,631,43,239,128,76,21,2,6,8,12,3,0,0,0,0,0,0,0,16,0,51,45-54,1,2,3,0,1117,0,26,7.199999999999999,219,0.018800358102059,0.0769230769230769,42.96153846153846,155.1388888888889,3.611111111111112,0.0241067343468089,26,1117,3,5,5,8,355,38,Champions
8537,Graduation,Widow,72643.0,0,0,2013-02-27,60,526,80,553,123,94,53,1,3,10,7,2,0,0,0,1,0,0,1,16,0,65,65-74,0,1,1,0,1376,1,20,19.232876712328768,585,0.0385174418604651,0.05,68.8,71.54415954415954,1.03988603988604,0.011818480989633,20,1376,2,4,5,7,245,27,High value at risk
4331,Master,Together,85738.0,0,0,2014-01-23,41,913,26,376,17,26,13,1,3,6,11,1,0,1,1,0,0,0,0,18,0,36,35-44,0,2,2,0,1358,2,20,8.383561643835616,255,0.0095729013254786,0.05,67.9,161.98366013071896,2.38562091503268,0.022671439986571,20,1358,2,4,5,7,245,27,High value at risk
6281,Graduation,Divorced,55686.0,0,1,2013-02-14,27,673,0,199,37,47,26,2,6,3,5,4,1,0,0,0,0,0,0,16,0,48,45-54,1,1,2,0,956,1,14,19.660273972602734,598,0.0271966527196652,0.1428571428571428,68.28571428571429,48.62597547380157,0.7120958751393535,0.0104786069332618,14,956,3,3,4,5,334,35,High-potential growth
4338,Graduation,Single,39062.0,1,0,2014-03-25,28,23,0,9,0,0,12,1,1,0,3,4,1,0,0,0,0,0,0,16,0,31,25-34,1,1,2,0,32,1,4,6.3780821917808215,194,0.375,0.25,8.0,5.017182130584192,0.627147766323024,0.0015412980791308,4,32,3,1,1,0,311,30,Recents
9507,Graduation,Married,40794.0,0,1,2013-04-07,18,261,23,73,4,23,50,2,6,3,5,7,0,0,0,0,0,0,0,16,0,39,35-44,1,2,3,0,384,0,14,17.95068493150685,546,0.1302083333333333,0.1428571428571428,27.428571428571427,21.39194139194139,0.7799145299145299,0.0062926728612858,14,384,3,3,3,4,333,34,Loyal
5117,2n Cycle,Married,32632.0,0,0,2012-08-02,32,63,151,137,153,19,53,2,4,4,8,5,0,0,0,0,0,0,0,18,0,51,45-54,0,2,2,0,523,0,16,24.0,794,0.1013384321223709,0.125,32.6875,21.791666666666668,0.6666666666666666,0.008013606276048,16,523,3,4,3,5,343,35,High-potential growth
4867,PhD,Single,38236.0,1,1,2013-09-20,2,58,0,18,2,0,10,4,3,0,4,7,0,0,0,0,0,0,0,22,0,46,45-54,2,1,3,0,78,0,7,12.493150684931509,380,0.1282051282051282,0.5714285714285714,11.142857142857142,6.243421052631579,0.5603070175438596,0.0019594375099795,7,78,3,2,2,2,322,32,Recents
9289,Graduation,Married,36781.0,1,0,2014-04-10,16,29,1,17,0,3,13,1,2,1,2,8,0,0,0,0,0,0,1,16,0,35,35-44,1,2,3,0,50,0,5,5.852054794520548,178,0.26,0.2,10.0,8.544007490636703,0.8544007490636705,0.0027875286122628,5,50,3,1,2,1,312,31,Recents
10913,Master,Single,31385.0,1,0,2012-12-05,56,3,2,12,0,1,9,1,1,0,2,8,1,0,0,0,0,0,1,18,0,30,25-34,1,1,2,0,18,1,3,21.994520547945204,669,0.5,0.3333333333333333,6.0,0.8183856502242153,0.1363976083707025,0.0003129083257189,3,18,2,1,1,0,211,20,Standard base
3032,Graduation,Married,24570.0,1,0,2013-02-27,97,28,34,62,11,14,44,3,4,0,4,9,0,0,0,0,0,0,0,16,0,30,25-34,1,2,3,0,149,0,8,19.232876712328768,585,0.2953020134228188,0.375,18.625,7.747150997150997,0.4159544159544159,0.0037837123307208,8,149,1,2,2,2,122,12,Low-priority churn
3334,Graduation,Married,94642.0,0,0,2014-02-12,35,879,143,797,106,143,143,0,5,7,9,1,0,0,1,1,0,0,0,16,0,63,55-64,0,2,2,0,2068,2,21,7.726027397260274,235,0.0691489361702127,0.0,98.47619047619048,267.6666666666667,2.7180851063829787,0.033938420574375,21,2068,2,5,5,8,255,28,High value at risk
4470,Master,Married,58646.0,0,1,2013-06-10,3,62,1,44,6,5,22,1,2,1,4,4,0,0,0,0,0,0,0,18,0,52,45-54,1,2,3,0,118,0,7,15.846575342465751,482,0.1864406779661017,0.1428571428571428,16.857142857142858,7.446403872752421,0.4417358229598893,0.0015236648104394,7,118,3,2,2,2,322,32,Recents
1406,Graduation,Single,53201.0,1,1,2013-02-12,49,280,7,81,20,0,27,8,6,3,5,7,0,0,0,0,0,0,0,16,0,39,35-44,2,1,3,0,388,0,14,19.726027397260275,600,0.0695876288659793,0.5714285714285714,27.714285714285715,19.669444444444444,0.7097222222222221,0.0044366333966153,14,388,2,3,3,4,233,24,Standard base
10821,Graduation,Married,57113.0,1,1,2013-02-06,45,182,4,33,0,2,42,6,4,1,5,7,0,0,0,0,0,0,0,16,0,36,35-44,2,2,4,0,221,0,10,19.92328767123288,606,0.1900452488687782,0.6,22.1,11.092546754675467,0.5019251925192519,0.0023306525844572,10,221,2,3,3,4,233,24,Standard base
4552,Graduation,Married,51373.0,0,0,2013-06-22,37,83,2,101,64,26,117,1,3,5,3,4,0,0,0,0,0,0,0,16,0,23,18-24,0,2,2,0,276,0,11,15.452054794520548,470,0.4239130434782608,0.0909090909090909,25.09090909090909,17.861702127659576,0.7118794326241135,0.0041722388323032,11,276,2,3,3,4,233,24,Standard base
898,Graduation,Married,23477.0,1,0,2013-10-21,39,38,15,54,3,8,29,3,3,0,4,8,0,0,0,0,0,0,0,16,0,28,25-34,1,2,3,0,118,0,7,11.473972602739726,349,0.2457627118644068,0.4285714285714285,16.857142857142858,10.28414517669532,0.6100764087870105,0.0052566231682218,7,118,2,2,2,2,222,22,Standard base
9797,Graduation,Married,58116.0,0,1,2014-04-13,38,228,19,130,4,11,51,2,3,3,8,2,0,0,0,0,0,0,0,16,0,58,55-64,1,2,3,0,392,0,14,5.753424657534247,175,0.1301020408163265,0.1428571428571428,28.0,68.13333333333334,2.4333333333333336,0.0140684148943492,14,392,2,3,3,4,233,24,Standard base
10949,PhD,Divorced,72968.0,0,0,2013-12-16,8,1092,37,592,145,37,55,1,5,5,8,3,0,0,0,1,0,0,1,22,0,51,45-54,0,1,1,0,1903,1,18,9.632876712328766,293,0.0289017341040462,0.0555555555555555,105.72222222222224,197.55261660978385,1.8686006825938568,0.032488644327889,18,1903,3,4,5,7,345,37,Champions
8212,Master,Married,39791.0,0,1,2013-03-28,89,85,15,27,13,13,21,2,3,1,4,7,0,0,0,0,0,0,0,18,0,43,35-44,1,2,3,0,153,0,8,18.27945205479452,556,0.1372549019607843,0.25,19.125,8.370053956834534,0.4376498800959233,0.0025242051590061,8,153,1,2,2,2,122,12,Low-priority churn
6248,Master,Single,91712.0,0,0,2013-10-17,47,1276,24,746,94,29,48,0,9,7,11,3,0,0,1,0,0,0,1,18,0,67,65-74,0,1,1,0,2169,1,27,11.605479452054794,353,0.0221300138312586,0.0,80.33333333333333,186.8944759206799,2.326487252124646,0.0244540922785258,27,2169,2,5,5,8,255,28,High value at risk
10164,Graduation,Single,94472.0,0,1,2014-04-03,75,1017,33,417,108,100,16,1,5,5,5,5,0,1,1,0,0,0,0,16,0,56,55-64,1,1,2,0,1675,2,15,6.082191780821917,185,0.0095522388059701,0.0666666666666666,111.66666666666669,275.3941441441441,2.466216216216216,0.0349810497261593,15,1675,1,3,5,6,135,16,Critical retention
4547,Graduation,Together,13672.0,1,1,2013-04-17,86,6,2,9,2,1,5,2,1,0,3,8,0,0,0,0,0,0,0,16,0,54,45-54,2,2,4,0,20,0,4,17.621917808219177,536,0.25,0.5,5.0,1.134950248756219,0.2269900497512438,0.0009961529392243,4,20,1,1,1,0,111,10,Low-priority churn
6815,2n Cycle,Married,96547.0,0,0,2014-05-23,4,448,21,125,52,101,62,0,7,6,8,2,1,0,1,1,0,0,1,18,0,34,25-34,0,2,2,0,747,3,21,4.438356164383562,135,0.0829986613119143,0.0,35.57142857142857,168.30555555555554,4.731481481481482,0.0209189997272485,21,747,3,5,4,7,354,37,Champions
4122,Graduation,Married,79205.0,0,0,2012-08-29,73,504,23,117,179,28,44,1,6,5,4,4,0,0,0,1,0,0,1,16,0,39,35-44,0,2,2,0,851,1,15,24.0,767,0.0517038777908343,0.0666666666666666,56.73333333333333,35.458333333333336,0.625,0.0053721355975001,15,851,1,3,4,5,134,15,Critical retention
10841,PhD,Together,56559.0,0,1,2012-12-25,46,226,22,133,41,31,31,3,4,3,8,4,0,0,0,0,0,0,0,22,0,39,35-44,1,2,3,0,453,0,15,21.336986301369866,649,0.0684326710816777,0.2,30.2,21.230739599383668,0.7030046224961479,0.0045044798386216,15,453,2,3,3,4,233,24,Standard base
5370,PhD,Married,32644.0,1,0,2013-01-16,38,239,3,141,0,7,23,4,7,1,6,8,1,0,0,0,0,0,0,22,0,41,35-44,1,2,3,0,390,1,14,20.613698630136984,627,0.0589743589743589,0.2857142857142857,27.857142857142858,18.91945773524721,0.6791600212652845,0.0069548306832179,14,390,2,3,3,4,233,24,Standard base
176,2n Cycle,Single,67506.0,0,1,2014-01-02,73,90,38,67,33,36,67,1,4,1,6,3,0,0,0,0,0,0,0,18,0,34,25-34,1,1,2,0,264,0,11,9.073972602739726,276,0.2537878787878788,0.0909090909090909,24.0,29.094202898550723,1.2122584541062802,0.0051718430181407,11,264,1,3,3,4,133,14,Low-priority churn
4860,Graduation,Single,24206.0,1,0,2013-03-08,66,7,2,8,3,2,3,1,1,0,3,6,0,0,0,0,0,0,0,16,0,44,35-44,1,1,2,0,22,0,4,18.936986301369863,576,0.1363636363636363,0.25,5.5,1.1617476851851851,0.2112268518518518,0.0005759304396522,4,22,2,1,1,0,211,20,Standard base
10757,PhD,Divorced,28420.0,1,0,2013-12-24,36,4,2,5,2,0,0,1,1,0,2,6,0,0,0,0,0,0,0,22,0,47,45-54,1,1,2,0,13,0,3,9.36986301369863,285,0.0,0.3333333333333333,4.333333333333333,1.3874269005847952,0.3201754385964912,0.0005858241663271,3,13,2,1,1,0,211,20,Standard base
4023,Graduation,Married,22979.0,1,0,2012-09-06,29,16,17,19,20,21,22,3,3,2,2,8,0,0,0,0,0,0,1,16,0,44,35-44,1,2,3,0,93,0,7,24.0,759,0.2365591397849462,0.4285714285714285,13.285714285714286,3.875,0.2916666666666667,0.0020235867531224,7,93,3,2,2,2,322,32,Recents
6679,Graduation,Single,33279.0,0,0,2014-06-12,29,10,3,3,0,0,0,1,0,0,3,3,0,0,0,0,0,0,0,16,0,48,45-54,0,1,1,0,16,0,3,3.780821917808219,115,0.0,0.3333333333333333,5.333333333333333,4.231884057971015,0.7934782608695652,0.0015259655847727,3,16,3,1,1,0,311,30,Recents
7181,Graduation,Married,30368.0,0,1,2013-11-07,97,35,0,13,2,0,2,2,2,0,3,8,0,0,0,0,0,0,0,16,0,37,35-44,1,2,3,0,50,0,5,10.915068493150685,332,0.04,0.4,10.0,4.580823293172691,0.4580823293172691,0.001810125115848,5,50,1,1,2,1,112,11,Low-priority churn
3599,Graduation,Married,63684.0,0,1,2012-11-26,61,575,80,428,208,93,80,3,8,4,8,5,0,0,0,0,0,0,0,16,0,44,35-44,1,2,3,0,1384,0,20,22.290410958904108,678,0.0578034682080924,0.15,69.2,62.08947885939037,0.8972468043264504,0.011699543783567,20,1384,2,4,5,7,245,27,High value at risk
405,Graduation,Divorced,41638.0,0,1,2013-02-13,68,315,0,31,4,0,91,4,5,5,3,8,1,0,0,0,0,0,0,16,0,50,45-54,1,1,2,0,350,1,13,19.693150684931503,599,0.26,0.3076923076923077,26.923076923076923,17.77267668336116,0.6601279910962716,0.0051220548585506,13,350,1,3,3,4,133,14,Low-priority churn
6870,PhD,Divorced,68805.0,0,1,2013-09-17,73,182,2,49,17,13,20,1,3,1,7,2,0,0,0,0,0,0,0,22,0,55,55-64,1,1,2,0,263,0,11,12.591780821917808,383,0.0760456273764258,0.0909090909090909,23.90909090909091,20.886640557006093,0.873585726718886,0.0036427539667767,11,263,1,3,3,4,133,14,Low-priority churn
832,PhD,Together,65814.0,0,1,2014-03-02,90,561,14,113,10,14,35,3,8,2,10,5,0,0,0,0,0,0,0,22,0,48,45-54,1,2,3,0,712,0,20,7.134246575342465,217,0.0491573033707865,0.15,35.6,99.80030721966206,2.803379416282642,0.018196792272707,20,712,1,4,4,6,144,16,Critical retention
2002,Graduation,Divorced,71964.0,0,0,2013-05-20,81,587,51,932,180,34,86,1,5,6,5,3,0,0,0,0,0,0,0,16,0,56,55-64,0,1,1,0,1784,0,16,16.53698630136986,503,0.0482062780269058,0.0625,111.5,107.87939032471836,0.96752816434725,0.0179888928338699,16,1784,1,4,5,7,145,17,Critical retention
3657,Graduation,Single,39146.0,1,0,2013-02-14,1,94,1,33,13,12,12,3,4,0,4,8,0,0,0,0,0,0,0,16,0,28,25-34,1,1,2,0,153,0,8,19.660273972602734,598,0.0784313725490196,0.375,19.125,7.782190635451506,0.4069119286510591,0.0023855895270377,8,153,3,2,2,2,322,32,Recents
500,Graduation,Together,96876.0,0,0,2013-08-06,79,908,43,735,40,194,21,1,7,7,9,2,0,1,1,1,0,0,1,16,0,37,35-44,0,2,2,0,1920,3,23,13.972602739726026,425,0.0109375,0.0434782608695652,83.47826086956522,137.41176470588238,1.6460784313725492,0.0170211525710246,23,1920,1,5,5,8,155,18,Critical retention
1951,Basic,Married,34445.0,0,0,2013-01-27,92,228,122,122,208,129,30,6,11,2,8,9,0,0,0,0,0,0,0,12,0,33,25-34,0,2,2,0,809,0,21,20.252054794520543,616,0.0370828182941903,0.2857142857142857,38.523809523809526,39.94656385281385,1.0369318181818183,0.0139166429448037,21,809,1,5,4,7,154,17,Critical retention
3262,Graduation,Single,68281.0,0,0,2012-08-07,31,995,112,417,42,48,41,1,2,9,13,5,0,0,0,0,0,0,1,16,0,56,55-64,0,1,1,0,1614,0,24,24.0,789,0.0254027261462205,0.0416666666666666,67.25,67.25,1.0,0.0118188075745815,24,1614,3,5,5,8,355,38,Champions
7042,Graduation,Married,36790.0,0,0,2013-03-01,14,3,3,14,15,21,10,1,2,1,2,9,0,0,0,0,0,0,1,16,0,31,25-34,0,2,2,0,56,0,5,19.16712328767123,583,0.1785714285714285,0.2,11.2,2.9216695254431104,0.260863350485992,0.0009529772847327,5,56,3,1,2,1,312,31,Recents
10598,Graduation,Together,27943.0,1,1,2013-04-15,89,12,1,16,4,1,3,3,2,0,3,8,0,0,0,0,0,0,0,16,0,47,45-54,2,2,4,0,34,0,5,17.687671232876713,538,0.088235294117647,0.6,6.8,1.9222428748451053,0.2826827757125155,0.000825498854745,5,34,1,1,1,0,111,10,Low-priority churn
255,Graduation,Divorced,22263.0,1,1,2014-03-30,31,17,0,2,0,0,2,2,1,0,3,6,0,0,0,0,0,1,0,16,0,63,55-64,2,1,3,0,19,0,4,6.213698630136986,189,0.1052631578947368,0.5,4.75,3.0577601410934747,0.6437389770723104,0.0016481660914127,4,19,3,1,1,0,311,30,Recents
2375,Graduation,Together,30261.0,1,2,2012-09-25,75,8,0,5,0,3,6,1,0,0,3,8,0,0,0,0,0,0,0,16,0,42,35-44,3,2,5,0,16,0,3,24.0,740,0.375,0.3333333333333333,5.333333333333333,0.6666666666666666,0.125,0.0002643666765804,3,16,1,1,1,0,111,10,Low-priority churn
9829,Graduation,Together,28587.0,1,0,2014-02-12,42,22,4,17,12,10,13,3,2,0,4,6,0,0,0,0,0,0,0,16,0,36,35-44,1,2,3,0,65,0,6,7.726027397260274,235,0.2,0.5,10.833333333333334,8.413120567375886,0.7765957446808511,0.0035315859239693,6,65,2,2,2,2,222,22,Standard base
6214,Master,Married,43815.0,1,0,2013-04-05,53,14,10,29,4,7,15,1,2,0,3,6,0,0,0,0,0,0,0,18,0,32,25-34,1,2,3,0,64,0,5,18.016438356164382,548,0.234375,0.2,12.8,3.5523114355231145,0.2775243309002433,0.0009729028238337,5,64,2,1,2,1,212,21,Standard base
4954,Graduation,Married,48195.0,1,1,2014-01-21,53,106,27,68,52,7,5,6,4,2,5,6,0,0,0,0,0,0,0,16,0,58,55-64,2,2,4,0,260,0,11,8.449315068493151,257,0.0192307692307692,0.5454545454545454,23.63636363636364,30.77172503242542,1.301880674448768,0.0076618051745846,11,260,2,3,3,4,233,24,Standard base
7861,Master,Married,77027.0,0,1,2014-02-05,23,820,57,242,45,0,11,2,8,3,6,4,0,0,0,0,0,0,0,18,0,62,55-64,1,2,3,0,1164,0,17,7.956164383561643,242,0.0094501718213058,0.1176470588235294,68.47058823529412,146.301652892562,2.1367079889807163,0.0227922655005484,17,1164,3,4,5,7,345,37,Champions
4837,PhD,Married,71322.0,0,1,2013-02-16,57,753,43,226,69,10,204,2,8,5,13,4,0,0,0,0,0,0,0,22,0,49,45-54,1,2,3,0,1101,0,26,19.594520547945205,596,0.1852861035422343,0.0769230769230769,42.34615384615385,56.189177852349,1.3269015659955257,0.009453887078716,26,1101,2,5,5,8,255,28,High value at risk
9423,Master,Married,32765.0,1,0,2014-02-23,49,13,3,17,7,3,3,2,2,0,4,5,0,0,0,0,0,0,0,18,0,35,35-44,1,2,3,0,43,0,6,7.364383561643836,224,0.0697674418604651,0.3333333333333333,7.166666666666667,5.838913690476191,0.8147321428571429,0.002138469839332,6,43,2,2,1,1,221,21,Standard base
153,Graduation,Divorced,23272.0,0,0,2013-10-17,29,19,3,6,4,2,12,1,1,0,3,4,0,0,0,0,0,0,0,16,0,61,55-64,0,1,1,0,34,0,4,11.605479452054794,353,0.3529411764705882,0.25,8.5,2.929650613786591,0.3446647780925401,0.0015106483054932,4,34,3,1,1,0,311,30,Recents
9323,Master,Together,49912.0,0,1,2012-09-07,5,520,8,223,32,49,42,4,10,5,7,8,1,0,0,0,0,0,1,18,0,65,65-74,1,2,3,0,832,1,22,24.0,758,0.0504807692307692,0.1818181818181818,37.81818181818182,34.666666666666664,0.9166666666666666,0.0083346690174707,22,832,3,5,4,7,354,37,Champions
10001,2n Cycle,Together,7500.0,1,0,2012-08-01,98,5,17,17,13,14,34,4,2,1,3,9,0,0,0,0,0,0,0,18,0,29,25-34,1,2,3,0,66,0,6,24.0,795,0.5151515151515151,0.6666666666666666,11.0,2.75,0.25,0.0044,6,66,1,2,2,2,122,12,Low-priority churn
3945,PhD,Widow,68117.0,0,1,2013-03-10,80,618,44,215,0,17,36,2,11,8,4,6,1,0,0,0,0,0,1,22,0,67,65-74,1,1,2,0,894,1,23,18.871232876712327,574,0.0402684563758389,0.0869565217391304,38.869565217391305,47.37369337979094,1.2187862950058073,0.0083457040174624,23,894,1,5,4,7,154,17,Critical retention
3799,Graduation,Married,67225.0,0,1,2013-11-26,4,315,35,322,46,7,143,3,7,2,11,5,0,0,0,0,0,0,0,16,0,59,55-64,1,2,3,0,725,0,20,10.29041095890411,313,0.1972413793103448,0.15,36.25,70.45394036208732,1.9435569755058573,0.0125763820653781,20,725,3,4,4,6,344,36,Champions
8625,Graduation,Married,17649.0,1,0,2013-11-12,70,15,1,23,0,5,1,3,3,0,3,8,0,0,0,0,0,0,0,16,0,38,35-44,1,2,3,0,44,0,6,10.750684931506848,327,0.0227272727272727,0.5,7.333333333333333,4.0927624872579,0.5581039755351682,0.0027827723863728,6,44,1,2,2,2,122,12,Low-priority churn
3491,Graduation,Together,55914.0,0,1,2013-04-29,32,384,60,364,119,101,232,4,11,6,8,7,0,0,0,0,0,0,0,16,0,39,35-44,1,2,3,0,1028,0,25,17.22739726027397,524,0.22568093385214,0.16,41.12,59.67239185750637,1.4511768447837152,0.0128066084038,25,1028,3,5,4,7,354,37,Champions
983,Graduation,Married,40059.0,1,0,2013-09-28,82,110,29,92,28,10,145,1,6,2,3,8,1,0,0,0,0,0,0,16,0,30,25-34,1,2,3,0,269,1,11,12.23013698630137,372,0.5390334572490706,0.0909090909090909,24.454545454545453,21.9948476702509,0.8994175627240144,0.0065887359155997,11,269,1,3,3,4,133,14,Low-priority churn
9119,Graduation,Together,60905.0,0,1,2013-12-05,27,208,17,76,36,17,38,2,3,3,7,2,0,0,0,0,0,0,0,16,0,64,55-64,1,2,3,0,354,0,13,9.994520547945204,304,0.1073446327683615,0.1538461538461538,27.23076923076923,35.41940789473684,1.3007127192982455,0.0069786207164738,13,354,3,3,3,4,333,34,Loyal
4786,Graduation,Married,75330.0,1,1,2012-10-04,94,555,82,257,93,61,61,4,10,3,12,6,0,0,0,0,0,0,0,16,0,37,35-44,2,2,4,0,1048,0,25,24.0,731,0.058206106870229,0.16,41.92,43.66666666666666,1.0416666666666667,0.0069560600026549,25,1048,1,5,4,7,154,17,Critical retention
5872,Graduation,Single,60689.0,0,1,2013-06-01,23,240,90,216,63,6,24,4,4,4,10,3,0,0,0,0,0,0,0,16,0,63,55-64,1,1,2,0,615,0,18,16.142465753424656,491,0.0390243902439024,0.2222222222222222,34.166666666666664,38.09826883910387,1.1150712830957232,0.0075331481169445,18,615,3,4,4,6,344,36,Champions
6568,Graduation,Married,38680.0,1,0,2013-03-28,97,11,0,36,15,5,12,1,2,0,3,7,0,0,0,0,0,0,0,16,0,30,25-34,1,2,3,0,67,0,5,18.27945205479452,556,0.1791044776119403,0.2,13.4,3.6653177458033577,0.273531175059952,0.0011371202934239,5,67,1,1,2,1,112,11,Low-priority churn
5628,Graduation,Together,61416.0,0,0,2013-02-08,25,848,154,323,201,61,78,1,10,3,10,6,1,0,0,0,0,0,0,16,0,32,25-34,0,2,2,0,1587,1,23,19.85753424657534,604,0.0491493383742911,0.0434782608695652,69.0,79.9192880794702,1.1582505518763797,0.0156153356935268,23,1587,3,5,5,8,355,38,Champions
5631,Graduation,Single,49767.0,0,0,2013-05-02,92,202,47,197,55,42,149,1,5,4,8,4,0,0,0,0,0,0,0,16,0,23,18-24,0,1,1,0,543,0,17,17.12876712328767,521,0.2744014732965009,0.0588235294117647,31.94117647058824,31.701055662188104,0.9924824056301984,0.0076438738108838,17,543,1,4,3,5,143,15,Low-priority churn
4974,Graduation,Single,83273.0,1,2,2012-09-25,98,433,89,650,16,102,102,10,4,6,9,7,0,0,0,0,0,0,0,16,0,44,35-44,3,1,4,0,1290,0,19,24.0,740,0.0790697674418604,0.5263157894736842,67.89473684210526,53.75,0.7916666666666666,0.0077456078200617,19,1290,1,4,5,7,145,17,Critical retention
8416,Graduation,Married,29009.0,1,0,2013-11-29,19,6,6,15,10,5,2,2,2,0,3,6,0,0,0,0,0,0,0,16,0,33,25-34,1,2,3,0,42,0,5,10.191780821917808,310,0.0476190476190476,0.4,8.4,4.120967741935484,0.4905913978494624,0.0017046989866326,5,42,3,1,1,0,311,30,Recents
5454,Master,Married,45057.0,1,0,2013-12-01,80,37,0,7,3,0,3,1,2,0,3,5,0,0,0,0,0,0,0,18,0,35,35-44,1,2,3,0,47,0,5,10.126027397260271,308,0.0638297872340425,0.2,9.4,4.641504329004329,0.4937770562770563,0.0012361686740806,5,47,1,1,2,1,112,11,Low-priority churn
4095,Graduation,Married,37150.0,1,0,2012-09-11,80,167,37,64,49,34,116,8,4,3,6,7,0,0,0,0,0,0,0,16,0,43,35-44,1,2,3,0,351,0,13,24.0,754,0.3304843304843304,0.6153846153846154,27.0,14.625,0.5416666666666666,0.0047240915208613,13,351,1,3,3,4,133,14,Low-priority churn
5474,Graduation,Single,43020.0,1,0,2013-11-30,79,45,7,99,4,25,43,3,4,1,4,6,0,0,0,0,0,0,0,16,0,44,35-44,1,1,2,0,180,0,9,10.158904109589042,309,0.2388888888888889,0.3333333333333333,20.0,17.718446601941746,0.8859223300970873,0.004942383989384,9,180,1,2,2,2,122,12,Low-priority churn
4268,Graduation,Married,53154.0,0,1,2014-06-09,50,129,0,21,0,1,7,1,3,1,4,4,0,0,0,0,0,0,0,16,0,55,55-64,1,2,3,0,151,0,8,3.8794520547945206,118,0.0463576158940397,0.125,18.875,38.923022598870055,2.062146892655367,0.0087872271359905,8,151,2,2,2,2,222,22,Standard base
10701,Graduation,Married,65308.0,0,0,2013-09-11,60,713,0,264,120,80,34,1,7,8,12,4,0,0,1,1,0,0,0,16,0,41,35-44,0,2,2,0,1177,2,27,12.789041095890411,389,0.0288870008496176,0.037037037037037,43.5925925925926,92.03191945158524,2.1111825192802054,0.0169103790258317,27,1177,2,5,5,8,255,28,High value at risk
3507,Graduation,Single,76467.0,1,0,2012-08-17,44,676,161,426,210,44,58,2,2,5,5,6,0,0,0,0,0,0,1,16,0,44,35-44,1,1,2,0,1517,0,12,24.0,779,0.038233355306526,0.1666666666666666,126.41666666666669,63.208333333333336,0.5,0.0099193115984673,12,1517,2,3,5,6,235,26,High value at risk
2079,2n Cycle,Married,81044.0,0,0,2013-12-27,0,450,26,535,73,98,26,1,5,6,10,1,0,0,0,0,0,0,0,18,0,67,65-74,0,2,2,0,1182,0,21,9.271232876712329,282,0.0219966159052453,0.0476190476190476,56.285714285714285,127.49113475177305,2.2650709219858154,0.0188773211714781,21,1182,3,5,5,8,355,38,Champions
626,Graduation,Married,32871.0,1,1,2013-03-09,28,22,2,12,0,2,5,1,1,0,3,4,0,0,0,0,0,0,0,16,0,63,55-64,2,2,4,0,38,0,4,18.90410958904109,575,0.131578947368421,0.25,9.5,2.010144927536232,0.2115942028985507,0.0007338304015829,4,38,3,1,1,0,311,30,Recents
4426,Graduation,Single,55801.0,1,1,2013-09-22,35,367,4,51,6,4,95,6,7,2,6,7,0,0,0,1,0,0,0,16,0,39,35-44,2,1,3,0,432,1,15,12.427397260273972,378,0.2199074074074074,0.4,28.8,34.761904761904766,1.207010582010582,0.0074755444730893,15,432,2,3,3,4,233,24,Standard base
2591,Graduation,Widow,76320.0,0,1,2014-06-22,49,526,35,214,69,53,35,2,6,3,4,2,0,0,0,0,0,0,0,16,0,55,55-64,1,1,2,0,897,0,13,3.452054794520548,105,0.0390189520624303,0.1538461538461538,69.0,259.8452380952381,3.765873015873016,0.0408561695118298,13,897,2,3,4,5,234,25,High value at risk
10509,Master,Single,36927.0,1,1,2014-06-02,46,51,0,16,0,0,4,2,3,0,3,8,0,0,0,0,0,0,0,18,0,59,55-64,2,1,3,0,67,0,6,4.10958904109589,125,0.0597014925373134,0.3333333333333333,11.166666666666666,16.303333333333335,1.4600000000000002,0.0052980204186638,6,67,2,2,2,2,222,22,Standard base
6382,Graduation,Together,48794.0,1,1,2014-06-26,97,25,0,11,3,0,15,1,1,0,3,4,0,0,0,0,0,0,0,16,0,61,55-64,2,2,4,0,39,0,4,3.320547945205479,101,0.3846153846153846,0.25,9.75,11.745049504950495,1.2046204620462049,0.0028884820686847,4,39,1,1,1,0,111,10,Low-priority churn
6673,Graduation,Single,23478.0,0,0,2013-03-19,51,28,6,27,12,17,39,1,3,0,3,8,0,0,0,0,0,0,0,16,0,49,45-54,0,1,1,0,90,0,6,18.575342465753423,565,0.4333333333333333,0.1666666666666666,15.0,4.845132743362832,0.3230088495575222,0.0024764286958154,6,90,2,2,2,2,222,22,Standard base
7441,Graduation,Divorced,71128.0,1,0,2012-10-06,80,958,159,447,20,0,31,3,2,10,12,7,0,0,0,0,0,0,0,16,0,41,35-44,1,1,2,0,1584,0,24,23.96712328767123,729,0.019570707070707,0.125,66.0,66.09053497942386,1.0013717421124828,0.0111501296219925,24,1584,1,5,5,8,155,18,Critical retention
10061,Graduation,Married,59462.0,0,1,2013-01-05,29,724,17,143,0,8,196,2,9,2,12,7,0,0,0,0,0,0,0,16,0,64,55-64,1,2,3,0,892,0,23,20.975342465753425,638,0.2197309417040358,0.0869565217391304,38.78260869565217,42.52612330198537,1.0965256008359456,0.0085821781915143,23,892,3,5,4,7,354,37,Champions
7187,Master,Together,45903.0,1,1,2013-05-18,52,375,42,48,94,66,96,7,4,10,4,3,0,0,0,0,0,0,0,18,0,45,45-54,2,2,4,1,625,0,18,16.602739726027398,505,0.1536,0.3888888888888889,34.72222222222222,37.64438943894389,1.084158415841584,0.0098410272371593,18,625,2,4,4,6,244,26,High value at risk
1612,PhD,Single,40842.0,1,0,2013-05-31,82,23,0,15,0,2,7,2,3,0,3,6,0,0,0,0,0,0,0,22,0,33,25-34,1,1,2,1,40,0,6,16.175342465753424,492,0.175,0.3333333333333333,6.666666666666667,2.47289972899729,0.3709349593495935,0.0007265755043329,6,40,1,2,1,1,121,11,Low-priority churn
322,Graduation,Together,42554.0,1,1,2013-01-12,93,29,1,11,0,0,0,2,2,0,3,4,0,0,0,0,0,0,0,16,0,36,35-44,2,2,4,0,41,0,5,20.745205479452054,631,0.0,0.4,8.2,1.9763602746962492,0.2410195456946645,0.0005573230083271,5,41,1,1,1,0,111,10,Low-priority churn
123,Graduation,Widow,67046.0,0,1,2013-01-06,92,544,35,133,23,151,107,2,4,5,4,2,0,0,0,0,0,0,0,16,0,63,55-64,1,1,2,0,886,0,13,20.942465753424656,637,0.1207674943566591,0.1538461538461538,68.15384615384616,42.306384092098384,0.620748299319728,0.0075720640918948,13,886,1,3,4,5,134,15,Critical retention
6103,Graduation,Married,42192.0,0,0,2013-09-06,40,40,15,15,17,6,7,1,2,1,3,4,0,0,0,0,0,0,0,16,0,66,65-74,0,2,2,0,93,0,6,12.953424657534246,394,0.075268817204301,0.1666666666666666,15.5,7.179568527918782,0.4631979695431472,0.0020419705710804,6,93,2,2,2,2,222,22,Standard base
7899,PhD,Married,77610.0,0,1,2012-10-29,70,1245,33,332,21,33,16,2,4,7,4,7,0,0,0,0,0,0,0,22,0,62,55-64,1,2,3,0,1664,0,15,23.21095890410959,706,0.0096153846153846,0.1333333333333333,110.93333333333334,71.69027384324835,0.6462464589235127,0.0110846963808656,15,1664,1,3,5,6,135,16,Critical retention
10500,Graduation,Married,31761.0,1,0,2014-04-05,96,19,1,20,16,14,28,2,3,0,4,5,0,0,0,0,0,0,0,16,0,30,25-34,1,2,3,0,70,0,7,6.016438356164383,183,0.4,0.2857142857142857,10.0,11.634790528233152,1.1634790528233152,0.0043958781631182,7,70,1,2,2,2,122,12,Low-priority churn
1655,Graduation,Together,34350.0,1,0,2013-10-19,81,16,3,15,2,1,11,1,1,0,3,7,0,0,0,0,0,0,0,16,0,35,35-44,1,2,3,0,37,0,4,11.53972602739726,351,0.2972972972972973,0.25,9.25,3.206315289648624,0.3466286799620133,0.0011201101448554,4,37,1,1,1,0,111,10,Low-priority churn
2406,Graduation,Together,54591.0,0,1,2013-08-05,63,376,4,94,12,9,24,3,6,2,8,5,0,0,0,0,0,0,0,16,0,65,65-74,1,2,3,0,495,0,16,14.005479452054796,426,0.0484848484848484,0.1875,30.9375,35.34330985915493,1.1424100156494523,0.0077690410197625,16,495,2,4,3,5,243,25,Standard base
2712,Graduation,Married,71866.0,0,1,2013-12-25,85,184,178,178,103,39,33,1,6,3,10,3,0,0,0,0,0,0,0,16,0,58,55-64,1,2,3,0,682,0,19,9.336986301369862,284,0.0483870967741935,0.0526315789473684,35.89473684210526,73.04284037558686,2.034917840375587,0.0121965057816915,19,682,1,4,4,6,144,16,Critical retention
2254,Graduation,Married,69520.0,0,0,2013-07-07,95,627,120,414,121,80,93,1,9,6,5,5,0,0,0,0,0,0,0,16,0,31,25-34,0,2,2,0,1362,0,20,14.95890410958904,455,0.0682819383259911,0.05,68.1,91.04945054945055,1.3369963369963371,0.0157162457795369,20,1362,1,4,5,7,145,17,Critical retention
10281,Graduation,Divorced,64713.0,1,0,2014-02-07,11,180,60,241,13,54,54,2,5,5,7,4,0,0,0,0,0,0,1,16,0,44,35-44,1,1,2,0,548,0,17,7.890410958904109,240,0.0985401459854014,0.1176470588235294,32.23529411764706,69.45138888888889,2.154513888888889,0.0128786591050741,17,548,3,4,3,5,343,35,High-potential growth
6958,Master,Married,27889.0,1,0,2013-07-05,42,14,0,4,0,0,8,1,1,1,2,6,0,0,0,0,0,0,0,18,0,37,35-44,1,2,3,0,18,0,4,15.024657534246575,457,0.4444444444444444,0.25,4.5,1.198030634573304,0.2662290299051787,0.0005154852312696,4,18,2,1,1,0,211,20,Standard base
954,Basic,Widow,22123.0,0,0,2014-03-27,77,3,3,24,34,7,31,1,2,1,3,5,0,0,0,0,0,0,0,12,0,54,45-54,0,1,1,0,71,0,6,6.312328767123288,192,0.4366197183098591,0.1666666666666666,11.833333333333334,11.24782986111111,0.9505208333333334,0.0061010693998704,6,71,1,2,2,2,122,12,Low-priority churn
5079,Graduation,Married,46099.0,1,1,2013-03-03,82,71,1,16,0,0,9,4,2,1,3,8,0,0,0,0,0,0,0,16,0,43,35-44,2,2,4,1,88,0,6,19.101369863013694,581,0.1022727272727272,0.6666666666666666,14.666666666666666,4.606999426276535,0.3141135972461273,0.001199244953585,6,88,1,2,2,2,122,12,Low-priority churn
10339,Master,Together,54926.0,0,1,2013-06-23,83,161,0,22,0,0,24,2,4,1,4,6,0,0,0,0,0,0,0,18,0,60,55-64,1,2,3,1,183,0,9,15.41917808219178,469,0.1311475409836065,0.2222222222222222,20.33333333333333,11.868336886993603,0.5836886993603412,0.0025929440091017,9,183,1,2,3,3,123,13,Low-priority churn
4643,Graduation,Married,27803.0,1,0,2012-08-26,40,8,26,46,38,9,49,2,3,0,4,8,0,0,0,0,0,0,0,16,0,41,35-44,1,2,3,0,127,0,7,24.0,770,0.3858267716535433,0.2857142857142857,18.142857142857142,5.291666666666667,0.2916666666666667,0.0022839261950149,7,127,2,2,2,2,222,22,Standard base
3117,Graduation,Single,60230.0,0,1,2013-10-18,95,264,0,21,12,6,147,3,6,1,5,7,0,0,0,0,0,0,0,16,0,59,55-64,1,1,2,1,303,0,12,11.572602739726028,352,0.4851485148514851,0.25,25.25,26.182528409090907,1.036931818181818,0.0052165090637405,12,303,1,3,3,4,133,14,Low-priority churn
6497,Graduation,Married,51651.0,0,1,2012-11-07,32,293,6,23,13,6,92,4,6,2,5,8,0,0,0,0,0,0,0,16,0,54,45-54,1,2,3,0,341,0,13,22.915068493150685,697,0.2697947214076246,0.3076923076923077,26.23076923076923,14.881037780966045,0.5673122907699666,0.0034572893723566,13,341,3,3,3,4,333,34,Loyal
5250,Master,Widow,49549.5,0,0,2013-10-30,75,532,126,490,164,126,126,1,5,5,11,1,0,0,1,0,0,0,1,18,0,71,65-74,0,1,1,1,1438,1,21,11.178082191780822,340,0.0876216968011126,0.0476190476190476,68.47619047619048,128.6446078431373,1.8786764705882355,0.0311554161821541,21,1438,1,5,5,8,155,18,Critical retention
2802,2n Cycle,Married,87000.0,0,0,2012-12-15,61,196,25,607,67,17,49,1,4,6,7,2,0,0,0,0,0,0,0,18,0,22,18-24,0,2,2,0,912,0,17,21.66575342465753,659,0.0537280701754386,0.0588235294117647,53.64705882352941,42.09408194233687,0.7846484572584724,0.0058060802679085,17,912,2,4,4,6,244,26,High value at risk
6343,Graduation,Married,79823.0,0,1,2014-03-31,6,835,73,380,114,73,43,1,6,9,7,2,0,1,0,0,0,0,0,16,0,55,55-64,1,2,3,0,1475,1,22,6.180821917808219,188,0.0291525423728813,0.0454545454545454,67.04545454545455,238.64140070921988,3.559397163120568,0.0358755848378366,22,1475,3,5,5,8,355,38,Champions
6507,Graduation,Single,30828.0,1,0,2013-10-04,16,16,11,15,2,0,12,2,1,1,4,3,0,0,0,0,0,0,0,16,0,34,25-34,1,1,2,0,44,0,6,12.032876712328768,366,0.2727272727272727,0.3333333333333333,7.333333333333333,3.656648451730419,0.4986338797814207,0.0014233742513547,6,44,3,2,2,2,322,32,Recents
7901,Master,Married,34109.0,0,1,2013-11-06,39,9,1,5,2,1,4,1,0,0,3,4,0,0,0,0,0,0,0,18,0,43,35-44,1,2,3,0,18,0,3,10.947945205479453,333,0.2222222222222222,0.3333333333333333,6.0,1.6441441441441442,0.274024024024024,0.0005784317842718,3,18,2,1,1,0,211,20,Standard base
4865,Master,Divorced,53367.0,1,1,2013-08-31,2,229,7,140,10,3,11,7,5,1,8,7,0,0,0,0,0,0,1,18,0,40,35-44,2,1,3,0,389,0,14,13.150684931506849,400,0.0282776349614395,0.5,27.785714285714285,29.58020833333333,1.0645833333333334,0.0066513482114415,14,389,3,3,3,4,333,34,Loyal
2686,Basic,Together,22390.0,0,0,2013-10-21,49,0,1,4,15,1,5,1,1,0,2,7,0,0,0,0,0,0,0,12,0,45,45-54,0,2,2,0,21,0,3,11.473972602739726,349,0.238095238095238,0.3333333333333333,7.0,1.8302292263610316,0.2614613180515759,0.0009809178524489,3,21,2,1,1,0,211,20,Standard base
3107,Graduation,Together,71322.0,0,1,2014-05-02,31,121,24,124,24,15,42,1,4,1,7,2,0,0,0,0,0,0,0,16,0,38,35-44,1,2,3,0,308,0,12,5.128767123287671,156,0.1363636363636363,0.0833333333333333,25.666666666666668,60.05341880341881,2.33974358974359,0.010104049600979,12,308,3,3,3,4,333,34,Loyal
7734,Graduation,Single,79244.0,0,0,2012-12-19,58,471,102,125,212,61,245,1,4,10,7,1,0,0,1,1,0,0,1,16,0,21,18-24,0,1,1,0,971,2,21,21.534246575342465,655,0.2523171987641606,0.0476190476190476,46.23809523809524,45.0909669211196,0.9751908396946566,0.0068281712565422,21,971,2,5,4,7,254,27,High value at risk
11031,PhD,Married,48699.0,1,1,2013-05-21,90,26,1,10,2,0,1,1,1,0,3,5,0,0,0,0,0,0,0,22,0,64,55-64,2,2,4,0,39,0,4,16.504109589041096,502,0.0256410256410256,0.25,9.75,2.36304780876494,0.2423638778220451,0.0005822824638119,4,39,1,1,1,0,111,10,Low-priority churn
7428,Graduation,Together,80144.0,0,0,2013-09-30,47,240,132,445,250,192,108,1,3,7,8,1,0,0,0,0,0,0,0,16,0,39,35-44,0,2,2,0,1259,0,18,12.164383561643834,370,0.0857823669579031,0.0555555555555555,69.94444444444444,103.49887387387388,1.4797297297297298,0.0154969365952097,18,1259,2,4,5,7,245,27,High value at risk
975,Graduation,Single,54252.0,1,1,2013-05-28,25,178,4,26,8,4,44,5,4,1,5,6,0,0,0,0,0,0,0,16,0,58,55-64,2,1,3,0,220,0,10,16.273972602739725,495,0.2,0.5,22.0,13.51851851851852,0.6144781144781145,0.0029901611410127,10,220,3,3,3,4,333,34,Loyal
1103,Master,Married,81929.0,1,0,2012-09-29,60,1486,55,278,49,0,185,2,4,4,10,6,1,0,1,0,0,0,1,18,0,38,35-44,1,2,3,0,1868,2,18,24.0,736,0.0990364025695931,0.1111111111111111,103.77777777777776,77.83333333333333,0.75,0.0114001147334887,18,1868,2,4,5,7,245,27,High value at risk
3422,Graduation,Married,76068.0,0,1,2012-11-29,67,1115,12,128,33,12,76,1,2,3,4,6,0,1,0,0,1,0,0,16,0,39,35-44,1,2,3,0,1300,2,9,22.191780821917806,675,0.0584615384615384,0.1111111111111111,144.44444444444446,58.580246913580254,0.4055555555555556,0.0092412441889225,9,1300,1,2,5,5,125,15,Critical retention
1055,Master,Married,53204.0,1,1,2014-03-20,40,29,0,8,2,0,6,1,1,0,3,4,0,0,0,0,0,0,0,18,0,38,35-44,2,2,4,0,39,0,4,6.542465753424657,199,0.1538461538461538,0.25,9.75,5.96105527638191,0.611390284757119,0.0013444978444587,4,39,2,1,1,0,211,20,Standard base
1241,2n Cycle,Married,14796.0,1,0,2012-09-17,1,13,3,8,7,4,16,2,1,0,3,9,0,0,0,0,0,0,1,18,0,30,25-34,1,2,3,0,35,0,4,24.0,748,0.4571428571428571,0.5,8.75,1.4583333333333333,0.1666666666666666,0.0011827520951608,4,35,3,1,1,0,311,30,Recents
2909,PhD,Married,78128.0,0,1,2014-02-19,89,934,24,230,16,24,36,2,8,4,6,3,0,1,1,0,0,0,0,22,0,40,35-44,1,2,3,0,1228,2,18,7.495890410958903,228,0.0293159609120521,0.1111111111111111,68.22222222222223,163.8230994152047,2.4013157894736845,0.0251622618393208,18,1228,1,4,5,7,145,17,Critical retention
5802,Basic,Married,14188.0,0,0,2013-02-28,40,2,7,11,16,12,27,1,2,0,4,6,0,0,0,0,0,0,0,12,0,42,35-44,0,2,2,0,48,0,6,19.2,584,0.5625,0.1666666666666666,8.0,2.5,0.3125,0.0021144629264166,6,48,2,2,2,2,222,22,Standard base
340,Graduation,Divorced,72967.0,0,1,2012-12-15,1,158,35,179,0,0,125,2,7,2,8,5,1,0,0,0,0,0,1,16,0,44,35-44,1,1,2,0,372,1,17,21.66575342465753,659,0.336021505376344,0.1176470588235294,21.88235294117647,17.169954476479514,0.7846484572584724,0.0028237347529397,17,372,3,4,3,5,343,35,High-potential growth
5991,Master,Married,48150.0,0,1,2013-06-08,24,173,2,39,3,2,47,3,5,1,4,7,0,0,0,0,0,0,0,18,0,65,65-74,1,2,3,0,219,0,10,15.912328767123286,484,0.2146118721461187,0.3,21.9,13.762913223140496,0.6284435261707989,0.0034300095260163,10,219,3,3,3,4,333,34,Loyal
3104,Graduation,Single,82332.0,0,0,2012-09-17,89,830,59,968,51,79,19,1,5,3,12,2,0,0,1,0,0,0,1,16,0,53,45-54,0,1,1,0,1987,1,20,24.0,748,0.0095621540010065,0.05,99.35,82.79166666666667,0.8333333333333334,0.0120669970363892,20,1987,1,4,5,7,145,17,Critical retention
9729,Graduation,Widow,58275.0,1,1,2013-06-02,48,189,10,253,56,43,64,6,8,2,7,7,0,0,0,0,0,0,0,16,0,59,55-64,2,1,3,0,551,0,17,16.10958904109589,490,0.1161524500907441,0.3529411764705882,32.411764705882355,34.203231292517,1.0552721088435373,0.0070431364308915,17,551,2,4,3,5,243,25,Standard base
1008,PhD,Together,44953.0,0,0,2012-12-21,31,728,17,133,11,8,124,1,7,3,13,6,1,0,0,0,0,0,0,22,0,33,25-34,0,2,2,0,897,1,23,21.46849315068493,653,0.1382385730211817,0.0434782608695652,39.0,41.78215926493109,1.0713374170495151,0.0111535584094314,23,897,3,5,4,7,354,37,Champions
11091,Graduation,Together,34587.0,1,1,2014-05-16,68,7,2,9,2,0,2,2,1,0,3,4,0,0,0,0,0,0,0,16,0,61,55-64,2,2,4,0,20,0,4,4.668493150684931,142,0.1,0.5,5.0,4.284037558685447,0.8568075117370892,0.0014863518288439,4,20,1,1,1,0,111,10,Low-priority churn
3969,Master,Together,43018.0,0,1,2013-11-01,46,35,4,17,7,6,64,1,2,2,2,5,0,0,0,0,0,0,0,18,0,40,35-44,1,2,3,0,69,0,6,11.112328767123287,338,0.927536231884058,0.1666666666666666,11.5,6.209319526627219,0.5399408284023669,0.0017321082876825,6,69,2,2,2,2,222,22,Standard base
1916,Master,Married,45736.0,0,1,2013-07-24,92,188,3,180,20,3,43,5,7,1,6,7,0,0,0,0,0,0,0,18,0,60,55-64,1,2,3,0,394,0,14,14.4,438,0.1091370558375634,0.3571428571428571,28.142857142857142,27.361111111111114,0.9722222222222224,0.0071788816978601,14,394,1,3,3,4,133,14,Low-priority churn
9907,Master,Together,66476.0,0,1,2013-12-04,80,742,28,152,25,9,57,2,6,8,10,4,0,0,0,0,0,0,0,18,0,45,45-54,1,2,3,0,956,0,24,10.027397260273972,305,0.0596234309623431,0.0833333333333333,39.833333333333336,95.33879781420764,2.39344262295082,0.0172102047922632,24,956,1,5,4,7,154,17,Critical retention
87,2n Cycle,Married,27733.0,1,0,2013-08-26,16,0,7,5,26,2,17,2,2,0,3,7,0,0,0,0,0,0,0,18,0,33,25-34,1,2,3,0,40,0,5,13.315068493150685,405,0.425,0.4,8.0,3.0041152263374484,0.375514403292181,0.0012998731733331,5,40,3,1,1,0,311,30,Recents
8659,PhD,Together,69805.0,0,1,2014-01-21,50,750,71,174,13,10,20,2,6,8,11,2,0,0,0,0,0,0,0,22,0,62,55-64,1,2,3,0,1018,0,25,8.449315068493151,257,0.0196463654223968,0.08,40.72,120.48313878080414,2.9588197146562902,0.0207119499372487,25,1018,2,5,4,7,254,27,High value at risk
6262,Master,Single,72217.0,0,0,2013-04-10,93,816,42,450,55,56,154,1,3,10,8,2,0,0,0,0,0,0,0,18,0,52,45-54,0,1,1,0,1419,0,21,17.852054794520548,543,0.1085271317829457,0.0476190476190476,67.57142857142857,79.4866482504604,1.1763351749539597,0.0132079673623319,21,1419,1,5,5,8,155,18,Critical retention
6147,Graduation,Divorced,25818.0,1,0,2012-10-18,51,5,2,8,2,2,9,1,0,1,2,7,0,0,0,0,0,0,0,16,0,43,35-44,1,1,2,0,19,0,3,23.572602739726022,717,0.4736842105263157,0.3333333333333333,6.333333333333333,0.8060204556020456,0.1272663877266387,0.0003746318640957,3,19,2,1,1,0,211,20,Standard base
8832,Master,Together,37509.0,1,0,2012-09-12,24,37,5,56,12,8,5,2,3,0,4,7,0,0,0,0,0,0,0,18,0,38,35-44,1,2,3,0,118,0,7,24.0,753,0.0423728813559322,0.2857142857142857,16.857142857142858,4.916666666666667,0.2916666666666667,0.0015729558239355,7,118,3,2,2,2,322,32,Recents
10067,2n Cycle,Together,25176.0,1,1,2013-08-10,79,4,0,4,0,0,5,1,1,0,2,7,0,0,0,0,0,0,0,18,0,38,35-44,2,2,4,0,8,0,3,13.841095890410958,421,0.625,0.3333333333333333,2.6666666666666665,0.5779889152810768,0.2167458432304038,0.0002754951931749,3,8,1,1,1,0,111,10,Low-priority churn
7532,Graduation,Married,43586.0,0,1,2012-08-30,26,99,2,11,4,0,16,3,3,0,4,8,0,0,0,0,0,0,0,16,0,34,25-34,1,2,3,0,116,0,7,24.0,766,0.1379310344827586,0.4285714285714285,16.571428571428573,4.833333333333333,0.2916666666666667,0.0013307025191575,7,116,3,2,2,2,322,32,Recents
4915,2n Cycle,Married,53230.0,0,1,2012-08-03,86,176,72,98,136,21,229,4,5,2,12,5,0,0,0,0,0,0,0,18,0,58,55-64,1,2,3,0,503,0,19,24.0,793,0.4552683896620278,0.2105263157894736,26.473684210526315,20.95833333333333,0.7916666666666666,0.0047247792598158,19,503,1,4,3,5,143,15,Low-priority churn
2115,Graduation,Together,50116.0,1,1,2014-06-20,68,54,0,10,0,0,2,2,1,0,4,5,0,1,0,0,0,0,0,16,0,57,55-64,2,2,4,0,64,1,5,3.517808219178082,107,0.03125,0.4,12.8,18.193146417445483,1.4213395638629285,0.0043562486433343,5,64,1,1,2,1,112,11,Low-priority churn
6292,PhD,Married,82333.0,0,0,2013-03-30,60,1311,0,359,46,89,17,1,4,3,10,2,0,0,1,0,0,0,1,22,0,28,25-34,0,2,2,0,1805,1,17,18.213698630136985,554,0.0094182825484764,0.0588235294117647,106.17647058823528,99.10123345367028,0.9333634175691938,0.014443962948563,17,1805,2,4,5,7,245,27,High value at risk
1631,PhD,Together,65220.0,0,0,2012-09-03,3,890,63,292,0,25,12,4,8,4,7,6,0,0,0,0,0,0,1,22,0,49,45-54,0,2,2,0,1270,0,19,24.0,762,0.0094488188976377,0.2105263157894736,66.84210526315789,52.91666666666666,0.7916666666666666,0.009736277215578,19,1270,3,4,5,7,345,37,Champions
10104,Graduation,Together,33590.0,2,1,2013-11-03,65,4,0,2,0,0,2,1,1,0,2,7,0,0,0,0,0,0,0,16,0,40,35-44,3,2,5,0,6,0,3,11.046575342465752,336,0.3333333333333333,0.3333333333333333,2.0,0.543154761904762,0.271577380952381,0.0001940415940118,3,6,2,1,1,0,211,20,Standard base
3919,Master,Single,72309.0,0,0,2013-03-11,64,960,0,883,50,38,0,1,5,6,8,3,0,0,0,1,0,0,1,18,0,38,35-44,0,1,1,0,1931,1,19,18.83835616438356,573,0.0,0.0526315789473684,101.63157894736842,102.50363583478766,1.0085805700988948,0.0170109340471788,19,1931,2,4,5,7,245,27,High value at risk
642,Basic,Married,16005.0,1,0,2012-08-14,69,1,3,2,20,30,47,3,2,1,2,8,0,0,0,0,0,0,0,12,0,34,25-34,1,2,3,0,56,0,5,24.0,782,0.8392857142857143,0.6,11.2,2.333333333333333,0.2083333333333333,0.001749453295845,5,56,1,1,2,1,112,11,Low-priority churn
4369,Master,Single,65487.0,0,0,2014-01-10,48,240,67,500,199,0,163,3,3,5,6,2,0,0,0,0,0,0,0,18,0,57,55-64,0,1,1,0,1006,0,14,8.810958904109588,268,0.162027833001988,0.2142857142857142,71.85714285714286,114.17599502487565,1.5889303482587065,0.0209218919831189,14,1006,2,3,4,5,234,25,High value at risk
10127,Graduation,Married,58692.0,0,1,2014-04-06,21,301,11,61,4,7,11,1,8,2,4,7,0,0,0,0,0,0,0,16,0,49,45-54,1,2,3,0,384,0,14,5.983561643835616,182,0.0286458333333333,0.0714285714285714,27.428571428571427,64.17582417582418,2.33974358974359,0.0131212071510578,14,384,3,3,3,4,333,34,Loyal
271,Graduation,Widow,40590.0,1,1,2013-10-02,30,154,0,50,6,11,37,5,3,4,3,6,1,0,0,0,0,0,0,16,0,45,45-54,2,1,3,0,221,1,10,12.0986301369863,368,0.167420814479638,0.5,22.1,18.26653079710145,0.8265398550724637,0.0054003047441541,10,221,3,3,3,4,333,34,Loyal
2948,Master,Divorced,62637.0,0,1,2014-03-01,76,104,12,48,4,12,5,1,2,2,5,2,0,0,0,0,0,0,0,18,0,60,55-64,1,1,2,0,180,0,9,7.167123287671233,218,0.0277777777777777,0.1111111111111111,20.0,25.11467889908257,1.2557339449541285,0.0048114716028703,9,180,1,2,2,2,122,12,Low-priority churn
2715,Master,Divorced,29435.0,1,1,2012-08-06,11,70,3,37,4,2,64,4,3,2,2,9,0,0,0,0,0,0,1,18,0,48,45-54,2,1,3,0,116,0,7,24.0,790,0.5517241379310345,0.5714285714285714,16.571428571428573,4.833333333333333,0.2916666666666667,0.0019704433497536,7,116,3,2,2,2,322,32,Recents
10432,Graduation,Divorced,19346.0,1,0,2014-01-30,26,2,0,9,3,6,2,1,1,0,3,8,0,0,0,0,0,0,0,16,0,40,35-44,1,1,2,0,20,0,4,8.153424657534247,248,0.1,0.25,5.0,2.4529569892473115,0.4905913978494624,0.0015215281645284,4,20,3,1,1,0,311,30,Recents
9216,Graduation,Married,35788.0,1,1,2014-01-23,34,23,2,11,3,1,4,2,2,0,3,6,0,0,0,0,0,0,0,16,0,43,35-44,2,2,4,0,40,0,5,8.383561643835616,255,0.1,0.4,8.0,4.771241830065359,0.5964052287581699,0.0015998351950593,5,40,2,1,1,0,211,20,Standard base
7124,Graduation,Divorced,36997.0,1,1,2013-02-01,72,43,4,12,8,0,27,5,2,1,4,5,0,0,0,0,0,0,0,16,0,46,45-54,2,1,3,0,67,0,7,20.087671232876712,611,0.4029850746268656,0.7142857142857143,9.571428571428571,3.335379159847245,0.3484724495362793,0.001081832308516,7,67,1,2,2,2,122,12,Low-priority churn
9727,Graduation,Married,23539.0,0,0,2014-02-28,13,4,24,11,16,1,25,1,2,0,4,6,0,0,0,0,0,0,0,16,0,57,55-64,0,2,2,0,56,0,6,7.199999999999999,219,0.4464285714285714,0.1666666666666666,9.333333333333334,7.777777777777779,0.8333333333333334,0.0039650509084214,6,56,3,2,2,2,322,32,Recents
5136,Graduation,Single,65333.0,0,1,2014-01-17,58,654,7,92,0,15,30,7,9,4,8,6,0,1,1,0,0,0,0,16,0,41,35-44,1,1,2,0,768,2,21,8.580821917808219,261,0.0390625,0.3333333333333333,36.57142857142857,89.50191570881226,2.447318007662836,0.0164392112486147,21,768,2,5,4,7,254,27,High value at risk
9790,Graduation,Single,78499.0,0,0,2013-11-23,12,912,72,170,47,36,97,1,11,3,4,4,0,0,1,0,0,0,1,16,0,57,55-64,0,1,1,0,1237,1,18,10.389041095890413,316,0.078415521422797,0.0555555555555555,68.72222222222223,119.06777426160338,1.7325949367088609,0.0182016750676981,18,1237,3,4,5,7,345,37,Champions
1818,PhD,Together,29732.0,1,0,2014-03-25,23,25,0,8,0,1,4,1,2,0,2,9,0,0,0,0,0,0,0,22,0,43,35-44,1,2,3,0,34,0,4,6.3780821917808215,194,0.1176470588235294,0.25,8.5,5.330756013745705,0.627147766323024,0.0021515226747258,4,34,3,1,1,0,311,30,Recents
1100,Master,Together,41275.0,1,2,2014-03-24,33,24,4,22,0,2,9,4,3,1,3,5,0,0,0,0,0,0,0,18,0,54,45-54,3,2,5,0,52,0,7,6.410958904109589,195,0.173076923076923,0.5714285714285714,7.428571428571429,8.11111111111111,1.091880341880342,0.0023581667676155,7,52,2,2,2,2,222,22,Standard base
7873,PhD,Together,63516.0,1,1,2013-07-06,30,141,11,114,15,14,5,4,4,1,7,5,0,0,0,0,0,0,0,22,0,41,35-44,2,2,4,0,295,0,12,14.991780821917809,456,0.0169491525423728,0.3333333333333333,24.58333333333333,19.67744883040936,0.8004385964912282,0.0037176362800697,12,295,3,3,3,4,333,34,Loyal
10609,PhD,Married,42769.0,0,1,2013-10-12,15,71,0,13,3,1,0,2,1,1,4,4,0,0,0,0,0,0,0,22,0,52,45-54,1,2,3,0,88,0,6,11.769863013698629,358,0.0,0.3333333333333333,14.666666666666666,7.476722532588455,0.5097765363128492,0.0020977967778311,6,88,3,2,2,2,322,32,Recents
6950,Master,Married,49572.0,1,1,2013-12-15,25,35,1,16,0,1,1,2,2,0,3,7,0,0,0,0,0,0,0,18,0,56,55-64,2,2,4,0,53,0,5,9.665753424657536,294,0.0188679245283018,0.4,10.6,5.48327664399093,0.5172902494331065,0.0013273484976981,5,53,3,1,2,1,312,31,Recents
7233,Graduation,Married,69209.0,0,0,2012-09-17,4,496,32,849,229,48,128,2,5,3,6,4,0,0,0,1,0,0,0,16,0,42,35-44,0,2,2,0,1654,1,14,24.0,748,0.0773881499395405,0.1428571428571428,118.14285714285714,68.91666666666667,0.5833333333333334,0.0119493129506278,14,1654,3,3,5,6,335,36,High-potential growth
9481,Graduation,Married,17148.0,1,0,2014-01-28,80,9,9,11,13,10,16,4,3,1,3,8,0,0,0,0,0,0,0,16,0,38,35-44,1,2,3,0,52,0,7,8.21917808219178,250,0.3076923076923077,0.5714285714285714,7.428571428571429,6.326666666666667,0.8516666666666668,0.0044273384651271,7,52,1,2,2,2,122,12,Low-priority churn
8933,2n Cycle,Married,32146.0,1,0,2014-05-12,16,26,3,23,4,7,3,2,2,0,4,6,0,0,0,0,0,0,0,18,0,31,25-34,1,2,3,0,63,0,6,4.8,146,0.0476190476190476,0.3333333333333333,10.5,13.125,1.25,0.0048995209357307,6,63,3,2,2,2,322,32,Recents
8726,2n Cycle,Divorced,41713.0,1,1,2014-04-29,57,77,8,44,10,10,25,5,3,1,4,6,0,0,0,0,0,0,0,18,0,50,45-54,2,1,3,0,149,0,8,5.227397260273972,159,0.1677852348993288,0.625,18.625,28.503668763102727,1.5303983228511533,0.0081999382724146,8,149,2,2,2,2,222,22,Standard base
1515,Master,Together,34176.0,0,1,2014-01-22,9,11,2,7,4,2,2,1,1,0,3,3,0,0,0,0,0,0,0,18,0,39,35-44,1,2,3,0,26,0,4,8.416438356164383,256,0.0769230769230769,0.25,6.5,3.089192708333333,0.4752604166666667,0.0010846884509597,4,26,3,1,1,0,311,30,Recents
5186,PhD,Married,58482.0,0,1,2014-03-12,59,576,7,115,19,7,7,2,7,4,9,6,0,1,0,0,0,0,0,22,0,59,55-64,1,2,3,0,724,1,20,6.8054794520547945,207,0.0096685082872928,0.1,36.2,106.38486312399355,2.9388083735909825,0.0218292527185787,20,724,2,4,4,6,244,26,High value at risk
10157,Graduation,Single,59686.0,0,1,2014-01-25,78,89,15,89,34,42,5,1,4,1,6,4,0,0,0,0,0,0,0,16,0,49,45-54,1,1,2,0,269,0,11,8.317808219178081,253,0.0185873605947955,0.0909090909090909,24.454545454545453,32.340250329380765,1.322463768115942,0.0065020776053441,11,269,1,3,3,4,133,14,Low-priority churn
5667,PhD,Married,60896.0,0,1,2012-10-11,90,1013,30,399,60,46,153,3,9,10,4,6,0,0,0,0,0,0,1,22,0,50,45-54,1,2,3,0,1548,0,23,23.8027397260274,724,0.0988372093023255,0.1304347826086956,67.30434782608695,65.03453038674033,0.9662753222836096,0.0128155275328573,23,1548,1,5,5,8,155,18,Critical retention
902,Graduation,Together,62994.0,1,0,2014-03-04,74,224,12,48,4,12,12,1,6,2,4,6,0,0,0,0,0,0,0,16,0,34,25-34,1,2,3,0,300,0,12,7.068493150684931,215,0.04,0.0833333333333333,25.0,42.44186046511628,1.6976744186046513,0.0080849338918213,12,300,1,3,3,4,133,14,Low-priority churn
977,Graduation,Together,47320.0,0,1,2013-08-01,10,200,19,111,50,15,19,6,5,1,8,6,0,0,0,0,0,0,0,16,0,57,55-64,1,2,3,0,395,0,14,14.136986301369864,430,0.0481012658227848,0.4285714285714285,28.214285714285715,27.940891472868216,0.9903100775193798,0.0070856022331872,14,395,3,3,3,4,333,34,Loyal
7313,2n Cycle,Widow,74859.0,0,0,2013-06-03,63,570,73,614,133,102,73,1,6,5,11,3,0,0,0,1,0,0,0,18,0,65,65-74,0,1,1,0,1492,1,22,16.076712328767123,489,0.0489276139410187,0.0454545454545454,67.81818181818181,92.8050443081118,1.3684389911383776,0.0148767754271008,22,1492,2,5,5,8,255,28,High value at risk
7600,Basic,Single,15253.0,1,0,2013-10-28,13,1,3,3,8,1,13,2,1,0,3,7,0,0,0,0,0,0,0,12,0,22,18-24,1,1,2,0,16,0,4,11.243835616438355,342,0.8125,0.5,4.0,1.4230019493177388,0.3557504873294347,0.0011195190055604,4,16,3,1,1,0,311,30,Recents
9706,PhD,Single,31560.0,1,0,2013-06-24,98,62,1,20,4,0,7,2,2,1,3,8,0,0,0,0,0,0,0,22,0,40,35-44,1,1,2,0,87,0,6,15.386301369863013,468,0.0804597701149425,0.3333333333333333,14.5,5.654380341880342,0.3899572649572649,0.002149954502616,6,87,1,2,2,2,122,12,Low-priority churn
3520,Master,Single,91172.0,0,0,2013-03-27,94,162,28,818,0,28,56,0,4,3,7,3,1,0,1,1,1,0,1,18,0,24,18-24,0,1,1,0,1036,4,14,18.312328767123287,557,0.054054054054054,0.0,74.0,56.573907839617,0.7645122681029324,0.0074462213626486,14,1036,1,3,4,5,134,15,Critical retention
10394,Graduation,Married,90000.0,0,0,2013-12-23,91,675,144,133,94,192,241,1,4,8,5,1,1,0,1,1,0,0,0,16,0,30,25-34,0,2,2,0,1238,3,17,9.402739726027397,286,0.1946688206785137,0.0588235294117647,72.82352941176471,131.66375291375292,1.807983682983683,0.017555167055167,17,1238,1,4,5,7,145,17,Critical retention
4548,Graduation,Single,41967.0,1,1,2013-11-23,66,23,4,10,0,2,15,1,1,0,3,4,0,0,0,0,0,0,0,16,0,33,25-34,2,1,3,0,39,0,4,10.389041095890413,316,0.3846153846153846,0.25,9.75,3.753955696202532,0.3850210970464135,0.0010734021577532,4,39,2,1,1,0,211,20,Standard base
9362,Graduation,Single,69263.0,0,1,2014-03-05,14,492,5,32,13,5,21,1,9,1,7,6,0,1,0,0,0,0,0,16,0,49,45-54,1,1,2,0,547,1,17,7.035616438356164,214,0.0383912248628884,0.0588235294117647,32.1764705882353,77.74727414330219,2.4162772585669785,0.0134699231872663,17,547,3,4,3,5,343,35,High-potential growth
3968,2n Cycle,Divorced,65706.0,0,0,2013-06-28,77,918,10,129,13,0,129,1,11,3,12,7,0,1,1,0,1,0,1,18,0,44,35-44,0,1,1,0,1070,3,26,15.254794520547945,464,0.1205607476635514,0.0384615384615384,41.15384615384615,70.14188218390805,1.704382183908046,0.0128101328068501,26,1070,1,5,4,7,154,17,Critical retention
4084,Graduation,Together,60934.0,0,1,2014-01-17,41,224,155,155,192,93,54,2,6,4,11,4,0,0,0,0,0,0,0,16,0,39,35-44,1,2,3,0,819,0,21,8.580821917808219,261,0.0659340659340659,0.0952380952380952,39.0,95.44540229885058,2.447318007662836,0.0187964818916566,21,819,2,5,4,7,254,27,High value at risk
6721,Graduation,Married,71965.0,0,1,2013-07-29,21,572,19,286,50,38,248,3,6,3,5,3,0,0,0,0,0,0,0,16,0,63,55-64,1,2,3,0,965,0,14,14.235616438356164,433,0.2569948186528497,0.2142857142857142,68.92857142857143,67.78772132409546,0.983448806774442,0.0113034482858215,14,965,3,3,4,5,334,35,High-potential growth
2829,Graduation,Married,65210.0,0,1,2014-03-10,25,626,0,70,0,7,28,2,9,3,8,6,0,1,0,1,0,0,0,16,0,59,55-64,1,2,3,0,703,2,20,6.8712328767123285,209,0.0398293029871977,0.1,35.15,102.31060606060606,2.910685805422648,0.0188272852741492,20,703,3,4,4,6,344,36,Champions
1772,PhD,Married,79174.0,0,0,2013-01-11,2,1074,37,518,193,92,129,1,5,6,7,2,0,0,1,1,0,0,1,22,0,39,35-44,0,2,2,0,1914,2,18,20.778082191780825,632,0.067398119122257,0.0555555555555555,106.33333333333331,92.11629746835445,0.8662974683544303,0.0139615981208509,18,1914,3,4,5,7,345,37,Champions
1544,Master,Divorced,81380.0,0,0,2012-12-22,51,741,68,689,224,68,103,1,4,2,10,2,0,0,0,0,0,0,0,18,0,47,45-54,0,1,1,0,1790,0,16,21.435616438356163,652,0.0575418994413407,0.0625,111.875,83.50587934560328,0.7464212678936606,0.0123134744672799,16,1790,2,4,5,7,245,27,High value at risk
4377,Graduation,Married,52914.0,0,1,2013-01-07,32,254,10,44,30,10,227,2,7,3,3,7,1,0,0,0,0,0,0,16,0,43,35-44,1,2,3,0,348,1,13,20.909589041095888,636,0.6522988505747126,0.1538461538461538,26.76923076923077,16.64308176100629,0.621724318658281,0.0037743693754408,13,348,3,3,3,4,333,34,Loyal
1321,Graduation,Married,26067.0,1,0,2013-11-04,49,22,2,18,0,2,12,3,3,0,3,8,0,0,0,0,0,0,0,16,0,40,35-44,1,2,3,0,44,0,6,11.013698630136986,335,0.2727272727272727,0.5,7.333333333333333,3.995024875621891,0.5447761194029851,0.0018391183683378,6,44,2,2,2,2,222,22,Standard base
8858,PhD,Married,44325.0,0,1,2013-03-07,69,516,0,21,0,0,5,4,8,2,7,8,0,1,0,0,0,0,0,22,0,42,35-44,1,2,3,0,537,1,17,18.969863013698628,577,0.0093109869646182,0.2352941176470588,31.58823529411765,28.308058925476605,0.8961582900057771,0.0076637722979293,17,537,1,4,3,5,143,15,Low-priority churn
11187,Basic,Single,26487.0,1,0,2013-05-20,23,2,8,10,12,14,23,3,2,1,3,5,0,0,0,0,0,0,0,12,0,36,35-44,1,1,2,0,46,0,6,16.53698630136986,503,0.5,0.5,7.666666666666667,2.7816434724983434,0.3628230616302187,0.0012602303647064,6,46,3,2,2,2,322,32,Recents
8207,2n Cycle,Married,53233.0,0,1,2014-03-18,18,28,0,9,3,0,0,1,1,0,3,4,0,0,0,0,0,0,0,18,0,57,55-64,1,2,3,0,40,0,4,6.608219178082192,201,0.0,0.25,10.0,6.053067993366501,0.6053067993366501,0.0013645072778238,4,40,3,1,1,0,311,30,Recents
9723,Graduation,Married,67716.0,0,1,2013-01-10,8,530,142,217,62,9,56,4,7,4,13,5,0,1,0,0,0,0,0,16,0,54,45-54,1,2,3,0,960,1,24,20.810958904109587,633,0.0583333333333333,0.1666666666666666,40.0,46.12954186413903,1.1532385466034756,0.0081746485670988,24,960,3,5,4,7,354,37,Champions
2666,Master,Married,76234.0,0,1,2014-02-06,21,519,50,167,130,0,41,1,8,3,11,3,0,1,0,0,0,0,0,18,0,42,35-44,1,2,3,0,866,1,22,7.923287671232877,241,0.0473441108545034,0.0454545454545454,39.36363636363637,109.29806362378976,2.776625172890733,0.0172046168833522,22,866,3,5,4,7,354,37,Champions
5721,PhD,Married,84117.0,0,0,2014-05-11,60,611,76,749,59,45,26,1,7,10,6,2,0,0,1,0,0,0,0,22,0,58,55-64,0,2,2,0,1540,1,23,4.832876712328767,147,0.0168831168831168,0.0434782608695652,66.95652173913044,318.6507936507936,4.75907029478458,0.0454582251365303,23,1540,2,5,5,8,255,28,High value at risk
10652,Master,Together,65487.0,0,0,2014-01-10,48,240,67,500,199,0,163,3,3,5,6,2,0,0,0,0,0,0,0,18,0,57,55-64,0,2,2,0,1006,0,14,8.810958904109588,268,0.162027833001988,0.2142857142857142,71.85714285714286,114.17599502487565,1.5889303482587065,0.0209218919831189,14,1006,2,3,4,5,234,25,High value at risk
1646,Basic,Married,25224.0,1,0,2014-03-16,36,4,9,12,11,2,8,2,1,1,3,3,0,0,0,0,0,0,0,12,0,42,35-44,1,2,3,0,38,0,5,6.673972602739726,203,0.2105263157894736,0.4,7.6,5.69376026272578,0.7491789819376027,0.0027087346635232,5,38,2,1,1,0,211,20,Standard base
4418,Master,Single,89616.0,0,0,2013-02-25,36,671,47,655,145,111,15,1,7,5,12,2,0,0,0,0,0,0,1,18,0,31,25-34,0,1,1,0,1629,0,24,19.2986301369863,587,0.009208103130755,0.0416666666666666,67.875,84.41013628620102,1.243611584327087,0.0113029105900108,24,1629,2,5,5,8,255,28,High value at risk
2656,Graduation,Divorced,40851.0,1,1,2013-02-21,63,23,1,7,0,4,24,1,1,1,2,7,0,0,0,0,0,0,0,16,0,43,35-44,2,1,3,0,35,0,4,19.43013698630137,591,0.6857142857142857,0.25,8.75,1.8013254371122391,0.2058657642413987,0.0005291401739332,4,35,2,1,1,0,211,20,Standard base
7990,Graduation,Married,27469.0,0,0,2012-08-02,2,9,1,2,3,2,0,1,0,0,3,6,0,0,0,0,0,0,0,16,0,67,65-74,0,2,2,0,17,0,3,24.0,794,0.0,0.3333333333333333,5.666666666666667,0.7083333333333334,0.125,0.0003094397320615,3,17,3,1,1,0,311,30,Recents
7118,Graduation,Married,73803.0,0,1,2012-08-01,61,833,80,363,52,26,174,2,9,5,6,6,1,0,0,0,0,0,1,16,0,57,55-64,1,2,3,0,1354,1,20,24.0,795,0.1285081240768094,0.1,67.7,56.41666666666666,0.8333333333333334,0.0091730688454398,20,1354,2,4,5,7,245,27,High value at risk
2980,Master,Single,8820.0,1,1,2013-03-22,52,12,0,13,4,2,4,4,3,0,3,8,0,0,0,0,0,0,0,18,0,62,55-64,2,1,3,0,31,0,6,18.47671232876712,562,0.1290322580645161,0.6666666666666666,5.166666666666667,1.677787663107948,0.3247330960854093,0.0022827043035482,6,31,2,2,1,1,221,21,Standard base
1839,Graduation,Single,43322.0,0,0,2014-04-21,25,56,7,48,10,2,18,1,3,0,4,7,0,0,0,0,0,0,0,16,0,40,35-44,0,1,1,0,123,0,7,5.49041095890411,167,0.1463414634146341,0.1428571428571428,17.571428571428573,22.402694610778443,1.274950099800399,0.0062054460858072,7,123,3,2,2,2,322,32,Recents
10722,Graduation,Together,55593.0,0,1,2013-08-21,63,293,8,124,11,4,106,2,6,6,3,6,1,0,0,0,0,0,0,16,0,41,35-44,1,2,3,0,440,1,15,13.47945205479452,410,0.2409090909090909,0.1333333333333333,29.33333333333333,32.64227642276423,1.1128048780487805,0.0070459827149671,15,440,2,3,3,4,233,24,Standard base
2632,Graduation,Married,50501.0,1,1,2013-06-18,10,297,0,38,13,0,152,7,5,4,4,6,1,0,0,0,0,0,1,16,0,60,55-64,2,2,4,0,348,1,13,15.583561643835615,474,0.4367816091954023,0.5384615384615384,26.76923076923077,22.331223628691983,0.8342123769338959,0.0053063243013861,13,348,3,3,3,4,333,34,Loyal
9014,Graduation,Married,37085.0,1,1,2014-06-26,65,39,1,16,2,0,3,4,3,0,3,8,0,0,0,0,0,0,0,16,0,39,35-44,2,2,4,0,58,0,6,3.320547945205479,101,0.0517241379310344,0.6666666666666666,9.666666666666666,17.46699669966997,1.8069306930693072,0.0056519876067423,6,58,2,2,2,2,222,22,Standard base
7620,Basic,Single,16185.0,1,0,2013-08-05,71,5,11,16,21,8,45,2,2,2,2,8,0,0,0,0,0,0,0,12,0,24,18-24,1,1,2,0,61,0,6,14.005479452054796,426,0.7377049180327869,0.3333333333333333,10.166666666666666,4.355438184663536,0.4284037558685446,0.0032292405446995,6,61,1,2,2,2,122,12,Low-priority churn
10968,Graduation,Single,57731.0,0,1,2012-11-23,0,266,21,300,65,8,44,4,8,8,6,6,0,0,0,0,0,0,0,16,0,45,45-54,1,1,2,0,660,0,22,22.38904109589041,681,0.0666666666666666,0.1818181818181818,30.0,29.478707782672544,0.9826235927557514,0.0061274617344593,22,660,3,5,4,7,354,37,Champions
2736,Graduation,Married,73807.0,0,1,2013-01-02,88,366,124,156,71,78,54,2,5,5,11,2,0,0,0,0,0,0,0,16,0,36,35-44,1,2,3,0,795,0,21,21.07397260273973,641,0.0679245283018867,0.0952380952380952,37.85714285714285,37.72425897035881,0.9964898595943836,0.0061334440858496,21,795,1,5,4,7,154,17,Critical retention
5959,Graduation,Single,35893.0,1,1,2012-10-15,80,158,0,23,0,0,18,6,3,1,5,8,0,0,0,0,0,0,0,16,0,46,45-54,2,1,3,0,181,0,9,23.671232876712327,720,0.0994475138121546,0.6666666666666666,20.11111111111111,7.646412037037037,0.3802083333333333,0.0025564022077966,9,181,1,2,2,2,122,12,Low-priority churn
1092,Graduation,Married,61014.0,0,1,2012-08-11,17,269,129,495,182,43,29,4,9,3,4,7,0,0,0,0,0,0,0,16,0,34,25-34,1,2,3,0,1118,0,16,24.0,785,0.0259391771019678,0.25,69.875,46.583333333333336,0.6666666666666666,0.0091618317107549,16,1118,3,4,5,7,345,37,Champions
4333,Graduation,Together,32144.0,1,1,2014-03-23,76,41,0,10,0,0,3,4,2,1,3,7,0,1,0,0,0,0,0,16,0,60,55-64,2,2,4,0,51,1,6,6.443835616438356,196,0.0588235294117647,0.6666666666666666,8.5,7.91454081632653,0.9311224489795918,0.0029546568502961,6,51,1,2,2,2,122,12,Low-priority churn
3850,Basic,Together,14918.0,0,1,2012-12-07,52,3,3,3,15,4,15,1,1,0,3,6,0,0,0,0,0,0,0,12,0,51,45-54,1,2,3,0,28,0,4,21.92876712328767,667,0.5357142857142857,0.25,7.0,1.2768615692153924,0.1824087956021989,0.0010271040910701,4,28,2,1,1,0,211,20,Standard base
6168,Graduation,Divorced,45146.0,1,1,2013-07-15,28,33,0,5,0,0,15,2,1,1,2,4,0,0,0,0,0,0,0,16,0,51,45-54,2,1,3,0,38,0,4,14.695890410958905,447,0.3947368421052631,0.5,9.5,2.585756897837435,0.2721849366144668,0.0006873052490597,4,38,3,1,1,0,311,30,Recents
607,2n Cycle,Divorced,41769.0,0,1,2013-02-13,31,302,29,131,32,0,27,6,8,1,7,8,0,0,0,0,0,0,0,18,0,59,55-64,1,1,2,0,494,0,16,19.693150684931503,599,0.0546558704453441,0.375,30.875,25.08486366165832,0.8124652198107958,0.0072067409787138,16,494,3,4,3,5,343,35,High-potential growth
10469,Graduation,Together,88325.0,0,0,2014-02-05,42,519,71,860,93,27,53,1,6,2,9,2,0,0,0,0,0,0,0,16,0,33,25-34,0,2,2,0,1570,0,17,7.956164383561643,242,0.0337579617834394,0.0588235294117647,92.3529411764706,197.33126721763088,2.1367079889807163,0.0268097957159532,17,1570,2,4,5,7,245,27,High value at risk
6983,Master,Divorced,38054.0,1,1,2014-05-01,24,23,2,17,2,1,0,2,2,0,3,7,0,0,0,0,0,0,0,18,0,64,55-64,2,1,3,0,45,0,5,5.161643835616438,157,0.0,0.4,9.0,8.718152866242038,0.968683651804671,0.0027491941555396,5,45,3,1,2,1,312,31,Recents
3661,2n Cycle,Single,80617.0,0,0,2012-10-12,42,594,51,631,72,55,32,1,4,6,8,2,0,0,0,0,0,0,0,18,0,19,18-24,0,1,1,0,1403,0,18,23.76986301369863,723,0.0228082679971489,0.0555555555555555,77.94444444444444,59.024319963116646,0.7572614107883818,0.008785886842197,18,1403,2,4,5,7,245,27,High value at risk
9303,Graduation,Married,5305.0,0,1,2013-07-30,12,12,4,7,1,3,5,0,1,0,0,13,0,0,0,0,0,0,0,16,0,38,35-44,1,2,3,0,27,0,1,14.202739726027398,432,0.1851851851851851,0.0,27.0,1.9010416666666663,0.0704089506172839,0.0043001885014137,1,27,3,1,1,0,311,30,Recents
692,Graduation,Together,36807.0,1,1,2012-12-20,88,4,2,5,0,0,5,1,1,0,2,6,0,0,0,0,0,0,0,16,0,60,55-64,2,2,4,0,11,0,3,21.501369863013696,654,0.4545454545454545,0.3333333333333333,3.6666666666666665,0.5115953109072375,0.139525993883792,0.0001667928310073,3,11,1,1,1,0,111,10,Low-priority churn
9246,Master,Together,40101.0,1,0,2012-10-14,73,171,3,129,26,24,62,4,6,1,6,7,0,0,0,0,0,0,0,18,0,29,25-34,1,2,3,0,353,0,13,23.704109589041096,721,0.1756373937677053,0.3076923076923077,27.153846153846157,14.891932501155802,0.5484281091077208,0.0044563275233502,13,353,1,3,3,4,133,14,Low-priority churn
6261,Graduation,Married,58025.0,0,1,2013-11-26,81,270,31,88,11,48,22,3,3,2,10,4,0,0,0,0,0,0,0,16,0,35,35-44,1,2,3,0,448,0,15,10.29041095890411,313,0.0491071428571428,0.2,29.866666666666667,43.5356762513312,1.457667731629393,0.0090035004742089,15,448,1,3,3,4,133,14,Low-priority churn
10659,2n Cycle,Together,7500.0,1,0,2013-05-07,7,2,8,11,3,8,21,4,3,2,2,7,0,0,0,0,0,0,0,18,0,35,35-44,1,2,3,0,32,0,7,16.964383561643835,516,0.65625,0.5714285714285714,4.571428571428571,1.886304909560724,0.4126291989664082,0.0030180878552971,7,32,3,2,1,1,321,31,Recents
1448,Master,Married,33562.0,1,2,2014-06-25,33,21,12,12,0,3,3,3,2,0,4,4,0,0,0,0,0,0,0,18,0,51,45-54,3,2,5,0,48,0,6,3.3534246575342466,102,0.0625,0.5,8.0,14.31372549019608,1.78921568627451,0.0051178328431664,6,48,2,2,2,2,222,22,Standard base
4286,PhD,Single,57642.0,0,1,2014-01-09,24,580,6,58,8,0,27,3,7,6,6,4,1,0,0,0,0,0,0,22,0,44,35-44,1,1,2,0,652,1,19,8.843835616438357,269,0.0414110429447852,0.1578947368421052,34.31578947368421,73.72366790582403,2.148389095415117,0.0153479062987038,19,652,3,4,4,6,344,36,Champions
4478,Graduation,Married,63777.0,1,1,2013-03-24,87,457,5,106,15,17,53,8,11,1,6,8,0,0,0,0,0,0,0,16,0,35,35-44,2,2,4,0,600,0,18,18.410958904109588,560,0.0883333333333333,0.4444444444444444,33.333333333333336,32.589285714285715,0.9776785714285716,0.006131856759826,18,600,1,4,4,6,144,16,Critical retention
4201,Graduation,Single,57967.0,0,1,2013-03-03,39,229,7,137,4,0,91,5,4,2,8,5,0,0,0,0,0,0,0,16,0,52,45-54,1,1,2,0,377,0,14,19.101369863013694,581,0.2413793103448276,0.3571428571428571,26.928571428571427,19.736804360298336,0.7329317269076305,0.0040858014443317,14,377,2,3,3,4,233,24,Standard base
10084,Graduation,Married,24434.0,2,0,2014-05-18,9,3,2,8,20,0,17,2,2,1,2,7,0,0,0,0,0,0,0,16,0,42,35-44,2,2,4,0,33,0,5,4.602739726027397,140,0.5151515151515151,0.4,6.6,7.169642857142858,1.086309523809524,0.003521147347373,5,33,3,1,1,0,311,30,Recents
7004,Graduation,Single,11012.0,1,0,2013-03-16,82,24,3,26,7,1,23,3,3,1,2,9,1,0,0,0,0,0,0,16,0,30,25-34,1,1,2,0,61,1,6,18.673972602739724,568,0.3770491803278688,0.5,10.166666666666666,3.266578638497653,0.3213028169014085,0.0035596570706476,6,61,1,2,2,2,122,12,Low-priority churn
9817,Master,Single,44802.0,0,0,2012-08-21,71,853,10,143,13,10,20,2,9,4,12,8,0,0,0,0,0,0,0,18,0,44,35-44,0,1,1,0,1029,0,25,24.0,775,0.0194363459669582,0.08,41.16,42.875,1.0416666666666667,0.0114838623275746,25,1029,1,5,4,7,154,17,Critical retention
8080,Graduation,Single,26816.0,0,0,2012-08-17,50,5,1,6,3,4,3,1,0,0,3,4,0,0,0,0,0,0,0,16,0,28,25-34,0,1,1,0,19,0,3,24.0,779,0.1578947368421052,0.3333333333333333,6.333333333333333,0.7916666666666666,0.125,0.0003542661097852,3,19,2,1,1,0,211,20,Standard base
9432,Graduation,Together,54058.0,1,0,2013-06-02,23,9,14,18,8,1,12,4,3,1,3,6,0,0,0,0,0,0,0,16,0,37,35-44,1,2,3,1,50,0,7,16.10958904109589,490,0.24,0.5714285714285714,7.142857142857143,3.1037414965986394,0.4345238095238095,0.0006889803166817,7,50,3,2,2,2,322,32,Recents
10870,Graduation,Married,61223.0,0,1,2013-06-13,46,709,43,182,42,118,247,2,9,3,4,5,0,0,0,0,0,0,0,16,0,47,45-54,1,2,3,0,1094,0,16,15.747945205479452,479,0.2257769652650822,0.125,68.375,69.46938065414056,1.0160055671537926,0.0136163299389067,16,1094,2,4,4,6,244,26,High value at risk
7270,Graduation,Divorced,56981.0,0,0,2014-01-25,91,908,48,217,32,12,24,1,2,3,13,6,0,1,0,0,0,0,0,16,0,33,25-34,0,1,1,0,1217,1,18,8.317808219178081,253,0.019720624486442,0.0555555555555555,67.61111111111111,146.31258234519106,2.16403162055336,0.030812919888073,18,1217,1,4,5,7,145,17,Critical retention
8235,Master,Together,69245.0,0,1,2014-01-24,8,428,30,214,80,30,61,2,6,5,10,3,0,0,0,0,0,0,0,18,0,58,55-64,1,2,3,0,782,0,21,8.35068493150685,254,0.078005115089514,0.0952380952380952,37.23809523809524,93.64501312335958,2.514763779527559,0.0162284664232842,21,782,3,5,4,7,354,37,Champions
9405,PhD,Married,52869.0,1,1,2012-10-15,40,84,3,61,2,1,21,3,3,1,4,7,0,0,0,0,0,0,1,22,0,60,55-64,2,2,4,0,151,0,8,23.671232876712327,720,0.1390728476821192,0.375,18.875,6.379050925925927,0.3379629629629629,0.0014478921695343,8,151,2,2,2,2,222,22,Standard base
