ID,Education,Marital_Status,Income,Kidhome,Teenhome,Join_date,Recency,MntWines,MntFruits,MntMeatProducts,MntFishProducts,MntSweetProducts,MntGoldProds,NumDealsPurchases,NumWebPurchases,NumCatalogPurchases,NumStorePurchases,NumWebVisitsMonth,AcceptedCmp3,AcceptedCmp4,AcceptedCmp5,AcceptedCmp1,AcceptedCmp2,Complain,Response,Education_years,has_imputed_age,Age,Age_category,Minorhome,Adulthome,HouseholdSize,has_imputed_income,TotalSpend,NumAccepted,NumPurchases,MonthsSinceJoiningCapped,DaysSinceJoin,PercentGold,PercentDealPurchases,SpendPerPurchase,SpendPerMonth,PurchasesPerMonth,SpendPercIncomeMonth
5524,Graduation,Single,58138.0,0,0,2012-09-04,58,635,88,546,172,88,88,3,8,10,4,7,0,0,0,0,0,0,1,16,0,57,55-64,0,1,1,0,1529,0,22,24.0,761,0.05755395683453238,0.13636363636363635,69.5,63.708333333333336,0.9166666666666666,0.01314974715332485
2174,Graduation,Single,46344.0,1,1,2014-03-08,38,11,1,6,2,1,6,2,1,1,2,5,0,0,0,0,0,0,0,16,0,60,55-64,2,1,3,0,21,0,4,6.9369863013698625,211,0.2857142857142857,0.5,5.25,3.0272511848341233,0.5766192733017378,0.0007838558220699439
4141,Graduation,Together,71613.0,0,0,2013-08-21,26,426,49,127,111,21,42,1,8,2,10,4,0,0,0,0,0,0,0,16,0,49,45-54,0,2,2,0,734,0,20,13.47945205479452,410,0.05722070844686648,0.05,36.7,54.45325203252033,1.4837398373983741,0.009124586658710625
6182,Graduation,Together,26646.0,1,0,2014-02-10,26,11,4,20,10,3,5,2,2,0,4,6,0,0,0,0,0,0,0,16,0,30,25-34,1,2,3,0,48,0,6,7.791780821917808,237,0.10416666666666667,0.3333333333333333,8.0,6.160337552742616,0.770042194092827,0.0027743019827708246
5324,PhD,Married,58293.0,1,0,2014-01-19,94,173,43,118,46,27,15,5,5,3,6,5,0,0,0,0,0,0,0,22,0,33,25-34,1,2,3,0,407,0,14,8.515068493150684,259,0.036855036855036855,0.35714285714285715,29.071428571428573,47.79761904761905,1.6441441441441442,0.009839456342466996
7446,Master,Together,62513.0,0,1,2013-09-09,16,520,42,98,0,42,14,2,6,4,10,6,0,0,0,0,0,0,0,18,0,47,45-54,1,2,3,0,702,0,20,12.854794520547944,391,0.019943019943019943,0.1,35.1,54.60997442455243,1.555839727195226,0.010482934639109131
965,Graduation,Divorced,55635.0,0,1,2012-11-13,34,235,65,164,50,49,27,4,7,3,7,6,0,0,0,0,0,0,0,16,0,43,35-44,1,1,2,0,563,0,17,22.71780821917808,691,0.047957371225577264,0.23529411764705882,33.11764705882353,24.782320308731308,0.7483116256632899,0.005345337354269357
6177,PhD,Married,33454.0,1,0,2013-05-08,32,76,10,56,3,1,23,2,4,0,4,8,0,0,0,0,0,0,0,22,0,29,25-34,1,2,3,0,146,0,8,16.931506849315067,515,0.15753424657534246,0.25,18.25,8.622977346278319,0.4724919093851133,0.003093074913473421
5899,PhD,Together,5648.0,1,1,2014-03-13,68,28,0,6,1,1,13,1,1,0,0,20,1,0,0,0,0,0,0,22,0,64,55-64,2,2,4,0,36,1,1,6.772602739726027,206,0.3611111111111111,1.0,36.0,5.315533980582525,0.1476537216828479,0.011293627437498281
1994,Graduation,Married,38872.0,1,0,2013-11-15,11,5,5,6,0,2,1,1,1,0,2,7,0,0,0,0,0,0,0,16,0,31,25-34,1,2,3,1,18,0,3,10.652054794520547,324,0.05555555555555555,0.3333333333333333,6.0,1.689814814814815,0.28163580246913583,0.0005216551187944479
387,Basic,Married,7500.0,0,0,2012-11-13,59,6,16,11,11,1,16,1,2,0,3,8,0,0,0,0,0,0,0,12,0,38,35-44,0,2,2,0,45,0,5,22.71780821917808,691,0.35555555555555557,0.2,9.0,1.9808248914616498,0.22009165460684998,0.0031693198263386397
2125,Graduation,Divorced,63033.0,0,0,2013-11-15,82,194,61,480,225,112,30,1,3,4,8,2,0,0,0,0,0,0,0,16,0,55,55-64,0,1,1,0,1072,0,15,10.652054794520547,324,0.027985074626865673,0.06666666666666667,71.46666666666667,100.63786008230454,1.4081790123456792,0.019159080497321315
8180,Master,Divorced,59354.0,1,1,2013-11-15,53,233,2,53,3,5,14,3,6,1,5,6,0,0,0,0,0,0,0,18,0,62,55-64,2,1,3,0,296,0,12,10.652054794520547,324,0.0472972972972973,0.25,24.666666666666668,27.788065843621403,1.1265432098765433,0.005618101393730108
2569,Graduation,Married,17323.0,0,0,2012-10-10,38,3,14,17,6,1,5,1,1,0,3,8,0,0,0,0,0,0,0,16,0,27,25-34,0,2,2,0,41,0,4,23.835616438356162,725,0.12195121951219512,0.25,10.25,1.7201149425287359,0.167816091954023,0.0011915591589415709
2114,PhD,Single,82800.0,0,0,2012-11-24,23,1006,22,115,59,68,45,1,7,6,12,3,0,0,1,1,0,0,1,22,0,68,65-74,0,1,1,0,1270,2,25,22.356164383561644,680,0.03543307086614173,0.04,50.8,56.807598039215684,1.1182598039215685,0.008232985223074737
9736,Graduation,Married,41850.0,1,1,2012-12-24,51,53,5,19,2,13,4,3,3,0,3,8,0,0,0,0,0,0,0,16,0,34,25-34,2,2,4,0,92,0,6,21.36986301369863,650,0.043478260869565216,0.5,15.333333333333334,4.305128205128205,0.28076923076923077,0.0012344453634776215
4939,Graduation,Together,37760.0,0,0,2012-08-31,20,84,5,38,150,12,28,2,4,1,6,7,0,0,0,0,0,0,0,16,0,68,65-74,0,2,2,0,289,0,11,24.0,765,0.09688581314878893,0.18181818181818182,26.272727272727273,12.041666666666666,0.4583333333333333,0.003826800847457627
6565,Master,Married,76995.0,0,1,2013-03-28,91,1012,80,498,0,16,176,2,11,4,9,5,0,0,0,1,0,0,0,18,0,65,65-74,1,2,3,0,1606,1,24,18.27945205479452,556,0.1095890410958904,0.08333333333333333,66.91666666666667,87.85821342925661,1.3129496402877698,0.013693078266784587
2278,2n Cycle,Single,33812.0,1,0,2012-11-03,86,4,17,19,30,24,39,2,2,1,3,6,0,0,0,0,0,0,0,18,0,29,25-34,1,1,2,0,94,0,6,23.046575342465754,701,0.4148936170212766,0.3333333333333333,15.666666666666666,4.078697099381835,0.2603423680456491,0.001447544220767243
9360,Graduation,Married,37040.0,0,0,2012-08-08,41,86,2,73,69,38,48,1,4,2,5,8,0,0,0,0,0,0,0,16,0,32,25-34,0,2,2,0,268,0,11,24.0,788,0.1791044776119403,0.09090909090909091,24.363636363636363,11.166666666666666,0.4583333333333333,0.0036177105831533478
5376,Graduation,Married,46099.0,1,0,2013-01-06,42,1,1,1725,1,1,1,15,0,28,0,1,0,0,0,0,0,0,0,16,0,35,35-44,1,2,3,1,1729,0,28,20.942465753424656,637,0.000578368999421631,0.5357142857142857,61.75,82.55952380952381,1.3369963369963371,0.021491014679587098
1993,PhD,Married,58607.0,0,1,2012-12-23,63,867,0,86,0,0,19,3,2,3,9,8,0,1,0,0,0,0,0,22,0,65,65-74,1,2,3,0,953,1,14,21.402739726027395,651,0.01993704092339979,0.21428571428571427,68.07142857142857,44.52700972862264,0.6541218637992833,0.009117069919010897
4047,PhD,Married,65324.0,0,1,2014-01-11,0,384,0,102,21,32,5,3,6,2,9,4,0,0,0,0,0,0,0,22,0,60,55-64,1,2,3,0,539,0,17,8.778082191780822,267,0.00927643784786642,0.17647058823529413,31.705882352941178,61.40293383270912,1.936641697877653,0.011279701273536669
1409,Graduation,Together,40689.0,0,1,2013-03-18,69,270,3,27,39,6,99,7,7,1,5,8,0,0,0,0,0,0,0,16,0,63,55-64,1,2,3,0,345,0,13,18.60821917808219,566,0.28695652173913044,0.5384615384615384,26.53846153846154,18.540194346289752,0.6986160188457009,0.0054678741712865155
7892,Graduation,Single,18589.0,0,0,2013-01-02,89,6,4,25,15,12,13,2,2,1,3,7,0,0,0,0,0,0,0,16,0,45,45-54,0,1,1,0,62,0,6,21.073972602739726,641,0.20967741935483872,0.3333333333333333,10.333333333333334,2.9420176807072282,0.28471138845553823,0.0018991991053034988
2404,Graduation,Married,53359.0,1,1,2013-05-27,4,173,4,30,3,6,41,4,5,1,4,7,0,0,0,0,0,0,0,16,0,38,35-44,2,2,4,0,216,0,10,16.306849315068494,496,0.18981481481481483,0.4,21.6,13.245967741935484,0.6132392473118279,0.0029789091419109397
9422,Graduation,Married,38360.0,1,0,2013-05-31,26,36,2,42,20,21,10,2,2,1,4,3,0,0,0,0,0,0,0,16,0,25,25-34,1,2,3,0,121,0,7,16.175342465753424,492,0.08264462809917356,0.2857142857142857,17.285714285714285,7.480521680216802,0.43275745257452575,0.0023401006298905537
1966,PhD,Married,84618.0,0,0,2013-11-22,96,684,100,801,21,66,0,1,6,9,10,2,0,0,1,0,0,0,0,22,0,49,45-54,0,2,2,0,1672,1,25,10.421917808219177,317,0.0,0.04,66.88,160.4311251314406,2.3987907465825447,0.022751347249725676
6864,Master,Divorced,10979.0,0,0,2014-05-22,34,8,4,10,2,2,4,2,3,0,3,5,0,0,0,0,0,0,0,18,0,25,25-34,0,1,1,0,26,0,6,4.471232876712328,136,0.15384615384615385,0.3333333333333333,4.333333333333333,5.814950980392157,1.3419117647058825,0.006355716528345559
3033,Master,Together,38620.0,0,0,2013-05-11,56,112,17,44,34,22,89,1,2,5,3,3,0,0,0,0,0,0,0,18,0,51,45-54,0,2,2,0,229,0,10,16.832876712328765,512,0.388646288209607,0.1,22.9,13.604329427083334,0.5940755208333334,0.004227134985111341
5710,Graduation,Together,40548.0,0,1,2012-10-10,31,110,0,5,2,0,3,2,2,1,4,5,0,1,0,0,0,0,0,16,0,44,35-44,1,2,3,0,117,1,7,23.835616438356162,725,0.02564102564102564,0.2857142857142857,16.714285714285715,4.908620689655173,0.29367816091954024,0.0014526844302027739
7373,PhD,Divorced,46610.0,0,2,2012-10-29,8,96,12,96,33,22,43,6,4,1,6,6,0,0,0,0,0,0,1,22,0,62,55-64,2,1,3,0,259,0,11,23.21095890410959,706,0.16602316602316602,0.5454545454545454,23.545454545454547,11.158522190745988,0.47391406987724266,0.002872822705190986
8755,Master,Married,68657.0,0,0,2013-02-20,4,482,34,471,119,68,22,1,3,5,9,7,0,0,0,0,0,0,0,18,0,68,65-74,0,2,2,0,1174,0,17,19.463013698630135,592,0.018739352640545145,0.058823529411764705,69.05882352941177,60.31953828828829,0.8734515765765767,0.010542762711150493
10738,Master,Single,49389.0,1,1,2013-08-29,55,40,0,19,2,1,3,1,2,0,3,7,0,0,0,0,0,0,0,18,0,63,55-64,2,1,3,0,62,0,5,13.216438356164383,402,0.04838709677419355,0.2,12.4,4.691127694859039,0.3783167495854063,0.0011397989904292144
4339,PhD,Married,67353.0,0,1,2013-12-31,37,702,17,151,0,8,35,5,5,6,12,2,0,0,0,0,0,0,0,22,0,44,35-44,1,2,3,0,878,0,23,9.13972602739726,278,0.03986332574031891,0.21739130434782608,38.17391304347826,96.06414868105517,2.516486810551559,0.017115344293092544
10755,2n Cycle,Married,23718.0,1,0,2013-09-02,76,6,3,14,15,7,36,3,3,1,2,7,0,0,0,0,0,0,0,18,0,38,35-44,1,2,3,0,45,0,6,13.084931506849314,398,0.8,0.5,7.5,3.439070351758794,0.45854271356783927,0.0017399799401764705
8595,Graduation,Widow,42429.0,0,1,2014-02-11,99,55,0,6,2,0,4,2,1,1,3,5,0,0,0,0,0,0,0,16,0,41,35-44,1,1,2,0,63,0,5,7.758904109589041,236,0.06349206349206349,0.4,12.6,8.119703389830509,0.6444209039548022,0.002296458570269535
2968,PhD,Divorced,48948.0,0,0,2013-02-01,53,437,8,206,160,49,42,2,7,10,5,6,1,0,0,0,0,0,1,22,0,71,65-74,0,1,1,0,860,1,22,20.087671232876712,611,0.04883720930232558,0.09090909090909091,39.09090909090909,42.812329514457176,1.0951991271140207,0.01049579051592478
8601,Graduation,Married,80011.0,0,1,2013-04-29,3,421,76,536,82,178,102,2,8,6,5,4,0,0,0,0,0,0,0,16,0,34,25-34,1,2,3,0,1293,0,19,17.22739726027397,524,0.07888631090487239,0.10526315789473684,68.05263157894737,75.05486641221374,1.1028944020356235,0.011256682168033957
503,Master,Married,20559.0,1,0,2013-03-12,88,13,1,29,3,0,7,2,2,0,3,8,0,0,0,0,0,0,0,18,0,29,25-34,1,2,3,0,46,0,5,18.805479452054794,572,0.15217391304347827,0.4,9.2,2.4460955710955714,0.2658799533799534,0.0014277516831142983
8430,Graduation,Together,21994.0,0,1,2012-12-24,4,9,0,6,3,1,3,1,0,0,3,5,0,0,0,0,0,0,0,16,0,57,55-64,1,2,3,0,19,0,3,21.36986301369863,650,0.15789473684210525,0.3333333333333333,6.333333333333333,0.889102564102564,0.14038461538461539,0.00048509733423800894
7281,PhD,Single,55521.0,0,0,2013-11-05,80,81,11,50,3,2,39,1,1,3,4,2,0,0,0,0,0,0,0,22,0,55,55-64,0,1,1,1,147,0,8,10.98082191780822,334,0.2653061224489796,0.125,18.375,13.386976047904191,0.7285429141716566,0.0028933865127582408
2139,Master,Married,7500.0,1,0,2013-10-02,19,3,1,10,3,2,12,3,2,0,3,5,0,0,0,0,0,0,0,18,0,39,35-44,1,2,3,0,19,0,5,12.098630136986301,368,0.631578947368421,0.6,3.8,1.5704257246376812,0.4132699275362319,0.00251268115942029
1371,Graduation,Single,79941.0,0,0,2014-06-28,72,123,164,266,227,30,174,1,2,4,9,1,0,0,0,0,0,0,0,16,0,38,35-44,0,1,1,0,810,0,15,3.254794520547945,99,0.21481481481481482,0.06666666666666667,54.0,248.86363636363637,4.608585858585859,0.03735709631307635
9909,2n Cycle,Married,7500.0,0,0,2012-11-09,24,3,18,14,15,22,50,3,3,1,3,9,0,0,0,0,0,0,1,18,0,18,18-24,0,2,2,0,72,0,7,22.84931506849315,695,0.6944444444444444,0.42857142857142855,10.285714285714286,3.1510791366906474,0.30635491606714627,0.005041726618705036
7286,Graduation,Together,41728.0,1,0,2013-05-24,92,13,6,15,3,5,13,1,2,0,2,10,0,0,0,0,0,0,0,16,0,46,45-54,1,2,3,0,42,0,4,16.405479452054795,499,0.30952380952380953,0.25,10.5,2.5601202404809618,0.24382097528390112,0.0007362308973775771
7244,Graduation,Single,60230.0,2,1,2014-01-01,96,48,5,48,6,10,7,3,2,1,4,6,0,0,0,0,0,0,0,16,0,63,55-64,3,1,4,1,117,0,7,9.106849315068493,277,0.05982905982905983,0.42857142857142855,16.714285714285715,12.847472924187727,0.7686522262334538,0.0025596824687074997
6566,PhD,Married,72550.0,1,1,2012-11-08,39,826,50,317,50,38,38,9,5,2,12,8,0,0,0,0,0,0,0,22,0,60,55-64,2,2,4,0,1281,0,19,22.882191780821916,696,0.02966432474629196,0.47368421052631576,67.42105263157895,55.98239942528736,0.8303400383141764,0.00925966634188075
8614,Graduation,Widow,65486.0,0,1,2014-05-12,29,245,19,125,37,67,14,1,4,2,10,2,0,0,0,0,0,0,0,16,0,57,55-64,1,1,2,0,493,0,16,4.8,146,0.028397565922920892,0.0625,30.8125,102.70833333333334,3.3333333333333335,0.018820816663103566
4114,Master,Married,79143.0,0,0,2012-08-11,2,650,37,780,27,167,32,1,6,9,13,3,0,0,0,0,0,0,0,18,0,50,45-54,0,2,2,0,1661,0,28,24.0,785,0.01926550270921132,0.03571428571428571,59.32142857142857,69.20833333333333,1.1666666666666667,0.010493663368838684
1331,Graduation,Single,35790.0,1,0,2013-01-02,54,12,6,20,30,1,3,2,2,0,3,7,0,0,0,0,0,0,0,16,0,37,35-44,1,1,2,0,69,0,5,21.073972602739726,641,0.043478260869565216,0.4,13.8,3.2741809672386895,0.2372594903796152,0.001097797474346585
2225,Graduation,Divorced,82582.0,0,0,2014-06-07,54,510,120,550,156,40,241,1,4,9,7,1,1,0,0,1,0,0,1,16,0,37,35-44,0,1,1,0,1376,2,20,3.9452054794520546,120,0.1751453488372093,0.05,68.8,348.77777777777777,5.069444444444445,0.05068093934917214
9381,Graduation,Married,66373.0,1,1,2013-06-12,57,328,9,124,12,24,109,7,4,2,10,3,0,0,0,0,0,0,0,16,0,36,35-44,2,2,4,0,497,0,16,15.780821917808218,480,0.2193158953722334,0.4375,31.0625,31.493923611111114,1.0138888888888888,0.005693988268321959
6260,Master,Together,82384.0,0,0,2012-11-19,55,984,51,432,180,120,190,1,3,10,13,1,0,0,1,0,0,0,1,18,0,59,55-64,0,2,2,0,1767,1,26,22.52054794520548,685,0.10752688172043011,0.038461538461538464,67.96153846153847,78.46167883211679,1.1545012165450121,0.01142867724297681
10383,Graduation,Divorced,70287.0,0,0,2013-04-02,30,295,35,482,121,120,40,1,5,5,10,3,0,0,0,0,0,0,1,16,0,48,45-54,0,1,1,0,1053,0,20,18.115068493150684,551,0.03798670465337132,0.05,52.65,58.128402903811256,1.104053236539625,0.009924179931505614
7437,Graduation,Single,27938.0,1,0,2014-04-28,31,13,0,8,2,1,5,1,1,0,4,3,0,0,0,0,0,0,0,16,0,26,25-34,1,1,2,0,24,0,5,5.260273972602739,160,0.20833333333333334,0.2,4.8,4.5625,0.9505208333333334,0.0019596964707566757
8557,Graduation,Single,37585.0,1,0,2013-06-17,57,11,3,22,2,2,6,2,2,0,3,6,0,0,0,0,0,0,0,16,0,32,25-34,1,1,2,1,40,0,5,15.616438356164384,475,0.15,0.4,8.0,2.56140350877193,0.3201754385964912,0.000817795453113294
8375,PhD,Married,55954.0,0,1,2014-03-03,63,447,0,28,0,0,43,3,8,2,6,7,0,0,0,0,0,0,0,22,0,46,45-54,1,2,3,0,475,0,16,7.101369863013699,216,0.09052631578947369,0.1875,29.6875,66.88850308641975,2.253086419753086,0.01434503408222892
6853,Master,Single,75777.0,0,0,2013-07-04,12,712,26,538,69,13,80,1,3,6,11,1,0,1,1,0,0,0,1,18,0,32,25-34,0,1,1,0,1358,2,20,15.057534246575342,458,0.05891016200294551,0.05,67.9,90.18740902474528,1.3282387190684135,0.014282023678648446
3076,Graduation,Together,66653.0,1,1,2012-09-07,18,452,18,102,16,18,6,4,4,2,12,3,0,0,0,0,0,0,0,16,0,39,35-44,2,2,4,0,606,0,18,24.0,758,0.009900990099009901,0.2222222222222222,33.666666666666664,25.25,0.75,0.004545931916042789
1012,Graduation,Single,61823.0,0,1,2013-02-18,26,523,7,134,37,14,169,4,8,2,10,7,0,0,0,0,0,0,0,16,0,62,55-64,1,1,2,0,715,0,20,19.528767123287672,594,0.23636363636363636,0.2,35.75,36.61265432098765,1.0241301907968574,0.007106608411947848
6518,PhD,Widow,67680.0,0,1,2013-06-11,8,546,0,48,0,6,6,1,7,3,8,5,0,0,0,0,0,0,0,22,0,63,55-64,1,1,2,0,600,0,18,15.813698630136985,481,0.01,0.05555555555555555,33.333333333333336,37.94178794178794,1.1382536382536383,0.006727267365565238
4137,Graduation,Together,70666.0,0,0,2013-12-06,29,398,40,367,119,122,30,1,7,4,4,4,0,0,0,0,0,0,0,16,0,66,65-74,0,2,2,0,1046,0,15,9.961643835616439,303,0.028680688336520075,0.06666666666666667,69.73333333333333,105.0027502750275,1.5057755775577557,0.017830823922400166
8082,Graduation,Married,25721.0,1,0,2013-05-21,75,1,3,6,3,6,15,1,1,1,2,7,0,0,0,0,0,0,1,16,0,43,35-44,1,2,3,0,19,0,4,16.504109589041096,502,0.7894736842105263,0.25,4.75,1.1512284196547145,0.24236387782204513,0.0005370996864762868
1386,Graduation,Together,32474.0,1,1,2014-05-11,0,10,0,1,0,0,0,1,1,0,2,7,0,0,0,0,0,0,0,16,0,47,45-54,2,2,4,0,11,0,3,4.832876712328767,147,0.0,0.3333333333333333,3.6666666666666665,2.276077097505669,0.6207482993197279,0.0008410705539837417
9369,2n Cycle,Single,88194.0,0,1,2014-03-19,19,688,14,309,201,24,38,1,11,10,10,5,1,0,0,1,0,0,1,18,0,35,35-44,1,1,2,0,1236,2,31,6.575342465753424,200,0.030744336569579287,0.03225806451612903,39.87096774193548,187.97500000000002,4.714583333333334,0.025576569834682636
4477,Graduation,Together,69096.0,0,1,2013-09-27,4,247,49,159,7,82,109,1,5,2,10,4,0,0,0,0,0,0,0,16,0,56,55-64,1,2,3,0,544,0,17,12.263013698630136,373,0.20036764705882354,0.058823529411764705,32.0,44.36103663985702,1.3862823949955319,0.007704243945789687
1357,Graduation,Together,74854.0,1,2,2013-04-08,90,856,59,487,58,29,73,7,2,5,5,5,0,0,0,0,0,0,0,16,0,44,35-44,3,2,5,0,1489,0,12,17.91780821917808,545,0.049026192075218265,0.5833333333333334,124.08333333333333,83.10168195718656,0.6697247706422019,0.013322203001659748
1402,Master,Married,66991.0,0,0,2012-09-11,1,496,36,460,189,60,12,3,4,8,6,3,0,0,0,0,0,0,0,18,0,60,55-64,0,2,2,0,1241,0,18,24.0,754,0.009669621273166801,0.16666666666666666,68.94444444444444,51.708333333333336,0.75,0.009262438237972266
10629,2n Cycle,Married,35688.0,1,0,2012-09-14,25,25,3,43,17,4,17,3,3,0,3,8,0,0,0,0,0,0,0,18,0,41,35-44,1,2,3,1,92,0,6,24.0,751,0.18478260869565216,0.5,15.333333333333334,3.8333333333333335,0.25,0.0012889486662183368
6312,Graduation,Married,65031.0,0,1,2013-03-17,29,258,107,291,84,37,86,4,10,3,13,7,0,0,0,0,0,0,0,16,0,55,55-64,1,2,3,0,777,0,26,18.64109589041096,567,0.11068211068211069,0.15384615384615385,29.884615384615383,41.6820987654321,1.3947677836566725,0.00769148844682052
8132,PhD,Married,60631.0,1,1,2013-04-05,88,565,6,65,0,6,19,5,9,2,8,7,0,1,0,0,0,0,0,22,0,39,35-44,2,2,4,0,642,1,19,18.016438356164382,548,0.029595015576323987,0.2631578947368421,33.78947368421053,35.634124087591246,1.0545924574209247,0.007052654402056621
1050,Graduation,Married,28332.0,0,0,2014-04-30,58,14,10,13,4,15,9,1,2,1,4,2,0,0,0,0,0,0,0,16,0,62,55-64,0,2,2,0,56,0,7,5.1945205479452055,158,0.16071428571428573,0.14285714285714285,8.0,10.780590717299578,1.3475738396624473,0.004566112120838449
5846,Graduation,Divorced,40246.0,1,0,2012-12-19,68,2,1,6,2,1,1,1,1,0,2,6,0,0,0,0,0,0,0,16,0,37,35-44,1,1,2,0,12,0,3,21.534246575342465,655,0.08333333333333333,0.3333333333333333,4.0,0.5572519083969466,0.13931297709923665,0.00016615372709743474
1859,Master,Married,75251.0,0,0,2012-08-27,34,721,111,925,97,18,18,1,7,6,5,5,0,0,0,0,0,0,1,18,0,42,35-44,0,2,2,0,1872,0,18,24.0,769,0.009615384615384616,0.05555555555555555,104.0,78.0,0.75,0.01243837291198788
7503,Graduation,Single,75825.0,0,0,2012-10-12,40,1032,105,779,137,105,51,0,5,8,9,4,1,0,0,0,0,0,1,16,0,38,35-44,0,1,1,0,2158,1,22,23.76986301369863,723,0.023632993512511583,0.0,98.0909090909091,90.78722913785155,0.9255417242969111,0.014367909655841987
10401,2n Cycle,Together,26326.0,0,0,2013-09-04,12,1,0,5,0,3,9,1,0,0,3,3,0,0,0,0,0,1,0,18,0,38,35-44,0,2,2,0,9,0,3,13.01917808219178,396,1.0,0.3333333333333333,3.0,0.6912878787878788,0.23042929292929293,0.00031510501198262343
1618,Graduation,Together,56046.0,0,0,2013-01-02,9,577,0,64,0,0,51,2,10,1,8,8,1,0,0,0,0,0,1,16,0,49,45-54,0,2,2,0,641,1,19,21.073972602739726,641,0.07956318252730109,0.10526315789473684,33.73684210526316,30.416666666666668,0.9015860634425377,0.0065125075830567754
3332,Graduation,Single,29760.0,1,0,2012-08-29,87,64,4,68,7,5,17,4,3,1,4,8,0,0,0,0,0,0,0,16,0,29,25-34,1,1,2,0,148,0,8,24.0,767,0.11486486486486487,0.5,18.5,6.166666666666667,0.3333333333333333,0.0024865591397849464
2261,Graduation,Married,26304.0,1,0,2013-06-23,5,4,1,5,2,0,4,1,1,0,2,7,0,0,0,0,0,0,0,16,0,45,45-54,1,2,3,0,12,0,3,15.419178082191781,469,0.3333333333333333,0.3333333333333333,4.0,0.7782515991471215,0.19456289978678037,0.00035504178793208097
5346,2n Cycle,Married,23559.0,1,0,2013-07-03,87,25,5,19,7,0,23,3,3,0,3,7,0,0,0,0,0,0,0,18,0,41,35-44,1,2,3,0,56,0,6,15.090410958904108,459,0.4107142857142857,0.5,9.333333333333334,3.7109658678286133,0.39760348583877997,0.0018902156464172231
5268,Graduation,Married,29440.0,1,1,2013-08-11,95,17,8,14,10,4,3,2,1,0,4,7,0,0,0,0,0,0,0,16,0,54,45-54,2,2,4,0,53,0,5,13.808219178082192,420,0.05660377358490566,0.4,10.6,3.8382936507936507,0.3621031746031746,0.0015645218685300206
273,Master,Married,36138.0,1,1,2013-07-16,48,130,0,16,0,0,5,5,3,1,4,7,0,1,0,0,0,0,0,18,0,44,35-44,2,2,4,0,146,1,8,14.663013698630136,446,0.03424657534246575,0.625,18.25,9.957025411061286,0.5455904334828102,0.0033063341892947988
4452,Graduation,Single,50388.0,0,1,2014-05-28,3,292,6,37,0,3,34,4,6,1,6,7,0,1,0,1,0,0,1,16,0,57,55-64,1,1,2,0,338,2,13,4.273972602739726,130,0.10059171597633136,0.3076923076923077,26.0,79.08333333333333,3.0416666666666665,0.018833849329205364
8504,Graduation,Married,79593.0,0,0,2014-05-12,70,350,60,568,110,133,145,1,5,6,7,2,0,0,1,0,0,0,0,16,0,41,35-44,0,2,2,0,1221,1,18,4.8,146,0.11875511875511875,0.05555555555555555,67.83333333333333,254.375,3.75,0.03835136255700878
771,Graduation,Together,54178.0,0,1,2014-01-21,79,135,9,39,4,0,7,1,2,2,5,2,0,0,0,0,0,0,0,16,0,47,45-54,1,2,3,0,187,0,9,8.449315068493151,257,0.0374331550802139,0.1111111111111111,20.77777777777778,22.131971465629054,1.0651750972762646,0.004902057248099757
8996,PhD,Married,55517.0,2,1,2012-11-19,4,230,42,192,49,37,53,12,7,2,8,9,0,0,0,0,0,0,0,22,0,57,55-64,3,2,5,1,550,0,17,22.52054794520548,685,0.09636363636363636,0.7058823529411765,32.35294117647059,24.42214111922141,0.7548661800486618,0.005278846000876433
9235,Graduation,Single,60230.0,1,1,2014-05-27,45,7,0,8,2,0,1,1,1,0,2,7,0,0,0,0,0,0,0,16,0,57,55-64,2,1,3,1,17,0,3,4.306849315068493,131,0.058823529411764705,0.3333333333333333,5.666666666666667,3.947201017811705,0.6965648854961832,0.0007864255722022324
5798,Master,Together,46106.0,0,0,2013-11-23,87,445,37,359,98,28,18,1,2,4,8,1,0,0,0,0,0,0,0,18,0,41,35-44,0,2,2,1,967,0,14,10.389041095890411,316,0.01861427094105481,0.07142857142857142,69.07142857142857,93.07885021097046,1.3475738396624473,0.024225614942342547
11178,Master,Single,42394.0,1,0,2014-03-23,69,15,2,10,0,1,4,1,1,0,3,7,0,0,0,0,0,0,0,18,0,42,35-44,1,1,2,0,28,0,4,6.443835616438356,196,0.14285714285714285,0.25,7.0,4.345238095238095,0.6207482993197279,0.0012299584172962479
2230,PhD,Married,23626.0,1,0,2014-05-24,84,27,2,14,0,0,0,3,3,1,3,5,0,0,0,0,0,0,0,22,0,44,35-44,1,2,3,0,43,0,7,4.405479452054794,134,0.0,0.42857142857142855,6.142857142857143,9.760572139303484,1.5889303482587065,0.004957541084891298
7516,Graduation,Married,30096.0,1,0,2014-05-22,30,5,3,11,12,5,9,1,2,0,3,6,0,0,0,0,0,0,0,16,0,31,25-34,1,2,3,0,36,0,5,4.471232876712328,136,0.25,0.2,7.2,8.051470588235295,1.1182598039215688,0.003210315226569097
7247,Graduation,Widow,47916.0,0,1,2012-11-22,72,505,0,26,0,0,75,5,7,4,6,6,0,1,0,0,0,0,0,16,0,54,45-54,1,1,2,0,531,1,17,22.421917808219177,682,0.14124293785310735,0.29411764705882354,31.235294117647058,23.68218475073314,0.7581867057673509,0.005930925306970483
11100,Graduation,Divorced,51813.0,1,1,2013-04-11,37,51,2,7,0,1,2,2,2,0,3,7,0,0,0,0,0,0,0,16,0,42,35-44,2,1,3,0,61,0,5,17.81917808219178,542,0.03278688524590164,0.4,12.2,3.423277982779828,0.28059655596555966,0.0007928383956412085
4646,2n Cycle,Married,78497.0,0,0,2013-12-01,44,207,26,447,75,0,223,1,5,7,12,2,0,0,0,1,0,0,0,18,0,63,55-64,0,2,2,0,755,1,24,10.126027397260273,308,0.295364238410596,0.041666666666666664,31.458333333333332,74.56033549783551,2.3701298701298703,0.011398193892429341
3037,PhD,Married,50150.0,0,0,2013-06-20,32,135,46,92,65,61,11,2,5,2,7,5,0,0,0,0,0,0,0,22,0,31,25-34,0,2,2,0,399,0,14,15.517808219178082,472,0.02756892230576441,0.14285714285714285,28.5,25.71239406779661,0.9021892655367232,0.006152517025195599
1473,2n Cycle,Single,47823.0,0,1,2013-07-23,0,53,1,5,2,1,10,2,2,0,3,8,0,0,0,0,0,0,0,18,0,54,45-54,1,1,2,0,62,0,5,14.432876712328767,439,0.16129032258064516,0.4,12.4,4.2957479119210324,0.3464312832194381,0.0010779117776603807
1016,PhD,Single,34554.0,0,1,2014-03-30,43,41,1,6,2,0,5,2,2,0,3,6,0,0,0,0,0,0,0,22,0,55,55-64,1,1,2,0,50,0,5,6.213698630136986,189,0.1,0.4,10.0,8.04673721340388,0.8046737213403881,0.002794491131586692
4518,Graduation,Together,85693.0,0,1,2013-04-20,59,386,172,183,185,132,111,2,9,5,11,5,0,0,0,0,0,0,0,16,0,35,35-44,1,2,3,0,1058,0,25,17.523287671232875,533,0.10491493383742911,0.08,42.32,60.376797998749225,1.4266729205753597,0.0084548513412413
9370,PhD,Married,65846.0,0,0,2013-05-17,68,562,81,276,80,40,81,1,6,3,6,4,0,0,0,0,0,0,0,22,0,69,65-74,0,2,2,0,1039,0,15,16.635616438356163,506,0.07795957651588066,0.06666666666666667,69.26666666666667,62.45635704874836,0.9016798418972333,0.011382259887995934
8908,Graduation,Married,87195.0,0,0,2014-05-08,35,217,76,690,50,26,38,1,3,11,5,1,0,0,0,0,0,0,1,16,0,55,55-64,0,2,2,0,1059,0,19,4.931506849315069,150,0.03588290840415486,0.05263157894736842,55.73684210526316,214.74166666666665,3.852777777777778,0.029553300074545555
8373,Basic,Together,24594.0,1,0,2013-12-10,94,1,3,6,10,0,9,1,1,0,3,5,0,0,0,0,0,0,0,12,0,35,35-44,1,2,3,0,20,0,4,9.830136986301369,299,0.45,0.25,5.0,2.0345596432552955,0.40691192865105913,0.000992710243110659
7533,Graduation,Married,49096.0,1,1,2013-09-24,15,144,1,32,2,1,7,4,4,1,4,7,0,0,0,0,0,0,0,16,0,50,45-54,2,2,4,0,180,0,9,12.361643835616437,376,0.03888888888888889,0.4444444444444444,20.0,14.561170212765958,0.728058510638298,0.003559028078727218
2683,Graduation,Married,52413.0,0,2,2013-02-02,56,295,106,271,75,98,65,4,6,4,12,6,0,0,0,0,0,0,0,16,0,45,45-54,2,2,4,0,845,0,22,20.054794520547944,610,0.07692307692307693,0.18181818181818182,38.40909090909091,42.134562841530055,1.0969945355191257,0.009646743252596887
3629,Graduation,Single,38557.0,1,0,2012-12-19,17,76,3,31,4,4,27,2,3,1,3,7,0,0,0,0,0,0,0,16,0,36,35-44,1,1,2,0,118,0,7,21.534246575342465,655,0.2288135593220339,0.2857142857142857,16.857142857142858,5.479643765903308,0.3250636132315522,0.001705416012419008
10991,Master,Married,89058.0,0,0,2012-12-07,18,454,194,106,31,22,43,1,5,4,4,2,0,0,0,0,0,0,0,18,0,54,45-54,0,2,2,0,807,0,13,21.92876712328767,667,0.05328376703841388,0.07692307692307693,62.07692307692308,36.80097451274363,0.5928285857071465,0.004958697636966062
5077,Graduation,Together,77298.0,0,1,2013-11-02,46,425,115,292,23,35,79,1,6,6,11,3,0,0,0,0,0,0,0,16,0,35,35-44,1,2,3,0,890,0,23,11.07945205479452,337,0.08876404494382023,0.043478260869565216,38.69565217391305,80.32888229475766,2.0759149357072206,0.012470524302531656
7431,PhD,Single,68126.0,0,0,2012-11-10,40,1332,17,311,23,51,86,1,7,4,5,9,0,1,0,0,0,0,1,22,0,23,18-24,0,1,1,0,1734,1,16,22.816438356164383,694,0.049596309111880045,0.0625,108.375,75.9978386167147,0.7012487992315082,0.013386578742338848
3267,Master,Together,57288.0,0,1,2014-06-25,27,527,0,21,0,0,60,3,8,1,8,6,0,1,0,0,0,0,0,18,0,51,45-54,1,2,3,0,548,1,17,3.3534246575342466,102,0.10948905109489052,0.17647058823529413,32.23529411764706,163.41503267973857,5.069444444444445,0.03423021212395027
999,Graduation,Single,86037.0,0,0,2013-01-02,95,490,44,125,29,20,22,1,6,7,11,3,0,1,1,0,0,0,1,16,0,23,18-24,0,1,1,0,708,2,24,21.073972602739726,641,0.031073446327683617,0.041666666666666664,29.5,33.59594383775351,1.138845553822153,0.004685790137418112
9215,PhD,Married,43974.0,1,0,2012-12-12,19,378,0,101,0,0,72,5,6,4,6,7,0,0,0,0,0,0,0,22,0,34,25-34,1,2,3,0,479,0,16,21.764383561643836,662,0.15031315240083507,0.3125,29.9375,22.008434038267875,0.7351460221550856,0.006005849103088518
2286,Graduation,Single,50785.0,1,1,2013-09-10,27,64,1,21,0,1,27,2,2,1,3,6,0,0,0,0,0,0,0,16,0,52,45-54,2,1,3,0,87,0,6,12.821917808219178,390,0.3103448275862069,0.3333333333333333,14.5,6.785256410256411,0.46794871794871795,0.0016032898872319964
1592,Graduation,Married,90765.0,0,0,2014-01-24,25,547,99,812,151,82,33,0,4,6,5,1,0,0,1,1,0,0,0,16,0,44,35-44,0,2,2,0,1691,2,15,8.35068493150685,254,0.019515079834417505,0.0,112.73333333333333,202.4983595800525,1.796259842519685,0.0267722174291922
367,2n Cycle,Married,36550.0,1,0,2013-02-19,74,47,90,94,123,103,120,5,9,1,5,9,0,0,0,0,0,0,0,18,0,36,35-44,1,2,3,0,457,0,15,19.495890410958904,593,0.26258205689277897,0.3333333333333333,30.466666666666665,23.440837549184938,0.7693929173693086,0.0076960342158746715
5234,2n Cycle,Together,30753.0,1,1,2013-07-11,85,12,5,25,0,9,30,2,1,1,3,5,0,0,0,0,0,0,0,18,0,47,45-54,2,2,4,0,51,0,5,14.827397260273973,451,0.5882352941176471,0.4,10.2,3.4395787139689578,0.33721359940872137,0.0013421436792386918
9862,Graduation,Together,21918.0,1,0,2013-11-14,37,1,6,7,11,5,3,2,2,0,3,6,0,0,0,0,0,0,0,16,0,45,45-54,1,2,3,0,30,0,5,10.684931506849315,325,0.1,0.4,6.0,2.8076923076923075,0.46794871794871795,0.0015371980879782686
9805,Master,Together,56129.0,0,1,2013-06-20,65,320,48,133,39,72,48,4,6,2,10,4,0,0,0,0,0,0,0,18,0,61,55-64,1,2,3,0,612,0,18,15.517808219178082,472,0.0784313725490196,0.2222222222222222,34.0,39.438559322033896,1.159957627118644,0.008431696838789337
6205,Master,Single,32557.0,1,0,2014-02-24,13,34,3,29,0,4,10,3,2,1,3,5,0,0,0,0,0,0,1,18,0,47,45-54,1,1,2,0,70,0,6,7.331506849315068,223,0.14285714285714285,0.5,11.666666666666666,9.547832585949179,0.8183856502242153,0.0035191814673154816
8442,Master,Married,19510.0,2,0,2013-09-04,63,9,0,7,3,4,7,2,1,0,3,7,0,0,0,0,0,0,0,18,0,29,25-34,2,2,4,0,23,0,4,13.01917808219178,396,0.30434782608695654,0.5,5.75,1.7666245791245792,0.30723905723905726,0.0010865963582519197
7386,Graduation,Divorced,30992.0,1,0,2013-04-22,83,17,0,14,7,3,2,1,1,0,3,7,0,0,0,0,0,0,0,16,0,38,35-44,1,1,2,0,41,0,4,17.457534246575342,531,0.04878048780487805,0.25,10.25,2.348556183301946,0.22912743251726303,0.0009093531943605883
7215,Graduation,Single,101970.0,0,0,2013-03-12,69,722,27,102,44,72,168,0,6,8,13,2,0,1,1,1,0,0,1,16,0,31,25-34,0,1,1,0,967,3,27,18.805479452054794,572,0.1737331954498449,0.0,35.81481481481482,51.42118298368299,1.4357517482517483,0.006051330742416356
1491,2n Cycle,Together,71488.0,0,0,2013-02-18,87,162,33,124,40,28,172,2,3,4,7,1,0,0,0,0,0,0,0,18,0,49,45-54,0,2,2,0,387,0,14,19.528767123287672,594,0.4444444444444444,0.14285714285714285,27.642857142857142,19.81691919191919,0.7168911335578002,0.0033264747972111446
11071,Graduation,Single,79607.0,0,0,2013-04-21,37,450,133,951,173,0,216,1,3,6,6,1,0,0,0,0,0,0,1,16,0,30,25-34,0,1,1,0,1707,0,15,17.49041095890411,532,0.1265377855887522,0.06666666666666667,113.8,97.59633458646616,0.8576127819548872,0.014711721519936612
3381,Master,Married,54348.0,1,1,2014-06-08,51,70,0,16,0,0,4,2,2,0,4,6,0,0,0,0,0,0,0,18,0,61,55-64,2,2,4,0,86,0,6,3.9123287671232876,119,0.046511627906976744,0.3333333333333333,14.333333333333334,21.981792717086837,1.5336134453781514,0.004853564300527012
8268,PhD,Married,56320.0,0,1,2013-07-11,23,352,0,27,10,0,15,3,6,1,7,6,0,0,0,0,0,0,0,22,0,53,45-54,1,2,3,1,389,0,14,14.827397260273973,451,0.038560411311053984,0.21428571428571427,27.785714285714285,26.23521803399852,0.9441980783444198,0.00558989020610764
11051,PhD,Together,77376.0,1,1,2014-05-10,72,492,19,110,16,12,12,4,6,3,10,4,0,0,0,0,0,0,0,22,0,58,55-64,2,2,4,0,649,0,19,4.865753424657534,148,0.01848998459167951,0.21052631578947367,34.1578947368421,133.38119369369372,3.904842342342343,0.020685668997160938
8026,Graduation,Married,62998.0,0,1,2013-09-30,10,120,58,73,65,89,58,5,5,4,5,5,0,0,0,0,0,0,0,16,0,62,55-64,1,2,3,0,405,0,14,12.164383561643834,370,0.14320987654320988,0.35714285714285715,28.928571428571427,33.29391891891892,1.150900900900901,0.006341900171863028
433,Master,Single,61331.0,1,1,2013-03-10,42,534,5,47,0,5,41,5,11,1,6,8,0,0,0,0,0,0,0,18,0,56,55-64,2,1,3,0,591,0,18,18.871232876712327,574,0.06937394247038917,0.2777777777777778,32.833333333333336,31.3175087108014,0.9538327526132405,0.006127571774952581
9597,Graduation,Married,73448.0,0,0,2014-02-10,10,236,106,189,23,41,130,1,7,2,9,4,0,0,0,0,0,0,0,16,0,45,45-54,0,2,2,0,595,0,18,7.791780821917808,237,0.2184873949579832,0.05555555555555555,33.05555555555556,76.36251758087202,2.3101265822784813,0.012476176491810046
1295,Graduation,Married,56181.0,0,1,2013-08-11,96,231,65,196,38,71,124,1,6,5,7,4,0,0,0,0,0,0,0,16,0,51,45-54,1,2,3,1,601,0,18,13.808219178082192,420,0.20632279534109818,0.05555555555555555,33.388888888888886,43.52480158730159,1.3035714285714286,0.009296694951097686
5290,PhD,Married,41551.0,1,1,2013-08-14,51,220,0,33,3,0,23,5,5,1,5,8,0,0,0,0,0,0,0,22,0,50,45-54,2,2,4,0,256,0,11,13.70958904109589,417,0.08984375,0.45454545454545453,23.272727272727273,18.673061550759392,0.8023581135091926,0.00539281217321154
1685,PhD,Together,62981.0,0,0,2013-03-17,21,796,14,590,38,44,0,1,4,5,13,3,0,1,0,0,0,0,0,22,0,47,45-54,0,2,2,0,1482,1,22,18.64109589041096,567,0.0,0.045454545454545456,67.36363636363636,79.50176366843033,1.1801881246325692,0.015147761452202473
5342,Basic,Divorced,9548.0,1,0,2012-08-08,31,0,1,3,10,6,9,2,1,0,3,8,0,0,0,0,0,0,0,12,0,38,35-44,1,1,2,0,20,0,4,24.0,788,0.45,0.5,5.0,0.8333333333333334,0.16666666666666666,0.0010473397570171764
9579,PhD,Married,33762.0,2,1,2013-07-07,61,53,1,34,2,0,16,3,2,2,2,8,0,0,0,0,0,0,0,22,0,55,55-64,3,2,5,0,90,0,6,14.95890410958904,455,0.17777777777777778,0.5,15.0,6.016483516483516,0.4010989010989011,0.0021384338071738108
7660,PhD,Single,35860.0,1,1,2014-05-19,37,15,0,8,4,2,20,2,1,1,2,5,1,0,0,0,0,0,1,22,0,41,35-44,2,1,3,0,29,1,4,4.56986301369863,139,0.6896551724137931,0.5,7.25,6.3459232613908885,0.8752997601918466,0.0021235660662769287
1461,PhD,Divorced,36921.0,1,1,2013-07-28,74,17,1,12,3,1,4,2,2,0,3,7,0,0,0,0,0,0,0,22,0,49,45-54,2,1,3,0,34,0,5,14.26849315068493,434,0.11764705882352941,0.4,6.8,2.382872503840246,0.3504224270353303,0.0007744771280865347
821,Master,Single,92859.0,0,0,2012-10-19,46,962,61,921,52,61,20,1,5,4,12,2,0,0,0,0,0,0,0,18,0,22,18-24,0,1,1,0,2057,0,21,23.539726027397258,716,0.009722897423432183,0.047619047619047616,97.95238095238095,87.38419459962758,0.8921089385474862,0.011292500836704368
8690,Graduation,Married,86111.0,0,0,2013-04-19,73,399,28,756,36,40,126,1,5,7,10,2,0,0,0,0,0,0,0,16,0,52,45-54,0,2,2,0,1259,0,22,17.556164383561644,534,0.10007942811755362,0.045454545454545456,57.22727272727273,71.71270287141074,1.2531210986267167,0.00999352503695148
2937,PhD,Single,68352.0,0,1,2013-08-28,47,614,16,132,43,33,33,3,8,5,9,6,0,0,0,0,0,0,0,22,0,40,35-44,1,1,2,0,838,0,22,13.24931506849315,403,0.03937947494033413,0.13636363636363635,38.09090909090909,63.248552522746074,1.6604631927212574,0.011104029586156264
9701,Graduation,Together,41883.0,1,0,2013-03-19,13,32,34,41,73,16,116,3,4,2,3,7,0,0,0,0,0,0,0,16,0,26,25-34,1,2,3,0,196,0,9,18.575342465753423,565,0.5918367346938775,0.3333333333333333,21.77777777777778,10.551622418879058,0.4845132743362832,0.0030231709530489387
9949,Graduation,Married,59809.0,0,2,2012-10-18,36,598,16,141,32,41,49,3,3,3,6,8,0,0,0,0,0,0,0,16,0,38,35-44,2,2,4,0,828,0,12,23.572602739726026,717,0.059178743961352656,0.25,69.0,35.1255230125523,0.5090655509065551,0.0070475392691840295
10837,Graduation,Married,23957.0,1,0,2012-10-28,47,2,1,18,20,11,16,1,2,0,3,6,0,0,0,0,0,0,1,16,0,39,35-44,1,2,3,0,52,0,5,23.243835616438353,707,0.3076923076923077,0.2,10.4,2.2371522866572375,0.21511079679396514,0.0011205838560707454
3120,Graduation,Together,38547.0,1,0,2013-08-28,49,6,1,10,0,1,4,1,1,0,2,8,0,0,0,0,0,1,0,16,0,33,25-34,1,2,3,0,18,0,3,13.24931506849315,403,0.2222222222222222,0.3333333333333333,6.0,1.3585607940446651,0.22642679900744417,0.0004229312145831318
5885,2n Cycle,Married,35688.0,2,1,2012-08-22,94,73,3,90,12,1,32,7,4,1,4,8,0,0,0,0,0,0,0,18,0,41,35-44,3,2,5,0,179,0,9,24.0,774,0.1787709497206704,0.7777777777777778,19.88888888888889,7.458333333333333,0.375,0.0025078457744900245
4050,Master,Married,49605.0,0,0,2014-06-21,65,42,16,29,12,20,8,1,2,1,4,3,0,0,0,0,0,0,0,18,0,48,45-54,0,2,2,0,119,0,7,3.484931506849315,106,0.06722689075630252,0.14285714285714285,17.0,34.147012578616355,2.0086477987421385,0.008260541295099209
3830,Master,Married,59354.0,0,2,2014-04-24,59,295,21,78,39,13,13,1,4,4,7,3,0,0,0,0,0,0,0,18,0,61,55-64,2,2,4,0,446,0,15,5.391780821917808,164,0.02914798206278027,0.06666666666666667,29.733333333333334,82.71849593495935,2.782012195121951,0.016723758318218016
7987,Graduation,Married,65747.0,0,1,2014-03-07,96,346,17,48,23,13,13,4,8,1,6,6,0,1,0,0,0,0,0,16,0,45,45-54,1,2,3,0,447,1,15,6.96986301369863,212,0.029082774049217,0.26666666666666666,29.8,64.13325471698113,2.152122641509434,0.011705462707101062
7798,2n Cycle,Together,46344.0,0,1,2012-12-14,28,233,20,57,8,20,91,4,7,1,5,7,0,0,0,0,0,0,0,18,0,42,35-44,1,2,3,0,338,0,13,21.6986301369863,660,0.2692307692307692,0.3076923076923077,26.0,15.577020202020204,0.5991161616161617,0.004033407613159038
92,Graduation,Single,34176.0,1,0,2014-05-12,12,5,7,24,19,14,20,4,3,0,4,6,0,0,0,0,0,0,0,16,0,26,25-34,1,1,2,0,69,0,7,4.8,146,0.2898550724637681,0.5714285714285714,9.857142857142858,14.375,1.4583333333333335,0.005047401685393259
7055,PhD,Together,61010.0,0,1,2012-10-09,57,888,0,57,0,0,76,2,8,5,11,5,0,0,0,0,0,0,0,22,0,62,55-64,1,2,3,0,945,0,24,23.86849315068493,726,0.08042328042328042,0.08333333333333333,39.375,39.59194214876033,1.0055096418732783,0.007787302176448516
10240,Graduation,Together,69372.0,0,0,2013-02-19,10,997,26,269,34,13,42,1,10,4,6,4,0,1,1,0,0,0,1,16,0,65,65-74,0,2,2,0,1339,2,20,19.495890410958904,593,0.03136669156086632,0.05,66.95,68.68114109050029,1.0258572231590781,0.011880494912731411
3025,Graduation,Single,49967.0,0,1,2013-07-08,4,212,6,69,4,12,3,3,6,1,5,7,0,0,0,0,0,0,0,16,0,56,55-64,1,1,2,0,303,0,12,14.926027397260274,454,0.009900990099009901,0.25,25.25,20.30011013215859,0.8039647577092511,0.004875244092819322
9283,Graduation,Single,60199.0,1,2,2013-09-12,49,8,1,7,2,0,0,1,0,0,3,4,0,0,0,0,0,0,0,16,0,36,35-44,3,1,4,0,18,0,3,12.756164383561643,388,0.0,0.3333333333333333,6.0,1.4110824742268042,0.23518041237113405,0.0002812835710015391
9970,Graduation,Together,55375.0,0,1,2013-10-17,3,42,11,57,10,28,14,1,1,1,6,2,0,0,0,0,0,0,0,16,0,37,35-44,1,2,3,0,148,0,8,11.605479452054794,353,0.0945945945945946,0.125,18.5,12.752596789423984,0.6893295561850803,0.0027635424193785613
2730,Graduation,Single,80317.0,0,0,2013-08-20,64,536,11,387,149,91,57,1,3,4,10,1,0,0,0,0,0,0,0,16,0,59,55-64,0,1,1,0,1174,0,17,13.512328767123288,411,0.048551959114139696,0.058823529411764705,69.05882352941177,86.88361719383617,1.258110300081103,0.012981104950708245
2795,Master,Single,30523.0,2,1,2013-07-01,0,5,0,3,0,0,5,1,1,0,2,7,0,0,0,0,0,0,0,18,0,56,55-64,3,1,4,0,8,0,3,15.156164383561643,461,0.625,0.3333333333333333,2.6666666666666665,0.5278380332610267,0.19793926247288504,0.00020751749169912263
9260,PhD,Married,70356.0,0,0,2012-11-05,20,1349,16,249,43,16,33,2,10,6,9,6,0,0,0,0,0,0,0,22,0,69,65-74,0,2,2,0,1673,0,25,22.980821917808218,699,0.01972504482964734,0.08,66.92,72.79983309489748,1.087863614687649,0.012416822973716098
8182,Graduation,Married,23228.0,1,0,2014-01-05,91,53,3,49,7,4,5,4,3,0,4,8,0,0,0,0,0,0,0,16,0,30,25-34,1,2,3,0,116,0,7,8.975342465753425,273,0.04310344827586207,0.5714285714285714,16.571428571428573,12.924297924297925,0.7799145299145299,0.006676923329239499
10095,PhD,Divorced,74165.0,0,0,2013-05-01,9,1001,12,240,16,12,12,1,5,4,10,2,0,0,0,0,0,0,0,22,0,39,35-44,0,1,1,0,1281,0,19,17.161643835616438,522,0.00936768149882904,0.05263157894736842,67.42105263157895,74.64319923371647,1.1071200510855683,0.012077373300136151
8475,PhD,Married,157243.0,0,1,2014-03-01,98,20,2,1582,1,2,1,15,0,22,0,0,0,0,0,0,0,0,0,22,0,41,35-44,1,2,3,0,1607,0,22,7.167123287671233,218,0.0006222775357809583,0.6818181818181818,73.04545454545455,224.21827217125383,3.069571865443425,0.017111218089549587
4370,Graduation,Together,43482.0,2,1,2013-11-13,83,18,1,32,6,3,28,3,2,0,4,6,0,0,0,0,0,0,0,16,0,48,45-54,3,2,5,0,60,0,6,10.717808219178082,326,0.4666666666666667,0.5,10.0,5.598159509202454,0.5598159509202454,0.0015449591580522848
10573,Graduation,Divorced,62551.0,0,0,2013-11-18,27,125,16,98,134,21,27,1,6,7,4,3,1,0,0,0,0,0,0,16,0,61,55-64,0,1,1,0,394,1,17,10.553424657534245,321,0.06852791878172589,0.058823529411764705,23.176470588235293,37.333852544132924,1.610851505711319,0.0071622552881583845
3712,Graduation,Divorced,52332.0,0,0,2013-08-28,63,212,5,33,7,0,2,1,3,2,6,4,0,1,0,0,0,0,0,16,0,55,55-64,0,1,1,0,257,1,11,13.24931506849315,403,0.007782101167315175,0.09090909090909091,23.363636363636363,19.39722911497105,0.8302315963606287,0.0044478856030660515
6637,Graduation,Single,66951.0,0,0,2013-11-02,46,277,162,305,173,76,124,1,3,4,7,1,0,0,0,0,0,0,0,16,0,26,25-34,0,1,1,0,993,0,14,11.07945205479452,337,0.12487411883182276,0.07142857142857142,70.92857142857143,89.6253709198813,1.2636003956478734,0.016064053577072423
3152,Graduation,Together,26091.0,1,1,2014-02-25,84,15,10,19,8,17,20,3,2,1,3,5,0,0,0,0,0,0,0,16,0,57,55-64,2,2,4,0,69,0,6,7.298630136986301,222,0.2898550724637681,0.5,11.5,9.45382882882883,0.8220720720720721,0.004348087307728564
5610,Graduation,Together,33456.0,1,1,2014-04-21,58,7,3,10,8,1,7,2,1,0,3,7,0,0,0,0,0,0,0,16,0,49,45-54,2,2,4,0,29,0,4,5.49041095890411,167,0.2413793103448276,0.5,7.25,5.281936127744511,0.7285429141716566,0.0018945251534234256
6460,Graduation,Married,28718.0,1,0,2013-07-13,78,12,4,6,11,8,16,2,2,0,3,8,0,0,0,0,0,0,0,16,0,32,25-34,1,2,3,0,41,0,5,14.761643835616438,449,0.3902439024390244,0.4,8.2,2.7774684484038605,0.3387156644394952,0.0011605829577563316
1349,Graduation,Married,50447.0,2,0,2014-04-21,4,85,7,24,2,3,27,1,3,1,3,6,0,0,0,0,0,0,0,16,0,44,35-44,2,2,4,0,121,0,7,5.49041095890411,167,0.2231404958677686,0.14285714285714285,17.285714285714285,22.038423153692616,1.274950099800399,0.005242354904044073
1880,PhD,Together,53537.0,1,1,2014-01-30,17,81,0,6,0,0,6,2,2,1,3,5,0,0,0,0,0,0,0,22,0,55,55-64,2,2,4,0,87,0,6,8.153424657534247,248,0.06896551724137931,0.3333333333333333,14.5,10.670362903225806,0.7358870967741935,0.0023916983551321453
641,Graduation,Single,52074.0,0,1,2014-04-04,77,59,0,12,0,0,48,1,2,2,2,4,1,0,0,0,0,0,0,16,0,47,45-54,1,1,2,0,71,1,6,6.049315068493151,184,0.676056338028169,0.16666666666666666,11.833333333333334,11.736865942028986,0.9918478260869565,0.002704658587862423
8717,PhD,Married,80427.0,0,1,2012-09-12,56,1149,71,449,69,71,26,1,11,8,8,5,0,0,0,0,0,0,0,22,0,39,35-44,1,2,3,0,1809,0,27,24.0,753,0.014372581536760642,0.037037037037037035,67.0,75.375,1.125,0.011246223283225783
10314,PhD,Married,83837.0,0,0,2012-12-16,79,847,66,119,86,89,111,1,9,10,5,4,0,1,0,1,0,0,1,22,0,66,65-74,0,2,2,0,1207,2,24,21.632876712328766,658,0.09196354598177299,0.041666666666666664,50.291666666666664,55.794706180344484,1.109422492401216,0.007986169282824215
10854,PhD,Married,38853.0,1,1,2014-05-23,90,29,0,14,0,0,2,2,2,0,3,7,0,0,0,0,0,0,0,22,0,44,35-44,2,2,4,0,43,0,5,4.438356164383562,135,0.046511627906976744,0.4,8.6,9.688271604938272,1.126543209876543,0.0029922852613507136
10492,Graduation,Together,38285.0,2,1,2014-06-24,96,2,0,5,2,0,1,1,0,0,3,2,0,0,0,0,0,0,0,16,0,55,55-64,3,2,5,0,9,0,3,3.3863013698630136,103,0.1111111111111111,0.3333333333333333,3.0,2.6577669902912624,0.8859223300970874,0.0008330469866395494
7698,PhD,Married,51650.0,0,1,2014-05-11,81,152,3,22,2,5,7,1,4,1,4,5,0,0,0,0,0,0,0,22,0,38,35-44,1,2,3,0,184,0,9,4.832876712328767,147,0.03804347826086957,0.1111111111111111,20.444444444444443,38.07256235827664,1.8622448979591837,0.008845513035804834
3559,2n Cycle,Married,16248.0,1,0,2014-05-10,77,12,11,10,3,12,9,3,2,1,3,6,0,0,0,0,0,0,0,18,0,26,25-34,1,2,3,0,48,0,6,4.865753424657534,148,0.1875,0.5,8.0,9.864864864864865,1.2331081081081081,0.007285719988821909
10562,Master,Married,66835.0,0,0,2013-09-28,21,620,26,195,34,17,141,1,6,4,13,2,0,0,0,0,0,0,0,18,0,68,65-74,0,2,2,0,892,0,23,12.23013698630137,372,0.15807174887892378,0.043478260869565216,38.78260869565217,72.93458781362007,1.8806003584229392,0.013095160526123152
10796,Master,Married,30477.0,1,0,2014-01-22,16,47,1,6,0,0,12,1,1,1,3,6,0,0,0,0,0,0,0,18,0,30,25-34,1,2,3,0,54,0,5,8.416438356164383,256,0.2222222222222222,0.2,10.8,6.416015625000001,0.5940755208333334,0.0025262390491190083
2563,Basic,Married,28249.0,0,0,2014-06-15,80,1,9,7,2,14,10,1,2,0,3,6,0,0,0,0,0,0,0,12,0,53,45-54,0,2,2,0,33,0,5,3.682191780821918,112,0.30303030303030304,0.2,6.6,8.962053571428571,1.3578869047619049,0.003807024774581148
3518,Graduation,Married,25271.0,1,0,2012-12-05,45,10,1,18,10,4,7,1,1,1,2,9,0,0,0,0,0,0,0,16,0,31,25-34,1,2,3,0,43,0,4,21.994520547945204,669,0.16279069767441862,0.25,10.75,1.9550323866467365,0.1818634778276034,0.0009283522076594056
5823,PhD,Single,32303.0,0,1,2014-03-08,63,35,0,2,0,0,2,2,1,0,4,5,0,0,0,0,0,0,0,22,0,44,35-44,1,1,2,0,37,0,5,6.9369863013698625,211,0.05405405405405406,0.4,7.4,5.333728278041074,0.7207740916271722,0.001981386847552639
3934,Graduation,Married,61286.0,0,1,2013-08-02,34,356,0,107,19,9,117,2,7,1,8,5,0,0,0,0,0,0,0,16,0,48,45-54,1,2,3,0,491,0,16,14.104109589041096,429,0.23828920570264767,0.125,30.6875,34.812548562548564,1.1344211344211343,0.0068164112970430886
6982,Graduation,Married,74068.0,0,0,2013-03-19,14,783,30,537,140,76,15,1,4,10,9,2,0,0,0,0,0,0,0,16,0,38,35-44,0,2,2,0,1566,0,23,18.575342465753423,565,0.009578544061302681,0.043478260869565216,68.08695652173913,84.30530973451329,1.2382005899705015,0.01365858018056596
6431,PhD,Married,45759.0,1,1,2013-02-23,13,42,1,18,3,0,4,2,2,0,3,7,0,0,0,0,0,0,0,22,0,50,45-54,2,2,4,0,64,0,5,19.364383561643834,589,0.0625,0.4,12.8,3.3050367855121676,0.2582059988681381,0.0008667243914016043
9733,Basic,Together,24882.0,1,0,2012-09-09,52,1,4,10,29,0,36,1,1,1,2,6,1,0,0,0,0,0,0,12,0,36,35-44,1,2,3,0,44,1,4,24.0,756,0.8181818181818182,0.25,11.0,1.8333333333333333,0.16666666666666666,0.0008841732979664014
5602,PhD,Together,66973.0,0,0,2013-05-17,98,466,22,432,147,113,102,1,8,7,12,3,0,0,0,0,0,0,0,22,0,25,25-34,0,2,2,0,1180,0,27,16.635616438356163,506,0.08644067796610169,0.037037037037037035,43.7037037037037,70.93214756258236,1.62302371541502,0.012709386928329153
7829,2n Cycle,Divorced,36640.0,1,0,2013-09-26,99,15,6,8,7,4,25,1,2,1,2,5,0,0,0,0,0,1,0,18,1,44,35-44,1,1,2,0,40,0,5,12.295890410958904,374,0.625,0.2,8.0,3.2531194295900177,0.4066399286987522,0.001065432127594984
1324,Graduation,Married,38872.0,1,0,2013-05-30,93,23,3,21,3,19,22,2,3,0,3,8,0,0,0,0,0,0,0,16,0,26,25-34,1,2,3,0,69,0,6,16.208219178082192,493,0.3188405797101449,0.3333333333333333,11.5,4.25709939148073,0.37018255578093306,0.0013141899747316514
326,Graduation,Married,51148.0,1,1,2013-02-18,38,235,6,45,8,9,12,4,5,1,6,6,0,0,0,0,0,0,0,16,0,41,35-44,2,2,4,0,303,0,12,19.528767123287672,594,0.039603960396039604,0.3333333333333333,25.25,15.51557239057239,0.6144781144781145,0.00364015931584556
6999,Master,Married,69661.0,0,0,2014-05-13,80,656,16,106,32,16,8,1,7,3,12,3,0,0,0,0,0,0,0,18,0,34,25-34,0,2,2,0,826,0,22,4.767123287671232,145,0.009685230024213076,0.045454545454545456,37.54545454545455,173.27011494252875,4.614942528735632,0.029847997865525114
9938,Graduation,Married,80067.0,0,0,2013-09-19,82,519,17,813,27,173,51,1,4,6,6,2,0,0,1,0,0,0,0,16,0,60,55-64,0,2,2,0,1549,1,16,12.526027397260274,381,0.0329244673983215,0.0625,96.8125,123.66251093613299,1.2773403324584427,0.018533854537245004
6422,Graduation,Married,86718.0,0,0,2013-01-17,20,344,189,482,50,33,172,1,5,6,5,2,0,0,0,0,0,0,0,16,0,60,55-64,0,2,2,0,1098,0,16,20.58082191780822,626,0.15664845173041894,0.0625,68.625,53.35063897763578,0.777422790202343,0.007382638757024255
3182,PhD,Single,46854.0,1,1,2014-03-31,81,96,1,79,7,1,79,6,5,1,3,8,1,0,0,0,0,0,1,22,0,41,35-44,2,1,3,0,184,1,9,6.180821917808219,188,0.42934782608695654,0.6666666666666666,20.444444444444443,29.769503546099294,1.456117021276596,0.007624408642873426
7300,Graduation,Divorced,69142.0,0,1,2014-06-29,50,448,4,34,6,4,39,3,8,1,7,5,0,1,0,0,0,0,0,16,0,62,55-64,1,1,2,0,496,1,16,3.221917808219178,98,0.07862903225806452,0.1875,31.0,153.9455782312925,4.965986394557823,0.026718158843763704
10424,Graduation,Single,75922.0,0,0,2013-12-09,60,265,138,553,224,23,92,1,4,4,9,1,0,0,0,0,0,0,0,16,0,46,45-54,0,1,1,0,1203,0,17,9.863013698630137,300,0.07647547797173733,0.058823529411764705,70.76470588235294,121.97083333333333,1.723611111111111,0.019278338294565475
8727,Graduation,Divorced,63693.0,0,1,2013-10-14,63,587,43,337,42,87,54,3,11,6,9,6,0,0,0,0,0,0,0,16,0,36,35-44,1,1,2,0,1096,0,26,11.704109589041096,356,0.04927007299270073,0.11538461538461539,42.15384615384615,93.64232209737828,2.221441947565543,0.017642564570181016
2798,PhD,Together,102160.0,0,0,2012-11-02,54,763,29,138,76,176,58,0,7,9,10,4,0,1,1,1,0,0,1,22,0,37,35-44,0,2,2,0,1182,3,26,23.07945205479452,702,0.049069373942470386,0.0,45.46153846153846,51.21438746438747,1.1265432098765433,0.0060157855283148945
1030,PhD,Single,40637.0,1,1,2013-07-17,72,22,0,13,0,0,3,2,1,0,3,7,0,0,0,0,0,0,0,22,0,49,45-54,2,1,3,0,35,0,4,14.63013698630137,445,0.08571428571428572,0.5,8.75,2.392322097378277,0.27340823970037453,0.0007064464691916068
624,Master,Single,18890.0,0,0,2012-11-10,5,6,4,1,7,2,15,1,0,1,2,6,1,0,0,0,0,0,1,18,0,30,25-34,0,1,1,0,20,1,3,22.816438356164383,694,0.75,0.3333333333333333,6.666666666666667,0.8765609990393852,0.13148414985590778,0.0005568412910784871
5176,Graduation,Together,29604.0,1,0,2013-12-08,88,7,6,13,7,6,14,1,1,0,3,9,1,0,0,0,0,0,0,16,0,26,25-34,1,2,3,0,39,1,4,9.895890410958904,301,0.358974358974359,0.25,9.75,3.941029900332226,0.40420819490586934,0.0015974989462230345
5552,Master,Divorced,48721.0,1,1,2013-05-13,50,81,18,113,47,13,21,6,4,2,5,6,0,0,0,0,0,0,0,18,0,51,45-54,2,1,3,0,272,0,11,16.767123287671232,510,0.07720588235294118,0.5454545454545454,24.727272727272727,16.22222222222222,0.6560457516339869,0.003995539226753692
868,Graduation,Married,44794.0,0,1,2014-06-08,99,54,0,7,0,0,4,1,2,0,3,6,0,0,0,0,0,0,0,16,0,48,45-54,1,2,3,0,61,0,5,3.9123287671232876,119,0.06557377049180328,0.2,12.2,15.591736694677872,1.2780112044817928,0.004176917451804582
380,Graduation,Divorced,64497.0,0,1,2012-09-10,17,1170,48,320,42,32,192,5,11,4,9,8,1,0,0,0,0,0,1,16,0,60,55-64,1,1,2,0,1612,1,24,24.0,755,0.11910669975186104,0.20833333333333334,67.16666666666667,67.16666666666667,1.0,0.012496705273113478
2677,Graduation,Together,46097.0,0,1,2013-03-31,11,72,24,68,65,4,8,5,3,1,6,4,0,0,0,0,0,0,0,16,0,58,55-64,1,2,3,0,233,0,10,18.180821917808217,553,0.034334763948497854,0.5,23.3,12.815702230259195,0.5500301386377336,0.0033361916559236033
6521,Graduation,Together,77972.0,0,0,2014-03-18,18,613,22,319,33,102,12,1,4,6,9,1,0,0,0,0,0,0,0,16,0,60,55-64,0,2,2,0,1089,0,19,6.608219178082192,201,0.011019283746556474,0.05263157894736842,57.31578947368421,164.794776119403,2.875207296849088,0.025362146840312367
6927,PhD,Married,44377.0,1,1,2012-10-05,70,224,0,30,0,0,10,8,5,1,5,8,0,0,0,0,0,0,0,22,0,46,45-54,2,2,4,0,254,0,11,24.0,730,0.03937007874015748,0.7272727272727273,23.09090909090909,10.583333333333334,0.4583333333333333,0.0028618428465195934
2877,Master,Together,46014.0,1,1,2013-01-21,21,410,0,59,19,9,44,10,7,1,8,7,0,0,0,0,0,0,0,18,0,40,35-44,2,2,4,0,497,0,16,20.44931506849315,622,0.08853118712273642,0.625,31.0625,24.303992497320472,0.782422293676313,0.006338242925367186
0,Graduation,Married,70951.0,0,0,2013-05-04,66,239,10,554,254,87,54,1,3,4,9,1,0,0,0,0,0,0,0,16,0,29,25-34,0,2,2,0,1144,0,16,17.063013698630137,519,0.0472027972027972,0.0625,71.5,67.04560051380861,0.9377007064868337,0.011339476627048291
1584,Graduation,Married,41443.0,1,0,2014-04-01,79,171,7,171,25,19,89,6,8,1,5,8,0,0,0,0,0,0,0,16,0,37,35-44,1,2,3,0,393,0,14,6.147945205479452,187,0.22646310432569974,0.42857142857142855,28.071428571428573,63.92379679144385,2.2771836007130126,0.01850941199954941
7264,2n Cycle,Single,52195.0,2,1,2014-05-12,2,12,0,4,0,0,1,1,1,0,2,8,0,0,0,0,0,0,0,18,0,36,35-44,3,1,4,0,16,0,3,4.8,146,0.0625,0.3333333333333333,5.333333333333333,3.3333333333333335,0.625,0.0007663569307404924
6274,Master,Married,83790.0,0,0,2013-11-15,81,1076,16,417,42,48,16,1,8,10,6,3,0,1,1,0,0,0,0,18,0,66,65-74,0,2,2,0,1599,2,24,10.652054794520547,324,0.010006253908692933,0.041666666666666664,66.625,150.1118827160494,2.2530864197530867,0.0214983004247833
1377,Master,Widow,44551.0,0,1,2013-08-31,24,182,4,33,0,0,66,2,4,1,5,7,0,0,0,0,0,0,0,18,0,60,55-64,1,1,2,0,219,0,10,13.150684931506849,400,0.3013698630136986,0.2,21.9,16.653125,0.7604166666666667,0.004485589549056137
454,Graduation,Together,69508.0,1,0,2012-11-14,48,824,32,162,42,32,43,2,11,4,11,6,0,0,0,0,0,0,0,16,0,34,25-34,1,2,3,0,1092,0,26,22.684931506849313,690,0.039377289377289376,0.07692307692307693,42.0,48.137681159420296,1.146135265700483,0.008310585456538004
1755,2n Cycle,Together,45204.0,1,0,2014-04-11,93,30,11,25,29,1,18,1,1,1,4,3,0,0,0,0,0,0,0,18,0,26,25-34,1,2,3,0,96,0,6,5.8191780821917805,177,0.1875,0.16666666666666666,16.0,16.497175141242938,1.0310734463276836,0.00437939345400662
2075,Graduation,Married,72460.0,0,0,2013-11-14,56,377,10,540,80,30,10,1,3,5,7,1,0,0,0,0,0,0,0,16,0,45,45-54,0,2,2,0,1037,0,15,10.684931506849315,325,0.009643201542912247,0.06666666666666667,69.13333333333334,97.0525641025641,1.4038461538461537,0.016072740397885307
4785,PhD,Together,77622.0,0,2,2014-04-14,3,520,7,154,19,0,14,2,6,3,11,3,0,0,0,0,0,0,0,22,0,44,35-44,2,2,4,0,700,0,20,5.720547945205479,174,0.02,0.1,35.0,122.36590038314178,3.4961685823754793,0.018917198791550092
9076,PhD,Married,30732.0,1,0,2013-01-05,44,155,1,25,0,1,3,4,4,1,4,8,0,0,0,0,0,0,0,22,0,34,25-34,1,2,3,0,182,0,9,20.975342465753425,638,0.016483516483516484,0.4444444444444444,20.22222222222222,8.676854754440962,0.42907523510971785,0.0033880729224681615
7079,Graduation,Divorced,63887.0,0,1,2012-09-08,38,897,23,207,15,11,92,5,9,6,12,6,0,0,0,0,0,0,0,16,0,52,45-54,1,1,2,0,1153,0,27,24.0,757,0.0797918473547268,0.18518518518518517,42.7037037037037,48.041666666666664,1.125,0.009023745049853647
4653,Graduation,Together,42011.0,1,0,2013-03-26,46,131,0,16,2,1,39,4,3,1,4,8,0,0,0,0,0,0,0,16,0,36,35-44,1,2,3,0,150,0,8,18.345205479452055,558,0.26,0.5,18.75,8.17652329749104,0.4360812425328554,0.0023355378250908684
7375,Graduation,Together,51369.0,0,1,2012-10-25,84,297,7,79,0,11,182,2,8,2,4,8,0,0,0,0,0,0,0,16,0,38,35-44,1,2,3,0,394,0,14,23.342465753424655,710,0.4619289340101523,0.14285714285714285,28.142857142857142,16.87910798122066,0.5997652582159625,0.003943025867247716
709,Graduation,Divorced,51537.0,0,1,2012-12-09,27,787,20,204,0,0,92,3,2,2,11,8,0,0,0,0,0,0,0,16,0,62,55-64,1,1,2,0,1011,0,15,21.863013698630137,665,0.09099901088031652,0.2,67.4,46.24248120300752,0.6860902255639098,0.01076721140997905
460,PhD,Married,79930.0,0,0,2012-08-08,72,792,86,740,67,51,17,1,3,5,8,2,0,0,0,0,0,0,0,22,0,42,35-44,0,2,2,0,1736,0,16,24.0,788,0.009792626728110598,0.0625,108.5,72.33333333333333,0.6666666666666666,0.010859502064306267
3726,PhD,Together,34320.0,1,0,2014-02-16,66,4,1,9,3,0,0,1,1,0,2,8,0,0,0,0,0,0,0,22,0,28,25-34,1,2,3,0,17,0,3,7.594520547945205,231,0.0,0.3333333333333333,5.666666666666667,2.2384559884559887,0.39502164502164505,0.0007826769190405555
6798,Graduation,Single,37070.0,1,1,2013-03-20,30,231,7,137,4,15,39,9,5,1,8,7,0,0,0,0,0,0,1,16,0,48,45-54,2,1,3,0,394,0,14,18.542465753424658,564,0.09898477157360407,0.6428571428571429,28.142857142857142,21.24852245862884,0.7550236406619385,0.006878399501039819
5341,2n Cycle,Divorced,81975.0,0,1,2013-01-05,2,983,76,184,180,138,27,1,6,3,4,7,0,0,1,0,0,0,0,18,0,52,45-54,1,1,2,0,1561,1,13,20.975342465753425,638,0.01729660474055093,0.07692307692307693,120.07692307692308,74.4207157784744,0.6197753396029259,0.01089415784497338
1606,Graduation,Together,38590.0,1,0,2013-05-15,65,3,1,8,4,3,3,1,1,0,2,8,0,0,0,0,0,0,0,16,0,43,35-44,1,2,3,0,19,0,3,16.7013698630137,508,0.15789473684210525,0.3333333333333333,6.333333333333333,1.1376312335958005,0.1796259842519685,0.00035375938852421886
9617,Graduation,Single,15033.0,0,0,2014-04-16,37,0,4,5,6,0,4,1,1,0,3,3,0,0,0,0,0,0,0,16,0,63,55-64,0,1,1,0,15,0,4,5.654794520547945,172,0.26666666666666666,0.25,3.75,2.6526162790697674,0.7073643410852714,0.0021174346669884394
3233,PhD,Married,62745.0,0,1,2013-03-23,89,562,21,464,28,10,32,3,7,8,11,5,0,0,0,0,0,0,0,22,0,49,45-54,1,2,3,0,1085,0,26,18.443835616438356,561,0.029493087557603687,0.11538461538461539,41.73076923076923,58.82724301841949,1.4096850861556744,0.011250727806534924
89,2n Cycle,Married,22212.0,1,0,2013-12-09,49,5,9,20,6,8,21,2,2,0,4,6,0,0,0,0,0,0,0,18,0,39,35-44,1,2,3,0,48,0,6,9.863013698630137,300,0.4375,0.3333333333333333,8.0,4.866666666666666,0.6083333333333333,0.0026292094363407166
2936,Master,Together,23661.0,1,0,2013-12-04,46,18,0,4,0,0,1,1,1,0,3,7,0,0,0,0,0,0,0,18,0,32,25-34,1,2,3,0,22,0,4,10.027397260273972,305,0.045454545454545456,0.25,5.5,2.1939890710382515,0.39890710382513667,0.0011127115866809948
9449,PhD,Single,79761.0,0,1,2013-10-04,32,415,5,124,15,35,11,1,5,2,11,3,0,0,0,0,0,0,0,22,0,56,55-64,1,1,2,0,594,0,18,12.032876712328767,366,0.018518518518518517,0.05555555555555555,33.0,49.364754098360656,1.4959016393442623,0.007426900981436139
7297,Graduation,Single,7500.0,1,0,2013-12-26,54,5,3,10,12,7,20,4,3,1,3,7,0,0,0,0,0,0,0,16,0,41,35-44,1,1,2,0,37,0,7,9.304109589041095,283,0.5405405405405406,0.5714285714285714,5.285714285714286,3.976737338044759,0.7523557126030624,0.006362779740871614
11004,2n Cycle,Single,60182.0,0,1,2014-05-17,23,8,0,5,7,0,2,1,1,0,2,4,0,0,0,0,0,0,0,18,1,44,35-44,1,1,2,0,20,0,3,4.635616438356164,141,0.1,0.3333333333333333,6.666666666666667,4.314420803782506,0.6471631205673759,0.0008602746609516145
313,Graduation,Widow,73455.0,0,0,2013-10-28,98,901,61,757,186,163,20,1,6,5,10,3,0,1,0,0,0,0,0,16,0,46,45-54,0,1,1,0,2068,1,21,11.243835616438355,342,0.009671179883945842,0.047619047619047616,98.47619047619048,183.92300194931775,1.8676900584795324,0.030046641118941026
9940,Graduation,Together,64961.0,0,1,2012-12-23,97,382,114,276,75,124,38,2,6,4,4,3,0,0,0,0,0,0,0,16,0,56,55-64,1,2,3,0,971,0,14,21.402739726027395,651,0.03913491246138002,0.14285714285714285,69.35714285714286,45.36802355350743,0.6541218637992833,0.008380663515680009
10735,Graduation,Single,22804.0,1,0,2013-07-31,75,14,1,7,2,1,1,1,2,0,2,9,0,0,0,0,0,0,0,16,0,43,35-44,1,1,2,0,25,0,4,14.16986301369863,431,0.04,0.25,6.25,1.7643078112915702,0.2822892498066512,0.000928420177841556
9529,Graduation,Married,73687.0,0,0,2013-11-28,8,559,153,503,218,13,181,1,3,9,9,2,0,0,0,1,0,0,1,16,0,24,18-24,0,2,2,0,1446,1,21,10.224657534246575,311,0.1251728907330567,0.047619047619047616,68.85714285714286,141.42282958199357,2.0538585209003215,0.023030846078465984
6439,Graduation,Married,61074.0,0,1,2012-08-17,37,789,0,133,0,28,152,7,11,5,8,7,0,0,0,0,0,0,0,16,0,56,55-64,1,2,3,0,950,0,24,24.0,779,0.16,0.2916666666666667,39.583333333333336,39.583333333333336,1.0,0.007777450306185939
7411,PhD,Married,31686.0,1,1,2014-06-05,31,11,0,5,0,0,1,2,1,0,3,6,0,0,0,0,0,0,0,22,0,50,45-54,2,2,4,0,16,0,4,4.0109589041095886,122,0.0625,0.5,4.0,3.9890710382513666,0.9972677595628416,0.0015107256346341097
2176,Graduation,Married,80134.0,1,0,2013-05-20,40,1218,16,272,104,0,80,2,5,3,6,6,0,1,1,1,0,0,1,16,0,42,35-44,1,2,3,0,1610,3,14,16.53698630136986,503,0.049689440993788817,0.14285714285714285,115.0,97.35752153744203,0.8465871438038437,0.014579208057120627
9265,Graduation,Married,75027.0,0,1,2013-01-09,74,925,64,179,133,12,77,2,9,4,6,5,0,0,0,0,0,0,0,16,0,61,55-64,1,2,3,0,1313,0,19,20.843835616438355,634,0.05864432597105865,0.10526315789473684,69.10526315789474,62.99224500525763,0.9115404837013671,0.010075132153266044
8867,PhD,Married,67546.0,0,0,2012-08-31,90,864,134,768,150,38,172,1,4,10,5,3,0,0,0,0,0,0,0,22,0,26,25-34,0,2,2,0,1954,0,19,24.0,765,0.08802456499488229,0.05263157894736842,102.84210526315789,81.41666666666667,0.7916666666666666,0.014464216978059398
8932,Master,Together,65176.0,0,1,2012-10-29,57,960,28,183,220,70,70,4,9,6,6,6,0,0,0,0,0,0,0,18,0,45,45-54,1,2,3,0,1461,0,21,23.21095890410959,706,0.04791238877481177,0.19047619047619047,69.57142857142857,62.944405099150146,0.9047450424929179,0.011589125770065696
10236,Master,Single,31160.0,1,0,2013-09-16,59,16,3,25,6,1,13,2,2,0,3,8,0,0,0,0,0,0,0,18,0,39,35-44,1,1,2,0,51,0,5,12.624657534246575,384,0.2549019607843137,0.4,10.2,4.039713541666667,0.3960503472222222,0.0015557305038510915
6340,Graduation,Single,29938.0,1,0,2013-10-27,52,3,3,7,0,2,11,2,1,0,3,6,0,0,0,0,0,0,0,16,0,29,25-34,1,1,2,0,15,0,4,11.276712328767124,343,0.7333333333333333,0.5,3.75,1.3301749271137027,0.35471331389698735,0.0005331718593548143
10089,Graduation,Divorced,102692.0,0,0,2013-04-05,5,168,148,444,32,172,148,1,6,9,13,2,0,1,1,1,1,0,1,16,0,40,35-44,0,1,1,0,964,4,28,18.016438356164382,548,0.15352697095435686,0.03571428571428571,34.42857142857143,53.50669099756691,1.5541362530413627,0.006252485996677473
2227,2n Cycle,Together,26490.0,0,0,2012-09-22,92,45,47,52,21,20,25,2,3,1,5,6,0,0,0,0,0,0,0,18,0,56,55-64,0,2,2,0,185,0,9,24.0,743,0.13513513513513514,0.2222222222222222,20.555555555555557,7.708333333333333,0.375,0.003491883729709324
10992,Graduation,Together,75702.0,1,1,2012-08-29,77,650,28,353,45,42,30,5,4,6,11,8,0,0,0,0,0,0,0,16,0,47,45-54,2,2,4,0,1118,0,21,24.0,767,0.026833631484794274,0.23809523809523808,53.23809523809524,46.583333333333336,0.875,0.007384217061636417
5304,PhD,Single,30899.0,1,0,2012-10-13,35,24,0,8,0,0,1,2,1,0,3,6,0,0,0,0,0,0,0,22,0,40,35-44,1,1,2,0,32,0,4,23.73698630136986,722,0.03125,0.5,8.0,1.3481071098799633,0.1685133887349954,0.0005235536851859141
3406,Graduation,Single,45989.0,0,1,2012-10-22,97,138,33,87,28,24,12,4,3,2,7,3,0,0,0,0,0,0,0,16,0,50,45-54,1,1,2,0,310,0,12,23.441095890410956,713,0.03870967741935484,0.3333333333333333,25.833333333333332,13.224637681159422,0.511921458625526,0.003450730656763858
2661,Graduation,Single,18701.0,1,1,2013-06-04,95,12,4,2,10,6,10,4,2,0,4,5,0,0,0,0,0,0,0,16,0,50,45-54,2,1,3,0,34,0,6,16.043835616438354,488,0.29411764705882354,0.6666666666666666,5.666666666666667,2.1191939890710385,0.37397540983606564,0.0013598378626197775
3153,PhD,Single,40737.0,2,1,2013-12-08,24,11,0,4,0,0,2,1,1,0,2,8,0,0,0,0,0,0,0,22,0,57,55-64,3,1,4,0,15,0,3,9.895890410958904,301,0.13333333333333333,0.3333333333333333,5.0,1.51578073089701,0.303156146179402,0.00044650732186376314
10264,Graduation,Divorced,15287.0,1,0,2012-10-10,60,1,2,8,4,3,13,2,1,1,2,7,1,0,0,0,0,0,1,16,0,35,35-44,1,1,2,0,18,1,4,23.835616438356162,725,0.7222222222222222,0.5,4.5,0.7551724137931035,0.167816091954023,0.0005927957719315262
1184,PhD,Divorced,69674.0,0,2,2013-05-22,46,554,41,215,11,0,24,3,10,2,10,5,0,0,0,0,0,0,0,22,0,46,45-54,2,1,3,0,821,0,22,16.471232876712328,501,0.029232643118148598,0.13636363636363635,37.31818181818182,49.84447771124418,1.335662009314704,0.008584748005496027
4200,Master,Married,44159.0,1,0,2014-06-17,85,167,2,62,24,13,7,4,4,1,6,5,0,0,0,0,0,0,0,18,0,44,35-44,1,2,3,0,268,0,11,3.6164383561643834,110,0.026119402985074626,0.36363636363636365,24.363636363636363,74.10606060606061,3.041666666666667,0.020137972491966017
9396,PhD,Married,37717.0,1,0,2012-11-23,31,9,0,6,4,1,5,1,1,0,2,9,0,0,0,0,0,0,0,22,0,36,35-44,1,2,3,0,20,0,3,22.38904109589041,681,0.25,0.3333333333333333,6.666666666666667,0.8932941752325013,0.1339941262848752,0.0002842095103743674
2387,Master,Together,43776.0,1,1,2013-02-03,9,177,2,71,3,2,20,6,5,2,4,8,0,0,0,0,0,0,1,18,0,62,55-64,2,2,4,0,255,0,11,20.02191780821918,609,0.0784313725490196,0.5454545454545454,23.181818181818183,12.736042692939245,0.5493979200875753,0.0034912397732837844
6690,Master,Married,38179.0,1,1,2013-03-14,30,38,4,22,4,2,20,4,3,1,3,7,0,0,0,0,0,0,0,18,0,48,45-54,2,2,4,0,70,0,7,18.73972602739726,570,0.2857142857142857,0.5714285714285714,10.0,3.7353801169590644,0.37353801169590645,0.001174063265237664
1225,Graduation,Married,80124.0,0,0,2014-06-26,47,483,84,398,205,84,241,1,3,7,8,1,1,0,0,0,0,0,0,16,0,51,45-54,0,2,2,0,1254,1,18,3.320547945205479,101,0.19218500797448165,0.05555555555555555,69.66666666666667,377.6485148514852,5.420792079207922,0.05655960983248243
9703,PhD,Married,38097.0,1,1,2012-10-15,70,77,2,35,0,1,69,4,3,2,2,7,1,0,0,0,0,0,1,22,0,44,35-44,2,2,4,0,115,1,7,23.671232876712327,720,0.6,0.5714285714285714,16.428571428571427,4.858217592592593,0.2957175925925926,0.001530267766782453
291,Graduation,Married,72940.0,0,0,2013-06-19,13,182,74,298,162,149,116,1,3,3,6,1,0,0,0,0,0,0,0,16,0,44,35-44,0,2,2,0,865,0,12,15.550684931506849,473,0.13410404624277455,0.08333333333333333,72.08333333333333,55.624559548978155,0.7716701902748414,0.009151284817490238
4557,Graduation,Together,22070.0,1,0,2013-10-04,11,10,7,19,8,2,21,2,2,2,2,6,0,0,0,0,0,0,0,16,0,44,35-44,1,2,3,0,46,0,6,12.032876712328767,366,0.45652173913043476,0.3333333333333333,7.666666666666667,3.8228597449908928,0.49863387978142076,0.0020785825527816363
2379,Graduation,Single,69267.0,0,0,2012-09-22,31,778,44,499,95,73,146,2,3,4,5,7,0,0,0,0,0,0,1,16,0,61,55-64,0,1,1,0,1489,0,12,24.0,743,0.09805238415043653,0.16666666666666666,124.08333333333333,62.041666666666664,0.5,0.010748263964081019
5726,Master,Single,31788.0,1,0,2014-03-20,15,16,7,23,0,8,6,3,3,0,4,5,0,0,0,0,0,1,0,18,0,31,25-34,1,1,2,0,54,0,7,6.542465753424657,199,0.1111111111111111,0.42857142857142855,7.714285714285714,8.253768844221106,1.0699329983249581,0.0031158055282072884
3066,PhD,Together,61905.0,0,1,2014-02-04,2,167,0,43,6,2,13,2,4,2,4,5,0,0,0,0,0,0,0,22,0,39,35-44,1,2,3,0,218,0,10,7.989041095890411,243,0.05963302752293578,0.2,21.8,27.28737997256516,1.2517146776406036,0.0052895333118614316
6336,Graduation,Married,29315.0,1,1,2014-04-06,55,13,2,14,8,7,4,4,2,0,4,6,0,0,0,0,0,0,0,16,0,54,45-54,2,2,4,0,44,0,6,5.983561643835616,182,0.09090909090909091,0.6666666666666666,7.333333333333333,7.353479853479854,1.0027472527472527,0.00301012308516999
10967,Graduation,Divorced,33378.0,1,1,2013-02-06,38,33,6,40,3,7,10,3,2,0,4,7,0,0,0,0,0,0,0,16,0,51,45-54,2,1,3,0,89,0,6,19.923287671232877,606,0.11235955056179775,0.5,14.833333333333334,4.467134213421342,0.30115511551155116,0.0016060162550499161
2304,PhD,Together,66313.0,0,1,2013-09-16,86,625,7,99,10,22,7,2,6,3,12,4,0,0,0,0,0,0,0,22,0,51,45-54,1,2,3,0,763,0,21,12.624657534246575,384,0.009174311926605505,0.09523809523809523,36.333333333333336,60.437282986111114,1.6634114583333335,0.010936730291697457
3445,Graduation,Single,60714.0,0,0,2013-01-17,56,216,162,224,101,92,162,2,7,4,10,5,0,0,0,0,0,0,1,16,0,58,55-64,0,1,1,0,795,0,21,20.58082191780822,626,0.2037735849056604,0.09523809523809523,37.857142857142854,38.62819488817891,1.020367412140575,0.007634785035710823
7828,Master,Together,77882.0,0,0,2014-04-30,29,68,129,396,188,22,15,1,3,3,5,1,0,0,0,0,0,0,0,18,0,33,25-34,0,2,2,0,803,0,11,5.1945205479452055,158,0.0186799501867995,0.09090909090909091,73.0,154.58597046413502,2.117616033755274,0.02381849009488226
3762,PhD,Single,69867.0,0,0,2013-04-02,30,196,0,512,33,130,54,1,3,5,8,1,0,0,0,1,0,0,1,22,0,28,25-34,0,1,1,0,871,1,16,18.115068493150684,551,0.06199770378874857,0.0625,54.4375,48.08151845130067,0.8832425892317,0.008258236669895773
4391,Master,Divorced,63841.0,0,1,2013-04-21,64,635,15,100,20,7,131,1,9,3,9,6,0,0,0,0,0,0,0,18,0,46,45-54,1,1,2,0,777,0,21,17.49041095890411,532,0.16859716859716858,0.047619047619047616,37.0,44.42434210526316,1.200657894736842,0.008350309444763677
4669,Basic,Married,24480.0,1,0,2013-02-11,46,4,19,9,28,25,17,3,3,0,4,7,0,0,0,0,0,0,0,12,0,33,25-34,1,2,3,0,85,0,7,19.75890410958904,601,0.2,0.42857142857142855,12.142857142857142,4.301858014420411,0.35427066001109264,0.002108753928637456
1672,PhD,Together,65640.0,0,1,2014-03-01,74,204,7,149,20,15,66,1,5,1,8,2,0,0,0,0,0,0,0,22,0,40,35-44,1,2,3,0,395,0,14,7.167123287671233,218,0.1670886075949367,0.07142857142857142,28.214285714285715,55.11276758409786,1.9533639143730888,0.010075460253034343
8962,Master,Married,44319.0,1,1,2014-04-17,18,26,0,8,0,0,3,2,2,0,3,5,0,0,0,0,0,0,0,18,0,39,35-44,2,2,4,0,34,0,5,5.621917808219178,171,0.08823529411764706,0.4,6.8,6.04775828460039,0.8893762183235868,0.00163751662752329
9974,Graduation,Married,30631.0,1,0,2013-07-12,75,15,6,20,4,5,20,1,3,1,2,7,0,0,0,0,0,0,0,16,0,40,35-44,1,2,3,0,50,0,6,14.794520547945204,450,0.4,0.16666666666666666,8.333333333333334,3.3796296296296298,0.4055555555555556,0.0013240036419168671
10983,Graduation,Together,75278.0,0,0,2013-01-29,17,304,98,230,150,74,74,1,6,3,13,3,0,0,0,0,0,0,0,16,0,62,55-64,0,2,2,0,856,0,22,20.186301369863013,614,0.08644859813084112,0.045454545454545456,38.90909090909091,42.40499457111835,1.0898479913137893,0.0067597430172616196
8148,Master,Together,50898.0,1,1,2013-01-08,88,285,28,242,55,114,135,13,6,2,12,5,0,0,0,0,0,0,0,18,0,58,55-64,2,2,4,0,724,0,20,20.876712328767123,635,0.18646408839779005,0.65,36.2,34.67979002624672,0.958005249343832,0.008176303200812618
10102,Graduation,Widow,79946.0,0,0,2014-05-12,19,395,183,565,166,141,28,1,5,11,5,3,0,0,0,0,0,0,0,16,0,48,45-54,0,1,1,0,1450,0,21,4.8,146,0.019310344827586208,0.047619047619047616,69.04761904761905,302.08333333333337,4.375,0.045343106596952946
4697,Master,Divorced,35416.0,0,0,2013-06-13,62,248,3,81,4,3,51,3,7,1,5,8,0,0,0,0,0,0,0,18,0,65,65-74,0,1,1,0,339,0,13,15.747945205479452,479,0.1504424778761062,0.23076923076923078,26.076923076923077,21.526617954070982,0.8255045233124565,0.007293861967722266
9262,2n Cycle,Together,32414.0,0,0,2013-07-04,11,20,6,5,0,9,12,1,1,0,3,7,1,0,0,0,0,0,0,18,0,30,25-34,0,2,2,0,40,1,4,15.057534246575342,458,0.3,0.25,10.0,2.656477438136827,0.26564774381368267,0.0009834555827001273
7254,Graduation,Together,38361.0,1,0,2013-12-27,74,39,0,56,20,8,14,3,3,1,3,7,0,0,0,0,0,0,0,16,0,45,45-54,1,2,3,0,123,0,7,9.271232876712329,282,0.11382113821138211,0.42857142857142855,17.571428571428573,13.266843971631205,0.7550236406619385,0.004150103690195106
4543,Graduation,Married,82497.0,0,0,2012-10-31,32,777,129,573,216,21,203,1,2,7,9,4,0,0,1,0,0,0,0,16,0,34,25-34,0,2,2,0,1716,1,18,23.145205479452056,704,0.1182983682983683,0.05555555555555555,95.33333333333333,74.140625,0.7776988636363636,0.010784483072111713
4927,Graduation,Together,16626.0,2,0,2014-01-15,76,8,3,22,21,1,13,3,3,0,3,9,0,0,0,0,0,0,0,16,0,43,35-44,2,2,4,0,55,0,6,8.646575342465754,263,0.23636363636363636,0.5,9.166666666666666,6.360899873257288,0.6939163498098859,0.004591050070918288
10451,Graduation,Together,29672.0,1,1,2013-03-12,6,9,1,3,0,4,8,1,0,0,3,6,0,0,0,0,0,0,0,16,0,49,45-54,2,2,4,0,17,0,3,18.805479452054794,572,0.47058823529411764,0.3333333333333333,5.666666666666667,0.9039918414918415,0.15952797202797203,0.0003655938965321549
2926,Master,Together,55951.0,0,1,2012-08-23,62,1241,0,80,0,13,40,3,3,6,11,8,0,1,0,0,1,0,0,18,0,62,55-64,1,2,3,0,1334,2,20,24.0,773,0.029985007496251874,0.15,66.7,55.583333333333336,0.8333333333333334,0.011921145287841148
2874,2n Cycle,Divorced,35388.0,1,0,2013-03-07,20,6,4,7,4,3,8,1,1,0,3,7,0,0,0,0,0,0,0,18,0,26,25-34,1,1,2,0,24,0,4,18.969863013698628,577,0.3333333333333333,0.25,6.0,1.2651646447140383,0.2108607741190064,0.0004290147998352114
9738,Master,Together,42386.0,1,0,2013-01-13,43,65,4,16,0,4,11,1,3,0,3,8,0,0,0,0,0,0,0,18,0,28,25-34,1,2,3,0,89,0,6,20.712328767123285,630,0.12359550561797752,0.16666666666666666,14.833333333333334,4.2969576719576725,0.2896825396825397,0.0012165217775560815
7119,Graduation,Single,68627.0,0,0,2013-01-12,45,395,15,263,60,54,38,1,2,3,6,1,0,0,0,0,0,0,0,16,0,32,25-34,0,1,1,0,787,0,11,20.745205479452054,631,0.048284625158831,0.09090909090909091,71.54545454545455,37.936476492340205,0.530243000528262,0.006633507481138363
3924,PhD,Divorced,57912.0,0,1,2014-03-17,34,801,0,80,0,0,35,5,8,3,12,5,0,1,0,0,0,0,0,22,0,49,45-54,1,1,2,0,881,1,23,6.641095890410958,202,0.039727582292849034,0.21739130434782608,38.30434782608695,132.6588283828383,3.4632838283828384,0.027488360626365168
5827,Graduation,Divorced,35246.0,1,1,2014-04-16,53,36,0,12,2,2,10,4,3,1,3,5,0,0,0,0,0,0,0,16,0,56,55-64,2,1,3,0,52,0,7,5.654794520547945,172,0.19230769230769232,0.5714285714285714,7.428571428571429,9.195736434108527,1.237887596899225,0.0031308187371418693
5596,2n Cycle,Together,58821.0,0,1,2013-10-12,44,513,14,154,19,0,28,1,9,2,9,6,0,0,0,0,0,0,0,18,0,58,55-64,1,2,3,0,700,0,20,11.769863013698629,358,0.04,0.05,35.0,59.473929236499075,1.6992551210428308,0.012133203291987367
10812,PhD,Married,46377.0,1,0,2014-03-01,89,37,0,46,4,3,0,1,2,1,3,4,0,0,0,0,0,0,0,22,0,36,35-44,1,2,3,0,90,0,6,7.167123287671233,218,0.0,0.16666666666666666,15.0,12.557339449541285,0.8371559633027523,0.003249198382700378
1717,Graduation,Single,39747.0,1,0,2014-04-13,43,80,15,93,20,13,52,3,5,1,4,8,0,0,0,0,0,0,0,16,0,26,25-34,1,1,2,0,221,0,10,5.7534246575342465,175,0.23529411764705882,0.3,22.1,38.411904761904765,1.7380952380952381,0.011596921959968228
9491,Graduation,Together,23976.0,1,0,2013-12-27,68,14,1,21,2,3,25,3,3,1,3,7,0,0,0,0,0,0,0,16,0,30,25-34,1,2,3,0,41,0,7,9.271232876712329,282,0.6097560975609756,0.42857142857142855,5.857142857142857,4.422281323877068,0.7550236406619385,0.0022133540159544884
9274,Master,Married,80950.0,0,0,2013-03-28,44,525,147,112,219,147,63,1,6,7,9,2,0,0,0,1,0,0,0,18,0,53,45-54,0,2,2,0,1150,1,22,18.27945205479452,556,0.05478260869565217,0.045454545454545456,52.27272727272727,62.91217026378898,1.2035371702637891,0.009326078359054574
6609,Graduation,Widow,27038.0,0,0,2012-09-18,64,1,26,25,17,23,15,1,3,0,3,9,0,0,0,0,0,0,1,16,0,48,45-54,0,1,1,0,92,0,6,24.0,747,0.16304347826086957,0.16666666666666666,15.333333333333334,3.8333333333333335,0.25,0.0017013092684370148
6963,Graduation,Single,77457.0,0,0,2014-03-05,85,675,11,400,15,45,11,1,2,5,10,1,0,0,1,0,0,0,0,16,0,67,65-74,0,1,1,0,1146,1,17,7.035616438356164,214,0.009598603839441536,0.058823529411764705,67.41176470588235,162.8855140186916,2.4162772585669785,0.0252349841618485
4440,Master,Married,64100.0,0,1,2013-09-10,93,509,0,27,0,0,10,1,8,3,6,7,0,1,0,0,0,0,0,18,0,50,45-54,1,2,3,0,536,1,17,12.821917808219178,390,0.018656716417910446,0.058823529411764705,31.529411764705884,41.80341880341881,1.3258547008547008,0.007825913036521462
1379,Master,Together,42670.0,0,0,2013-04-27,12,154,2,46,20,4,15,1,4,2,4,4,0,0,0,0,0,0,0,18,0,22,18-24,0,2,2,0,226,0,10,17.293150684931508,526,0.06637168141592921,0.1,22.6,13.068757921419518,0.5782636248415716,0.003675301032506075
10032,Graduation,Divorced,12571.0,1,0,2014-01-18,86,3,5,14,2,12,17,4,3,1,3,6,0,0,0,0,0,0,0,16,0,38,35-44,1,1,2,0,36,0,7,8.547945205479452,260,0.4722222222222222,0.5714285714285714,5.142857142857143,4.211538461538462,0.8189102564102564,0.0040202419488076955
2826,Graduation,Married,22574.0,2,1,2013-10-28,28,25,0,8,2,0,2,2,2,0,3,7,0,0,0,0,0,0,0,16,0,47,45-54,3,2,5,0,35,0,5,11.243835616438355,342,0.05714285714285714,0.4,7.0,3.1128167641325537,0.4446881091617934,0.0016547267285191211
2437,Graduation,Married,38872.0,0,0,2013-06-03,69,861,138,461,60,30,61,1,6,5,12,3,0,1,0,1,0,0,0,16,0,25,25-34,0,2,2,1,1550,2,23,16.076712328767123,489,0.03935483870967742,0.043478260869565216,67.3913043478261,96.41274710293116,1.4306407634628495,0.02976314481465255
6320,Master,Single,70893.0,0,0,2013-02-06,42,768,44,561,77,44,14,1,6,6,10,3,0,0,0,0,0,0,0,18,0,38,35-44,0,1,1,0,1494,0,22,19.923287671232877,606,0.009370816599732263,0.045454545454545456,67.9090909090909,74.98762376237623,1.1042354235423542,0.012693093607951627
3050,Graduation,Married,54198.0,1,1,2013-12-17,13,185,0,28,3,2,17,6,3,1,6,4,0,0,0,0,0,0,0,16,0,48,45-54,2,2,4,0,218,0,10,9.6,292,0.0779816513761468,0.6,21.8,22.708333333333336,1.0416666666666667,0.005027860806671834
231,Master,Together,28839.0,1,1,2014-03-11,86,24,0,7,0,0,1,2,2,0,3,5,0,0,0,0,0,0,0,18,0,58,55-64,2,2,4,0,31,0,5,6.838356164383561,208,0.03225806451612903,0.4,6.2,4.533253205128205,0.7311698717948718,0.001886301136015065
2392,Graduation,Married,40321.0,1,1,2013-07-29,59,44,4,21,6,0,27,2,3,0,3,7,0,0,0,0,0,0,0,16,0,42,35-44,2,2,4,0,75,0,6,14.235616438356164,433,0.36,0.3333333333333333,12.5,5.268475750577367,0.4214780600461894,0.0015679598473978423
9478,Graduation,Single,66503.0,1,0,2012-08-14,30,91,64,128,65,3,50,2,4,3,6,3,0,0,0,0,0,0,0,16,0,29,25-34,1,1,2,0,351,0,13,24.0,782,0.14245014245014245,0.15384615384615385,27.0,14.625,0.5416666666666666,0.0026389786926905552
113,Graduation,Married,30833.0,1,1,2013-07-16,33,11,0,7,3,1,6,2,1,0,3,5,0,0,0,0,0,0,0,16,0,63,55-64,2,2,4,0,22,0,4,14.663013698630136,446,0.2727272727272727,0.5,5.5,1.500373692077728,0.2727952167414051,0.0005839355335170998
2863,Graduation,Single,43322.0,1,2,2013-08-23,67,738,20,172,52,50,20,6,2,3,10,7,0,1,0,1,0,0,0,16,0,44,35-44,3,1,4,1,1032,2,15,13.413698630136986,408,0.01937984496124031,0.4,68.8,76.93627450980392,1.1182598039215685,0.021311003511325588
1802,Graduation,Married,64795.0,0,1,2013-01-17,23,412,5,119,38,29,77,3,3,3,12,2,0,0,0,0,0,0,0,16,0,43,35-44,1,2,3,0,603,0,18,20.58082191780822,626,0.12769485903814262,0.16666666666666666,33.5,29.2991214057508,0.8746006389776357,0.00542618191016297
520,Graduation,Married,34421.0,1,0,2013-07-01,81,3,3,7,6,2,9,1,1,0,2,7,0,0,0,0,0,0,0,16,0,40,35-44,1,2,3,0,21,0,3,15.156164383561643,461,0.42857142857142855,0.3333333333333333,7.0,1.3855748373101953,0.19793926247288504,0.00048304517729648596
8275,PhD,Divorced,47025.0,1,1,2014-02-09,6,16,0,3,0,0,1,1,1,0,2,7,0,0,0,0,0,0,0,22,0,49,45-54,2,1,3,0,19,0,3,7.824657534246575,238,0.05263157894736842,0.3333333333333333,6.333333333333333,2.4282212885154064,0.38340336134453784,0.0006196417961123844
9750,PhD,Divorced,64325.0,0,1,2013-02-07,41,731,60,353,78,12,73,5,10,3,5,7,0,0,0,0,0,0,0,22,0,53,45-54,1,1,2,0,1234,0,18,19.89041095890411,605,0.05915721231766612,0.2777777777777778,68.55555555555556,62.039944903581265,0.9049586776859504,0.011573716888347844
2607,Graduation,Single,40464.0,0,1,2013-01-11,78,424,17,118,7,23,41,6,8,2,8,8,0,0,0,0,0,0,0,16,0,61,55-64,1,1,2,0,589,0,18,20.778082191780822,632,0.06960950764006792,0.3333333333333333,32.72222222222222,28.347178270042193,0.8662974683544303,0.008406636497640034
7214,Graduation,Married,62187.0,0,0,2013-07-05,49,792,0,275,45,45,126,1,4,8,5,3,0,0,0,0,0,0,0,16,0,57,55-64,0,2,2,0,1157,0,17,15.024657534246575,457,0.10890233362143474,0.058823529411764705,68.05882352941177,77.00674690007294,1.1314733770970096,0.014859712846750531
5835,PhD,Divorced,14849.0,1,0,2013-07-02,39,21,2,28,3,2,9,3,2,0,4,8,0,0,0,0,0,0,0,22,0,38,35-44,1,1,2,0,56,0,6,15.123287671232877,460,0.16071428571428573,0.5,9.333333333333334,3.7028985507246377,0.3967391304347826,0.0029924427644080847
3896,Graduation,Married,27255.0,1,0,2013-11-07,3,22,1,11,0,1,2,1,1,0,3,7,0,0,0,0,0,0,0,16,0,30,25-34,1,2,3,0,35,0,4,10.915068493150685,332,0.05714285714285714,0.25,8.75,3.2065763052208838,0.36646586345381527,0.0014118112516107357
10350,PhD,Married,54432.0,2,1,2013-05-09,37,33,0,5,0,0,0,1,1,0,3,4,0,0,0,0,0,0,0,22,0,64,55-64,3,2,5,0,38,0,4,16.898630136986302,514,0.0,0.25,9.5,2.248702983138781,0.23670557717250323,0.0004957458075702779
7786,PhD,Single,29999.0,1,0,2013-02-13,22,68,7,59,10,5,11,4,3,1,4,8,0,0,0,0,0,0,0,22,0,28,25-34,1,1,2,0,149,0,8,19.693150684931506,599,0.0738255033557047,0.5,18.625,7.5660823594880355,0.4062326099053979,0.0030265338282561565
2861,Graduation,Single,24072.0,1,0,2013-04-16,79,9,1,6,3,0,4,1,1,0,2,8,0,0,0,0,0,0,0,16,0,31,25-34,1,1,2,0,19,0,3,17.654794520547945,537,0.21052631578947367,0.3333333333333333,6.333333333333333,1.0761949099937926,0.16992551210428306,0.0005364879910238248
663,PhD,Single,33996.0,0,0,2013-09-11,46,40,2,15,8,0,6,1,1,1,3,4,0,0,0,0,0,0,0,22,0,25,25-34,0,1,1,0,65,0,5,12.789041095890411,389,0.09230769230769231,0.2,13.0,5.082476435304199,0.39095972579263066,0.0017940262743749377
10675,PhD,Married,66334.0,0,1,2013-04-03,82,909,11,218,0,0,23,2,9,3,5,5,0,0,0,0,0,0,1,22,0,58,55-64,1,2,3,0,1138,0,17,18.082191780821915,550,0.020210896309314587,0.11764705882352941,66.94117647058823,62.934848484848494,0.9401515151515153,0.011385084297919347
2521,Master,Married,35178.0,1,0,2013-01-10,10,23,1,13,2,2,18,1,1,1,2,7,1,0,0,0,0,0,1,18,0,43,35-44,1,2,3,0,41,1,4,20.810958904109587,633,0.43902439024390244,0.25,10.25,1.9701158504476042,0.19220642443391261,0.0006720504350836105
9592,Graduation,Together,22010.0,1,0,2013-06-30,51,11,2,9,3,0,8,2,2,0,3,8,0,0,0,0,0,0,0,16,0,31,25-34,1,2,3,0,25,0,5,15.18904109589041,462,0.32,0.4,5.0,1.645923520923521,0.3291847041847042,0.0008973685711532145
10151,Graduation,Divorced,62204.0,0,2,2012-09-12,38,317,46,247,151,46,139,1,4,5,12,3,0,0,0,0,0,0,0,16,0,54,45-54,2,1,3,0,807,0,21,24.0,753,0.17224287484510534,0.047619047619047616,38.42857142857143,33.625,0.875,0.0064867211111825605
7381,Graduation,Divorced,75693.0,0,0,2012-12-06,10,797,153,293,72,97,30,1,11,4,6,4,0,1,1,1,0,0,1,16,0,46,45-54,0,1,1,0,1412,3,21,21.96164383561644,668,0.021246458923512748,0.047619047619047616,67.23809523809524,64.2939121756487,0.9562125748502994,0.01019284406890709
4099,Graduation,Married,30675.0,1,0,2012-11-12,14,10,2,16,11,2,21,1,1,0,3,8,0,0,0,0,0,0,0,16,0,42,35-44,1,2,3,0,41,0,4,22.75068493150685,692,0.5121951219512195,0.25,10.25,1.8021435452793835,0.1758188824662813,0.0007049950299381451
9560,Graduation,Together,83003.0,0,0,2013-03-03,18,856,61,570,40,25,122,1,7,6,8,3,0,0,1,0,0,0,1,16,0,49,45-54,0,2,2,0,1552,1,21,19.101369863013698,581,0.07860824742268041,0.047619047619047616,73.9047619047619,81.25071715433161,1.099397590361446,0.01174666705844342
1150,PhD,Together,83532.0,0,0,2013-09-26,36,755,144,562,104,64,224,1,4,6,4,1,0,0,1,0,0,0,0,22,1,44,35-44,0,2,2,0,1629,1,14,12.295890410958904,374,0.13750767341927564,0.07142857142857142,116.35714285714286,132.48328877005346,1.1385918003565063,0.019032220768575414
10172,Graduation,Single,68655.0,0,0,2012-08-10,95,456,19,832,75,118,38,1,4,5,11,3,0,0,0,0,0,0,0,16,0,26,25-34,0,1,1,0,1500,0,20,24.0,786,0.025333333333333333,0.05,75.0,62.5,0.8333333333333334,0.010924186148131964
11191,Graduation,Divorced,41411.0,0,0,2013-12-07,11,37,32,38,11,3,18,1,2,1,4,6,0,0,0,0,0,0,0,16,0,28,25-34,0,1,1,0,121,0,7,9.92876712328767,302,0.1487603305785124,0.14285714285714285,17.285714285714285,12.186810154525388,0.7050220750551877,0.0035314704270436514
9707,PhD,Married,55212.0,0,1,2012-11-23,65,1103,0,45,0,0,34,3,4,2,11,8,0,1,0,0,1,0,0,22,0,45,45-54,1,2,3,0,1148,2,17,22.38904109589041,681,0.029616724738675958,0.17647058823529413,67.52941176470588,51.275085658345574,0.7593000489476261,0.011144335070277239
6245,PhD,Together,59292.0,0,1,2013-06-13,71,378,14,68,19,14,14,2,3,5,8,3,0,0,0,0,0,0,0,22,0,64,55-64,1,2,3,0,493,0,16,15.747945205479452,479,0.028397565922920892,0.125,30.8125,31.305671537926237,1.0160055671537926,0.006335897902838745
8234,Basic,Together,27190.0,1,0,2013-08-15,13,1,6,7,0,1,3,1,1,0,2,8,1,0,0,0,0,0,1,12,0,41,35-44,1,2,3,0,15,1,3,13.676712328767122,416,0.2,0.3333333333333333,5.0,1.0967548076923077,0.21935096153846156,0.00048404037117718614
1411,Graduation,Divorced,82623.0,0,0,2013-11-10,58,204,34,204,172,153,173,1,2,9,4,1,0,0,0,0,0,0,0,16,0,62,55-64,0,1,1,0,767,0,15,10.816438356164383,329,0.2255541069100391,0.06666666666666667,51.13333333333333,70.91058763931105,1.3867781155015197,0.010298912550642468
8553,Graduation,Married,44300.0,1,1,2013-06-23,65,30,0,9,0,0,3,2,1,0,3,6,0,0,0,0,0,0,0,16,0,49,45-54,2,2,4,0,39,0,4,15.419178082191781,469,0.07692307692307693,0.5,9.75,2.529317697228145,0.2594171997157072,0.0006851424913484817
1826,Graduation,Divorced,84835.0,0,0,2014-06-16,0,189,104,379,111,189,218,1,4,4,6,1,0,0,0,0,0,0,1,16,0,44,35-44,0,1,1,0,972,0,14,3.6493150684931503,111,0.2242798353909465,0.07142857142857142,69.42857142857143,266.35135135135135,3.8363363363363367,0.03767567886151018
8842,Graduation,Widow,30372.0,1,1,2012-12-25,33,15,0,12,7,3,7,3,2,0,3,7,0,0,0,0,0,0,0,16,0,43,35-44,2,1,3,0,37,0,5,21.336986301369862,649,0.1891891891891892,0.6,7.4,1.7340780688238315,0.23433487416538265,0.0006851355467498347
11030,Master,Married,33181.0,1,0,2014-01-03,90,9,0,3,0,0,4,1,1,0,2,6,1,0,0,0,0,0,0,18,0,38,35-44,1,2,3,0,12,1,3,9.041095890410958,275,0.3333333333333333,0.3333333333333333,4.0,1.3272727272727274,0.33181818181818185,0.00048001183590828267
2579,Graduation,Married,71113.0,0,1,2013-12-17,95,495,33,255,11,33,8,4,6,7,9,4,0,0,0,0,0,0,0,16,0,57,55-64,1,2,3,0,827,0,22,9.6,292,0.009673518742442563,0.18181818181818182,37.59090909090909,86.14583333333334,2.291666666666667,0.014536723243288852
175,Graduation,Married,71952.0,1,0,2013-01-10,93,656,80,455,52,107,93,2,8,4,8,4,1,0,1,0,0,0,0,16,0,28,25-34,1,2,3,0,1350,2,20,20.810958904109587,633,0.06888888888888889,0.1,67.5,64.8696682464455,0.961032122169563,0.010818823923690043
9185,PhD,Single,69759.0,0,0,2013-10-28,38,452,20,514,13,30,0,3,4,6,5,3,0,0,0,0,0,0,1,22,0,48,45-54,0,1,1,0,1029,0,15,11.243835616438355,342,0.0,0.2,68.6,91.51681286549709,1.3340643274853803,0.015742796691265142
11056,Graduation,Married,72099.0,0,0,2012-10-27,18,546,91,410,119,0,22,1,3,4,10,1,0,0,0,0,0,0,0,16,0,40,35-44,0,2,2,0,1166,0,17,23.276712328767122,708,0.018867924528301886,0.058823529411764705,68.58823529411765,50.09298493408663,0.730343691148776,0.008337366942801419
9365,PhD,Single,60000.0,0,1,2012-12-22,57,1048,0,217,0,0,12,5,11,3,5,6,0,0,0,0,0,0,0,22,0,38,35-44,1,1,2,0,1265,0,19,21.435616438356163,652,0.009486166007905139,0.2631578947368421,66.57894736842105,59.01393149284254,0.8863752556237219,0.011802786298568508
6201,Graduation,Single,38643.0,1,1,2013-11-29,45,22,2,14,0,1,10,2,2,0,3,7,0,0,0,0,0,1,0,16,0,36,35-44,2,1,3,0,39,0,5,10.191780821917808,310,0.2564102564102564,0.4,7.8,3.8266129032258065,0.4905913978494624,0.001188296841309155
2061,Graduation,Married,50737.0,0,1,2013-05-11,61,78,0,11,0,0,10,1,2,0,4,6,0,1,0,0,0,0,0,16,0,59,55-64,1,2,3,0,89,1,6,16.832876712328765,512,0.11235955056179775,0.16666666666666666,14.833333333333334,5.287272135416667,0.35644531250000006,0.0012505127544986895
6184,PhD,Married,68462.0,0,0,2012-12-12,6,561,64,785,84,128,48,1,3,3,8,1,0,0,0,0,0,0,0,22,0,45,45-54,0,2,2,0,1622,0,14,21.764383561643836,662,0.029593094944512947,0.07142857142857142,115.85714285714286,74.5254279959718,0.6432527693856999,0.013062795944489811
6142,Master,Married,65073.0,0,0,2013-08-20,65,629,17,177,69,0,8,1,5,3,5,2,0,0,0,0,0,1,0,18,0,71,65-74,0,2,2,0,892,0,13,13.512328767123288,411,0.008968609865470852,0.07692307692307693,68.61538461538461,66.01378751013787,0.9620843471208435,0.012173489006525817
4107,PhD,Together,46681.0,0,2,2013-10-08,52,269,15,69,15,19,38,2,4,6,4,5,0,0,0,0,0,0,0,22,0,66,65-74,2,2,4,0,387,0,14,11.901369863013699,362,0.09819121447028424,0.14285714285714285,27.642857142857142,32.517265193370164,1.1763351749539595,0.008359015066524752
7274,Graduation,Married,78618.0,0,0,2012-09-28,87,736,163,818,212,163,61,1,4,7,10,2,0,1,0,0,0,0,0,16,0,57,55-64,0,2,2,0,2092,1,21,24.0,737,0.029158699808795412,0.047619047619047616,99.61904761904762,87.16666666666667,0.875,0.013304841130529904
9336,PhD,Widow,62187.0,0,1,2014-03-22,38,512,0,83,0,0,41,3,6,2,10,4,0,0,0,0,0,0,0,22,0,45,45-54,1,1,2,0,595,0,18,6.476712328767123,197,0.06890756302521009,0.16666666666666666,33.05555555555556,91.8675972927242,2.7791878172588835,0.017727357285488774
2958,Graduation,Married,28442.0,2,0,2014-02-24,53,19,3,10,11,8,6,3,2,1,4,4,0,0,0,0,0,0,0,16,0,36,35-44,2,2,4,0,51,0,7,7.331506849315068,223,0.11764705882352941,0.42857142857142855,7.285714285714286,6.95627802690583,0.9547832585949179,0.002934932013320792
5837,Graduation,Married,51479.0,1,1,2012-12-28,67,247,8,160,6,8,65,7,6,3,6,7,0,0,0,0,0,0,0,16,0,47,45-54,2,2,4,0,429,0,15,21.23835616438356,646,0.15151515151515152,0.4666666666666667,28.6,20.199303405572756,0.7062693498452013,0.004708553796050293
10704,Graduation,Single,54803.0,0,1,2012-08-21,65,404,0,92,28,27,142,2,6,2,9,4,0,0,0,0,0,0,0,16,0,45,45-54,1,1,2,0,551,0,17,24.0,775,0.2577132486388385,0.11764705882352941,32.411764705882355,22.958333333333332,0.7083333333333334,0.0050270970567304705
5125,Graduation,Married,79530.0,0,0,2013-05-17,64,333,0,815,129,42,29,1,4,10,11,2,0,0,0,0,0,0,0,16,0,54,45-54,0,2,2,0,1319,0,25,16.635616438356163,506,0.021986353297952996,0.04,52.76,79.28771409749672,1.502799736495389,0.011963442338362386
4432,Graduation,Divorced,31615.0,1,0,2013-03-16,82,2,3,20,6,11,9,2,2,0,3,7,0,0,0,0,0,0,0,16,0,38,35-44,1,1,2,0,42,0,5,18.673972602739724,568,0.21428571428571427,0.4,8.4,2.2491197183098595,0.26775234741784043,0.0008536908625563281
5955,Graduation,Together,72025.0,0,0,2012-11-17,27,833,33,549,151,133,233,1,4,3,8,3,0,0,0,0,0,0,0,16,0,52,45-54,0,2,2,0,1699,0,15,22.586301369863012,687,0.13713949381989404,0.06666666666666667,113.26666666666667,75.22258612324116,0.6641193595342068,0.012532746039276555
2928,PhD,Single,52614.0,0,1,2012-12-01,63,789,0,142,12,9,38,2,2,4,8,8,0,0,0,0,0,0,0,22,0,39,35-44,1,1,2,0,952,0,14,22.126027397260273,673,0.03991596638655462,0.14285714285714285,68.0,43.02625061911838,0.6327389796929173,0.009813262770924478
5680,2n Cycle,Married,35684.0,1,0,2014-04-22,66,10,4,7,0,6,3,1,1,0,3,6,0,0,0,0,0,0,0,18,0,30,25-34,1,2,3,0,27,0,4,5.457534246575342,166,0.1111111111111111,0.25,6.75,4.947289156626506,0.7329317269076305,0.0016636999742046317
10313,Graduation,Married,48178.0,1,1,2012-10-28,69,159,4,45,6,2,38,6,5,1,4,8,0,0,0,0,0,0,0,16,0,39,35-44,2,2,4,0,216,0,10,23.243835616438353,707,0.17592592592592593,0.6,21.6,9.292786421499294,0.4302215935879303,0.00231461324791381
2557,Master,Single,29548.0,1,0,2013-08-29,52,7,1,6,3,1,11,1,1,1,2,4,1,0,0,0,0,0,0,18,0,44,35-44,1,1,2,0,18,1,4,13.216438356164383,402,0.6111111111111112,0.25,4.5,1.3619402985074627,0.30265339966832505,0.0005531096379480692
1245,Graduation,Single,63810.0,0,1,2012-11-11,45,977,12,253,16,12,101,4,4,3,12,8,0,1,0,0,0,0,0,16,0,48,45-54,1,1,2,0,1270,1,19,22.783561643835615,693,0.07952755905511812,0.21052631578947367,66.84210526315789,55.74194324194325,0.833934583934584,0.010482734977328302
1726,Graduation,Single,22585.0,0,0,2013-03-18,23,3,9,15,13,2,39,1,1,1,2,9,1,0,0,0,0,0,1,16,0,44,35-44,0,1,1,0,42,1,4,18.60821917808219,566,0.9285714285714286,0.25,10.5,2.2570671378091873,0.2149587750294464,0.0011992386829183196
4459,Graduation,Single,30279.0,1,0,2012-12-30,13,10,4,14,4,4,1,1,1,0,3,8,0,0,0,0,0,0,0,16,0,25,25-34,1,1,2,0,36,0,4,21.172602739726027,644,0.027777777777777776,0.25,9.0,1.700310559006211,0.18892339544513456,0.0006738573502452041
1729,PhD,Together,66426.0,0,1,2013-10-02,14,1043,24,97,32,24,157,2,3,5,10,6,0,0,0,0,0,0,0,22,0,53,45-54,1,2,3,0,1220,0,18,12.098630136986301,368,0.12868852459016394,0.1111111111111111,67.77777777777777,100.83786231884058,1.4877717391304348,0.018216577060579997
1517,Graduation,Single,30822.0,1,0,2013-06-14,92,3,9,13,2,12,12,1,1,0,3,7,0,0,0,0,0,0,0,16,0,45,45-54,1,1,2,0,39,0,4,15.715068493150683,478,0.3076923076923077,0.25,9.75,2.4816945606694563,0.25453277545327757,0.0009662038390770707
2098,PhD,Married,33581.0,2,0,2013-01-08,38,11,0,5,0,0,1,1,1,0,2,8,0,0,0,0,0,0,0,22,0,45,45-54,2,2,4,0,16,0,3,20.876712328767123,635,0.0625,0.3333333333333333,5.333333333333333,0.7664041994750657,0.1437007874015748,0.0002738706528602718
9543,Graduation,Married,19986.0,1,0,2013-11-14,74,3,6,5,0,2,6,1,0,0,3,7,0,0,0,0,0,0,0,16,0,29,25-34,1,2,3,0,16,0,3,10.684931506849315,325,0.375,0.3333333333333333,5.333333333333333,1.4974358974358974,0.28076923076923077,0.0008990909020930036
6878,Graduation,Widow,27421.0,0,0,2012-12-12,14,43,12,96,78,40,55,3,4,1,6,7,0,0,0,0,0,0,0,16,0,60,55-64,0,1,1,0,269,0,11,21.764383561643836,662,0.20446096654275092,0.2727272727272727,24.454545454545453,12.359642497482376,0.5054128902316214,0.005408836656934047
2724,Master,Single,36143.0,1,0,2014-03-30,33,12,0,1,0,0,6,1,0,1,2,3,0,0,0,0,0,0,0,18,0,33,25-34,1,1,2,0,13,0,3,6.213698630136986,189,0.46153846153846156,0.3333333333333333,4.333333333333333,2.0921516754850087,0.48280423280423285,0.0006946246882057412
948,Graduation,Single,10245.0,1,0,2013-05-15,32,4,7,7,6,4,13,3,1,2,2,5,0,0,0,0,0,0,0,16,0,43,35-44,1,1,2,0,28,0,5,16.7013698630137,508,0.4642857142857143,0.6,5.6,1.6765091863517059,0.2993766404199475,0.00196370036468721
6720,Master,Together,43795.0,0,1,2013-10-16,11,314,11,53,4,3,107,3,7,3,4,7,0,1,0,0,0,0,1,18,0,46,45-54,1,2,3,0,385,1,14,11.638356164383561,354,0.2779220779220779,0.21428571428571427,27.5,33.080273069679855,1.202919020715631,0.009064123229504699
6202,Graduation,Together,63381.0,0,1,2012-10-05,78,571,50,142,33,50,159,4,4,5,13,2,0,0,0,0,0,0,0,16,0,54,45-54,1,2,3,0,846,0,22,24.0,730,0.1879432624113475,0.18181818181818182,38.45454545454545,35.25,0.9166666666666666,0.006673924362190562
2066,Graduation,Together,38823.0,0,1,2012-08-30,56,70,0,11,2,8,23,1,2,1,3,6,0,0,0,0,0,0,0,16,0,65,65-74,1,2,3,0,91,0,6,24.0,766,0.25274725274725274,0.16666666666666666,15.166666666666666,3.7916666666666665,0.25,0.0011719856785925868
9799,PhD,Divorced,83664.0,1,1,2013-05-08,57,866,21,151,28,21,86,3,2,2,12,5,0,0,0,0,0,0,0,22,0,46,45-54,2,1,3,0,1087,0,16,16.931506849315067,515,0.07911683532658693,0.1875,67.9375,64.19983818770227,0.9449838187702266,0.009208238409022127
8318,Graduation,Together,90300.0,0,0,2014-01-03,7,594,134,786,33,134,57,0,5,6,8,1,0,0,1,0,0,0,0,16,0,35,35-44,0,2,2,0,1681,1,19,9.041095890410958,275,0.03390838786436645,0.0,88.47368421052632,185.92878787878792,2.101515151515152,0.02470814456860969
5642,Master,Together,62499.0,1,0,2013-12-09,0,140,4,61,0,13,4,2,3,1,6,4,0,0,0,0,0,0,0,18,0,35,35-44,1,2,3,0,218,0,10,9.863013698630137,300,0.01834862385321101,0.2,21.8,22.102777777777778,1.0138888888888888,0.00424380123415308
2669,Graduation,Single,74293.0,0,0,2014-05-04,66,375,152,335,93,91,81,1,5,4,6,2,0,0,0,0,0,0,0,16,0,21,18-24,0,1,1,0,1046,0,15,5.063013698630137,154,0.07743785850860421,0.06666666666666667,69.73333333333333,206.59632034632037,2.962662337662338,0.033369978923395806
455,PhD,Married,51012.0,0,0,2013-04-18,86,102,9,63,2,9,24,1,4,1,4,6,0,0,0,0,0,0,0,22,0,68,65-74,0,2,2,0,185,0,9,17.589041095890412,535,0.12972972972972974,0.1111111111111111,20.555555555555557,10.51791277258567,0.5116822429906541,0.002474220835705874
7683,Master,Married,70777.0,0,1,2014-02-25,80,554,35,113,0,7,78,3,5,3,12,3,0,0,0,0,0,0,0,18,0,46,45-54,1,2,3,0,709,0,20,7.298630136986301,222,0.11001410437235543,0.15,35.45,97.14151651651653,2.7402402402402406,0.01647001424471507
3428,PhD,Together,68682.0,0,0,2013-10-06,56,919,0,505,99,30,45,1,4,9,10,2,0,0,0,0,0,0,0,22,0,23,18-24,0,2,2,0,1553,0,23,11.967123287671232,364,0.028976175144880875,0.043478260869565216,67.52173913043478,129.77220695970698,1.9219322344322347,0.02267357507813523
7414,Graduation,Married,43824.0,1,1,2012-09-15,18,96,1,42,12,3,32,4,3,1,4,8,0,0,0,0,0,0,0,16,0,43,35-44,2,2,4,0,154,0,8,24.0,750,0.2077922077922078,0.5,19.25,6.416666666666667,0.3333333333333333,0.0017570281124497994
6354,Graduation,Together,15345.0,1,0,2012-08-31,51,5,2,16,3,2,19,2,1,1,2,8,0,0,0,0,0,0,1,16,0,30,25-34,1,2,3,0,28,0,4,24.0,765,0.6785714285714286,0.5,7.0,1.1666666666666667,0.16666666666666666,0.0009123492994460737
798,Graduation,Single,23442.0,1,0,2012-12-24,71,2,0,6,8,6,5,1,1,0,3,7,0,0,0,0,0,0,0,16,0,27,25-34,1,1,2,0,22,0,4,21.36986301369863,650,0.22727272727272727,0.25,5.5,1.0294871794871794,0.18717948717948718,0.0005269962526169334
8213,2n Cycle,Together,14515.0,1,0,2012-11-09,71,6,4,9,6,36,35,4,2,2,3,7,0,0,0,0,0,0,1,18,0,34,25-34,1,2,3,0,61,0,7,22.84931506849315,695,0.5737704918032787,0.5714285714285714,8.714285714285714,2.669664268585132,0.30635491606714627,0.0022070941249067574
2488,2n Cycle,Divorced,31395.0,1,1,2013-03-23,80,23,1,25,0,8,7,4,2,1,3,6,0,0,0,0,0,0,0,18,0,58,55-64,2,1,3,0,57,0,6,18.443835616438356,561,0.12280701754385964,0.6666666666666666,9.5,3.090463458110517,0.3253119429590018,0.001181256935732639
9999,Graduation,Together,75276.0,0,0,2012-09-27,2,610,105,125,137,42,21,1,9,4,9,5,0,0,0,0,0,0,0,16,0,49,45-54,0,2,2,0,1019,0,22,24.0,738,0.020608439646712464,0.045454545454545456,46.31818181818182,42.458333333333336,0.9166666666666666,0.00676842552739253
7617,Graduation,Single,42373.0,1,1,2013-08-15,83,67,5,61,3,8,19,5,2,1,5,5,0,0,0,0,0,0,0,16,0,40,35-44,2,1,3,0,144,0,8,13.676712328767122,416,0.13194444444444445,0.625,18.0,10.528846153846155,0.5849358974358975,0.0029817608818387617
615,Graduation,Together,30507.0,0,0,2013-03-11,29,65,36,74,38,20,110,1,5,1,4,7,0,0,0,0,0,0,0,16,0,54,45-54,0,2,2,0,233,0,10,18.838356164383562,573,0.4721030042918455,0.1,23.3,12.368382780686446,0.5308318789994183,0.0048651323751348
2552,PhD,Single,55521.0,1,2,2013-10-22,11,416,0,26,0,0,4,9,6,3,6,7,0,1,0,0,0,0,1,22,0,59,55-64,3,1,4,0,442,1,15,11.441095890410958,348,0.00904977375565611,0.6,29.466666666666665,38.63266283524904,1.3110632183908046,0.00834984877835393
194,Graduation,Married,48006.0,1,1,2014-06-09,55,23,0,11,3,2,2,1,1,0,3,6,0,0,0,0,0,0,0,16,0,49,45-54,2,2,4,0,39,0,4,3.8794520547945206,118,0.05128205128205128,0.25,9.75,10.052966101694915,1.0310734463276836,0.0025129274094975416
3645,PhD,Single,27213.0,1,0,2012-08-30,19,19,3,26,10,9,3,3,2,0,4,8,0,0,0,0,0,0,1,22,0,42,35-44,1,1,2,0,67,0,6,24.0,766,0.04477611940298507,0.5,11.166666666666666,2.7916666666666665,0.25,0.001231029287472899
8890,PhD,Divorced,65808.0,1,1,2014-05-30,1,155,7,80,13,7,10,3,5,1,5,6,0,0,0,0,0,0,0,22,0,43,35-44,2,1,3,0,262,0,11,4.208219178082191,128,0.03816793893129771,0.2727272727272727,23.818181818181817,62.25911458333334,2.613932291666667,0.01135286553306589
9973,Graduation,Married,50437.0,0,2,2012-10-17,28,370,9,92,6,9,4,3,7,1,8,7,0,0,0,0,0,0,0,16,0,51,45-54,2,2,4,0,486,0,16,23.605479452054794,718,0.00823045267489712,0.1875,30.375,20.588440111420613,0.6778087279480037,0.004898413492813755
7301,2n Cycle,Single,23616.0,1,0,2012-11-17,76,4,22,11,3,7,32,2,3,0,3,8,0,0,0,0,0,0,1,18,0,32,25-34,1,1,2,0,47,0,6,22.586301369863012,687,0.6808510638297872,0.3333333333333333,7.833333333333333,2.0809073265405145,0.2656477438136827,0.001057371609014489
10882,Graduation,Married,53858.0,0,1,2012-11-09,50,407,53,221,58,150,26,4,4,3,6,4,0,0,0,0,0,0,0,16,0,38,35-44,1,2,3,0,889,0,13,22.84931506849315,695,0.02924634420697413,0.3076923076923077,68.38461538461539,38.90707434052758,0.5689448441247003,0.008668812285757565
7030,PhD,Married,66465.0,0,1,2013-03-30,1,1200,0,204,38,29,14,3,11,9,12,6,0,0,0,1,0,0,0,22,0,59,55-64,1,2,3,0,1471,1,32,18.213698630136985,554,0.009517335146159076,0.09375,45.96875,80.76338748495789,1.7569193742478941,0.014581518841788831
7422,Graduation,Single,46923.0,1,0,2012-08-22,90,85,44,54,102,78,6,3,5,1,7,7,0,0,0,0,0,0,0,16,0,27,25-34,1,1,2,0,363,0,13,24.0,774,0.01652892561983471,0.23076923076923078,27.923076923076923,15.125,0.5416666666666666,0.0038680391279329964
3523,Graduation,Together,75072.0,0,1,2013-01-23,83,583,34,309,0,22,125,2,5,4,8,3,0,0,0,0,0,0,0,16,0,52,45-54,1,2,3,0,948,0,17,20.383561643835616,620,0.13185654008438819,0.11764705882352941,55.76470588235294,46.50806451612903,0.834005376344086,0.007434153535186866
7106,PhD,Married,75865.0,0,0,2014-03-31,73,483,0,591,156,0,12,1,3,5,10,1,0,0,0,0,0,0,0,22,0,71,65-74,0,2,2,0,1230,0,18,6.180821917808219,188,0.00975609756097561,0.05555555555555555,68.33333333333333,199.0026595744681,2.912234042553192,0.03147738634276171
6504,2n Cycle,Together,19789.0,1,0,2013-11-20,24,2,5,9,28,6,28,3,2,1,3,5,1,0,0,0,0,0,0,18,0,39,35-44,1,2,3,0,50,1,6,10.487671232876712,319,0.56,0.5,8.333333333333334,4.7675026123301985,0.5721003134796239,0.002891001634643609
5067,Graduation,Together,80134.0,0,0,2014-02-14,11,966,26,282,52,26,26,1,2,7,11,5,0,1,1,1,1,0,0,16,0,20,18-24,0,2,2,0,1352,4,20,7.66027397260274,233,0.019230769230769232,0.05,67.6,176.49499284692416,2.6108726752503575,0.02642997871269486
4216,Graduation,Single,91065.0,0,0,2013-02-22,33,822,114,108,179,137,114,1,7,9,9,3,0,0,1,1,0,0,1,16,0,33,25-34,0,1,1,0,1360,2,25,19.397260273972602,590,0.0838235294117647,0.04,54.4,70.11299435028249,1.2888418079096045,0.009239070248760665
8581,Master,Married,49505.0,1,1,2013-03-05,4,604,0,100,19,0,28,9,10,2,8,8,0,0,0,0,0,0,0,18,0,43,35-44,2,2,4,0,723,0,20,19.035616438356165,579,0.03872752420470263,0.45,36.15,37.9814335060449,1.0506620610247552,0.009206690275175008
5929,PhD,Married,37401.0,1,0,2014-05-06,14,19,3,19,3,1,3,2,2,0,3,7,0,0,0,0,0,0,0,22,0,41,35-44,1,2,3,0,45,0,5,4.997260273972603,152,0.06666666666666667,0.4,9.0,9.004934210526317,1.000548245614035,0.0028892064524027646
6528,Master,Together,18492.0,1,0,2014-06-05,75,2,2,2,2,1,1,1,1,0,2,8,0,0,0,0,0,0,0,18,0,32,25-34,1,2,3,0,9,0,3,4.0109589041095886,122,0.1111111111111111,0.3333333333333333,3.0,2.2438524590163937,0.7479508196721313,0.0014561015308347785
1361,Master,Married,82584.0,0,0,2013-06-04,26,1076,68,103,29,91,68,1,3,4,8,1,0,1,1,0,0,0,1,18,0,40,35-44,0,2,2,0,1367,2,15,16.043835616438354,488,0.04974396488661302,0.06666666666666667,91.13333333333334,85.20406420765029,0.934938524590164,0.01238071261372425
6932,PhD,Married,93027.0,0,0,2013-04-13,77,1285,42,716,55,0,21,0,7,10,5,2,0,0,1,0,0,0,0,22,0,73,65-74,0,2,2,0,2098,1,22,17.753424657534246,540,0.010009532888465206,0.0,95.36363636363636,118.17438271604938,1.2391975308641976,0.015243881804127753
7284,Graduation,Married,48686.0,1,2,2013-12-04,8,10,0,7,2,0,1,1,1,0,2,8,0,0,0,0,0,0,0,16,0,61,55-64,3,2,5,0,19,0,3,10.027397260273972,305,0.05263157894736842,0.3333333333333333,6.333333333333333,1.894808743169399,0.29918032786885246,0.00046702758324842434
1340,Graduation,Married,92910.0,0,0,2014-04-24,42,551,137,792,179,103,33,1,6,7,13,1,0,1,1,1,0,0,0,16,0,28,25-34,0,2,2,0,1762,3,26,5.391780821917808,164,0.01872871736662883,0.038461538461538464,67.76923076923077,326.7936991869919,4.8221544715447155,0.04220777516138093
8746,Graduation,Married,75433.0,1,0,2014-04-05,28,800,0,297,0,34,57,2,2,5,10,6,0,1,0,1,0,0,0,16,0,25,25-34,1,2,3,0,1131,2,17,6.016438356164383,183,0.050397877984084884,0.11764705882352941,66.52941176470588,187.98497267759564,2.8255919854280513,0.029904944415987005
5987,2n Cycle,Together,10404.0,1,0,2014-05-04,52,2,2,11,10,6,12,2,1,0,4,5,0,0,0,0,0,0,0,18,0,25,25-34,1,2,3,0,31,0,5,5.063013698630137,154,0.3870967741935484,0.4,6.2,6.122835497835498,0.9875541125541126,0.007062093999810263
3767,Graduation,Married,61314.0,0,1,2013-04-25,1,378,0,189,97,172,172,2,5,5,12,3,0,0,0,0,0,0,0,16,0,46,45-54,1,2,3,0,836,0,22,17.35890410958904,528,0.20574162679425836,0.09090909090909091,38.0,48.15972222222222,1.2673611111111112,0.009425525437366127
3725,PhD,Single,84865.0,0,0,2013-05-09,1,1248,16,349,43,16,16,1,2,4,9,4,0,1,1,1,1,0,1,22,0,53,45-54,0,1,1,0,1672,4,15,16.898630136986302,514,0.009569377990430622,0.06666666666666667,111.46666666666667,98.94293125810636,0.8876459143968871,0.01399063424376688
4324,Graduation,Married,42387.0,1,0,2012-10-29,42,235,0,235,19,4,191,5,8,1,7,8,0,0,0,0,0,0,0,16,0,25,25-34,1,2,3,0,493,0,16,23.21095890410959,706,0.38742393509127787,0.3125,30.8125,21.239966949952787,0.6893295561850803,0.00601315505696165
238,2n Cycle,Together,67309.0,1,1,2013-01-23,76,515,47,181,149,95,95,15,9,6,9,7,0,0,0,0,0,0,0,18,0,47,45-54,2,2,4,0,987,0,24,20.383561643835616,620,0.09625126646403243,0.625,41.125,48.421370967741936,1.1774193548387097,0.008632670989212487
6694,Graduation,Married,75236.0,0,1,2013-11-25,27,438,66,400,12,38,114,1,8,3,13,4,0,0,0,0,0,0,0,16,0,50,45-54,1,2,3,0,954,0,24,10.323287671232876,314,0.11949685534591195,0.041666666666666664,39.75,92.4124203821656,2.3248407643312103,0.014739606632276931
498,Graduation,Single,30015.0,1,0,2014-02-02,28,25,0,22,2,3,5,2,1,0,4,5,0,0,0,0,0,0,0,16,0,44,35-44,1,1,2,0,52,0,5,8.054794520547945,245,0.09615384615384616,0.4,10.4,6.4557823129251695,0.6207482993197279,0.002581022413963086
9347,Master,Together,50943.0,0,1,2013-06-21,49,31,0,7,2,0,6,1,1,0,3,5,0,0,0,0,0,0,0,18,0,58,55-64,1,2,3,0,40,0,4,15.484931506849314,471,0.15,0.25,10.0,2.583156404812456,0.2583156404812456,0.0006084815746569592
9699,Graduation,Divorced,67272.0,0,1,2013-12-21,12,357,35,271,28,28,14,3,6,2,12,5,0,0,0,0,0,0,0,16,0,48,45-54,1,1,2,0,719,0,20,9.468493150684932,288,0.019471488178025034,0.15,35.95,75.93605324074073,2.1122685185185186,0.01354549647533727
10664,Master,Widow,51529.0,0,1,2013-09-07,14,400,4,35,6,0,22,2,9,1,5,8,0,0,0,0,0,0,0,18,0,65,65-74,1,1,2,0,445,0,15,12.92054794520548,393,0.04943820224719101,0.13333333333333333,29.666666666666668,34.441263782866834,1.160941475826972,0.008020632370013043
5455,PhD,Married,32011.0,1,0,2013-08-22,89,99,0,15,2,1,5,3,2,1,4,7,0,0,0,0,0,0,0,22,0,43,35-44,1,2,3,0,117,0,7,13.446575342465753,409,0.042735042735042736,0.42857142857142855,16.714285714285715,8.701100244498777,0.5205786471067645,0.003261791350910166
456,2n Cycle,Married,7500.0,1,0,2013-02-07,96,1,11,5,4,6,9,2,2,0,3,8,0,0,0,0,0,0,0,18,0,28,25-34,1,2,3,0,27,0,5,19.89041095890411,605,0.3333333333333333,0.4,5.4,1.3574380165289257,0.2513774104683196,0.0021719008264462812
5012,Graduation,Married,28691.0,1,0,2013-07-04,56,5,4,13,8,0,4,1,1,0,3,8,0,0,0,0,0,0,0,16,0,25,25-34,1,2,3,0,30,0,4,15.057534246575342,458,0.13333333333333333,0.25,7.5,1.9923580786026203,0.26564774381368267,0.000833303019874924
7495,PhD,Married,56223.0,0,1,2013-12-20,72,77,28,31,16,0,4,2,2,1,5,4,0,0,0,0,0,0,0,22,0,66,65-74,1,2,3,0,152,0,8,9.501369863013698,289,0.02631578947368421,0.25,19.0,15.997693194925029,0.8419838523644753,0.00341448016539673
5029,Graduation,Married,18100.0,0,0,2013-08-06,14,3,1,2,4,3,1,1,0,0,3,5,0,0,0,0,0,0,0,16,0,68,65-74,0,2,2,0,13,0,3,13.972602739726026,425,0.07692307692307693,0.3333333333333333,4.333333333333333,0.9303921568627451,0.2147058823529412,0.0006168345791355217
2106,2n Cycle,Married,20130.0,0,0,2014-03-17,99,0,6,3,7,6,12,1,1,0,3,8,0,0,0,0,0,0,0,18,0,40,35-44,0,2,2,0,22,0,4,6.641095890410958,202,0.5454545454545454,0.25,5.5,3.312706270627063,0.6023102310231023,0.0019747876426986963
10364,Graduation,Divorced,23295.0,0,0,2013-07-13,72,0,0,1,2,12,5,1,1,0,2,8,0,0,0,0,0,0,0,16,0,55,55-64,0,1,1,0,15,0,3,14.761643835616438,449,0.3333333333333333,0.3333333333333333,5.0,1.0161469933184857,0.2032293986636971,0.0005234498355793873
5954,Master,Divorced,42618.0,1,0,2013-10-09,92,76,14,74,13,5,10,2,5,0,4,8,0,0,0,0,0,0,0,18,0,42,35-44,1,1,2,0,182,0,9,11.86849315068493,361,0.054945054945054944,0.2222222222222222,20.22222222222222,15.33471837488458,0.7583102493074793,0.0043178145501575615
1137,Graduation,Single,81246.0,0,0,2013-12-29,87,398,190,537,61,156,37,1,4,5,7,1,1,0,0,1,0,0,0,16,0,50,45-54,0,1,1,0,1342,2,16,9.205479452054794,280,0.027570789865871834,0.0625,83.875,145.7827380952381,1.7380952380952381,0.021532049050326876
2541,Graduation,Married,24027.0,1,0,2013-06-09,7,14,7,11,11,0,5,2,2,0,3,8,0,0,0,0,0,0,0,16,0,38,35-44,1,2,3,0,43,0,5,15.87945205479452,483,0.11627906976744186,0.4,8.6,2.7079020013802624,0.314872325741891,0.0013524295174829628
1142,PhD,Married,55707.0,0,1,2013-12-22,91,208,7,82,30,66,35,2,3,2,9,3,0,0,0,0,0,0,0,22,0,61,55-64,1,2,3,0,393,0,14,9.435616438356163,287,0.089058524173028,0.14285714285714285,28.071428571428573,41.6506968641115,1.4837398373983741,0.008972092598225323
2276,Graduation,Single,57959.0,0,1,2013-05-02,71,430,16,322,43,24,33,5,4,7,11,3,0,0,0,0,0,0,0,16,0,59,55-64,1,1,2,0,835,0,22,17.12876712328767,521,0.03952095808383234,0.22727272727272727,37.95454545454545,48.748400511836216,1.2843889955214332,0.010093010682414026
2807,Graduation,Married,56796.0,0,1,2013-02-16,24,656,38,161,62,47,37,3,8,9,7,7,0,0,0,0,0,0,0,16,0,45,45-54,1,2,3,0,964,0,24,19.594520547945205,596,0.038381742738589214,0.125,40.166666666666664,49.19742729306488,1.2248322147651007,0.010394554678441765
6471,Master,Single,36230.0,1,0,2013-10-17,17,14,2,30,8,2,3,1,2,0,4,5,0,0,0,0,0,0,0,18,0,43,35-44,1,1,2,0,56,0,6,11.605479452054794,353,0.05357142857142857,0.16666666666666666,9.333333333333334,4.825306893295562,0.5169971671388102,0.001598224750746529
6131,2n Cycle,Married,70829.0,1,1,2013-12-01,87,141,70,106,72,19,23,2,4,2,8,3,0,0,0,0,0,0,0,18,0,34,25-34,2,2,4,0,408,0,14,10.126027397260273,308,0.056372549019607844,0.14285714285714285,29.142857142857142,40.2922077922078,1.3825757575757576,0.006826391640521447
6233,Graduation,Married,65991.0,0,1,2012-09-07,21,507,19,364,25,47,9,3,9,5,10,7,0,0,0,0,0,0,0,16,0,38,35-44,1,2,3,0,962,0,24,24.0,758,0.009355509355509356,0.125,40.083333333333336,40.083333333333336,1.0,0.00728887272506857
4148,Graduation,Married,38988.0,1,2,2012-08-20,90,164,24,103,12,3,42,7,5,1,6,8,0,0,0,0,0,0,0,16,0,42,35-44,3,2,5,0,306,0,12,24.0,776,0.13725490196078433,0.5833333333333334,25.5,12.75,0.5,0.0039242843951985225
4947,2n Cycle,Single,89572.0,0,0,2012-09-15,44,606,24,974,197,194,64,1,7,7,9,4,0,1,0,1,0,0,1,18,0,48,45-54,0,1,1,0,1995,2,23,24.0,750,0.03208020050125313,0.043478260869565216,86.73913043478261,83.125,0.9583333333333334,0.011136292591434824
3225,Master,Married,42207.0,1,0,2013-04-01,71,116,11,72,3,17,46,4,4,1,5,6,1,0,0,0,0,0,1,18,0,30,25-34,1,2,3,0,219,1,10,18.147945205479452,552,0.2100456621004566,0.4,21.9,12.06748188405797,0.5510265700483091,0.0034309423225696127
7540,Graduation,Married,50300.0,0,1,2014-05-25,52,143,15,60,24,23,5,2,2,1,8,2,0,0,0,0,0,0,0,16,0,62,55-64,1,2,3,0,265,0,11,4.372602739726028,133,0.018867924528301886,0.18181818181818182,24.09090909090909,60.604636591478695,2.5156641604010024,0.014458362606316983
10648,2n Cycle,Together,66664.0,0,0,2012-09-25,78,398,96,447,220,96,32,1,5,7,6,3,0,0,0,0,0,0,0,18,0,32,25-34,0,2,2,0,1257,0,18,24.0,740,0.02545743834526651,0.05555555555555555,69.83333333333333,52.375,0.75,0.009427877115084604
1992,Graduation,Married,60597.0,0,1,2014-01-01,2,522,0,257,32,16,66,4,2,2,8,7,0,0,0,1,0,0,1,16,0,50,45-54,1,2,3,0,827,1,12,9.106849315068493,277,0.07980652962515115,0.3333333333333333,68.91666666666667,90.81077015643802,1.3176895306859207,0.017983220982511615
7851,Graduation,Widow,70165.0,0,0,2013-09-22,60,161,0,253,199,191,122,1,3,7,11,1,0,0,0,0,0,0,0,16,0,65,65-74,0,1,1,0,804,0,21,12.427397260273972,378,0.1517412935323383,0.047619047619047616,38.285714285714285,64.6957671957672,1.6898148148148149,0.011064622053006576
8594,PhD,Widow,50520.0,0,1,2014-01-28,25,112,0,6,2,1,14,2,3,1,3,6,0,0,0,0,0,0,0,22,0,56,55-64,1,1,2,0,121,0,7,8.21917808219178,250,0.11570247933884298,0.2857142857142857,17.285714285714285,14.721666666666668,0.8516666666666668,0.003496832937450515
2815,Graduation,Married,33183.0,1,0,2014-02-24,46,7,5,39,17,15,37,2,4,0,3,7,0,0,0,0,0,0,0,16,0,39,35-44,1,2,3,0,83,0,7,7.331506849315068,223,0.4457831325301205,0.2857142857142857,11.857142857142858,11.32100149476831,0.9547832585949179,0.0040940245890130405
2416,PhD,Single,66582.0,0,0,2014-03-03,83,789,25,420,16,38,0,1,2,8,9,1,0,0,0,0,0,0,0,22,0,45,45-54,0,1,1,0,1288,0,19,7.101369863013699,216,0.0,0.05263157894736842,67.78947368421052,181.37345679012344,2.67554012345679,0.03268873691810822
7999,PhD,Together,75261.0,0,0,2013-04-23,17,1239,17,413,23,34,17,1,5,6,5,2,0,1,1,0,0,0,1,22,0,59,55-64,0,2,2,0,1726,2,16,17.424657534246574,530,0.009849362688296639,0.0625,107.875,99.0550314465409,0.918238993710692,0.015793842459686833
9213,Graduation,Widow,31880.0,1,0,2012-10-31,13,4,1,5,2,0,3,1,1,0,2,8,0,0,0,0,0,0,0,16,0,44,35-44,1,1,2,0,12,0,3,23.145205479452056,704,0.25,0.3333333333333333,4.0,0.5184659090909091,0.12961647727272727,0.0001951565529827763
9697,Graduation,Married,53790.0,0,2,2014-03-06,86,335,42,127,28,5,5,3,7,2,8,6,0,0,0,0,0,0,0,16,0,63,55-64,2,2,4,0,537,0,17,7.002739726027397,213,0.00931098696461825,0.17647058823529413,31.58823529411765,76.68427230046949,2.427621283255086,0.01710747848309414
3916,PhD,Together,49269.0,1,0,2012-08-15,92,639,8,166,11,8,58,3,7,3,12,7,0,0,0,0,0,0,0,22,0,43,35-44,1,2,3,0,832,0,22,24.0,781,0.06971153846153846,0.13636363636363635,37.81818181818182,34.666666666666664,0.9166666666666666,0.008443443138687612
2021,Graduation,Married,61456.0,0,1,2013-03-27,47,563,76,384,84,192,89,4,6,10,13,4,0,0,0,0,0,0,0,16,0,39,35-44,1,2,3,0,1299,0,29,18.312328767123287,557,0.06851424172440339,0.13793103448275862,44.793103448275865,70.93581687612209,1.5836325553560744,0.013851044690729385
1581,Graduation,Married,37406.0,1,0,2013-10-10,18,2,0,8,2,2,3,1,1,0,2,8,0,0,0,0,0,0,1,16,0,34,25-34,1,2,3,0,14,0,3,11.835616438356164,360,0.21428571428571427,0.3333333333333333,4.666666666666667,1.1828703703703705,0.2534722222222222,0.00037946972262322743
564,PhD,Together,56937.0,1,0,2012-08-04,81,746,8,125,11,8,8,7,8,6,9,6,0,1,0,0,0,0,1,22,0,33,25-34,1,2,3,0,898,1,23,24.0,792,0.008908685968819599,0.30434782608695654,39.04347826086956,37.416666666666664,0.9583333333333334,0.007885908987126121
6619,Graduation,Married,38415.0,1,1,2013-01-02,91,22,1,13,4,0,4,2,1,0,3,7,0,0,0,0,0,0,0,16,0,36,35-44,2,2,4,0,40,0,4,21.073972602739726,641,0.1,0.5,10.0,1.8980759230369215,0.18980759230369215,0.0005929171176999365
9081,Graduation,Single,20518.0,1,0,2014-05-18,58,4,1,6,4,1,9,1,1,1,2,5,0,0,0,0,0,0,0,16,0,26,25-34,1,1,2,0,16,0,4,4.602739726027397,140,0.5625,0.25,4.0,3.4761904761904763,0.8690476190476191,0.0020330580814058737
178,Graduation,Married,62503.0,0,1,2013-02-18,40,478,0,193,110,75,117,4,8,3,11,5,0,0,0,0,0,0,0,16,0,58,55-64,1,2,3,0,856,0,22,19.528767123287672,594,0.1366822429906542,0.18181818181818182,38.90909090909091,43.8327721661055,1.126543209876543,0.008415488312453258
916,PhD,Single,41644.0,1,1,2014-05-09,67,20,3,4,2,0,2,2,1,0,3,3,0,0,0,0,0,0,0,22,0,42,35-44,2,1,3,0,29,0,4,4.898630136986301,149,0.06896551724137931,0.5,7.25,5.920022371364653,0.8165548098434005,0.0017058944495335663
5512,Master,Married,55842.0,0,1,2014-05-23,19,451,0,39,0,4,24,1,7,1,8,5,0,0,0,0,0,0,0,18,0,37,35-44,1,2,3,0,494,0,16,4.438356164383562,135,0.048582995951417005,0.0625,30.875,111.30246913580247,3.6049382716049383,0.023918012063135805
8970,PhD,Married,62010.0,0,1,2012-10-23,93,371,22,39,6,0,92,4,6,2,7,5,0,0,0,0,0,0,0,22,0,42,35-44,1,2,3,0,438,0,15,23.40821917808219,712,0.2100456621004566,0.26666666666666666,29.2,18.71137640449438,0.6408005617977528,0.003620972695596397
10581,Graduation,Married,41124.0,1,0,2012-10-31,41,281,7,84,15,0,119,7,7,3,4,8,0,0,0,0,0,0,0,16,0,37,35-44,1,2,3,0,387,0,14,23.145205479452056,704,0.30749354005167956,0.5,27.642857142857142,16.720525568181817,0.6048768939393939,0.004879056191474122
5300,Master,Married,38961.0,1,0,2013-12-30,60,19,7,19,0,1,24,1,2,1,2,7,0,0,0,0,0,0,0,18,0,41,35-44,1,2,3,0,46,0,5,9.172602739726027,279,0.5217391304347826,0.2,9.2,5.0149342891278375,0.5451015531660693,0.0015446013056526796
5154,Master,Divorced,37760.0,1,0,2013-08-11,54,26,3,13,2,10,0,1,2,0,3,6,0,0,0,0,0,0,0,18,0,42,35-44,1,1,2,0,54,0,5,13.808219178082192,420,0.0,0.2,10.8,3.9107142857142856,0.3621031746031746,0.0012428117433414044
8346,Graduation,Single,32233.0,1,0,2012-08-19,26,138,15,35,25,11,72,2,6,2,2,9,1,0,0,0,0,0,1,16,0,40,35-44,1,1,2,0,224,1,10,24.0,777,0.32142857142857145,0.2,22.4,9.333333333333334,0.4166666666666667,0.0034746998417770607
1676,Graduation,Married,43057.0,0,1,2013-10-30,30,213,2,44,0,2,5,4,4,2,5,5,0,0,0,0,0,0,0,16,0,39,35-44,1,2,3,0,261,0,11,11.178082191780822,340,0.019157088122605363,0.36363636363636365,23.727272727272727,23.34926470588235,0.9840686274509803,0.006507447719780482
9286,Master,Together,83151.0,0,0,2012-10-10,93,407,28,100,120,74,18,1,5,9,4,3,0,0,0,0,0,0,0,18,0,54,45-54,0,2,2,0,729,0,18,23.835616438356162,725,0.024691358024691357,0.05555555555555555,40.5,30.58448275862069,0.7551724137931035,0.004413822961881977
2426,PhD,Divorced,78825.0,0,0,2012-09-14,35,483,74,114,169,37,18,1,5,10,13,3,0,0,0,0,0,0,1,22,0,50,45-54,0,1,1,0,877,0,28,24.0,751,0.020524515393386546,0.03571428571428571,31.321428571428573,36.541666666666664,1.1666666666666667,0.005562955915001585
5562,Graduation,Married,60093.0,0,1,2013-06-26,92,502,12,109,16,6,90,2,7,2,10,6,0,0,0,0,0,0,0,16,0,40,35-44,1,2,3,0,645,0,19,15.32054794520548,466,0.13953488372093023,0.10526315789473684,33.94736842105263,42.10032188841202,1.2401645207439198,0.008407033475794922
3436,Graduation,Married,14045.0,1,0,2014-01-26,24,11,0,5,2,1,1,1,1,0,3,7,0,0,0,0,0,0,0,16,0,45,45-54,1,2,3,0,19,0,4,8.284931506849315,252,0.05263157894736842,0.25,4.75,2.293320105820106,0.48280423280423285,0.0019594048607932553
3921,2n Cycle,Widow,28457.0,0,0,2012-10-28,96,24,1,108,29,29,14,1,4,1,4,8,0,0,0,0,0,0,0,18,0,62,55-64,0,1,1,0,191,0,9,23.243835616438353,707,0.07329842931937172,0.1111111111111111,21.22222222222222,8.217232437529468,0.3871994342291372,0.003465115410983365
3403,PhD,Together,78952.0,0,1,2012-09-24,11,1170,19,594,99,76,134,2,2,5,12,6,0,0,0,0,0,0,0,22,0,56,55-64,1,2,3,0,1958,0,19,24.0,741,0.06843718079673136,0.10526315789473684,103.05263157894737,81.58333333333333,0.7916666666666666,0.012399939203566725
22,Graduation,Divorced,46310.0,1,0,2012-12-03,99,185,2,88,15,5,14,2,6,1,5,8,0,0,0,0,0,0,0,16,0,38,35-44,1,1,2,0,295,0,12,22.06027397260274,671,0.04745762711864407,0.16666666666666666,24.583333333333332,13.372454048683556,0.5439642324888226,0.0034651144155517745
10965,Graduation,Together,76005.0,0,0,2013-02-22,72,983,20,389,240,50,40,1,3,5,13,6,0,0,0,1,0,0,0,16,0,59,55-64,0,2,2,0,1682,1,21,19.397260273972602,590,0.023781212841854936,0.047619047619047616,80.0952380952381,86.7132768361582,1.082627118644068,0.013690669324832556
9426,Master,Single,58308.0,0,1,2013-01-12,77,691,0,69,10,0,130,4,2,6,3,8,0,0,0,0,0,0,0,18,0,50,45-54,1,1,2,0,770,0,11,20.745205479452054,631,0.16883116883116883,0.36363636363636365,70.0,37.11701003697834,0.530243000528262,0.007638816636546274
6605,PhD,Divorced,55614.0,0,0,2013-11-27,85,504,13,131,8,0,26,1,9,4,6,7,0,1,0,0,0,0,0,22,0,70,65-74,0,1,1,0,656,1,19,10.257534246575341,312,0.039634146341463415,0.05263157894736842,34.526315789473685,63.95299145299146,1.8522970085470087,0.013799329259465198
3136,Master,Divorced,59432.0,0,1,2013-04-13,88,317,25,265,25,19,12,3,5,3,11,5,0,0,0,0,0,0,0,18,0,52,45-54,1,1,2,0,651,0,19,17.753424657534246,540,0.018433179723502304,0.15789473684210525,34.26315789473684,36.66898148148148,1.070216049382716,0.007403886421082544
8737,Graduation,Divorced,55563.0,0,1,2014-04-05,22,29,1,9,2,0,2,1,2,0,3,3,0,0,0,0,0,0,0,16,0,36,35-44,1,1,2,0,41,0,5,6.016438356164383,183,0.04878048780487805,0.2,8.2,6.814663023679417,0.831056466302368,0.0014717699959352988
11088,PhD,Together,78642.0,0,1,2013-04-21,83,1396,0,322,46,35,17,1,4,9,4,6,0,0,0,0,0,0,0,22,0,43,35-44,1,2,3,0,1799,0,17,17.49041095890411,532,0.009449694274596998,0.058823529411764705,105.82352941176471,102.85635964912281,0.9719611528822054,0.015694874441004474
716,PhD,Together,67911.0,0,1,2014-05-22,63,529,0,356,63,28,0,3,6,7,11,3,0,0,0,0,0,0,0,22,0,65,65-74,1,2,3,0,976,0,24,4.471232876712328,136,0.0,0.125,40.666666666666664,218.28431372549022,5.36764705882353,0.038571244197639305
466,Graduation,Married,65275.0,0,0,2013-04-03,9,388,14,218,91,14,21,1,4,3,13,2,0,0,0,0,0,0,0,16,0,70,65-74,0,2,2,0,725,0,20,18.082191780821915,550,0.028965517241379312,0.05,36.25,40.094696969696976,1.1060606060606062,0.007370913269036595
9135,Graduation,Together,27203.0,1,1,2012-08-06,92,13,2,21,4,0,24,2,1,1,2,8,0,0,0,0,0,0,0,16,0,64,55-64,2,2,4,0,40,0,4,24.0,790,0.6,0.5,10.0,1.6666666666666667,0.16666666666666666,0.0007352130279748558
10623,Master,Together,48330.0,0,1,2013-11-15,2,28,0,4,0,0,0,1,1,0,3,5,0,0,0,0,0,0,0,18,0,53,45-54,1,2,3,0,32,0,4,10.652054794520547,324,0.0,0.25,8.0,3.004115226337449,0.3755144032921811,0.0007459007390037117
8151,Basic,Married,24279.0,0,0,2012-12-29,6,16,36,21,20,62,108,1,4,1,3,8,0,0,0,0,0,0,0,12,0,24,18-24,0,2,2,0,155,0,8,21.205479452054792,645,0.6967741935483871,0.125,19.375,7.309431524547804,0.37726098191214474,0.003612717916494652
5140,PhD,Married,64355.0,1,0,2012-08-24,66,1047,0,140,67,38,153,2,4,3,12,8,0,0,0,0,0,0,0,22,0,29,25-34,1,2,3,0,1292,0,19,24.0,772,0.11842105263157894,0.10526315789473684,68.0,53.833333333333336,0.7916666666666666,0.010038070080024861
4945,Graduation,Widow,53653.0,0,0,2012-11-07,29,815,10,239,28,10,108,2,10,4,12,6,0,0,0,0,0,0,0,16,0,61,55-64,0,1,1,0,1102,0,26,22.915068493150685,697,0.09800362976406533,0.07692307692307693,42.38461538461539,48.09062649450024,1.1346245815399332,0.010755922649879839
10584,Graduation,Married,65665.0,0,1,2013-12-02,77,225,162,387,106,36,29,1,5,10,8,3,0,0,0,0,0,0,0,16,0,38,35-44,1,2,3,0,916,0,23,10.093150684931507,307,0.03165938864628821,0.043478260869565216,39.82608695652174,90.75461454940283,2.2787730727470143,0.01658502055269678
6071,Graduation,Single,81217.0,0,0,2013-07-19,77,493,70,324,146,40,84,1,3,7,11,1,0,0,0,0,0,0,0,16,0,25,25-34,0,1,1,0,1073,0,21,14.564383561643835,443,0.0782851817334576,0.047619047619047616,51.095238095238095,73.67287434161024,1.4418735891647856,0.010885337947711968
3386,Graduation,Married,34935.0,0,0,2013-06-21,71,34,4,66,3,10,20,1,2,1,4,7,0,0,0,0,0,0,0,16,0,22,18-24,0,2,2,0,117,0,7,15.484931506849314,471,0.17094017094017094,0.14285714285714285,16.714285714285715,7.555732484076434,0.4520523708421798,0.0025953568000262545
8939,Graduation,Divorced,61250.0,0,1,2012-12-16,49,382,138,65,60,26,59,6,5,2,12,5,0,0,0,0,0,0,0,16,0,55,55-64,1,1,2,0,671,0,19,21.632876712328766,658,0.08792846497764531,0.3157894736842105,35.31578947368421,31.01760385005066,0.8782928064842959,0.006076918305316047
9925,PhD,Together,39665.0,1,0,2013-05-25,97,127,1,56,0,1,31,3,4,2,3,7,1,0,0,0,0,0,0,22,0,33,25-34,1,2,3,0,185,1,9,16.372602739726027,498,0.16756756756756758,0.3333333333333333,20.555555555555557,11.299364123159304,0.549698795180723,0.003418438660731417
4320,Graduation,Single,60152.0,0,1,2013-03-28,6,325,83,300,86,58,91,1,6,4,12,3,0,0,0,0,0,0,0,16,0,35,35-44,1,1,2,0,852,0,22,18.27945205479452,556,0.1068075117370892,0.045454545454545456,38.72727272727273,46.609712230215834,1.2035371702637891,0.009298386533491654
5389,Graduation,Married,48920.0,0,2,2013-10-20,93,238,17,68,8,10,6,3,6,2,5,7,0,1,0,0,0,0,0,16,0,50,45-54,2,2,4,0,341,1,13,11.506849315068493,350,0.017595307917888565,0.23076923076923078,26.23076923076923,29.63452380952381,1.1297619047619047,0.007269302651559398
6036,Master,Together,89120.0,0,0,2014-03-17,78,1168,92,408,72,129,55,1,5,6,7,1,0,0,1,0,0,0,0,18,0,55,55-64,0,2,2,0,1869,1,18,6.641095890410958,202,0.029427501337613696,0.05555555555555555,103.83333333333333,281.4294554455446,2.710396039603961,0.0378944509127753
182,PhD,Together,44124.0,0,1,2013-05-11,62,284,0,55,0,6,52,4,6,2,5,8,0,0,0,0,0,0,0,22,0,68,65-74,1,2,3,0,345,0,13,16.832876712328765,512,0.15072463768115943,0.3076923076923077,26.53846153846154,20.495605468750004,0.7722981770833334,0.005574002031207507
203,Master,Single,81169.0,0,0,2013-04-14,47,1288,20,613,80,61,27,1,5,7,9,2,0,0,0,0,0,0,0,18,0,39,35-44,0,1,1,0,2062,0,21,17.720547945205478,539,0.013094083414161009,0.047619047619047616,98.19047619047619,116.36209029066173,1.1850649350649352,0.017202935646465287
11025,Graduation,Married,36443.0,1,1,2013-02-03,9,65,0,46,4,3,20,4,3,1,3,8,0,0,0,0,0,0,0,16,0,53,45-54,2,2,4,0,118,0,7,20.02191780821918,609,0.1694915254237288,0.5714285714285714,16.857142857142858,5.893541324575807,0.3496168582375479,0.0019406332051397988
10203,Graduation,Single,26095.0,1,0,2013-06-30,77,11,7,9,3,1,11,1,1,0,3,7,0,0,0,0,0,0,0,16,0,24,18-24,1,1,2,0,31,0,4,15.18904109589041,462,0.3548387096774194,0.25,7.75,2.0409451659451663,0.2633477633477634,0.0009385453915057288
4607,Graduation,Together,71367.0,0,0,2013-08-23,24,227,23,389,42,21,75,1,4,5,7,2,0,0,0,0,0,0,0,16,0,55,55-64,0,2,2,0,702,0,16,13.413698630136986,408,0.10683760683760683,0.0625,43.875,52.33455882352941,1.1928104575163399,0.008799791302455659
3711,Master,Married,80184.0,0,0,2014-03-01,19,1035,134,670,25,38,0,1,6,3,10,3,0,0,1,1,0,0,0,18,0,70,65-74,0,2,2,0,1902,2,19,7.167123287671233,218,0.0,0.05263157894736842,100.10526315789474,265.3784403669725,2.650993883792049,0.03971542058769418
3696,Graduation,Divorced,30630.0,1,1,2014-01-27,67,27,1,12,2,0,10,2,2,0,3,7,0,0,0,0,0,0,0,16,0,49,45-54,2,1,3,0,42,0,5,8.252054794520548,251,0.23809523809523808,0.4,8.4,5.089641434262948,0.6059096945551129,0.0019939829321304397
2532,Master,Single,73454.0,0,0,2014-03-01,95,982,73,351,56,14,175,1,2,4,6,5,1,0,0,0,0,0,0,18,0,27,25-34,0,1,1,0,1476,1,12,7.167123287671233,218,0.11856368563685638,0.08333333333333333,123.0,205.94036697247708,1.6743119266055047,0.033643973148769636
9214,Graduation,Married,42691.0,0,0,2013-08-16,48,179,2,64,38,17,58,1,5,1,6,5,0,0,0,0,0,0,0,16,0,23,18-24,0,2,2,0,300,0,12,13.643835616438356,415,0.19333333333333333,0.08333333333333333,25.0,21.987951807228917,0.8795180722891567,0.006180586579999227
4943,Graduation,Married,70503.0,0,0,2012-09-30,73,1379,33,216,0,33,66,1,2,4,9,6,0,1,1,0,0,0,0,16,0,61,55-64,0,2,2,0,1661,2,15,24.0,735,0.039735099337748346,0.06666666666666667,110.73333333333333,69.20833333333333,0.625,0.01177964058267024
35,Graduation,Married,25545.0,1,0,2012-09-08,35,32,1,64,16,12,85,3,2,2,3,6,0,0,0,0,0,0,1,16,0,27,25-34,1,2,3,0,125,0,7,24.0,757,0.68,0.42857142857142855,17.857142857142858,5.208333333333333,0.2916666666666667,0.0024466627520062633
2258,Graduation,Married,32880.0,1,0,2012-12-04,76,8,4,15,7,6,2,1,1,0,3,8,0,0,0,0,0,0,0,16,0,28,25-34,1,2,3,0,40,0,4,22.027397260273972,670,0.05,0.25,10.0,1.8159203980099503,0.18159203980099503,0.0006627446708065512
4322,PhD,Together,77863.0,0,0,2013-11-27,20,881,38,319,16,25,12,1,4,5,10,2,0,0,0,0,0,0,0,22,0,56,55-64,0,2,2,0,1279,0,19,10.257534246575341,312,0.009382329945269743,0.05263157894736842,67.3157894736842,124.68883547008548,1.8522970085470087,0.019216650085933318
713,Master,Married,50353.0,0,0,2014-06-08,72,141,15,153,67,31,35,1,4,4,6,3,0,0,0,0,0,0,0,18,0,37,35-44,0,2,2,0,407,0,14,3.9123287671232876,119,0.085995085995086,0.07142857142857142,29.071428571428573,104.03011204481793,3.5784313725490198,0.024792194001108478
4702,Graduation,Single,61839.0,0,0,2012-08-12,20,1000,155,379,224,17,120,1,4,8,4,8,0,0,0,0,0,0,0,16,0,50,45-54,0,1,1,0,1775,0,16,24.0,784,0.0676056338028169,0.0625,110.9375,73.95833333333333,0.6666666666666666,0.014351784472582027
3281,PhD,Married,49154.0,1,1,2013-11-03,69,206,10,67,30,27,71,6,4,1,8,6,0,0,0,0,0,0,0,22,0,54,45-54,2,2,4,0,340,0,13,11.046575342465752,336,0.2088235294117647,0.46153846153846156,26.153846153846153,30.778769841269845,1.1768353174603177,0.0075140423586124855
702,2n Cycle,Widow,47682.0,0,1,2013-02-15,80,162,61,83,97,57,61,4,4,3,8,5,0,0,0,0,0,0,0,18,0,39,35-44,1,1,2,0,460,0,15,19.627397260273973,597,0.13260869565217392,0.26666666666666666,30.666666666666668,23.436627582356223,0.7642378559463986,0.005898232687141367
2004,Graduation,Single,72679.0,0,1,2013-09-18,65,619,54,260,127,54,54,1,4,7,5,1,0,0,0,0,0,0,0,16,0,45,45-54,1,1,2,0,1114,0,16,12.55890410958904,382,0.04847396768402154,0.0625,69.625,88.70200698080279,1.2739965095986039,0.014645552137063438
4769,Master,Together,57954.0,1,1,2014-06-18,52,456,4,24,0,0,9,7,8,2,6,7,0,1,0,0,0,0,0,18,0,37,35-44,2,2,4,0,484,1,16,3.5835616438356164,109,0.01859504132231405,0.4375,30.25,135.0611620795107,4.464831804281346,0.02796586853287311
4437,Graduation,Married,65316.0,1,1,2013-04-24,65,112,6,92,3,9,38,2,3,2,5,4,0,0,0,0,0,0,0,16,0,52,45-54,2,2,4,0,222,0,10,17.39178082191781,529,0.17117117117117117,0.2,22.2,12.764650283553875,0.5749842470069313,0.0023451497856979376
8724,Graduation,Single,28567.0,1,0,2013-06-17,57,11,3,22,2,2,6,2,2,0,3,6,0,0,0,0,0,0,0,16,0,32,25-34,1,1,2,0,40,0,5,15.616438356164384,475,0.15,0.4,8.0,2.56140350877193,0.3201754385964912,0.0010759562469024803
10741,Master,Together,47352.0,0,1,2013-04-11,70,172,12,112,8,0,15,4,6,1,5,7,0,0,0,0,0,0,0,18,0,63,55-64,1,2,3,0,304,0,12,17.81917808219178,542,0.049342105263157895,0.3333333333333333,25.333333333333332,17.06027060270603,0.6734317343173433,0.004323434009808928
1991,Graduation,Together,44931.0,0,1,2014-01-18,0,78,0,11,0,0,7,1,2,1,3,5,0,0,0,0,0,0,0,16,0,47,45-54,1,2,3,0,89,0,6,8.547945205479452,260,0.07865168539325842,0.16666666666666666,14.833333333333334,10.411858974358974,0.7019230769230769,0.0027807595578177137
6931,Graduation,Divorced,76982.0,0,0,2014-02-15,19,464,151,292,65,60,30,1,8,3,4,4,0,0,1,0,0,0,1,16,0,47,45-54,0,1,1,0,1032,1,15,7.627397260273972,232,0.029069767441860465,0.06666666666666667,68.8,135.30172413793105,1.9665948275862069,0.021090913325909594
11096,2n Cycle,Together,57247.0,0,1,2013-08-08,50,99,4,32,37,54,6,2,2,1,7,2,0,0,0,0,0,0,0,18,0,62,55-64,1,2,3,0,226,0,10,13.906849315068493,423,0.02654867256637168,0.2,22.6,16.25098502758077,0.719070133963751,0.0034064985122533803
304,Master,Single,22944.0,1,0,2013-12-23,67,19,3,19,4,5,26,3,3,0,3,7,0,0,0,0,0,0,0,18,0,33,25-34,1,1,2,0,50,0,6,9.402739726027397,286,0.52,0.5,8.333333333333334,5.317599067599068,0.6381118881118881,0.0027811710604597637
3665,2n Cycle,Together,25315.0,1,0,2013-11-07,46,1,9,8,11,3,22,3,3,0,3,8,0,0,0,0,0,0,0,18,0,37,35-44,1,2,3,0,32,0,6,10.915068493150685,332,0.6875,0.5,5.333333333333333,2.931726907630522,0.549698795180723,0.0013897184630284915
10591,Graduation,Widow,43638.0,0,1,2012-08-06,37,63,10,83,7,19,19,2,4,1,4,7,0,0,0,0,0,0,0,16,0,45,45-54,1,1,2,0,182,0,9,24.0,790,0.1043956043956044,0.2222222222222222,20.22222222222222,7.583333333333333,0.375,0.002085338466474174
5036,PhD,Single,42710.0,1,0,2012-11-28,38,252,3,42,4,3,102,2,4,5,3,6,0,0,0,0,0,0,0,22,0,30,25-34,1,1,2,0,304,0,12,22.224657534246575,676,0.3355263157894737,0.16666666666666666,25.333333333333332,13.678500986193294,0.5399408284023669,0.0038431751775771373
5547,PhD,Married,84169.0,0,0,2013-08-07,9,1478,19,403,0,19,0,1,7,6,6,3,0,1,1,0,0,0,1,22,0,32,25-34,0,2,2,0,1919,2,19,13.93972602739726,424,0.0,0.05263157894736842,101.0,137.66411163522014,1.3630110062893082,0.019626814380860433
7822,Graduation,Together,54058.0,0,1,2013-06-04,56,198,18,252,32,108,54,2,4,6,8,3,0,0,0,0,0,0,0,16,0,38,35-44,1,2,3,0,608,0,18,16.043835616438354,488,0.08881578947368421,0.1111111111111111,33.77777777777778,37.896174863387984,1.1219262295081969,0.00841233671909164
8541,2n Cycle,Married,24683.0,1,0,2014-03-08,98,8,4,10,6,7,6,2,2,0,4,5,0,0,0,0,0,0,0,18,0,24,18-24,1,2,3,0,35,0,6,6.9369863013698625,211,0.17142857142857143,0.3333333333333333,5.833333333333333,5.045418641390206,0.8649289099526067,0.0024529037676409866
10955,Graduation,Widow,85620.0,0,0,2014-01-07,68,416,46,925,60,107,46,1,3,6,4,1,0,0,0,0,0,0,1,16,0,50,45-54,0,1,1,0,1554,0,13,8.90958904109589,271,0.029601029601029602,0.07692307692307693,119.53846153846153,174.4188191881919,1.4591020910209103,0.02444552476358681
4368,Graduation,Married,47850.0,1,0,2013-12-03,72,42,7,43,20,12,10,1,3,0,4,6,0,0,0,0,0,0,0,16,0,34,25-34,1,2,3,0,124,0,7,10.06027397260274,306,0.08064516129032258,0.14285714285714285,17.714285714285715,12.325708061002178,0.6958061002178649,0.003091086661066377
2256,Master,Married,27159.0,1,1,2014-03-29,33,17,0,3,0,0,1,2,1,0,3,6,0,0,0,0,0,0,0,18,0,41,35-44,2,2,4,0,20,0,4,6.2465753424657535,190,0.05,0.5,5.0,3.2017543859649122,0.6403508771929824,0.0014146711083463657
4279,2n Cycle,Single,39548.0,1,1,2014-03-31,87,15,4,10,3,4,18,2,1,1,3,3,0,0,0,0,0,0,0,18,0,51,45-54,2,1,3,0,36,0,5,6.180821917808219,188,0.5,0.4,7.2,5.824468085106384,0.8089539007092199,0.00176731104028716
5371,Graduation,Single,21474.0,1,0,2014-04-08,0,6,16,24,11,0,34,2,3,1,2,7,1,0,0,0,0,0,1,16,0,25,25-34,1,1,2,0,57,1,6,5.917808219178082,180,0.5964912280701754,0.3333333333333333,9.5,9.631944444444445,1.0138888888888888,0.005382478035453727
9240,PhD,Single,60504.0,0,1,2014-02-07,73,458,0,24,6,4,34,2,6,2,8,6,0,0,0,0,0,0,0,22,0,43,35-44,1,1,2,0,492,0,16,7.890410958904109,240,0.06910569105691057,0.125,30.75,62.35416666666667,2.0277777777777777,0.01236695094539204
9460,Graduation,Married,22419.0,0,0,2013-04-18,74,30,3,47,19,21,42,1,3,2,2,8,0,0,0,0,0,0,0,16,0,51,45-54,0,2,2,0,120,0,7,17.589041095890412,535,0.35,0.14285714285714285,17.142857142857142,6.822429906542055,0.3979750778816199,0.003651775675922417
9504,Master,Married,81698.0,0,0,2013-11-06,4,179,28,520,111,123,47,1,3,8,13,1,0,0,0,0,0,0,1,18,0,65,65-74,0,2,2,0,961,0,24,10.947945205479451,333,0.04890738813735692,0.041666666666666664,40.041666666666664,87.77902902902903,2.1921921921921923,0.012893196263658209
8692,Graduation,Together,43462.0,1,1,2012-09-12,50,90,17,97,15,6,15,6,4,1,5,8,0,0,0,0,0,0,0,16,0,62,55-64,2,2,4,0,225,0,10,24.0,753,0.06666666666666667,0.6,22.5,9.375,0.4166666666666667,0.002588468087064562
448,PhD,Single,54880.0,1,0,2013-03-01,57,308,85,137,102,45,118,2,6,2,11,5,0,0,0,0,0,0,0,22,0,36,35-44,1,1,2,0,677,0,19,19.16712328767123,583,0.17429837518463812,0.10526315789473684,35.63157894736842,35.32089765580332,0.9912807318467697,0.007723228350394313
8314,Graduation,Married,79908.0,0,0,2013-04-05,30,557,129,761,29,185,111,1,5,6,7,2,0,0,1,0,0,0,0,16,0,32,25-34,0,2,2,0,1661,1,18,18.016438356164382,548,0.06682721252257676,0.05555555555555555,92.27777777777777,92.19358272506084,0.999087591240876,0.013844959111737623
8420,2n Cycle,Married,15315.0,0,0,2013-08-03,27,7,4,13,15,8,17,2,2,0,4,5,0,0,0,0,0,0,0,18,0,44,35-44,0,2,2,0,47,0,6,14.071232876712328,428,0.3617021276595745,0.3333333333333333,7.833333333333333,3.340147975077882,0.4264018691588785,0.0026171580607858035
3174,Graduation,Together,87771.0,0,1,2013-05-22,61,1492,38,287,50,57,33,1,5,10,4,6,0,1,1,1,1,0,1,16,0,55,55-64,1,2,3,0,1924,4,19,16.471232876712328,501,0.017151767151767153,0.05263157894736842,101.26315789473684,116.80971390552229,1.1535262807717899,0.015970156052298224
7685,Graduation,Married,33039.0,1,0,2013-09-09,4,30,8,12,8,8,12,1,2,0,4,5,0,0,0,0,0,0,0,16,0,36,35-44,1,2,3,0,66,0,6,12.854794520547944,391,0.18181818181818182,0.16666666666666666,11.0,5.134271099744246,0.4667519181585678,0.0018648038135818563
3179,Graduation,Single,81741.0,0,0,2013-06-16,75,249,153,940,58,134,38,0,6,6,7,2,0,0,0,0,0,0,0,16,0,34,25-34,0,1,1,0,1534,0,19,15.64931506849315,476,0.024771838331160364,0.0,80.73684210526316,98.0234593837535,1.2141106442577032,0.014390348938782766
9780,Master,Together,71499.0,0,1,2013-06-25,12,465,25,132,136,0,37,2,8,3,13,4,0,0,0,0,0,0,0,18,0,43,35-44,1,2,3,0,758,0,24,15.353424657534246,467,0.048812664907651716,0.08333333333333333,31.583333333333332,49.37009279086367,1.563169164882227,0.008286005587355963
10681,2n Cycle,Married,62466.0,0,1,2014-01-15,13,129,129,259,168,121,83,5,6,3,12,4,0,0,0,0,0,0,0,18,0,44,35-44,1,2,3,0,806,0,21,8.646575342465754,263,0.10297766749379653,0.23809523809523808,38.38095238095238,93.21609632446133,2.428707224334601,0.01790723202852009
10232,PhD,Divorced,48799.0,0,1,2013-11-05,9,174,18,81,28,6,24,3,3,2,7,3,0,0,0,0,0,0,0,22,0,51,45-54,1,1,2,0,307,0,12,10.98082191780822,334,0.0781758957654723,0.25,25.583333333333332,27.957834331337324,1.092814371257485,0.0068750181761111475
4184,PhD,Together,52157.0,0,1,2014-06-07,48,189,2,29,3,2,40,2,3,2,5,4,0,0,0,0,0,0,0,22,0,64,55-64,1,2,3,0,225,0,10,3.9452054794520546,120,0.17777777777777778,0.2,22.5,57.03125,2.5347222222222223,0.01312144103380179
9120,Graduation,Single,66565.0,0,1,2012-12-05,80,747,10,161,65,40,42,4,4,2,9,8,0,0,0,0,0,0,0,16,0,52,45-54,1,1,2,0,1023,0,15,21.994520547945204,669,0.04105571847507331,0.26666666666666666,68.2,46.51158445440957,0.6819880418535128,0.00838487213179471
891,Master,Together,29298.0,1,1,2013-09-07,60,6,0,2,2,0,1,1,1,0,2,5,0,0,0,0,0,0,0,18,0,63,55-64,2,2,4,0,10,0,3,12.92054794520548,393,0.1,0.3333333333333333,3.3333333333333335,0.7739609838846481,0.2321882951653944,0.0003170022461129011
10381,Graduation,Single,47691.0,0,1,2013-07-05,43,14,0,3,0,0,4,1,1,0,2,6,0,0,0,0,0,0,0,16,0,35,35-44,1,1,2,0,17,0,3,15.024657534246575,457,0.23529411764705882,0.3333333333333333,5.666666666666667,1.1314733770970096,0.19967177242888404,0.00028470110765478005
3525,Graduation,Together,38200.0,1,1,2012-12-07,19,12,0,4,0,0,1,1,1,0,2,7,0,0,0,0,0,0,0,16,0,44,35-44,2,2,4,0,16,0,3,21.92876712328767,667,0.0625,0.3333333333333333,5.333333333333333,0.7296351824087957,0.13680659670164919,0.00022920476934307717
6818,Graduation,Married,44989.0,0,1,2012-09-12,26,98,0,106,49,10,106,5,5,1,5,6,0,0,0,0,0,0,0,16,0,40,35-44,1,2,3,0,263,0,11,24.0,753,0.40304182509505704,0.45454545454545453,23.90909090909091,10.958333333333334,0.4583333333333333,0.002922936717864367
3526,PhD,Married,38443.0,1,1,2014-01-27,58,32,0,5,0,0,1,2,1,0,3,7,0,0,0,0,0,0,0,22,0,46,45-54,2,2,4,0,37,0,4,8.252054794520548,251,0.02702702702702703,0.5,9.25,4.483731739707835,0.48472775564409026,0.0013995989094632059
8181,2n Cycle,Single,38593.0,1,0,2013-09-13,42,51,12,49,17,24,24,3,4,1,3,8,0,0,0,0,0,0,0,18,0,36,35-44,1,1,2,0,153,0,8,12.723287671232876,387,0.1568627450980392,0.375,19.125,12.025193798449612,0.6287683031869079,0.003739080288689538
1029,PhD,Together,64413.0,0,1,2013-08-01,27,200,5,44,0,10,20,1,5,1,5,5,0,0,0,0,0,0,0,22,0,44,35-44,1,2,3,0,259,0,11,14.136986301369863,430,0.07722007722007722,0.09090909090909091,23.545454545454547,18.32073643410853,0.7781007751937985,0.0034131128376151143
7369,Master,Married,36959.0,1,0,2013-10-02,56,25,6,25,6,0,0,2,2,0,3,8,0,0,0,0,0,0,0,18,0,33,25-34,1,2,3,0,62,0,5,12.098630136986301,368,0.0,0.4,12.4,5.124547101449275,0.4132699275362319,0.0016638590118074436
2574,PhD,Married,61996.0,0,1,2013-01-31,27,1050,12,144,0,0,24,3,6,4,8,5,0,1,0,1,1,0,1,22,0,37,35-44,1,2,3,0,1206,3,18,20.12054794520548,612,0.01990049751243781,0.16666666666666666,67.0,59.93872549019608,0.8946078431372548,0.011601792145982854
8159,Graduation,Married,51287.0,1,1,2014-04-01,10,117,0,22,13,0,30,3,4,1,3,7,0,0,0,0,0,0,0,16,0,46,45-54,2,2,4,0,152,0,8,6.147945205479452,187,0.19736842105263158,0.375,19.0,24.723707664884135,1.3012477718360071,0.005784789361409511
1160,Graduation,Married,13260.0,1,1,2013-08-23,48,9,4,17,10,2,7,4,3,0,3,8,0,0,0,0,0,0,0,16,0,44,35-44,2,2,4,0,42,0,6,13.413698630136986,408,0.16666666666666666,0.6666666666666666,7.0,3.1311274509803924,0.44730392156862747,0.0028335995031496765
10242,PhD,Together,47472.0,1,1,2013-09-16,39,56,0,11,0,0,8,2,2,0,4,5,0,0,0,0,0,0,0,22,0,48,45-54,2,2,4,0,67,0,6,12.624657534246575,384,0.11940298507462686,0.3333333333333333,11.166666666666666,5.307074652777778,0.4752604166666667,0.0013415254430681946
5253,Master,Together,54603.0,1,1,2013-07-09,85,145,13,46,17,2,4,6,4,2,4,7,0,0,0,0,0,0,0,18,0,58,55-64,2,2,4,0,223,0,10,14.893150684931506,453,0.017937219730941704,0.6,22.3,14.973325974981606,0.671449595290655,0.0032906600681240823
5966,PhD,Married,45207.0,1,1,2012-11-10,64,203,0,10,0,0,2,5,3,1,6,6,0,1,0,0,0,0,0,22,0,40,35-44,2,2,4,0,213,1,10,22.816438356164383,694,0.009389671361502348,0.5,21.3,9.335374639769453,0.4382804995196926,0.0024780342795857595
5081,2n Cycle,Together,47821.0,1,1,2013-10-20,54,9,0,16,6,6,10,1,1,0,3,8,0,0,0,0,0,0,0,18,0,47,45-54,2,2,4,0,37,0,4,11.506849315068493,350,0.2702702702702703,0.25,9.25,3.2154761904761906,0.3476190476190476,0.0008068780302736096
5123,Master,Married,27450.0,0,0,2013-04-15,57,37,12,23,8,11,52,1,2,1,3,7,0,0,0,0,0,0,0,18,0,63,55-64,0,2,2,0,91,0,6,17.687671232876713,538,0.5714285714285714,0.16666666666666666,15.166666666666666,5.144826517967782,0.33921933085501854,0.002249104488729085
5756,Graduation,Together,39453.0,1,0,2014-04-03,64,46,0,7,0,0,2,2,2,0,3,6,0,0,0,0,0,0,0,16,0,31,25-34,1,2,3,0,53,0,5,6.082191780821917,185,0.03773584905660377,0.4,10.6,8.713963963963964,0.8220720720720721,0.0026504338723941797
8036,2n Cycle,Together,26850.0,1,1,2014-04-18,10,31,1,13,7,2,9,4,2,1,4,4,0,0,0,0,0,0,0,18,0,43,35-44,2,2,4,0,54,0,7,5.589041095890411,170,0.16666666666666666,0.5714285714285714,7.714285714285714,9.661764705882353,1.2524509803921569,0.004318107131120605
9058,Graduation,Widow,79800.0,0,0,2012-09-23,65,1060,21,530,32,0,224,1,5,11,5,3,1,0,1,1,0,0,1,16,0,59,55-64,0,1,1,0,1643,3,21,24.0,742,0.1363359707851491,0.047619047619047616,78.23809523809524,68.45833333333333,0.875,0.010294486215538846
5057,Master,Married,61794.0,0,1,2013-09-14,74,264,47,188,54,47,11,2,4,4,10,2,0,0,0,0,0,0,0,18,0,53,45-54,1,2,3,0,600,0,18,12.69041095890411,386,0.018333333333333333,0.1111111111111111,33.333333333333336,47.27979274611399,1.4183937823834196,0.009181433682127194
254,Graduation,Together,53863.0,0,1,2014-05-17,4,399,4,30,6,4,30,3,7,1,7,7,0,1,0,0,0,0,0,16,0,59,55-64,1,2,3,0,443,1,15,4.635616438356164,141,0.06772009029345373,0.2,29.533333333333335,95.56442080378251,3.235815602836879,0.021290552877585547
4179,Graduation,Together,24221.0,0,0,2013-08-20,94,8,9,9,2,5,22,1,1,1,3,4,0,0,0,0,0,0,0,16,0,55,55-64,0,2,2,0,33,0,5,13.512328767123288,411,0.6666666666666666,0.2,6.6,2.442214111922141,0.3700324412003244,0.0012099652922284668
3710,PhD,Single,39684.0,1,0,2012-10-12,41,19,0,35,6,4,17,2,2,1,2,7,0,0,0,0,0,1,1,22,0,30,25-34,1,1,2,0,64,0,5,23.76986301369863,723,0.265625,0.4,12.8,2.6924850161364686,0.2103503918856616,0.000814177507147405
7627,Master,Married,92163.0,0,0,2012-12-12,25,817,183,797,106,163,20,0,5,11,5,2,0,0,1,1,0,0,1,18,0,39,35-44,0,2,2,0,2066,2,21,21.764383561643836,662,0.00968054211035818,0.0,98.38095238095238,94.92573011077543,0.9648791540785498,0.012359718773578391
4501,Master,Single,69882.0,0,0,2013-11-10,94,292,127,635,132,127,165,1,3,7,9,1,0,0,0,0,0,0,0,18,0,49,45-54,0,1,1,0,1313,0,19,10.816438356164383,329,0.12566641279512566,0.05263157894736842,69.10526315789474,121.38931104356637,1.7565856129685917,0.02084473444553385
6424,Graduation,Together,33178.0,1,0,2014-01-30,9,12,6,2,11,2,16,1,1,0,3,4,0,0,0,0,0,0,0,16,0,37,35-44,1,2,3,0,33,0,4,8.153424657534247,248,0.48484848484848486,0.25,8.25,4.047379032258064,0.4905913978494624,0.0014638781236692015
3075,PhD,Married,59973.0,0,0,2013-09-11,47,130,30,168,20,34,0,1,3,4,7,1,0,0,0,0,0,0,0,22,0,42,35-44,0,2,2,0,382,0,14,12.789041095890411,389,0.0,0.07142857142857142,27.285714285714285,29.869323050556982,1.094687232219366,0.005976554059438144
4992,Master,Together,17459.0,1,0,2013-09-19,12,6,4,16,3,10,30,3,3,1,2,7,0,0,0,0,0,0,1,18,0,39,35-44,1,2,3,0,39,0,6,12.526027397260274,381,0.7692307692307693,0.5,6.5,3.113517060367454,0.479002624671916,0.0021399968339772864
5252,Graduation,Divorced,23910.0,1,0,2012-10-26,80,16,12,18,7,1,13,1,2,0,3,7,0,0,0,0,0,0,0,16,0,45,45-54,1,1,2,0,54,0,5,23.30958904109589,709,0.24074074074074073,0.2,10.8,2.3166431593794075,0.21450399623883404,0.0011626816358240439
7444,Master,Married,42169.0,1,1,2013-10-19,20,19,0,9,0,0,2,2,1,0,3,8,0,0,0,0,0,0,0,18,0,45,45-54,2,2,4,0,28,0,4,11.53972602739726,351,0.07142857142857142,0.5,7.0,2.426400759734093,0.3466286799620133,0.0006904790039320145
6919,2n Cycle,Married,26224.0,1,0,2013-06-04,39,4,7,15,13,9,15,3,2,1,3,6,0,0,0,0,0,0,0,18,0,36,35-44,1,2,3,0,48,0,6,16.043835616438354,488,0.3125,0.5,8.0,2.991803278688525,0.37397540983606564,0.001369037497874554
3537,Graduation,Together,31089.0,1,0,2012-08-17,57,31,3,31,2,8,4,3,3,0,4,8,0,0,0,0,0,0,0,16,0,33,25-34,1,2,3,0,75,0,7,24.0,779,0.05333333333333334,0.42857142857142855,10.714285714285714,3.125,0.2916666666666667,0.0012062144166747081
10277,Graduation,Single,30081.0,0,1,2013-02-21,27,36,0,2,0,0,4,1,1,0,3,7,0,0,0,0,0,0,0,16,0,53,45-54,1,1,2,0,38,0,4,19.43013698630137,591,0.10526315789473684,0.25,9.5,1.9557247602932881,0.20586576424139874,0.0007801834089132494
2453,Graduation,Together,62807.0,0,1,2012-08-31,83,526,28,135,10,21,99,3,5,3,12,5,0,0,0,0,0,0,0,16,0,54,45-54,1,2,3,0,720,0,20,24.0,765,0.1375,0.15,36.0,30.0,0.8333333333333334,0.005731845176493066
7972,Graduation,Single,72906.0,0,0,2013-09-17,79,400,32,519,71,75,54,1,3,4,9,1,0,0,0,0,0,0,0,16,0,59,55-64,0,1,1,0,1097,0,16,12.591780821917808,383,0.049225159525979945,0.0625,68.5625,87.12032201914708,1.2706701479547433,0.014339613532902161
895,PhD,Married,61467.0,0,2,2012-12-09,69,410,16,114,0,5,49,3,5,2,10,5,0,0,0,0,0,0,0,22,0,66,65-74,2,2,4,0,545,0,17,21.863013698630137,665,0.08990825688073395,0.17647058823529413,32.05882352941177,24.92794486215539,0.7775689223057644,0.004866600588053178
1177,Master,Together,49618.0,1,1,2013-01-26,77,80,3,26,4,2,14,4,3,1,3,7,0,0,0,0,0,0,0,18,0,48,45-54,2,2,4,0,115,0,7,20.284931506849315,617,0.12173913043478261,0.5714285714285714,16.428571428571427,5.6692328471096705,0.3450837385197191,0.0013710910186891059
7141,Master,Single,21888.0,1,0,2012-12-29,15,88,10,46,2,3,64,4,5,1,2,10,0,0,0,0,0,0,1,18,0,28,25-34,1,1,2,0,149,0,8,21.205479452054792,645,0.42953020134228187,0.5,18.625,7.026485788113696,0.37726098191214474,0.0038522400154132105
8477,Graduation,Divorced,26150.0,2,1,2013-03-11,61,5,1,13,3,5,1,1,1,0,3,7,0,0,0,0,0,0,0,16,0,58,55-64,3,1,4,0,27,0,4,18.838356164383562,573,0.037037037037037035,0.25,6.75,1.4332460732984293,0.2123327515997673,0.0006577037430050154
2457,Basic,Married,30801.0,0,1,2012-10-26,23,8,4,5,15,2,11,2,1,0,3,7,0,0,0,0,0,0,0,12,0,39,35-44,1,2,3,0,34,0,4,23.30958904109589,709,0.3235294117647059,0.5,8.5,1.4586271744240715,0.17160319699106724,0.0005682778511440816
988,Graduation,Married,81168.0,0,0,2014-05-07,84,410,0,592,147,22,22,1,6,4,7,3,0,0,0,1,0,0,0,16,0,49,45-54,0,2,2,0,1171,1,17,4.964383561643835,151,0.018787361229718188,0.058823529411764705,68.88235294117646,235.88024282560707,3.42439293598234,0.03487289219775386
7930,Master,Single,26877.0,0,0,2013-08-19,74,101,13,76,20,18,40,2,3,1,6,6,0,0,0,0,0,0,0,18,0,45,45-54,0,1,1,0,228,0,10,13.545205479452054,412,0.17543859649122806,0.2,22.8,16.83252427184466,0.7382686084142395,0.00751535853190966
4587,Master,Widow,45006.0,0,0,2013-07-18,90,162,25,53,16,0,10,1,3,1,7,3,0,0,0,0,0,0,0,18,0,70,65-74,0,1,1,0,256,0,11,14.597260273972601,444,0.0390625,0.09090909090909091,23.272727272727273,17.53753753753754,0.7535660660660661,0.004676053202916288
6682,Basic,Married,18978.0,1,0,2012-12-11,41,2,8,1,4,7,15,1,1,0,3,8,0,0,0,0,0,0,0,12,0,41,35-44,1,2,3,0,22,0,4,21.7972602739726,663,0.6818181818181818,0.25,5.5,1.00930115635998,0.18350930115636,0.0006381923214416567
10299,PhD,Single,48240.0,0,0,2012-11-09,73,389,91,248,64,49,41,3,6,3,13,5,0,0,0,0,0,0,1,22,0,45,45-54,0,1,1,0,841,0,22,22.84931506849315,695,0.04875148632580262,0.13636363636363635,38.22727272727273,36.80635491606714,0.9628297362110312,0.009155809680613717
3083,Graduation,Married,45837.0,1,1,2013-07-26,88,215,13,87,17,17,24,5,6,2,5,7,0,0,0,0,0,0,0,16,0,40,35-44,2,2,4,0,349,0,13,14.334246575342465,436,0.06876790830945559,0.38461538461538464,26.846153846153847,24.347285932721714,0.9069189602446484,0.006374052210935719
8953,Master,Single,35791.0,2,1,2013-05-06,94,27,0,5,0,0,3,2,1,0,3,8,0,0,0,0,0,0,0,18,0,49,45-54,3,1,4,0,32,0,4,16.997260273972604,517,0.09375,0.5,8.0,1.882656350741457,0.23533204384268214,0.0006312166804195883
1503,PhD,Together,162397.0,1,1,2013-06-03,31,85,1,16,2,1,2,0,0,0,1,1,0,0,0,0,0,0,0,22,0,38,35-44,2,2,4,0,105,0,1,16.076712328767123,489,0.01904761904761905,0.0,105.0,6.53118609406953,0.062201772324471716,0.0004826088728784051
8650,Graduation,Widow,54162.0,1,1,2013-03-18,31,5,6,10,6,5,10,1,1,0,3,4,0,0,0,0,0,0,0,16,0,36,35-44,2,1,3,0,32,0,4,18.60821917808219,566,0.3125,0.25,8.0,1.7196702002355713,0.2149587750294464,0.0003810059156387662
10862,Master,Married,30522.0,0,1,2012-08-17,6,179,8,83,19,11,26,5,1,2,9,2,0,0,0,0,0,0,0,18,0,54,45-54,1,2,3,0,300,0,12,24.0,779,0.08666666666666667,0.4166666666666667,25.0,12.5,0.5,0.00491448791035974
2782,PhD,Married,54456.0,0,1,2013-07-11,23,352,0,27,10,0,15,3,6,1,7,6,0,0,0,0,0,0,0,22,0,53,45-54,1,2,3,0,389,0,14,14.827397260273973,451,0.038560411311053984,0.21428571428571427,27.785714285714285,26.23521803399852,0.9441980783444198,0.005781229183340353
6941,Graduation,Single,31632.0,0,0,2013-07-14,92,17,8,12,11,15,32,1,2,1,2,7,0,0,0,0,0,0,0,16,0,43,35-44,0,1,1,0,63,0,5,14.728767123287671,448,0.5079365079365079,0.2,12.6,4.27734375,0.3394717261904762,0.0016226645485584218
10972,Graduation,Widow,72298.0,0,0,2014-03-10,52,625,35,169,58,17,35,1,4,3,6,1,0,1,1,0,0,0,0,16,0,65,65-74,0,1,1,0,904,2,13,6.8712328767123285,209,0.03871681415929203,0.07692307692307693,69.53846153846153,131.56299840510368,1.891945773524721,0.021836786368381482
10708,2n Cycle,Single,36975.0,1,0,2013-12-28,50,10,6,11,0,4,2,1,1,0,3,7,0,0,0,0,0,0,0,18,0,36,35-44,1,1,2,0,31,0,4,9.23835616438356,281,0.06451612903225806,0.25,7.75,3.355575326215896,0.4329774614472124,0.0010890305318347736
6583,2n Cycle,Married,72635.0,0,0,2013-06-03,54,390,22,323,104,35,107,1,6,8,6,3,0,0,0,1,0,0,0,18,0,59,55-64,0,2,2,0,874,1,20,16.076712328767123,489,0.12242562929061784,0.05,43.7,54.36434901158828,1.2440354464894343,0.008981512881380316
3641,Graduation,Married,13624.0,1,0,2013-01-20,93,10,2,15,2,1,6,2,2,0,3,6,0,0,0,0,0,0,0,16,0,38,35-44,1,2,3,0,30,0,5,20.482191780821918,623,0.2,0.4,6.0,1.4646869983948636,0.24411449973247726,0.0012900942440354055
10156,Graduation,Single,84196.0,0,1,2013-06-03,56,215,63,507,231,31,190,1,8,4,7,3,0,0,0,0,0,0,0,16,0,39,35-44,1,1,2,0,1047,0,19,16.076712328767123,489,0.18147086914995225,0.05263157894736842,55.10526315789474,65.12525562372188,1.1818336741649627,0.009281950062766196
4299,Graduation,Together,70971.0,0,1,2012-09-21,28,1001,17,572,93,125,17,7,11,11,5,7,0,0,0,0,0,0,1,16,0,54,45-54,1,2,3,0,1808,0,27,24.0,744,0.009402654867256638,0.25925925925925924,66.96296296296296,75.33333333333333,1.125,0.012737597046681037
3469,PhD,Divorced,34487.0,1,1,2012-09-06,94,19,18,33,24,1,8,3,3,0,3,9,0,0,0,0,0,0,0,22,0,37,35-44,2,1,3,0,95,0,6,24.0,759,0.08421052631578947,0.5,15.833333333333334,3.9583333333333335,0.25,0.0013773305883376346
5063,Graduation,Single,28769.0,1,0,2012-12-18,76,41,5,129,10,3,3,3,4,1,4,9,0,0,0,0,0,0,0,16,0,37,35-44,1,1,2,0,188,0,9,21.567123287671233,656,0.015957446808510637,0.3333333333333333,20.88888888888889,8.716971544715447,0.4173018292682927,0.003635985211046104
10727,PhD,Married,69084.0,1,0,2013-11-19,43,1181,107,199,39,30,30,2,7,3,13,8,0,0,0,0,0,0,0,22,0,44,35-44,1,2,3,0,1556,0,23,10.520547945205479,320,0.019280205655526992,0.08695652173913043,67.65217391304348,147.90104166666669,2.186197916666667,0.025690644722366977
9624,PhD,Together,65488.0,0,0,2014-06-13,46,603,45,207,36,18,54,1,3,4,6,1,0,0,0,0,0,0,0,22,0,56,55-64,0,2,2,0,909,0,13,3.7479452054794518,114,0.0594059405940594,0.07692307692307693,69.92307692307692,242.53289473684214,3.4685672514619887,0.04444164941427599
4376,2n Cycle,Single,32218.0,0,0,2014-02-15,27,10,24,15,13,1,30,1,2,1,3,7,1,0,0,0,0,0,1,18,0,54,45-54,0,1,1,0,63,1,6,7.627397260273972,232,0.47619047619047616,0.16666666666666666,10.5,8.25969827586207,0.7866379310344828,0.0030764286830450315
8923,Graduation,Single,83917.0,0,0,2013-04-18,12,514,22,732,42,198,79,1,6,7,7,3,0,0,0,0,0,0,1,16,0,41,35-44,0,1,1,0,1508,0,20,17.589041095890412,535,0.05238726790450928,0.05,75.4,85.73520249221183,1.1370716510903427,0.01226000011805167
8461,Graduation,Divorced,46102.0,2,1,2014-03-10,3,14,0,1,0,0,1,1,1,0,2,7,0,0,0,0,0,0,0,16,0,52,45-54,3,1,4,0,15,0,3,6.8712328767123285,209,0.06666666666666667,0.3333333333333333,5.0,2.1830143540669855,0.43660287081339716,0.0005682220348098527
6945,Graduation,Single,84574.0,0,0,2013-06-04,72,387,20,713,38,54,163,1,9,11,11,5,0,0,0,0,0,0,0,16,0,62,55-64,0,1,1,0,1212,0,31,16.043835616438354,488,0.13448844884488448,0.03225806451612903,39.096774193548384,75.54303278688525,1.9322062841530057,0.010718617937458593
944,Graduation,Married,56181.0,0,1,2013-01-08,6,121,103,69,8,44,48,1,4,2,7,4,0,0,0,0,0,0,0,16,0,52,45-54,1,2,3,0,345,0,13,20.876712328767123,635,0.1391304347826087,0.07692307692307693,26.53846153846154,16.525590551181104,0.6227034120734908,0.0035297891923278908
1907,Master,Divorced,63120.0,0,1,2012-09-28,53,965,69,279,54,41,69,5,8,4,9,7,0,0,0,0,0,0,1,18,0,64,55-64,1,1,2,0,1408,0,21,24.0,737,0.049005681818181816,0.23809523809523808,67.04761904761905,58.666666666666664,0.875,0.011153358681875792
701,Graduation,Married,73691.0,0,1,2013-11-06,58,707,21,250,85,43,73,2,6,2,8,2,1,0,0,0,0,0,0,16,0,43,35-44,1,2,3,0,1106,1,16,10.947945205479451,333,0.06600361663652803,0.125,69.125,101.02352352352354,1.4614614614614616,0.016450886570711247
4149,PhD,Together,76140.0,0,0,2014-05-13,57,586,66,653,17,0,26,1,5,9,6,2,0,0,0,0,0,0,0,22,0,66,65-74,0,2,2,0,1322,0,20,4.767123287671232,145,0.019667170953101363,0.05,66.1,277.316091954023,4.195402298850575,0.04370623986667029
2131,PhD,Divorced,62859.0,0,1,2012-12-30,37,1063,89,102,16,12,25,4,9,4,6,6,0,0,0,0,0,0,0,22,0,55,55-64,1,1,2,0,1282,0,19,21.172602739726027,644,0.01950078003120125,0.21052631578947367,67.47368421052632,60.549948240165634,0.8973861283643892,0.0115591940514801
2942,Graduation,Single,45906.0,0,1,2013-05-07,20,305,3,27,4,3,144,2,5,4,4,5,1,0,0,0,0,0,0,16,0,50,45-54,1,1,2,0,342,1,13,16.964383561643835,516,0.42105263157894735,0.15384615384615385,26.307692307692307,20.15988372093023,0.766311369509044,0.005269868963777345
1173,Master,Together,77632.0,0,0,2013-03-10,73,1200,105,758,0,42,147,1,4,2,6,2,0,1,1,0,0,0,1,18,0,67,65-74,0,2,2,0,2105,2,12,18.871232876712327,574,0.06983372921615202,0.08333333333333333,175.41666666666666,111.54544134727062,0.6358885017421604,0.017242184874372006
4381,PhD,Married,46463.0,1,1,2013-08-18,56,163,2,40,8,11,11,7,3,1,6,6,0,0,0,0,0,0,0,22,0,43,35-44,2,2,4,0,224,0,10,13.57808219178082,413,0.049107142857142856,0.7,22.4,16.497175141242938,0.7364810330912026,0.00426072577523869
4611,Graduation,Together,105471.0,0,0,2013-01-21,36,1009,181,104,202,21,207,0,9,8,13,3,0,0,1,1,0,0,1,16,0,44,35-44,0,2,2,0,1517,2,30,20.44931506849315,622,0.13645352669742913,0.0,50.56666666666667,74.18341371918542,1.467041800643087,0.008440243902401846
3376,Master,Divorced,55282.0,1,0,2013-12-13,9,125,6,73,8,4,19,1,3,1,6,4,0,0,0,0,0,0,0,18,0,44,35-44,1,1,2,0,216,0,10,9.731506849315068,296,0.08796296296296297,0.1,21.6,22.195945945945947,1.0275900900900903,0.004818048394619431
4679,Master,Married,78710.0,0,1,2014-05-23,42,721,0,152,119,50,50,3,7,6,12,4,0,0,0,0,0,0,0,18,0,37,35-44,1,2,3,0,1042,0,25,4.438356164383562,135,0.04798464491362764,0.12,41.68,234.7716049382716,5.632716049382716,0.035792901273780445
10928,Graduation,Together,66886.0,0,1,2013-09-16,28,315,4,62,41,31,146,2,7,1,7,5,0,0,0,0,0,0,0,16,0,56,55-64,1,2,3,0,453,0,15,12.624657534246575,384,0.32229580573951433,0.13333333333333333,30.2,35.882161458333336,1.1881510416666667,0.0064376093278115006
4248,Master,Single,98777.0,0,0,2014-02-17,23,1000,19,711,125,115,38,0,4,6,9,1,0,1,0,0,0,0,0,18,0,54,45-54,0,1,1,0,1970,1,19,7.561643835616438,230,0.019289340101522844,0.0,103.6842105263158,260.52536231884056,2.51268115942029,0.03165012450090696
6728,Graduation,Together,29103.0,1,0,2012-08-27,38,16,0,17,6,3,6,2,1,0,3,9,0,0,0,0,0,0,0,16,0,29,25-34,1,2,3,0,42,0,4,24.0,769,0.14285714285714285,0.5,10.5,1.75,0.16666666666666666,0.0007215750953509947
6661,Graduation,Married,67445.0,0,1,2012-08-12,63,757,80,217,29,80,11,5,9,6,12,6,0,0,0,0,0,0,0,16,0,40,35-44,1,2,3,0,1163,0,27,24.0,784,0.009458297506448839,0.18518518518518517,43.074074074074076,48.458333333333336,1.125,0.008621840017792275
4725,PhD,Together,50616.0,0,1,2014-04-13,71,30,2,25,0,1,9,1,1,1,4,2,0,0,0,0,0,0,0,22,0,64,55-64,1,2,3,0,58,0,6,5.7534246575342465,175,0.15517241379310345,0.16666666666666666,9.666666666666666,10.08095238095238,1.042857142857143,0.002389983968931337
3277,Graduation,Divorced,49431.0,0,1,2012-08-03,9,219,3,100,26,0,17,2,7,1,5,8,0,0,0,0,0,0,0,16,0,59,55-64,1,1,2,0,348,0,13,24.0,793,0.04885057471264368,0.15384615384615385,26.76923076923077,14.5,0.5416666666666666,0.003520058263033319
2564,Graduation,Together,61278.0,0,1,2014-01-04,87,111,3,28,2,6,15,2,3,1,4,6,0,0,0,0,0,0,0,16,0,61,55-64,1,2,3,0,150,0,8,9.008219178082191,274,0.1,0.25,18.75,16.6514598540146,0.8880778588807786,0.0032608361605825126
3867,PhD,Together,73059.0,0,1,2013-08-31,36,410,112,420,0,82,71,1,9,3,13,4,0,0,0,0,0,0,0,22,0,67,65-74,1,2,3,0,1024,0,25,13.150684931506849,400,0.0693359375,0.04,40.96,77.86666666666667,1.9010416666666667,0.0127896631489618
6940,PhD,Single,46734.0,1,2,2013-10-21,86,100,1,39,6,1,76,4,3,2,3,6,1,0,0,0,0,0,0,22,0,48,45-54,3,1,4,0,147,1,8,11.473972602739726,349,0.5170068027210885,0.5,18.375,12.81160458452722,0.6972301814708691,0.0032896660892353883
55,Graduation,Together,56253.0,0,1,2012-12-07,83,509,0,65,7,11,5,4,7,2,9,6,0,0,0,0,0,0,0,16,0,51,45-54,1,2,3,0,592,0,18,21.92876712328767,667,0.008445945945945946,0.2222222222222222,32.888888888888886,26.99650174912544,0.8208395802098951,0.0057589465626634185
5084,Graduation,Widow,58330.0,0,1,2013-12-25,87,445,53,213,104,98,151,1,6,4,13,4,0,0,0,0,0,0,0,16,0,39,35-44,1,1,2,0,913,0,23,9.336986301369862,284,0.16538882803943045,0.043478260869565216,39.69565217391305,97.78315727699531,2.463321596244132,0.020116541870803084
1777,Basic,Married,25965.0,0,0,2012-09-07,29,2,2,11,41,7,11,1,2,0,3,8,0,0,0,0,0,0,0,12,0,34,25-34,0,2,2,0,63,0,5,24.0,758,0.1746031746031746,0.2,12.6,2.625,0.20833333333333334,0.0012131715771230502
8162,Master,Together,14661.0,0,0,2013-01-01,88,4,1,11,6,2,2,1,1,0,3,6,0,0,0,0,0,0,0,18,0,58,55-64,0,2,2,0,24,0,4,21.10684931506849,642,0.08333333333333333,0.25,6.0,1.1370716510903427,0.18951194184839046,0.0009306909360264724
10826,Graduation,Married,18690.0,0,0,2012-12-28,77,6,1,7,23,4,19,1,1,1,2,8,0,0,0,0,0,0,0,16,0,55,55-64,0,2,2,0,41,0,4,21.23835616438356,646,0.4634146341463415,0.25,10.25,1.93046955624355,0.18833849329205368,0.0012394668097871911
8754,PhD,Together,45068.0,0,1,2013-05-16,25,14,0,3,0,0,3,1,1,0,2,7,0,0,0,0,0,0,0,22,0,40,35-44,1,2,3,0,17,0,3,16.66849315068493,507,0.17647058823529413,0.3333333333333333,5.666666666666667,1.019888231426693,0.1799802761341223,0.0002715598379586473
1987,Basic,Single,21063.0,1,0,2013-09-25,34,1,10,11,19,3,15,2,2,0,3,6,0,0,0,0,0,0,0,12,0,27,25-34,1,1,2,0,44,0,5,12.32876712328767,375,0.3409090909090909,0.4,8.8,3.568888888888889,0.40555555555555556,0.002033265283514536
11007,PhD,Married,29187.0,1,0,2013-05-09,43,26,0,6,0,0,2,1,1,0,3,8,0,0,0,0,0,0,0,22,0,46,45-54,1,2,3,0,32,0,4,16.898630136986302,514,0.0625,0.25,8.0,1.8936446173800259,0.23670557717250323,0.0007785567344557615
7426,2n Cycle,Married,54690.0,1,1,2013-11-07,76,111,16,37,7,9,18,3,3,1,5,3,0,0,0,0,0,0,0,18,0,43,35-44,2,2,4,0,180,0,9,10.915068493150685,332,0.1,0.3333333333333333,20.0,16.490963855421686,0.8245481927710844,0.0036184232266421694
9153,PhD,Married,59304.0,0,1,2013-07-29,81,418,61,428,80,51,10,3,7,8,10,5,0,0,0,0,0,0,0,22,0,50,45-54,1,2,3,0,1038,0,25,14.235616438356164,433,0.009633911368015413,0.12,41.52,72.91570438799076,1.7561585835257891,0.014754290649128038
10379,Master,Single,59247.0,0,2,2013-11-08,87,327,9,122,19,14,83,5,5,2,9,6,0,0,0,0,0,0,0,18,0,52,45-54,2,1,3,0,491,0,16,10.882191780821918,331,0.1690427698574338,0.3125,30.6875,45.119587109768375,1.4702920443101712,0.00913860693903861
9204,Graduation,Widow,66731.0,0,1,2012-09-12,33,371,159,194,58,106,141,4,4,3,6,3,0,0,0,0,0,0,0,16,0,44,35-44,1,1,2,0,888,0,13,24.0,753,0.15878378378378377,0.3076923076923077,68.3076923076923,37.0,0.5416666666666666,0.00665357929597938
3197,Graduation,Married,77353.0,0,1,2013-12-16,38,275,59,107,69,101,59,2,6,4,8,4,0,0,0,0,0,0,0,16,0,34,25-34,1,2,3,0,611,0,18,9.632876712328766,293,0.09656301145662848,0.1111111111111111,33.94444444444444,63.42861205915814,1.8686006825938568,0.009839868456425708
6961,Graduation,Married,26751.0,2,0,2014-05-22,26,1,1,5,0,3,1,1,1,0,2,8,0,0,0,0,0,0,0,16,0,40,35-44,2,2,4,0,10,0,3,4.471232876712328,136,0.1,0.3333333333333333,3.3333333333333335,2.2365196078431375,0.6709558823529412,0.0010032610105834418
4673,PhD,Married,81300.0,0,1,2012-10-30,17,1004,12,145,32,12,36,3,10,3,5,5,0,0,0,1,0,0,1,22,0,51,45-54,1,2,3,0,1205,1,18,23.17808219178082,705,0.02987551867219917,0.16666666666666666,66.94444444444444,51.9887706855792,0.7765957446808511,0.007673619289384383
9937,Graduation,Single,70337.0,0,0,2014-01-02,75,187,81,149,25,43,91,1,2,2,12,1,0,0,0,0,0,0,0,16,0,35,35-44,0,1,1,0,485,0,16,9.073972602739726,276,0.18762886597938144,0.0625,30.3125,53.44957729468599,1.7632850241545894,0.009118883767238179
8779,2n Cycle,Married,36145.0,1,0,2013-06-16,13,56,4,76,17,1,18,4,4,1,3,9,1,0,0,0,0,0,1,18,0,29,25-34,1,2,3,0,154,1,8,15.64931506849315,476,0.11688311688311688,0.5,19.25,9.840686274509805,0.511204481792717,0.00326706972732377
9596,PhD,Single,65295.0,0,0,2013-12-23,19,365,32,117,34,110,6,1,3,3,13,2,0,0,0,0,0,0,0,22,0,34,25-34,0,1,1,0,658,0,19,9.402739726027397,286,0.00911854103343465,0.05263157894736842,34.63157894736842,69.97960372960374,2.0206876456876457,0.01286094256459522
2891,Graduation,Divorced,68118.0,0,1,2013-10-18,51,595,23,123,10,23,154,2,8,9,4,6,0,0,0,0,0,0,0,16,0,51,45-54,1,1,2,0,774,0,21,11.572602739726028,352,0.19896640826873385,0.09523809523809523,36.857142857142854,66.88210227272727,1.8146306818181817,0.011782278212406811
4910,Graduation,Divorced,68743.0,0,0,2012-08-30,81,1132,134,384,175,134,115,1,11,5,13,7,0,0,0,0,0,0,0,16,0,47,45-54,0,1,1,0,1959,0,29,24.0,766,0.058703420112302195,0.034482758620689655,67.55172413793103,81.625,1.2083333333333333,0.014248723506393378
75,2n Cycle,Together,41039.0,0,0,2013-07-25,32,34,11,137,179,61,45,1,8,1,5,8,0,0,0,0,0,0,0,18,0,32,25-34,0,2,2,0,422,0,14,14.367123287671232,437,0.1066350710900474,0.07142857142857142,30.142857142857142,29.37261632341724,0.9744469870327994,0.008588693581252149
10120,Graduation,Together,38946.0,0,1,2013-10-24,84,116,6,82,6,6,41,2,3,1,6,5,0,0,0,0,0,0,0,16,0,59,55-64,1,2,3,0,216,0,10,11.375342465753425,346,0.18981481481481483,0.2,21.6,18.98843930635838,0.8790944123314065,0.005850697675661186
6327,Graduation,Together,65777.0,0,0,2013-12-19,87,565,32,435,28,32,54,1,2,8,6,1,0,0,0,0,0,0,0,16,0,47,45-54,0,2,2,0,1092,0,16,9.534246575342465,290,0.04945054945054945,0.0625,68.25,114.5344827586207,1.67816091954023,0.020895051356909684
10142,PhD,Divorced,66476.0,0,1,2013-03-07,99,372,18,126,47,48,78,2,5,2,11,4,0,0,0,0,0,0,0,22,0,38,35-44,1,1,2,0,611,0,18,18.969863013698628,577,0.1276595744680851,0.1111111111111111,33.94444444444444,32.20898324667822,0.9488734835355287,0.00581424572718182
9826,PhD,Single,86857.0,0,0,2012-09-12,96,899,102,838,133,102,40,1,5,6,10,2,0,0,0,0,0,0,1,22,0,42,35-44,0,1,1,0,2074,0,21,24.0,753,0.019286403085824494,0.047619047619047616,98.76190476190476,86.41666666666667,0.875,0.011939164373625615
1501,PhD,Married,160803.0,0,0,2012-08-04,21,55,16,1622,17,3,4,15,0,28,1,0,0,0,0,0,0,0,0,22,0,32,25-34,0,2,2,0,1713,0,29,24.0,792,0.002335084646818447,0.5172413793103449,59.06896551724138,71.375,1.2083333333333333,0.0053263931643066365
10767,PhD,Together,77845.0,0,0,2014-05-16,40,760,40,480,0,40,26,1,3,5,12,1,0,0,1,1,0,0,0,22,0,25,25-34,0,2,2,0,1320,2,20,4.668493150684931,142,0.019696969696969695,0.05,66.0,282.7464788732395,4.284037558685447,0.04358607163567183
7279,PhD,Together,69476.0,0,0,2013-09-30,3,260,86,559,63,9,67,1,4,6,4,2,0,0,0,0,0,0,0,22,0,45,45-54,0,2,2,0,977,0,14,12.164383561643834,370,0.06857727737973388,0.07142857142857142,69.78571428571429,80.31644144144146,1.150900900900901,0.013872377472757462
143,Graduation,Single,61209.0,0,0,2013-08-25,73,466,0,224,119,49,99,1,5,3,4,2,0,0,0,0,0,0,0,16,0,44,35-44,0,1,1,0,858,0,12,13.347945205479451,406,0.11538461538461539,0.08333333333333333,71.5,64.2795566502463,0.8990147783251232,0.012601981404743676
450,Master,Together,42315.0,0,1,2013-07-12,90,67,15,80,17,11,80,3,1,4,4,3,0,0,0,0,0,0,0,18,0,56,55-64,1,2,3,0,190,0,9,14.794520547945204,450,0.42105263157894735,0.3333333333333333,21.11111111111111,12.842592592592593,0.6083333333333334,0.0036419971903842874
9316,Basic,Together,13084.0,0,0,2013-11-02,29,2,0,7,3,7,10,1,1,0,3,6,0,0,0,0,0,0,0,12,0,62,55-64,0,2,2,0,19,0,4,11.07945205479452,337,0.5263157894736842,0.25,4.75,1.7148862512363996,0.361028684470821,0.001572809157355304
6379,Master,Widow,47570.0,1,1,2013-05-29,3,67,1,20,0,2,31,3,2,2,2,7,0,0,0,0,0,0,1,18,0,65,65-74,2,1,3,0,90,0,6,16.241095890410957,494,0.34444444444444444,0.5,15.0,5.541497975708503,0.3694331983805668,0.0013978973241223888
9239,Master,Married,61923.0,0,2,2013-07-26,94,92,4,18,3,3,6,1,2,1,4,3,0,0,0,0,0,0,0,18,0,53,45-54,2,2,4,0,120,0,7,14.334246575342465,436,0.05,0.14285714285714285,17.142857142857142,8.371559633027523,0.4883409785932722,0.0016223166771043114
8315,Graduation,Single,34824.0,0,0,2014-03-26,65,4,2,11,2,0,4,1,1,0,2,6,0,0,0,0,0,0,0,16,0,19,18-24,0,1,1,0,19,0,3,6.345205479452055,193,0.21052631578947367,0.3333333333333333,6.333333333333333,2.994386873920553,0.4727979274611399,0.0010318355871538776
2868,PhD,Single,26518.0,1,1,2013-04-08,33,20,1,28,3,3,2,3,2,0,3,8,0,0,0,0,0,0,1,22,0,65,65-74,2,1,3,0,55,0,5,17.91780821917808,545,0.03636363636363636,0.6,11.0,3.069571865443425,0.2790519877675841,0.0013890513004495475
10888,Graduation,Single,45938.0,0,0,2013-11-03,46,273,11,178,62,83,29,2,8,4,6,6,0,0,0,0,0,0,0,16,0,53,45-54,0,1,1,0,607,0,18,11.046575342465752,336,0.047775947281713346,0.1111111111111111,33.72222222222222,54.949156746031754,1.6294642857142858,0.014353909202672757
1277,Graduation,Together,78468.0,0,0,2014-04-09,29,434,22,388,104,22,34,1,10,7,10,4,0,0,0,1,0,0,0,16,0,54,45-54,0,2,2,0,970,1,27,5.884931506849314,179,0.03505154639175258,0.037037037037037035,35.925925925925924,164.82774674115458,4.587988826815643,0.025206873641406113
9977,Graduation,Divorced,78901.0,0,1,2013-09-17,99,321,11,309,33,26,34,3,9,3,5,4,0,0,0,0,0,0,0,16,0,41,35-44,1,1,2,0,700,0,17,12.591780821917808,383,0.04857142857142857,0.17647058823529413,41.1764705882353,55.59181897302002,1.3500870322019147,0.008454922341621022
10196,Graduation,Married,71427.0,2,0,2014-03-12,26,212,123,177,15,64,23,2,8,2,8,4,0,0,0,0,0,0,0,16,0,36,35-44,2,2,4,0,591,0,18,6.8054794520547945,207,0.038917089678511,0.1111111111111111,32.833333333333336,86.84178743961353,2.6449275362318843,0.014589741264162884
6384,Graduation,Divorced,71022.0,0,1,2014-02-11,30,909,12,278,0,12,242,3,5,2,11,8,1,0,0,0,0,0,0,16,0,36,35-44,1,1,2,0,1211,1,18,7.758904109589041,236,0.19983484723369116,0.16666666666666666,67.27777777777777,156.0787429378531,2.319915254237288,0.02637133444924442
8029,Master,Single,90247.0,0,0,2014-04-29,27,1184,32,352,21,16,16,1,3,4,7,1,0,1,1,1,0,0,1,18,0,26,25-34,0,1,1,0,1605,3,14,5.227397260273972,159,0.009968847352024923,0.07142857142857142,114.64285714285714,307.0361635220126,2.678197064989518,0.040826110145092374
968,Master,Divorced,41335.0,1,0,2013-12-26,24,112,19,21,16,14,5,3,4,1,4,7,0,0,0,0,0,0,0,18,0,46,45-54,1,1,2,0,182,0,9,9.304109589041095,283,0.027472527472527472,0.3333333333333333,20.22222222222222,19.561248527679624,0.9673144876325089,0.005678843167585714
4472,PhD,Divorced,35682.0,1,0,2014-06-27,34,23,0,8,6,2,18,1,1,1,3,2,0,0,0,0,0,0,0,22,0,44,35-44,1,1,2,0,39,0,5,3.287671232876712,100,0.46153846153846156,0.2,7.8,11.8625,1.5208333333333335,0.00398940642340676
6991,Graduation,Divorced,43185.0,0,1,2013-04-10,88,537,6,42,16,6,30,2,9,3,6,8,0,0,0,0,0,0,0,16,0,63,55-64,1,1,2,0,607,0,18,17.852054794520548,543,0.04942339373970346,0.1111111111111111,33.72222222222222,34.00168815224064,1.0082872928176796,0.00944819399853856
3336,PhD,Together,66375.0,0,1,2013-11-21,96,712,0,45,0,0,191,3,2,4,5,7,1,0,0,0,0,0,0,22,0,66,65-74,1,2,3,0,757,1,11,10.454794520547944,318,0.2523117569352708,0.2727272727272727,68.81818181818181,72.40697064989519,1.0521488469601679,0.01309052576721269
1940,Graduation,Married,25252.0,1,0,2013-07-12,26,1,3,4,2,2,6,1,1,0,2,8,0,0,0,0,0,0,0,16,0,28,25-34,1,2,3,0,12,0,3,14.794520547945204,450,0.5,0.3333333333333333,4.0,0.8111111111111112,0.2027777777777778,0.00038544801731876024
1272,Master,Single,55250.0,0,1,2012-10-21,49,664,58,83,32,0,66,4,7,5,10,5,0,0,0,0,0,0,0,18,0,49,45-54,1,1,2,0,837,0,22,23.473972602739725,714,0.07885304659498207,0.18181818181818182,38.04545454545455,35.65651260504202,0.9372082166199813,0.007744400927791931
1388,Graduation,Single,33249.0,1,0,2013-02-20,11,6,10,21,19,14,42,2,2,1,3,6,0,0,0,0,0,0,0,16,0,39,35-44,1,1,2,0,70,0,6,19.463013698630135,592,0.6,0.3333333333333333,11.666666666666666,3.5965653153153156,0.30827702702702703,0.0012980475738754184
1044,Graduation,Together,58398.0,0,0,2013-05-14,44,299,5,201,21,21,49,3,5,4,8,4,0,0,0,0,0,0,0,16,0,61,55-64,0,2,2,0,547,0,17,16.734246575342464,509,0.08957952468007313,0.17647058823529413,32.1764705882353,32.68745907007204,1.0158808120497709,0.0067168312072479275
6969,Graduation,Together,50272.0,1,0,2013-08-07,75,99,13,66,43,8,4,3,4,1,5,7,0,0,0,0,0,0,0,16,0,32,25-34,1,2,3,0,229,0,10,13.93972602739726,424,0.017467248908296942,0.3,22.9,16.427869496855347,0.717374213836478,0.003921356499885904
10479,PhD,Married,76618.0,0,0,2012-12-07,64,749,40,294,121,160,147,1,3,2,5,1,0,0,0,0,0,0,0,22,0,39,35-44,0,2,2,0,1364,0,10,21.92876712328767,667,0.10777126099706745,0.1,136.4,62.20139930034983,0.4560219890054973,0.009742055282103396
3619,2n Cycle,Divorced,87305.0,0,0,2012-09-23,19,345,25,501,63,138,80,1,5,3,8,2,0,0,1,0,0,0,1,18,0,54,45-54,0,1,1,0,1072,1,16,24.0,742,0.07462686567164178,0.0625,67.0,44.666666666666664,0.6666666666666666,0.006139396369051028
1715,Graduation,Together,25851.0,1,0,2013-02-11,45,9,4,18,7,5,5,2,2,0,3,7,0,0,0,0,0,0,0,16,0,36,35-44,1,2,3,0,43,0,5,19.75890410958904,601,0.11627906976744186,0.4,8.6,2.1762340543538548,0.25305047143649473,0.001010204968946898
10159,Graduation,Divorced,58710.0,0,1,2013-03-31,77,440,81,368,0,122,174,6,11,5,9,6,0,0,0,0,0,0,0,16,0,44,35-44,1,1,2,0,1011,0,25,18.180821917808217,553,0.17210682492581603,0.24,40.44,55.608047016274874,1.3750753465943342,0.011365977928722508
1463,Graduation,Single,45160.0,1,1,2014-03-29,9,8,2,5,3,0,3,1,1,0,2,7,0,0,0,0,0,0,0,16,0,56,55-64,2,1,3,0,18,0,3,6.2465753424657535,190,0.16666666666666666,0.3333333333333333,6.0,2.881578947368421,0.48026315789473684,0.0007656985688312898
5114,Master,Married,74806.0,0,1,2012-12-19,1,670,9,249,0,28,9,2,5,4,5,4,0,0,0,0,0,0,0,18,0,49,45-54,1,2,3,0,956,0,14,21.534246575342465,655,0.009414225941422594,0.14285714285714285,68.28571428571429,44.394402035623415,0.6501272264631044,0.007121525337907133
4990,Graduation,Married,59111.0,0,0,2013-05-02,90,524,0,134,28,28,155,1,11,1,8,7,0,0,0,0,0,0,0,16,0,60,55-64,0,2,2,0,714,0,20,17.12876712328767,521,0.21708683473389356,0.05,35.7,41.684261036468335,1.1676263595649394,0.008462234312355061
4329,PhD,Married,18988.0,1,0,2014-05-23,43,6,0,6,2,1,1,2,1,0,3,7,0,0,0,0,0,0,0,22,0,30,25-34,1,2,3,0,15,0,4,4.438356164383562,135,0.06666666666666667,0.5,3.75,3.3796296296296298,0.9012345679012346,0.0021358518830606465
10936,Graduation,Married,72190.0,0,0,2013-02-13,79,597,166,597,172,166,249,1,5,6,4,3,0,0,0,0,0,0,0,16,0,49,45-54,0,2,2,0,1698,0,15,19.693150684931506,599,0.14664310954063603,0.06666666666666667,113.2,86.2228714524207,0.7616861435726211,0.014332656287976846
4692,Graduation,Married,7500.0,1,0,2012-08-01,19,7,0,12,13,7,32,5,4,1,2,9,1,0,0,0,0,0,1,16,0,38,35-44,1,2,3,0,39,1,7,24.0,795,0.8205128205128205,0.7142857142857143,5.571428571428571,1.625,0.2916666666666667,0.0026
6086,Graduation,Married,80395.0,0,0,2013-11-23,62,445,25,706,80,76,48,1,6,5,12,2,0,0,0,1,0,0,0,16,0,59,55-64,0,2,2,0,1332,1,23,10.389041095890411,316,0.036036036036036036,0.043478260869565216,57.91304347826087,128.2120253164557,2.2138713080168775,0.01913731331298549
437,Master,Divorced,75012.0,0,0,2014-01-25,41,294,142,218,164,58,151,1,3,8,11,1,0,0,0,0,0,0,0,18,0,38,35-44,0,1,1,0,876,0,22,8.317808219178081,253,0.1723744292237443,0.045454545454545456,39.81818181818182,105.31620553359684,2.6449275362318843,0.016847897221820004
11171,Master,Married,56962.0,2,1,2013-10-11,60,292,3,77,10,3,26,7,6,3,5,7,0,0,0,0,0,0,0,18,0,49,45-54,3,2,5,0,385,0,14,11.802739726027397,359,0.06753246753246753,0.5,27.5,32.619545032497676,1.1861652739090065,0.0068718538743367885
11101,Graduation,Together,89891.0,0,0,2013-04-15,17,412,22,132,59,28,183,1,11,6,8,4,0,0,1,0,0,0,0,16,0,23,18-24,0,2,2,0,653,1,25,17.687671232876713,538,0.28024502297090353,0.04,26.12,36.91837050805452,1.4134138785625774,0.004928418263192692
5329,PhD,Divorced,35946.0,1,1,2013-09-27,24,8,0,3,0,0,0,1,0,0,3,5,0,0,0,0,0,0,0,22,0,65,65-74,2,1,3,0,11,0,3,12.263013698630136,373,0.0,0.3333333333333333,3.6666666666666665,0.8970062555853441,0.24463806970509386,0.00029945126208824705
610,PhD,Together,53593.0,1,1,2012-08-07,60,349,4,78,6,0,43,8,7,2,6,8,0,0,0,0,0,0,0,22,0,61,55-64,2,2,4,0,437,0,15,24.0,789,0.09839816933638444,0.5333333333333333,29.133333333333333,18.208333333333332,0.625,0.004077024984606199
5956,PhD,Divorced,45072.0,1,2,2013-10-16,74,144,2,99,7,2,30,5,6,1,4,8,0,0,0,0,0,0,0,22,0,66,65-74,3,1,4,0,254,0,11,11.638356164383561,354,0.11811023622047244,0.45454545454545453,23.09090909090909,21.824387947269305,0.94515065913371,0.00581053992206318
10430,Graduation,Divorced,89694.0,1,1,2013-10-09,22,1126,28,211,37,28,42,3,4,3,4,5,0,1,1,1,0,0,0,16,0,41,35-44,2,1,3,0,1430,3,11,11.86849315068493,361,0.02937062937062937,0.2727272727272727,130.0,120.48707294552172,0.9268236380424747,0.016119750210117294
7875,Graduation,Married,72025.0,0,0,2014-04-29,46,967,0,617,43,50,0,1,4,8,13,2,0,1,1,1,0,0,1,16,0,65,65-74,0,2,2,0,1677,3,25,5.227397260273972,159,0.0,0.04,67.08,320.809748427673,4.782494758909854,0.05344973246972685
7072,Graduation,Married,67432.0,0,1,2013-03-29,69,432,79,341,177,136,170,2,8,5,4,4,0,0,0,0,0,0,0,16,0,41,35-44,1,2,3,0,1165,0,17,18.246575342465754,555,0.1459227467811159,0.11764705882352941,68.52941176470588,63.8475975975976,0.9316816816816816,0.01136213031159051
6255,Master,Together,70545.0,0,1,2014-06-03,29,138,39,63,55,18,21,1,4,1,7,2,0,0,0,0,0,0,0,18,0,62,55-64,1,2,3,0,313,0,12,4.076712328767123,124,0.0670926517571885,0.08333333333333333,26.083333333333332,76.77755376344086,2.943548387096774,0.013060183502180031
6516,Basic,Married,17487.0,1,0,2013-03-18,37,0,0,1,7,4,6,1,1,0,2,7,0,0,0,0,0,0,0,12,0,25,25-34,1,2,3,0,12,0,3,18.60821917808219,566,0.5,0.3333333333333333,4.0,0.6448763250883393,0.1612190812720848,0.00044252964493967354
5564,Graduation,Together,62882.0,0,1,2012-08-09,26,509,133,497,78,24,97,2,7,5,6,4,0,0,0,0,0,0,0,16,0,45,45-54,1,2,3,0,1241,0,18,24.0,787,0.0781627719580983,0.1111111111111111,68.94444444444444,51.708333333333336,0.75,0.009867688686746605
5682,PhD,Single,64108.0,0,1,2013-03-23,8,948,10,86,13,21,21,4,6,9,11,5,0,0,0,0,0,0,0,22,0,61,55-64,1,1,2,0,1078,0,26,18.443835616438356,561,0.01948051948051948,0.15384615384615385,41.46153846153846,58.447712418300654,1.4096850861556744,0.010940484011661694
7458,Master,Together,34941.0,1,1,2013-03-06,26,39,2,25,4,3,24,2,3,0,3,8,0,0,0,0,0,0,0,18,0,58,55-64,2,2,4,0,73,0,6,19.002739726027396,578,0.3287671232876712,0.3333333333333333,12.166666666666666,3.8415513264129184,0.3157439446366782,0.0013193273208252489
5237,PhD,Single,48767.0,1,2,2014-01-01,79,28,1,21,3,0,10,3,2,1,3,5,0,0,0,0,0,0,0,22,0,64,55-64,3,1,4,0,53,0,6,9.106849315068493,277,0.18867924528301888,0.5,8.833333333333334,5.81979542719615,0.6588447653429603,0.0014320656412400558
7761,2n Cycle,Together,38702.0,1,0,2013-08-01,71,13,11,24,13,8,40,2,3,0,4,6,0,0,0,0,0,0,0,18,0,36,35-44,1,2,3,0,69,0,7,14.136986301369863,430,0.5797101449275363,0.2857142857142857,9.857142857142858,4.8808139534883725,0.4951550387596899,0.0015133524738220369
5278,Graduation,Married,82224.0,0,0,2014-01-25,83,307,26,360,138,31,40,1,6,9,5,3,0,0,0,1,0,0,0,16,0,50,45-54,0,2,2,0,862,1,20,8.317808219178081,253,0.04640371229698376,0.05,43.1,103.63306982872201,2.404479578392622,0.015124499391232052
3560,Graduation,Together,83844.0,0,0,2013-05-12,57,901,31,345,75,31,191,1,4,4,11,1,0,0,1,0,0,0,0,16,0,62,55-64,0,2,2,0,1383,1,19,16.8,511,0.1381055676066522,0.05263157894736842,72.78947368421052,82.32142857142857,1.130952380952381,0.011782085096812448
7235,2n Cycle,Married,17003.0,1,0,2013-12-09,37,2,5,12,4,8,7,3,2,0,4,5,0,0,0,0,0,0,0,18,0,39,35-44,1,2,3,0,31,0,6,9.863013698630137,300,0.22580645161290322,0.5,5.166666666666667,3.1430555555555553,0.6083333333333333,0.0022182359975690563
10548,Graduation,Single,71163.0,0,0,2014-03-09,30,283,17,372,138,106,44,1,3,8,12,1,0,0,0,0,0,0,0,16,0,19,18-24,0,1,1,0,916,0,23,6.904109589041096,210,0.048034934497816595,0.043478260869565216,39.82608695652174,132.67460317460316,3.3313492063492065,0.022372514341655606
2281,Graduation,Single,33697.0,1,0,2013-09-15,34,4,3,7,0,3,11,1,1,0,2,7,1,0,0,0,0,0,0,16,0,44,35-44,1,1,2,0,17,1,3,12.657534246575342,385,0.6470588235294118,0.3333333333333333,5.666666666666667,1.343073593073593,0.23701298701298704,0.0004782883674179635
4073,2n Cycle,Married,63564.0,0,0,2014-01-29,0,769,80,252,15,34,65,1,10,10,7,6,1,0,0,0,0,0,1,18,0,60,55-64,0,2,2,0,1150,1,27,8.186301369863013,249,0.05652173913043478,0.037037037037037035,42.592592592592595,140.47858099062918,3.2981927710843375,0.02652040418928246
6974,PhD,Together,83443.0,0,0,2013-12-31,89,518,42,742,55,56,84,1,6,10,5,2,0,0,0,0,0,0,0,22,0,42,35-44,0,2,2,0,1413,0,21,9.13972602739726,278,0.059447983014861996,0.047619047619047616,67.28571428571429,154.5998201438849,2.2976618705035974,0.022233115320957047
7938,PhD,Together,51518.0,0,1,2013-10-03,92,350,8,66,17,4,4,2,3,2,10,3,0,0,0,0,0,0,0,22,0,56,55-64,1,2,3,0,445,0,15,12.065753424657533,367,0.008988764044943821,0.13333333333333333,29.666666666666668,36.88124432334242,1.2431880108991826,0.008590685428007862
3667,Graduation,Married,80952.0,0,0,2013-02-28,20,778,178,689,41,27,44,1,8,5,11,8,0,1,1,1,0,0,1,16,0,45,45-54,0,2,2,0,1713,3,24,19.2,584,0.02568593111500292,0.041666666666666664,71.375,89.21875,1.25,0.013225429884375927
7723,Graduation,Together,75507.0,0,0,2014-05-02,56,709,93,374,104,80,80,1,8,6,6,3,0,0,0,0,0,0,0,16,0,35,35-44,0,2,2,0,1360,0,20,5.128767123287671,156,0.058823529411764705,0.05,68.0,265.1709401709402,3.89957264957265,0.042142467348077424
3870,2n Cycle,Together,63855.0,0,0,2013-02-09,28,359,35,314,93,116,89,1,7,3,13,4,0,0,0,0,0,0,0,18,0,36,35-44,0,2,2,0,917,0,23,19.824657534246576,603,0.0970556161395856,0.043478260869565216,39.869565217391305,46.25552791597568,1.160171365395246,0.008692605668964187
4012,PhD,Together,62220.0,0,1,2012-08-11,55,799,12,375,16,12,12,5,7,6,5,6,0,0,0,0,0,0,1,22,0,42,35-44,1,2,3,0,1214,0,18,24.0,785,0.009884678747940691,0.2777777777777778,67.44444444444444,50.583333333333336,0.75,0.00975570556091289
5909,Graduation,Married,58512.0,0,1,2013-09-19,25,895,10,101,13,0,152,5,3,4,8,8,0,0,0,0,0,0,0,16,0,50,45-54,1,2,3,0,1019,0,15,12.526027397260274,381,0.1491658488714426,0.3333333333333333,67.93333333333334,81.35061242344707,1.19750656167979,0.016683882777573232
10470,Master,Married,40662.0,1,0,2013-03-15,0,40,2,23,0,4,23,2,2,1,3,4,0,0,0,0,0,0,0,18,0,35,35-44,1,2,3,0,69,0,6,18.706849315068492,569,0.3333333333333333,0.3333333333333333,11.5,3.6884885764499122,0.32073813708260107,0.001088531378618832
6488,PhD,Married,38829.0,0,1,2014-04-06,86,76,0,7,0,0,16,1,3,2,2,5,0,0,0,0,0,0,0,22,0,55,55-64,1,2,3,0,83,0,7,5.983561643835616,182,0.1927710843373494,0.14285714285714285,11.857142857142858,13.871336996336998,1.169871794871795,0.004286900099308351
10270,2n Cycle,Married,35523.0,1,0,2013-10-03,8,11,5,22,12,5,11,2,3,0,3,7,0,0,0,0,0,0,0,18,0,33,25-34,1,2,3,0,55,0,6,12.065753424657533,367,0.2,0.3333333333333333,9.166666666666666,4.55835603996367,0.4972752043596731,0.0015398550933075482
6887,Graduation,Single,79146.0,1,1,2014-04-24,33,245,16,223,21,43,16,2,8,1,8,6,0,0,0,0,0,0,0,16,0,47,45-54,2,1,3,0,548,0,17,5.391780821917808,164,0.029197080291970802,0.11764705882352941,32.23529411764706,101.63617886178862,3.1529471544715446,0.015409927808625368
6406,Master,Married,78285.0,0,0,2013-10-28,13,647,107,391,175,67,40,1,6,4,10,3,0,0,0,0,0,0,0,18,0,26,25-34,0,2,2,0,1387,0,20,11.243835616438355,342,0.02883922134102379,0.05,69.35,123.3564814814815,1.7787524366471736,0.01890883027116022
7573,PhD,Single,31626.0,1,0,2013-05-10,12,39,1,9,2,1,34,1,2,1,2,7,1,0,0,0,0,0,1,22,0,36,35-44,1,1,2,0,52,1,5,16.865753424657534,513,0.6538461538461539,0.2,10.4,3.083170890188434,0.2964587394411956,0.0011698618441238603
4508,Graduation,Single,75127.0,0,0,2014-05-22,92,203,35,305,46,17,227,1,2,11,5,1,0,0,0,0,0,0,0,16,0,62,55-64,0,1,1,0,606,0,18,4.471232876712328,136,0.37458745874587457,0.05555555555555555,33.666666666666664,135.53308823529414,4.025735294117648,0.021648635761091616
221,Graduation,Married,48726.0,0,1,2013-04-27,90,138,3,38,4,0,59,3,3,2,4,6,0,0,0,0,0,0,0,16,0,59,55-64,1,2,3,0,183,0,9,17.293150684931508,526,0.3224043715846995,0.3333333333333333,20.333333333333332,10.58222433460076,0.5204372623574144,0.002606138242728915
5331,Graduation,Married,74985.0,0,0,2012-09-11,8,587,51,898,247,0,86,1,3,6,7,2,0,0,0,0,0,0,0,16,0,37,35-44,0,2,2,0,1783,0,16,24.0,754,0.04823331463825014,0.0625,111.4375,74.29166666666667,0.6666666666666666,0.01188904447556178
1911,Graduation,Together,67430.0,0,0,2012-09-05,6,595,97,291,127,133,121,1,11,5,12,6,0,0,0,0,0,0,0,16,0,27,25-34,0,2,2,0,1243,0,28,24.0,760,0.09734513274336283,0.03571428571428571,44.392857142857146,51.791666666666664,1.1666666666666667,0.009216965742251223
20,2n Cycle,Married,46891.0,0,1,2013-09-01,91,43,12,23,29,15,61,1,2,1,4,4,0,0,0,0,0,0,0,18,0,49,45-54,1,2,3,0,122,0,7,13.117808219178082,399,0.5,0.14285714285714285,17.428571428571427,9.30033416875522,0.533625730994152,0.0023800731488998455
8786,Master,Married,62058.0,0,1,2013-05-26,52,301,7,74,10,0,58,4,6,1,7,6,0,0,0,0,0,0,0,18,0,58,55-64,1,2,3,0,392,0,14,16.33972602739726,497,0.14795918367346939,0.2857142857142857,28.0,23.9906103286385,0.8568075117370892,0.004639004220949144
10582,Graduation,Married,72063.0,0,1,2013-07-03,3,180,32,348,76,32,90,2,5,2,12,2,0,0,0,0,0,0,0,16,0,35,35-44,1,2,3,0,668,0,19,15.090410958904108,459,0.1347305389221557,0.10526315789473684,35.1578947368421,44.26652142338417,1.2590777051561366,0.0073713036798441645
1915,PhD,Married,78939.0,0,0,2013-12-12,57,794,115,243,150,0,205,1,8,5,6,3,0,0,0,0,0,0,0,22,0,63,55-64,0,2,2,0,1302,0,19,9.764383561643836,297,0.15745007680491552,0.05263157894736842,68.52631578947368,133.34175084175084,1.9458473625140291,0.020270094757990475
8897,Graduation,Single,42720.0,1,1,2013-04-24,9,392,5,91,28,26,112,8,7,3,7,8,0,0,0,0,0,0,1,16,0,49,45-54,2,1,3,0,542,0,17,17.39178082191781,529,0.2066420664206642,0.47058823529411764,31.88235294117647,31.164146187775675,0.9774732199117832,0.008753973648251595
2371,Graduation,Married,33622.0,1,1,2013-04-13,22,39,1,22,3,4,12,3,2,0,4,7,0,0,0,0,0,0,0,16,0,42,35-44,2,2,4,0,69,0,6,17.753424657534246,540,0.17391304347826086,0.5,11.5,3.886574074074074,0.33796296296296297,0.001387153913773389
4303,PhD,Together,6835.0,0,1,2012-12-08,76,107,2,12,2,2,12,0,0,0,1,20,0,0,0,0,0,0,0,22,0,57,55-64,1,2,3,0,125,0,1,21.895890410958902,666,0.096,0.0,125.0,5.708833833833834,0.045670670670670675,0.010022824580249598
6825,Graduation,Together,41452.0,1,1,2013-03-06,86,13,0,3,0,0,0,1,1,0,2,7,0,0,0,0,0,0,0,16,0,61,55-64,2,2,4,0,16,0,3,19.002739726027396,578,0.0,0.3333333333333333,5.333333333333333,0.8419838523644753,0.1578719723183391,0.00024374713471904137
1072,PhD,Single,40760.0,0,1,2013-08-30,64,70,0,17,0,0,6,2,2,1,3,6,0,0,0,0,0,0,0,22,0,49,45-54,1,1,2,0,87,0,6,13.183561643835615,401,0.06896551724137931,0.3333333333333333,14.5,6.599127182044889,0.4551122194513716,0.001942824489316454
4964,PhD,Together,74250.0,0,0,2014-01-26,90,680,11,392,75,0,0,1,2,11,4,1,0,0,0,0,0,0,0,22,0,56,55-64,0,2,2,0,1158,0,17,8.284931506849315,252,0.0,0.058823529411764705,68.11764705882354,139.7718253968254,2.0519179894179893,0.022589385922719255
2461,Master,Single,51124.0,1,1,2013-12-18,79,26,1,11,0,1,4,2,1,0,3,3,0,0,0,0,0,0,0,18,0,59,55-64,2,1,3,0,39,0,4,9.567123287671233,291,0.10256410256410256,0.5,9.75,4.076460481099656,0.41809851088201605,0.0009568407357248235
10736,Graduation,Single,72258.0,0,1,2013-09-12,28,522,0,522,227,120,134,2,6,9,5,2,0,0,0,0,0,0,0,16,0,43,35-44,1,1,2,0,1391,0,20,12.756164383561643,388,0.09633357296908698,0.1,69.55,109.04531786941581,1.5678694158075603,0.018109327886642167
3194,PhD,Single,71466.0,0,0,2014-04-05,86,412,12,546,78,182,0,1,4,4,10,1,0,0,0,0,0,0,0,22,0,40,35-44,0,1,1,0,1230,0,18,6.016438356164383,183,0.0,0.05555555555555555,68.33333333333333,204.4398907103825,2.9918032786885247,0.03432791381250651
10839,Graduation,Together,36283.0,1,1,2014-04-14,42,6,5,5,8,0,5,2,1,0,3,4,0,0,0,0,0,0,0,16,0,38,35-44,2,2,4,0,24,0,4,5.720547945205479,174,0.20833333333333334,0.5,6.0,4.195402298850575,0.6992337164750958,0.0013875596721937794
49,Graduation,Single,20587.0,1,0,2014-05-11,39,2,3,6,4,1,9,1,1,1,2,7,0,0,0,0,0,0,0,16,0,44,35-44,1,1,2,0,16,0,4,4.832876712328767,147,0.5625,0.25,4.0,3.310657596371882,0.8276643990929705,0.0019297562129723896
4290,Graduation,Married,30467.0,1,0,2014-03-19,8,1,3,8,2,5,5,1,1,0,2,7,0,0,0,0,0,0,0,16,0,42,35-44,1,2,3,0,19,0,3,6.575342465753424,200,0.2631578947368421,0.3333333333333333,6.333333333333333,2.8895833333333334,0.45625000000000004,0.0011381166508025078
10219,Graduation,Together,31590.0,1,0,2013-06-18,40,6,2,15,6,6,3,1,1,0,3,8,0,0,0,0,0,0,0,16,0,42,35-44,1,2,3,0,35,0,4,15.583561643835615,474,0.08571428571428572,0.25,8.75,2.245956399437412,0.25668073136427566,0.0008531648240977824
4211,Basic,Married,20425.0,1,0,2012-10-29,5,4,12,5,3,16,17,2,2,0,3,7,0,0,0,0,0,0,0,12,0,28,25-34,1,2,3,0,40,0,5,23.21095890410959,706,0.425,0.4,8.0,1.7233238904627006,0.21541548630783758,0.0010124791522914277
1135,Master,Together,17144.0,1,1,2014-02-15,96,18,2,19,0,2,6,5,3,0,4,7,0,0,0,0,0,0,0,18,0,54,45-54,2,2,4,0,41,0,7,7.627397260273972,232,0.14634146341463414,0.7142857142857143,5.857142857142857,5.375359195402299,0.9177442528735632,0.0037625006034080486
6299,PhD,Divorced,42564.0,0,1,2013-01-02,28,324,48,186,39,18,198,6,6,8,4,7,1,0,0,0,0,0,1,22,0,46,45-54,1,1,2,0,615,1,18,21.073972602739726,641,0.32195121951219513,0.3333333333333333,34.166666666666664,29.182917316692667,0.8541341653666147,0.008227492900110704
10846,Master,Married,43783.0,1,0,2014-05-29,22,327,9,125,25,4,139,6,7,1,8,7,1,0,0,0,0,0,0,18,0,36,35-44,1,2,3,0,490,1,16,4.241095890410959,129,0.2836734693877551,0.375,30.625,115.53617571059432,3.772609819121447,0.031666037241101154
347,Graduation,Divorced,40780.0,0,1,2012-09-08,30,229,27,71,13,3,34,4,7,1,5,9,0,0,0,0,0,0,0,16,0,38,35-44,1,1,2,0,343,0,13,24.0,757,0.09912536443148688,0.3076923076923077,26.384615384615383,14.291666666666666,0.5416666666666666,0.004205492888670917
6543,Master,Together,62847.0,0,0,2013-01-15,45,521,168,706,80,76,61,1,3,6,4,2,0,0,0,0,0,0,0,18,0,69,65-74,0,2,2,0,1551,0,13,20.646575342465752,628,0.039329464861379754,0.07692307692307693,119.3076923076923,75.12141719745223,0.6296443736730362,0.014343676012688383
10446,PhD,Married,82017.0,0,0,2012-11-07,58,184,23,446,30,23,23,1,5,4,7,2,0,1,1,1,0,0,1,22,0,57,55-64,0,2,2,0,706,3,16,22.915068493150685,697,0.032577903682719546,0.0625,44.125,30.809421329507412,0.6982305117168819,0.004507761268445432
3479,Graduation,Single,16813.0,0,0,2013-07-19,49,4,8,11,12,2,13,1,2,0,3,7,1,0,0,0,0,0,0,16,0,64,55-64,0,1,1,0,37,1,5,14.564383561643835,443,0.35135135135135137,0.2,7.4,2.540443942814146,0.34330323551542513,0.001813199745064519
11075,Graduation,Married,51267.0,1,1,2013-10-29,37,183,2,64,7,2,12,4,3,3,5,4,0,0,0,0,0,0,0,16,0,36,35-44,2,2,4,0,258,0,11,11.210958904109589,341,0.046511627906976744,0.36363636363636365,23.454545454545453,23.01319648093842,0.9811827956989247,0.005386668963880489
4442,Graduation,Single,46524.0,0,1,2013-04-05,70,31,19,35,26,14,52,2,1,1,5,3,0,0,0,0,0,0,0,16,0,53,45-54,1,1,2,0,125,0,7,18.016438356164382,548,0.416,0.2857142857142857,17.857142857142858,6.938108272506083,0.3885340632603407,0.0017895559124338622
199,Master,Single,45183.0,0,0,2013-01-20,33,219,3,60,12,9,12,1,4,1,7,7,0,1,0,0,0,0,0,18,0,52,45-54,0,1,1,0,303,1,12,20.482191780821918,623,0.039603960396039604,0.08333333333333333,25.25,14.793338683788122,0.5858747993579454,0.0039289127372121695
6722,PhD,Married,70421.0,0,1,2014-06-28,98,479,28,136,75,14,35,3,10,3,7,6,0,0,0,0,0,0,0,22,0,60,55-64,1,2,3,0,732,0,20,3.254794520547945,99,0.04781420765027322,0.15,36.6,224.8989898989899,6.1447811447811445,0.038323623333776556
796,2n Cycle,Divorced,60161.0,0,1,2012-10-23,17,584,44,212,46,8,177,3,11,4,8,8,0,0,0,0,0,0,0,18,0,49,45-54,1,1,2,0,894,0,23,23.40821917808219,712,0.19798657718120805,0.13043478260869565,38.869565217391305,38.19171348314607,0.982560861423221,0.00761790132806557
3749,Graduation,Together,73926.0,0,0,2013-03-02,54,627,91,597,159,91,15,1,6,5,12,3,0,0,0,0,0,0,0,16,0,41,35-44,0,2,2,0,1565,0,23,19.134246575342466,582,0.009584664536741214,0.043478260869565216,68.04347826086956,81.79052119129439,1.202033218785796,0.013276604365115557
8523,Graduation,Married,19329.0,1,0,2013-12-14,39,24,1,16,12,2,5,3,4,0,3,8,0,0,0,0,0,0,0,16,0,46,45-54,1,2,3,0,55,0,7,9.698630136986301,295,0.09090909090909091,0.42857142857142855,7.857142857142857,5.67090395480226,0.7217514124293786,0.003520660533790011
310,Master,Married,61872.0,0,1,2013-12-13,81,330,5,159,36,27,16,4,4,4,9,4,0,0,0,0,0,0,0,18,0,44,35-44,1,2,3,0,557,0,17,9.731506849315068,296,0.02872531418312388,0.23529411764705882,32.76470588235294,57.236768018018026,1.7469031531531534,0.011101002330880145
8629,Graduation,Widow,46984.0,1,1,2013-03-26,71,19,1,10,2,1,8,1,1,0,3,5,0,0,0,0,0,0,0,16,0,58,55-64,2,1,3,0,33,0,4,18.345205479452055,558,0.24242424242424243,0.25,8.25,1.7988351254480286,0.2180406212664277,0.00045943345618458076
236,Graduation,Married,34838.0,1,1,2013-01-19,62,28,23,29,29,14,47,3,2,1,4,6,0,0,0,0,0,0,0,16,0,63,55-64,2,2,4,0,123,0,7,20.515068493150682,624,0.3821138211382114,0.42857142857142855,17.571428571428573,5.99559294871795,0.3412126068376069,0.002065190751036667
9930,PhD,Single,82716.0,0,0,2013-11-05,8,606,148,228,15,148,22,1,6,8,13,2,0,0,0,0,0,0,0,22,0,70,65-74,0,1,1,0,1145,0,27,10.98082191780822,334,0.01921397379912664,0.037037037037037035,42.407407407407405,104.27270459081836,2.4588323353293413,0.015127332742030809
3483,Graduation,Married,48192.0,0,0,2013-04-06,76,1039,43,204,153,58,29,3,2,8,12,8,0,1,0,1,1,0,1,16,0,56,55-64,0,2,2,0,1497,3,22,17.983561643835614,547,0.019372077488309953,0.13636363636363635,68.04545454545455,83.24268738574041,1.2233394271785498,0.020727760803222212
4599,Master,Married,49681.0,0,2,2013-11-04,66,411,0,26,0,0,21,6,7,1,7,7,0,0,0,0,0,0,0,18,0,38,35-44,2,2,4,0,437,0,15,11.013698630136986,335,0.04805491990846682,0.4,29.133333333333333,39.67786069651741,1.3619402985074627,0.009583831411569996
7326,Master,Married,56850.0,0,1,2014-03-23,83,34,1,19,2,7,0,1,1,1,3,2,0,0,0,0,0,0,0,18,0,43,35-44,1,2,3,0,63,0,5,6.443835616438356,196,0.0,0.2,12.6,9.776785714285714,0.7759353741496599,0.0020637014700339235
7352,Graduation,Married,55267.0,0,1,2013-10-21,28,161,28,136,32,3,45,4,3,4,6,3,0,0,0,0,0,0,0,16,0,57,55-64,1,2,3,0,360,0,13,11.473972602739726,349,0.125,0.3076923076923077,27.692307692307693,31.37535816618911,1.1329990448901623,0.006812461287825815
2350,Graduation,Married,59666.0,1,1,2013-03-22,87,623,53,178,23,17,133,7,3,2,8,8,0,1,0,0,0,0,0,16,0,42,35-44,2,2,4,0,894,1,13,18.47671232876712,562,0.1487695749440716,0.5384615384615384,68.76923076923077,48.385231316725985,0.7035883748517201,0.009731216702991851
9145,Graduation,Single,72504.0,0,1,2013-04-06,43,604,26,470,123,161,94,2,5,9,6,2,0,0,0,0,0,0,0,16,0,42,35-44,1,1,2,0,1384,0,20,17.983561643835614,547,0.06791907514450866,0.1,69.2,76.95917123705058,1.1121267519804998,0.012737366970713437
2964,Graduation,Married,26872.0,0,0,2013-10-16,0,3,10,8,3,16,32,1,1,1,2,6,0,0,0,0,0,0,0,16,0,33,25-34,0,2,2,0,40,0,4,11.638356164383561,354,0.8,0.25,10.0,3.4369114877589455,0.3436911487758946,0.0015347922690200709
5585,Graduation,Single,21359.0,1,0,2013-04-20,1,12,2,17,6,1,10,2,2,0,3,8,0,0,0,0,0,0,1,16,0,42,35-44,1,1,2,0,38,0,5,17.523287671232875,533,0.2631578947368421,0.4,7.6,2.1685428392745467,0.28533458411507195,0.0012183395323420833
9687,Graduation,Single,73170.0,0,0,2014-05-31,1,184,174,256,50,30,32,1,5,4,6,2,0,0,0,0,0,0,0,16,0,39,35-44,0,1,1,0,694,0,15,4.175342465753425,127,0.04610951008645533,0.06666666666666667,46.266666666666666,166.21391076115484,3.59251968503937,0.027259353958368978
3732,Master,Married,52750.0,0,1,2013-02-04,72,393,0,239,90,69,69,6,5,7,9,4,0,0,0,0,0,0,0,18,0,59,55-64,1,2,3,0,791,0,21,19.98904109589041,608,0.08723135271807839,0.2857142857142857,37.666666666666664,39.57168311403509,1.050575657894737,0.009002089049638314
6303,PhD,Together,91820.0,0,0,2013-11-23,72,410,73,747,76,161,30,0,5,5,12,1,0,0,0,0,0,0,0,22,0,28,25-34,0,2,2,0,1467,0,22,10.389041095890411,316,0.02044989775051125,0.0,66.68181818181819,141.20648734177215,2.117616033755274,0.018454343804195878
11176,PhD,Together,65968.0,0,1,2014-05-12,12,376,9,83,19,4,4,2,5,4,7,3,0,0,0,0,0,0,0,22,0,44,35-44,1,2,3,0,491,0,16,4.8,146,0.008146639511201629,0.125,30.6875,102.29166666666667,3.3333333333333335,0.01860750666990056
2986,Graduation,Married,30772.0,1,1,2014-03-12,89,7,2,4,2,1,4,1,1,0,2,6,0,0,0,0,0,0,0,16,0,38,35-44,2,2,4,0,16,0,3,6.8054794520547945,207,0.25,0.3333333333333333,5.333333333333333,2.3510466988727856,0.44082125603864736,0.000916825698247544
7462,Graduation,Single,22507.0,0,0,2012-11-24,67,68,0,226,51,157,68,3,10,2,4,9,0,0,0,0,0,0,0,16,0,60,55-64,0,1,1,0,502,0,16,22.356164383561644,680,0.13545816733067728,0.1875,31.375,22.454656862745097,0.7156862745098039,0.011972092342513048
3900,Graduation,Married,65685.0,0,1,2014-03-29,54,642,14,49,0,7,57,1,9,2,9,5,0,0,0,0,0,0,0,16,0,42,35-44,1,2,3,0,712,0,20,6.2465753424657535,190,0.0800561797752809,0.05,35.6,113.98245614035088,3.2017543859649122,0.020823467666654646
7034,2n Cycle,Married,25804.0,1,0,2013-09-01,34,8,7,9,13,6,12,2,2,0,3,8,0,0,0,0,0,0,0,18,0,36,35-44,1,2,3,0,43,0,5,13.117808219178082,399,0.27906976744186046,0.4,8.6,3.277986633249791,0.3811612364243943,0.0015244086032784642
9493,PhD,Single,76412.0,0,0,2013-05-05,15,840,53,804,23,71,17,1,5,4,8,3,0,0,1,1,0,0,1,22,0,34,25-34,0,1,1,0,1791,2,17,17.03013698630137,518,0.009491903964265773,0.058823529411764705,105.3529411764706,105.1665057915058,0.9982303732303733,0.016515705249150258
1143,Graduation,Married,22063.0,1,0,2013-08-08,43,7,10,13,3,11,11,2,2,0,3,7,0,0,0,0,0,0,0,16,0,42,35-44,1,2,3,0,44,0,5,13.906849315068493,423,0.25,0.4,8.8,3.163908589440504,0.3595350669818755,0.0017208404601951708
1,Graduation,Single,57091.0,0,0,2014-06-15,0,464,5,64,7,0,37,1,7,3,7,5,0,0,0,0,1,0,1,16,0,53,45-54,0,1,1,0,540,1,17,3.682191780821918,112,0.06851851851851852,0.058823529411764705,31.764705882352942,146.65178571428572,4.616815476190476,0.03082484855005918
5989,2n Cycle,Divorced,78353.0,0,1,2013-04-16,51,752,122,476,39,153,34,1,10,2,11,8,0,0,0,0,0,0,0,18,0,55,55-64,1,1,2,0,1542,0,23,17.654794520547945,537,0.02204928664072633,0.043478260869565216,67.04347826086956,87.3417132216015,1.30276225946617,0.01337664873915763
9499,Graduation,Married,93404.0,1,2,2013-05-07,97,1279,15,287,20,0,15,3,3,4,7,5,0,1,1,0,0,0,0,16,0,60,55-64,3,2,5,0,1601,2,14,16.964383561643835,516,0.009369144284821987,0.21428571428571427,114.35714285714286,94.37419250645995,0.8252583979328165,0.012124644662728784
6768,Graduation,Divorced,37859.0,1,2,2013-01-12,75,22,1,8,2,1,2,2,1,0,3,8,0,0,0,0,0,0,0,16,0,52,45-54,3,1,4,0,34,0,4,20.745205479452054,631,0.058823529411764705,0.5,8.5,1.6389329107237192,0.19281563655573167,0.0005194853252511854
2150,PhD,Widow,80995.0,0,1,2013-05-11,83,860,28,409,73,56,56,1,8,9,4,4,0,0,0,0,0,0,0,22,0,56,55-64,1,1,2,0,1426,0,21,16.832876712328765,512,0.03927068723702665,0.047619047619047616,67.9047619047619,84.71516927083334,1.2475585937500002,0.012551170211124145
6646,Graduation,Together,16529.0,1,0,2014-03-01,23,3,0,5,13,0,1,1,1,0,3,6,0,0,0,0,0,0,0,16,0,30,25-34,1,2,3,0,21,0,4,7.167123287671233,218,0.047619047619047616,0.25,5.25,2.930045871559633,0.5581039755351682,0.002127203730335507
4887,PhD,Divorced,55412.0,1,1,2013-11-22,65,10,5,28,11,1,8,1,2,0,3,5,0,0,0,0,0,0,0,22,0,38,35-44,2,1,3,0,55,0,5,10.421917808219177,317,0.14545454545454545,0.2,11.0,5.277339642481599,0.47975814931650895,0.0011428585091637043
8560,Graduation,Single,48789.0,0,0,2012-09-10,94,351,16,156,7,5,145,1,6,4,7,6,0,0,0,0,0,0,0,16,0,22,18-24,0,1,1,0,535,0,17,24.0,755,0.27102803738317754,0.058823529411764705,31.470588235294116,22.291666666666668,0.7083333333333334,0.005482793252577426
3321,PhD,Together,56575.0,0,2,2013-05-05,42,421,5,90,0,16,10,3,7,3,7,5,0,0,0,0,0,0,0,22,0,47,45-54,2,2,4,0,532,0,17,17.03013698630137,518,0.018796992481203006,0.17647058823529413,31.294117647058822,31.238738738738743,0.9982303732303733,0.006625980819529208
11003,2n Cycle,Together,25130.0,1,0,2013-10-02,10,2,5,7,0,18,18,2,2,0,3,7,0,0,0,0,0,0,0,18,0,34,25-34,1,2,3,0,32,0,5,12.098630136986301,368,0.5625,0.4,6.4,2.6449275362318843,0.4132699275362319,0.0012629976297167773
10402,Graduation,Married,35441.0,1,1,2013-02-14,94,25,1,9,2,1,1,2,1,0,3,8,0,0,0,0,0,0,0,16,0,47,45-54,2,2,4,0,38,0,4,19.660273972602738,598,0.02631578947368421,0.5,9.5,1.932831661092531,0.20345596432552956,0.0006544392069385845
9904,Graduation,Married,71391.0,0,1,2013-03-29,50,336,123,274,46,123,141,5,6,5,12,3,0,0,0,0,0,0,0,16,0,58,55-64,1,2,3,0,902,0,23,18.246575342465754,555,0.15631929046563192,0.21739130434782608,39.21739130434783,49.433933933933936,1.2605105105105106,0.008309271577750799
6141,Master,Single,49494.0,1,0,2013-04-25,46,191,9,97,0,6,82,2,6,1,5,7,0,0,0,0,0,0,0,18,0,42,35-44,1,1,2,0,303,0,12,17.35890410958904,528,0.2706270627062706,0.16666666666666666,25.25,17.45501893939394,0.6912878787878788,0.004232032716545991
5687,Graduation,Divorced,81702.0,0,0,2012-09-23,98,563,50,774,28,31,187,1,7,7,12,3,0,0,0,0,0,0,0,16,0,34,25-34,0,1,1,0,1446,0,26,24.0,742,0.12932226832641772,0.038461538461538464,55.61538461538461,60.25,1.0833333333333333,0.008849232576925901
10856,2n Cycle,Single,45889.0,0,1,2013-07-02,42,31,0,6,0,1,8,1,1,0,3,6,0,0,0,0,0,0,0,18,0,34,25-34,1,1,2,0,38,0,4,15.123287671232877,460,0.21052631578947367,0.25,9.5,2.51268115942029,0.2644927536231884,0.0006570675742126322
5121,Graduation,Single,56628.0,0,1,2014-03-21,30,479,5,82,7,17,171,2,7,6,5,5,1,0,0,0,0,0,0,16,0,37,35-44,1,1,2,0,590,1,18,6.50958904109589,198,0.28983050847457625,0.1111111111111111,32.77777777777778,90.63552188552188,2.765151515151515,0.019206510253342208
4186,Graduation,Together,34026.0,1,1,2013-08-05,11,18,6,15,12,8,17,3,2,1,3,5,0,0,0,0,0,0,0,16,0,64,55-64,2,2,4,0,59,0,6,14.005479452054795,426,0.288135593220339,0.5,9.833333333333334,4.212636932707356,0.4284037558685446,0.0014856769291861597
368,Graduation,Married,40049.0,0,1,2012-11-29,61,91,65,52,10,44,28,3,3,2,6,5,0,0,0,0,0,0,0,16,0,40,35-44,1,2,3,0,262,0,11,22.191780821917806,675,0.10687022900763359,0.2727272727272727,23.818181818181817,11.806172839506173,0.49567901234567907,0.0035375183918218704
3312,Graduation,Single,34176.0,1,0,2014-05-12,12,5,7,24,19,14,20,4,3,0,4,6,0,0,0,0,0,0,0,16,0,26,25-34,1,1,2,0,69,0,7,4.8,146,0.2898550724637681,0.5714285714285714,9.857142857142858,14.375,1.4583333333333335,0.005047401685393259
11121,Graduation,Married,19419.0,1,0,2012-11-10,76,2,14,28,16,3,7,4,4,0,3,9,0,0,0,0,0,0,0,16,0,33,25-34,1,2,3,0,63,0,7,22.816438356164383,694,0.1111111111111111,0.5714285714285714,9.0,2.7611671469740635,0.30679634966378483,0.001706267354842616
5332,2n Cycle,Married,82504.0,0,0,2013-07-27,2,362,50,431,134,35,54,1,3,6,7,1,0,0,0,0,0,0,0,18,0,54,45-54,0,2,2,0,1012,0,16,14.301369863013699,435,0.0533596837944664,0.0625,63.25,70.76245210727969,1.1187739463601531,0.010292221289723605
5848,Graduation,Together,81205.0,0,0,2014-01-13,43,724,74,929,97,55,130,1,5,6,7,2,1,0,1,0,1,0,1,16,0,44,35-44,0,2,2,0,1879,3,18,8.712328767123287,265,0.06918573709419905,0.05555555555555555,104.38888888888889,215.67138364779876,2.066037735849057,0.03187065579426864
10343,2n Cycle,Single,61618.0,0,0,2012-09-29,27,605,91,399,0,45,205,2,3,6,8,3,0,0,0,0,0,0,0,18,0,23,18-24,0,1,1,0,1140,0,17,24.0,736,0.17982456140350878,0.11764705882352941,67.05882352941177,47.5,0.7083333333333334,0.009250543672303548
5935,Master,Single,55284.0,0,1,2012-12-24,60,547,7,140,0,7,63,3,7,5,8,5,0,0,0,0,0,0,0,18,0,58,55-64,1,1,2,0,701,0,20,21.36986301369863,650,0.0898716119828816,0.15,35.05,32.80320512820513,0.9358974358974359,0.007120296316085333
2895,Graduation,Single,49980.0,0,1,2013-10-23,79,104,1,54,13,9,14,2,3,1,5,5,0,0,0,0,0,0,0,16,0,51,45-54,1,1,2,0,181,0,9,11.408219178082192,347,0.07734806629834254,0.2222222222222222,20.11111111111111,15.865754082612872,0.7889048991354467,0.0038093047017077725
10262,Graduation,Married,15072.0,2,0,2013-05-10,96,8,2,15,0,10,18,4,3,1,3,5,0,0,0,0,0,0,0,16,0,34,25-34,2,2,4,0,35,0,7,16.865753424657534,513,0.5142857142857142,0.5714285714285714,5.0,2.075211176088369,0.4150422352176738,0.001652238197522587
7848,Graduation,Single,49166.0,0,1,2013-06-13,17,224,2,25,7,0,110,2,5,3,3,6,0,0,0,0,0,0,0,16,0,40,35-44,1,1,2,0,258,0,11,15.747945205479452,479,0.4263565891472868,0.18181818181818182,23.454545454545453,16.383089770354907,0.6985038274182325,0.003998638840748869
7186,PhD,Together,30843.0,1,1,2014-05-26,43,24,0,2,0,0,9,2,1,1,2,5,1,0,0,0,0,0,0,22,0,48,45-54,2,2,4,0,26,1,4,4.33972602739726,132,0.34615384615384615,0.5,6.5,5.991161616161616,0.9217171717171717,0.0023309645428116394
5794,PhD,Married,46374.0,0,1,2014-03-17,1,408,0,21,0,0,17,3,7,1,7,8,0,1,0,1,0,0,1,22,0,40,35-44,1,2,3,0,429,2,15,6.641095890410958,202,0.039627039627039624,0.2,28.6,64.59777227722773,2.258663366336634,0.016715686965254946
1456,Graduation,Single,60474.0,0,1,2013-04-01,25,265,199,303,234,9,170,7,10,2,12,7,0,0,0,0,0,0,0,16,0,35,35-44,1,1,2,0,1010,0,24,18.147945205479452,552,0.16831683168316833,0.2916666666666667,42.083333333333336,55.653683574879224,1.3224637681159421,0.011043493119333113
4877,Master,Married,38576.0,0,1,2014-03-04,2,34,0,7,0,0,0,1,1,0,3,7,0,0,0,0,0,0,0,18,0,41,35-44,1,2,3,0,41,0,4,7.068493150684931,215,0.0,0.25,10.25,5.800387596899225,0.5658914728682171,0.0018043511811175524
425,Graduation,Married,55357.0,2,0,2013-02-19,66,374,64,116,84,25,64,3,6,2,11,5,0,0,0,0,0,0,0,16,0,29,25-34,2,2,4,0,663,0,19,19.495890410958904,593,0.09653092006033183,0.15789473684210525,34.89473684210526,34.00716694772344,0.9745643620011243,0.007371895214203828
3007,Graduation,Together,37758.0,1,1,2012-10-04,49,27,2,10,0,0,1,2,1,0,3,8,0,0,0,0,0,0,0,16,0,48,45-54,2,2,4,0,39,0,4,24.0,731,0.02564102564102564,0.5,9.75,1.625,0.16666666666666666,0.0005164468457015732
1031,2n Cycle,Married,85710.0,0,0,2013-05-05,5,600,20,350,29,30,33,1,6,9,10,2,0,0,1,0,0,0,0,18,0,25,25-34,0,2,2,0,1029,1,25,17.03013698630137,518,0.03206997084548105,0.04,41.16,60.422297297297305,1.4679858429858432,0.008459544598851565
4297,Graduation,Together,23228.0,1,0,2014-01-26,71,13,2,18,6,1,0,2,2,0,3,8,0,0,0,0,0,0,0,16,0,45,45-54,1,2,3,0,40,0,5,8.284931506849315,252,0.0,0.4,8.0,4.828042328042328,0.603505291005291,0.0024942529678193535
807,Master,Together,44602.0,1,1,2014-02-15,35,167,2,89,0,0,34,6,6,1,4,8,0,0,0,0,0,0,0,18,0,45,45-54,2,2,4,0,258,0,11,7.627397260273972,232,0.13178294573643412,0.5454545454545454,23.454545454545453,33.82543103448276,1.442169540229885,0.009100604735522917
9553,Graduation,Married,7500.0,0,0,2013-01-09,94,0,2,3,4,1,5,1,0,0,3,6,0,0,0,0,0,0,0,16,0,27,25-34,0,2,2,0,10,0,3,20.843835616438355,634,0.5,0.3333333333333333,3.3333333333333335,0.47975814931650895,0.1439274447949527,0.0007676130389064143
4271,2n Cycle,Together,38683.0,1,0,2012-10-04,80,46,35,69,84,41,66,6,4,1,6,7,0,0,0,0,0,0,0,18,0,25,25-34,1,2,3,0,275,0,11,24.0,731,0.24,0.5454545454545454,25.0,11.458333333333334,0.4583333333333333,0.003554532998991805
4120,2n Cycle,Single,49514.0,1,0,2013-12-17,61,88,39,78,58,13,93,2,6,1,4,7,0,0,0,0,0,0,0,18,0,39,35-44,1,1,2,0,276,0,11,9.6,292,0.33695652173913043,0.18181818181818182,25.09090909090909,28.75,1.1458333333333335,0.006967726299632427
2036,PhD,Together,57906.0,0,1,2013-06-11,29,243,11,119,10,3,15,3,4,2,8,4,0,0,0,0,0,0,0,22,0,41,35-44,1,2,3,0,386,0,14,15.813698630136985,481,0.038860103626943004,0.21428571428571427,27.571428571428573,24.409216909216912,0.8853083853083854,0.005058380874358494
115,Master,Single,43456.0,0,1,2013-03-26,0,275,11,68,25,7,7,3,5,1,8,5,0,0,0,0,0,0,0,18,0,48,45-54,1,1,2,0,386,0,14,18.345205479452055,558,0.018134715025906734,0.21428571428571427,27.571428571428573,21.040919952210274,0.763142174432497,0.005810268764417417
4259,Master,Single,19485.0,2,0,2013-09-24,80,6,0,4,0,0,0,1,1,0,2,7,0,0,0,0,0,0,0,18,0,28,25-34,2,1,3,0,10,0,3,12.361643835616437,376,0.0,0.3333333333333333,3.3333333333333335,0.8089539007092199,0.24268617021276598,0.0004982010166030607
8687,Graduation,Together,53172.0,0,1,2013-05-06,54,121,62,90,68,20,125,3,2,3,8,3,0,0,0,0,0,0,0,16,0,36,35-44,1,2,3,0,361,0,13,16.997260273972604,517,0.3462603878116344,0.23076923076923078,27.76923076923077,21.23871695680206,0.7648291424887169,0.004793210777883561
2447,Graduation,Together,30545.0,1,0,2012-10-17,71,4,12,15,19,7,12,2,2,0,3,7,0,0,0,0,0,0,0,16,0,35,35-44,1,2,3,0,57,0,5,23.605479452054794,718,0.21052631578947367,0.4,11.4,2.4146935933147633,0.21181522748375117,0.0009486437426674467
10140,PhD,Together,70123.0,0,0,2013-09-28,27,1308,0,396,23,0,0,1,5,7,4,3,0,1,0,0,1,0,0,22,0,31,25-34,0,2,2,0,1727,2,16,12.23013698630137,372,0.0,0.0625,107.9375,141.20855734767025,1.3082437275985663,0.024164720393765857
9353,Graduation,Single,62450.0,0,1,2014-01-06,61,515,47,267,62,66,38,2,5,5,4,3,0,1,0,0,0,0,0,16,0,55,55-64,1,1,2,0,957,1,14,8.942465753424656,272,0.03970741901776385,0.14285714285714285,68.35714285714286,107.01746323529413,1.5655637254901964,0.020563803984363964
3623,Graduation,Together,21675.0,1,0,2014-06-11,55,4,0,16,17,4,4,3,4,0,3,7,0,0,0,0,0,0,0,16,0,38,35-44,1,2,3,0,41,0,7,3.813698630136986,116,0.0975609756097561,0.42857142857142855,5.857142857142857,10.750718390804598,1.8354885057471264,0.005951954818438532
738,2n Cycle,Single,42395.0,1,1,2014-04-04,35,48,13,57,24,15,25,4,3,1,4,7,0,0,0,0,0,0,0,18,0,33,25-34,2,1,3,0,157,0,8,6.049315068493151,184,0.1592356687898089,0.5,19.625,25.953351449275363,1.3224637681159421,0.007346154437818242
7631,Master,Together,61346.0,1,0,2013-10-06,34,562,58,168,43,16,142,1,5,7,10,3,0,0,0,0,0,0,0,18,0,36,35-44,1,2,3,0,847,0,22,11.967123287671232,364,0.16765053128689492,0.045454545454545456,38.5,70.77724358974359,1.8383699633699635,0.013844862306864719
4789,Graduation,Together,80812.0,0,0,2013-09-17,95,769,22,500,210,143,33,1,4,8,5,2,1,0,1,1,0,0,0,16,0,61,55-64,0,2,2,0,1644,3,17,12.591780821917808,383,0.020072992700729927,0.058823529411764705,96.70588235294117,130.56135770234988,1.3500870322019147,0.019387421328864507
773,Master,Divorced,42835.0,1,1,2013-06-30,64,379,4,93,12,9,98,7,6,6,4,6,0,0,0,0,0,0,0,18,0,43,35-44,2,1,3,0,497,0,16,15.18904109589041,462,0.19718309859154928,0.4375,31.0625,32.7209595959596,1.0533910533910535,0.009166604765997786
10602,Graduation,Married,39922.0,1,0,2013-02-14,30,29,12,59,19,1,36,2,3,0,4,8,0,0,0,0,0,0,0,16,0,31,25-34,1,2,3,0,120,0,7,19.660273972602738,598,0.3,0.2857142857142857,17.142857142857142,6.103678929765887,0.35604793756967673,0.0018346813074793507
1446,Master,Single,86424.0,0,0,2014-04-05,12,387,68,569,89,45,68,1,6,9,12,1,0,0,0,0,0,0,0,18,0,58,55-64,0,1,1,0,1158,0,27,6.016438356164383,183,0.05872193436960276,0.037037037037037035,42.888888888888886,192.47267759562843,4.4877049180327875,0.026724892751406337
3270,2n Cycle,Together,17117.0,1,0,2013-01-17,96,12,23,38,30,18,7,4,3,1,3,9,0,0,0,0,0,0,0,18,0,36,35-44,1,2,3,0,121,0,7,20.58082191780822,626,0.05785123966942149,0.5714285714285714,17.285714285714285,5.8792598509052185,0.340122470713525,0.004121698791310546
8443,Graduation,Single,24762.0,1,0,2014-02-10,16,6,10,12,3,15,40,3,3,1,2,8,1,0,0,0,0,0,1,16,0,42,35-44,1,1,2,0,46,1,6,7.791780821917808,237,0.8695652173913043,0.5,7.666666666666667,5.903656821378341,0.770042194092827,0.0028609919173144373
9653,Graduation,Married,35797.0,0,1,2012-10-16,16,27,1,14,4,1,21,2,2,0,3,8,0,0,0,0,0,0,0,16,0,39,35-44,1,2,3,0,47,0,5,23.63835616438356,719,0.44680851063829785,0.4,9.4,1.988293926750116,0.21152063050533151,0.000666523091907182
8916,Graduation,Divorced,36627.0,2,0,2013-07-23,78,9,1,5,0,0,1,1,0,0,3,5,0,0,0,0,0,0,0,16,0,39,35-44,2,1,3,0,15,0,3,14.432876712328767,439,0.06666666666666667,0.3333333333333333,5.0,1.0392938496583144,0.20785876993166288,0.0003405008926720663
8017,2n Cycle,Married,51111.0,1,1,2014-06-19,83,22,0,19,6,5,3,2,2,0,3,6,0,0,0,0,0,0,0,18,0,33,25-34,2,2,4,0,52,0,5,3.5506849315068494,108,0.057692307692307696,0.4,10.4,14.645061728395062,1.408179012345679,0.00343841327191291
4597,PhD,Together,82072.0,0,0,2013-07-02,67,889,55,685,168,92,129,1,3,2,13,1,0,0,0,0,0,0,0,22,0,44,35-44,0,2,2,0,1889,0,18,15.123287671232877,460,0.06829010058231869,0.05555555555555555,104.94444444444444,124.90670289855072,1.190217391304348,0.018262993892955073
7023,PhD,Single,46231.0,2,1,2012-11-26,87,189,2,55,0,5,12,4,6,1,4,9,0,0,0,0,0,0,0,22,0,61,55-64,3,1,4,0,251,0,11,22.290410958904108,678,0.04780876494023904,0.36363636363636365,22.818181818181817,11.260447394296953,0.49348574237954773,0.002922830324491433
8086,Graduation,Married,42243.0,1,1,2013-12-11,34,48,0,2,0,0,5,2,2,0,3,7,0,0,0,0,0,0,0,16,0,55,55-64,2,2,4,0,50,0,5,9.797260273972602,298,0.1,0.4,10.0,5.103467561521253,0.5103467561521253,0.0014497457741698041
8825,Graduation,Together,51195.0,1,1,2013-04-01,46,230,14,156,82,24,58,8,9,2,5,8,0,0,0,0,0,0,0,16,0,52,45-54,2,2,4,0,506,0,16,18.147945205479452,552,0.11462450592885376,0.5,31.625,27.881944444444443,0.8816425120772947,0.00653546895855715
2930,Master,Single,68092.0,0,0,2013-12-16,7,852,60,207,78,36,48,2,2,6,10,5,0,0,0,0,0,0,0,18,0,36,35-44,0,1,1,0,1233,0,18,9.632876712328766,293,0.038929440389294405,0.1111111111111111,68.5,127.9991467576792,1.8686006825938568,0.02255756566251763
1928,Graduation,Married,31814.0,1,0,2013-02-09,73,35,3,20,4,1,20,2,2,0,3,9,1,0,0,0,0,0,0,16,0,41,35-44,1,2,3,0,63,1,5,19.824657534246576,603,0.31746031746031744,0.4,12.6,3.177860696517413,0.25221116639027086,0.0011986650015153378
7108,Master,Widow,51390.0,1,1,2012-09-08,54,205,20,47,23,2,56,6,5,2,5,5,0,0,0,0,0,0,0,18,0,49,45-54,2,1,3,0,297,0,12,24.0,757,0.18855218855218855,0.5,24.75,12.375,0.5,0.0028896672504378283
10925,Graduation,Married,76630.0,0,0,2014-01-14,93,255,31,446,40,56,175,1,3,10,11,1,0,0,0,0,0,0,0,16,0,31,25-34,0,2,2,0,828,0,24,8.67945205479452,264,0.2113526570048309,0.041666666666666664,34.5,95.39772727272728,2.765151515151515,0.014938962903206674
9960,Basic,Single,26868.0,1,0,2014-04-30,52,0,0,1,8,3,2,1,1,0,2,7,0,0,0,0,0,0,0,12,0,23,18-24,1,1,2,0,12,0,3,5.1945205479452055,158,0.16666666666666666,0.3333333333333333,4.0,2.310126582278481,0.5775316455696202,0.0010317671202672983
9224,PhD,Single,55260.0,0,1,2012-12-12,81,825,8,53,11,0,242,2,8,10,5,6,0,0,0,0,0,0,0,22,0,42,35-44,1,1,2,0,897,0,23,21.764383561643836,662,0.2697881828316611,0.08695652173913043,39.0,41.21412386706949,1.0567724068479356,0.008949864031936913
5519,Graduation,Together,64090.0,0,1,2013-08-07,8,316,58,161,76,51,135,1,6,9,4,5,0,0,0,0,0,0,1,16,0,58,55-64,1,2,3,0,662,0,19,13.93972602739726,424,0.2039274924471299,0.05263157894736842,34.8421052631579,47.49017295597484,1.3630110062893082,0.008891903190383806
5046,Graduation,Divorced,78331.0,0,1,2014-01-23,97,756,138,354,160,169,61,2,10,6,7,4,0,0,0,0,0,0,0,16,0,56,55-64,1,1,2,0,1577,0,23,8.383561643835616,255,0.03868103994927077,0.08695652173913043,68.56521739130434,188.1062091503268,2.7434640522875817,0.028817128720480038
7037,PhD,Married,37087.0,1,0,2013-08-11,50,194,55,134,15,0,3,3,4,2,8,6,0,0,0,0,0,0,0,22,0,40,35-44,1,2,3,0,398,0,14,13.808219178082192,420,0.007537688442211055,0.21428571428571427,28.428571428571427,28.8234126984127,1.0138888888888888,0.009326204664193717
905,Graduation,Divorced,21846.0,1,0,2013-10-22,38,7,17,18,6,10,26,4,4,0,3,8,0,0,0,0,0,0,0,16,0,28,25-34,1,1,2,0,58,0,7,11.441095890410958,348,0.4482758620689655,0.5714285714285714,8.285714285714286,5.069444444444445,0.6118295019157088,0.0027846440233147184
8624,Graduation,Married,81320.0,0,0,2013-02-06,61,183,33,493,59,103,57,1,4,3,10,2,0,0,0,0,0,0,0,16,0,56,55-64,0,2,2,0,871,0,17,19.923287671232877,606,0.06544202066590127,0.058823529411764705,51.23529411764706,43.717684268426844,0.8532728272827282,0.006451207712999534
8945,Graduation,Divorced,54137.0,0,1,2013-08-16,46,171,0,11,0,1,20,2,4,1,4,6,0,0,0,0,0,0,0,16,0,44,35-44,1,1,2,0,183,0,9,13.643835616438356,415,0.1092896174863388,0.2222222222222222,20.333333333333332,13.41265060240964,0.6596385542168675,0.0029730462941964953
6445,Graduation,Together,66825.0,0,0,2013-07-14,73,243,101,405,29,40,40,1,4,5,6,2,0,0,0,0,0,0,0,16,0,47,45-54,0,2,2,0,818,0,15,14.728767123287671,448,0.0488997555012225,0.06666666666666667,54.53333333333333,55.537574404761905,1.0184151785714286,0.009973077334188445
2727,Graduation,Together,57100.0,0,0,2013-12-04,19,181,21,69,39,3,96,1,3,3,6,3,0,0,0,0,0,0,0,16,0,41,35-44,0,2,2,0,313,0,12,10.027397260273972,305,0.30670926517571884,0.08333333333333333,26.083333333333332,31.21448087431694,1.1967213114754098,0.0065599609543223
6404,Graduation,Together,58917.0,1,2,2013-03-24,10,151,7,89,0,7,28,5,4,1,6,5,0,0,0,0,0,0,0,16,0,45,45-54,3,2,5,0,254,0,11,18.410958904109588,560,0.11023622047244094,0.45454545454545453,23.09090909090909,13.796130952380953,0.5974702380952381,0.002809945710551648
11074,Graduation,Single,85072.0,0,0,2014-04-09,94,494,92,391,194,11,241,1,3,4,10,0,0,0,0,0,0,0,0,16,0,37,35-44,0,1,1,0,1182,0,17,5.884931506849314,179,0.2038917089678511,0.058823529411764705,69.52941176470588,200.85195530726259,2.8887337057728124,0.028331571653271947
10150,Graduation,Single,86429.0,0,0,2013-11-21,10,464,28,873,29,18,37,0,7,4,7,2,0,0,0,1,0,0,1,16,0,53,45-54,0,1,1,0,1412,1,18,10.454794520547944,318,0.026203966005665724,0.0,78.44444444444444,135.05765199161428,1.7216981132075473,0.018751713243232843
1968,Graduation,Widow,45684.0,1,0,2013-12-02,37,5,1,5,10,0,7,1,1,0,2,7,0,0,0,0,0,0,0,16,0,43,35-44,1,1,2,0,21,0,3,10.093150684931507,307,0.3333333333333333,0.3333333333333333,7.0,2.0806188925081432,0.2972312703583062,0.0005465245317856956
6534,Graduation,Together,47889.0,1,0,2014-01-04,94,29,0,29,0,5,4,1,2,0,3,5,0,0,0,0,0,0,0,16,0,40,35-44,1,2,3,0,63,0,5,9.008219178082191,274,0.06349206349206349,0.2,12.6,6.993613138686132,0.5550486618004866,0.001752455838798755
9485,PhD,Married,45921.0,0,0,2014-03-10,23,102,9,49,24,3,12,1,2,1,6,4,0,0,0,0,0,0,0,22,0,28,25-34,0,2,2,0,187,0,9,6.8712328767123285,209,0.06417112299465241,0.1111111111111111,20.77777777777778,27.214912280701757,1.3098086124401915,0.00711175600201261
7053,PhD,Single,78420.0,0,0,2013-06-29,75,604,28,674,91,28,28,1,3,10,8,1,0,0,0,0,0,0,0,22,0,48,45-54,0,1,1,0,1425,0,21,15.221917808219178,463,0.019649122807017545,0.047619047619047616,67.85714285714286,93.61501079913607,1.3795896328293737,0.014325173802469178
4654,Graduation,Together,75114.0,0,0,2013-11-07,40,571,12,523,63,60,24,1,3,10,5,2,0,0,0,0,0,0,0,16,0,22,18-24,0,2,2,0,1229,0,18,10.915068493150685,332,0.01952807160292921,0.05555555555555555,68.27777777777777,112.59663654618474,1.6490963855421688,0.017988119905133756
1048,Master,Married,35641.0,1,0,2013-07-14,11,63,3,67,8,9,28,2,3,1,4,7,0,0,0,0,0,0,1,18,0,42,35-44,1,2,3,0,150,0,8,14.728767123287671,448,0.18666666666666668,0.25,18.75,10.184151785714286,0.5431547619047619,0.0034289111256297924
10619,Graduation,Single,95529.0,0,0,2012-12-03,29,770,29,890,250,27,24,1,7,3,7,3,0,0,1,0,0,0,1,16,0,20,18-24,0,1,1,0,1966,1,17,22.06027397260274,671,0.012207527975584944,0.058823529411764705,115.6470588235294,89.11947342275211,0.7706159960258321,0.01119485895458997
9308,Graduation,Married,62820.0,0,0,2013-05-11,51,398,61,265,138,61,53,1,3,4,6,1,0,0,0,0,0,0,0,16,0,60,55-64,0,2,2,0,923,0,13,16.832876712328765,512,0.05742145178764897,0.07692307692307693,71.0,54.83317057291667,0.7722981770833334,0.010474340128541867
10505,Master,Together,73113.0,0,0,2013-12-26,86,741,19,154,50,9,28,1,3,4,7,2,0,0,0,0,0,0,0,18,0,54,45-54,0,2,2,0,973,0,14,9.304109589041095,283,0.02877697841726619,0.07142857142857142,69.5,104.57744405182568,1.5047114252061249,0.017164243412551915
2625,2n Cycle,Single,42607.0,0,1,2013-11-17,30,156,29,56,30,32,47,2,3,2,7,3,0,0,0,0,0,0,0,18,0,60,55-64,1,1,2,0,303,0,12,10.586301369863014,322,0.1551155115511551,0.16666666666666666,25.25,28.621894409937887,1.1335403726708075,0.008061180860404502
4637,PhD,Single,74637.0,0,0,2013-05-18,73,960,64,464,146,0,16,1,6,9,9,3,0,0,0,1,0,0,0,22,0,60,55-64,0,1,1,0,1634,1,24,16.602739726027398,505,0.009791921664626682,0.041666666666666664,68.08333333333333,98.41749174917491,1.4455445544554455,0.015823383857739445
9972,PhD,Together,46015.0,1,1,2014-04-13,25,38,0,2,0,0,6,1,1,0,3,7,1,0,0,0,1,0,0,22,0,59,55-64,2,2,4,0,40,2,4,5.7534246575342465,175,0.15,0.25,10.0,6.9523809523809526,0.6952380952380952,0.0018130733766939353
4483,Graduation,Single,72354.0,0,0,2013-04-17,67,315,26,473,220,12,182,1,2,10,6,1,0,0,0,0,0,0,0,16,0,21,18-24,0,1,1,0,1046,0,18,17.621917808219177,536,0.1739961759082218,0.05555555555555555,58.111111111111114,59.357898009950254,1.0214552238805972,0.00984458048096032
4487,Master,Single,39858.0,1,0,2013-01-24,67,15,20,25,2,7,26,1,2,0,4,6,0,0,0,0,0,0,1,18,0,45,45-54,1,1,2,0,69,0,6,20.350684931506848,619,0.37681159420289856,0.16666666666666666,11.5,3.390549273021002,0.2948303715670436,0.0010207885813701646
4988,PhD,Married,34469.0,1,1,2014-05-04,58,19,6,20,0,5,12,3,1,1,4,4,0,0,0,0,0,0,0,22,0,66,65-74,2,2,4,0,50,0,6,5.063013698630137,154,0.24,0.5,8.333333333333334,9.875541125541126,1.1850649350649352,0.003438060097667281
8931,Graduation,Together,83033.0,1,0,2014-05-18,82,812,99,431,237,149,33,1,11,4,10,5,0,0,0,1,0,0,0,16,0,28,25-34,1,2,3,0,1728,1,25,4.602739726027397,140,0.019097222222222224,0.04,69.12,375.42857142857144,5.4315476190476195,0.05425725744153357
5871,Master,Together,24401.0,0,0,2012-08-31,98,73,28,217,10,24,115,3,6,1,6,8,0,0,0,0,0,0,0,18,0,35,35-44,0,2,2,0,352,0,13,24.0,765,0.32670454545454547,0.23076923076923078,27.076923076923077,14.666666666666666,0.5416666666666666,0.0072128191467562795
2008,Graduation,Married,77583.0,0,0,2014-02-10,93,372,23,384,250,12,108,1,4,5,9,2,0,0,0,1,0,0,0,16,0,36,35-44,0,2,2,0,1041,1,18,7.791780821917808,237,0.1037463976945245,0.05555555555555555,57.833333333333336,133.6023206751055,2.3101265822784813,0.02066467973784548
3139,2n Cycle,Single,74116.0,0,0,2013-12-30,53,871,111,704,145,55,166,1,4,4,10,2,0,1,0,0,0,0,0,18,0,32,25-34,0,1,1,0,1886,1,18,9.172602739726027,279,0.088016967126193,0.05555555555555555,104.77777777777777,205.61230585424133,1.9623655913978495,0.03329035120960246
10673,PhD,Married,68397.0,0,1,2013-11-17,6,760,80,466,17,13,80,1,6,9,5,3,0,0,0,0,0,0,0,22,0,38,35-44,1,2,3,0,1336,0,20,10.586301369863014,322,0.059880239520958084,0.05,66.8,126.20082815734989,1.8892339544513457,0.022141467284942304
5303,PhD,Together,79632.0,0,0,2014-04-08,42,471,0,510,99,21,12,1,6,4,9,2,0,0,0,0,0,0,0,22,0,40,35-44,0,2,2,0,1101,0,19,5.917808219178082,180,0.010899182561307902,0.05263157894736842,57.94736842105263,186.04861111111111,3.2106481481481484,0.028036258455562253
538,Graduation,Single,46107.0,1,0,2014-02-10,78,31,9,27,16,9,33,1,1,1,4,3,0,0,0,0,0,0,0,16,0,25,25-34,1,1,2,0,92,0,6,7.791780821917808,237,0.358695652173913,0.16666666666666666,15.333333333333334,11.807313642756682,0.770042194092827,0.0030730206630897737
7922,PhD,Single,64950.0,0,1,2012-08-12,29,819,0,72,12,0,63,2,11,2,10,7,0,1,0,0,0,0,0,22,0,63,55-64,1,1,2,0,903,1,23,24.0,784,0.06976744186046512,0.08695652173913043,39.26086956521739,37.625,0.9583333333333334,0.006951501154734411
5692,Basic,Married,25443.0,1,0,2012-12-22,82,1,4,3,8,9,7,1,1,0,3,8,0,0,0,0,0,0,0,12,0,25,25-34,1,2,3,0,25,0,4,21.435616438356163,652,0.28,0.25,6.25,1.1662832310838447,0.18660531697341515,0.000550068732971982
6383,PhD,Together,32892.0,1,0,2014-05-25,78,26,0,15,2,1,2,2,3,0,3,8,0,0,0,0,0,0,0,22,0,43,35-44,1,2,3,0,44,0,6,4.372602739726028,133,0.045454545454545456,0.3333333333333333,7.333333333333333,10.06265664160401,1.3721804511278195,0.003671162583584097
1628,Graduation,Together,71796.0,0,0,2013-10-24,54,354,21,311,167,75,32,1,9,3,4,4,0,0,0,0,0,0,0,16,0,43,35-44,0,2,2,0,928,0,16,11.375342465753425,346,0.034482758620689655,0.0625,58.0,81.57996146435453,1.4065510597302504,0.01363529357585735
1204,PhD,Married,67536.0,0,1,2013-05-22,45,1253,0,447,23,71,35,3,11,5,11,8,0,0,0,1,0,0,0,22,0,44,35-44,1,2,3,0,1794,1,27,16.471232876712328,501,0.01950947603121516,0.1111111111111111,66.44444444444444,108.91716566866268,1.6392215568862276,0.019352730218312488
3673,Graduation,Single,55239.0,0,1,2013-07-14,59,371,17,238,23,24,106,3,7,5,11,5,0,0,0,0,0,0,0,16,0,43,35-44,1,1,2,0,673,0,23,14.728767123287671,448,0.1575037147102526,0.13043478260869565,29.26086956521739,45.692894345238095,1.5615699404761905,0.009926224807524704
760,PhD,Divorced,60554.0,1,0,2013-08-09,8,588,7,76,110,15,15,2,8,4,9,6,0,0,0,0,0,0,0,22,0,39,35-44,1,1,2,0,796,0,21,13.873972602739725,422,0.018844221105527637,0.09523809523809523,37.904761904761905,57.37361769352291,1.5136255924170616,0.011369742912479355
8957,2n Cycle,Single,64831.0,1,1,2013-06-10,51,480,86,249,75,86,144,8,6,3,5,6,0,0,0,0,0,0,0,18,0,62,55-64,2,1,3,0,976,0,14,15.846575342465753,482,0.14754098360655737,0.5714285714285714,69.71428571428571,61.59059474412172,0.8834716459197787,0.01140021188828586
4128,PhD,Together,56067.0,0,1,2013-07-20,51,517,12,54,16,6,120,2,7,4,7,5,0,0,0,0,0,0,0,22,0,52,45-54,1,2,3,0,605,0,18,14.531506849315068,442,0.19834710743801653,0.1111111111111111,33.611111111111114,41.63367269984917,1.23868778280543,0.008910840109122836
6810,Graduation,Divorced,82025.0,0,0,2013-05-28,76,267,98,606,48,70,98,1,3,2,6,1,0,0,1,0,0,0,1,16,0,31,25-34,0,1,1,0,1089,1,11,16.273972602739725,495,0.08999081726354453,0.09090909090909091,99.0,66.91666666666667,0.6759259259259259,0.009789698262724779
5386,Graduation,Together,94384.0,0,0,2013-03-04,62,1111,24,790,160,45,172,0,5,8,5,2,0,1,1,1,0,0,1,16,0,61,55-64,0,2,2,0,2130,3,18,19.06849315068493,580,0.08075117370892018,0.0,118.33333333333333,111.70258620689657,0.9439655172413794,0.014201888397215194
8700,Basic,Single,14906.0,0,0,2012-12-22,86,7,7,14,7,16,15,3,2,1,3,7,0,0,0,0,0,0,0,12,0,28,25-34,0,1,1,0,51,0,6,21.435616438356163,652,0.29411764705882354,0.5,8.5,2.379217791411043,0.2799079754601227,0.0019153772639831286
3202,PhD,Married,51563.0,0,0,2012-10-01,60,1166,0,48,0,0,36,1,4,4,10,8,0,1,1,0,0,0,0,22,0,27,25-34,0,2,2,0,1214,2,18,24.0,734,0.029654036243822075,0.05555555555555555,67.44444444444444,50.583333333333336,0.75,0.011772007059325485
1328,2n Cycle,Married,57937.0,0,1,2014-02-16,56,261,42,144,55,48,133,3,4,4,9,3,0,0,0,0,0,0,0,18,0,32,25-34,1,2,3,0,550,0,17,7.594520547945205,231,0.24181818181818182,0.17647058823529413,32.35294117647059,72.42063492063492,2.2384559884559887,0.014999872603821723
8405,Graduation,Divorced,68274.0,1,1,2013-09-30,83,135,25,51,23,25,46,2,4,2,5,3,0,0,0,0,0,0,0,16,0,35,35-44,2,1,3,0,259,0,11,12.164383561643834,370,0.1776061776061776,0.18181818181818182,23.545454545454547,21.291666666666668,0.9042792792792793,0.003742273779183877
6515,Graduation,Together,39771.0,1,0,2013-12-06,92,6,2,18,2,8,14,1,2,0,3,4,0,0,0,0,0,0,0,16,0,37,35-44,1,2,3,0,36,0,5,9.961643835616439,303,0.3888888888888889,0.2,7.2,3.6138613861386135,0.5019251925192519,0.0010904009613452858
2882,2n Cycle,Divorced,67893.0,0,1,2012-10-01,31,711,28,142,49,18,47,2,3,2,9,8,0,0,0,0,0,0,0,18,0,39,35-44,1,1,2,0,948,0,14,24.0,734,0.049578059071729956,0.14285714285714285,67.71428571428571,39.5,0.5833333333333334,0.0069815739472405105
7574,PhD,Together,27922.0,1,0,2014-05-10,80,11,0,13,2,4,11,1,2,0,3,4,0,0,0,0,0,0,0,22,0,35,35-44,1,2,3,0,30,0,5,4.865753424657534,148,0.36666666666666664,0.2,6.0,6.165540540540541,1.0275900900900903,0.00264975598046295
6387,PhD,Together,52190.0,1,1,2014-05-08,39,42,0,17,0,0,18,3,2,1,3,5,1,0,0,0,0,0,0,22,0,38,35-44,2,2,4,0,59,1,6,4.931506849315069,150,0.3050847457627119,0.5,9.833333333333334,11.963888888888889,1.2166666666666666,0.0027508462668455
5320,Master,Divorced,44051.0,1,1,2013-01-29,20,79,7,58,6,3,18,4,3,1,4,6,0,0,0,0,0,0,1,18,0,41,35-44,2,1,3,0,153,0,8,20.186301369863013,614,0.11764705882352941,0.5,19.125,7.579397394136808,0.3963083604777416,0.0020647151876153026
5048,PhD,Single,42767.0,2,0,2013-05-11,53,20,6,43,19,5,38,1,3,1,2,8,0,0,0,0,0,0,0,22,0,43,35-44,2,1,3,0,93,0,6,16.832876712328765,512,0.40860215053763443,0.16666666666666666,15.5,5.524902343750001,0.35644531250000006,0.0015502333136530506
8146,Master,Together,46106.0,1,1,2014-05-11,84,30,0,8,2,0,14,1,1,1,2,6,0,0,0,0,0,0,0,18,0,38,35-44,2,2,4,0,40,0,4,4.832876712328767,147,0.35,0.25,10.0,8.276643990929704,0.8276643990929705,0.0021541605841139213
10031,PhD,Married,16927.0,1,1,2013-02-10,50,20,2,23,3,1,4,5,3,0,4,8,0,0,0,0,0,0,0,22,0,38,35-44,2,2,4,0,49,0,7,19.791780821917808,602,0.08163265306122448,0.7142857142857143,7.0,2.47577519379845,0.3536821705426357,0.0017551428088604833
5748,Graduation,Married,59754.0,0,1,2012-12-01,96,115,27,44,4,146,139,3,5,2,6,5,0,0,0,0,0,0,1,16,0,49,45-54,1,2,3,0,336,0,13,22.126027397260273,673,0.41369047619047616,0.23076923076923078,25.846153846153847,15.185735512630016,0.5875433382862804,0.003049650670274127
2134,Graduation,Single,53700.0,0,1,2012-08-17,94,263,5,233,69,41,83,4,5,5,8,5,0,0,0,0,0,0,0,16,0,62,55-64,1,1,2,0,611,0,18,24.0,779,0.13584288052373159,0.2222222222222222,33.94444444444444,25.458333333333332,0.75,0.00568901303538175
1523,Graduation,Married,59041.0,1,1,2014-05-07,25,69,2,15,2,2,6,2,2,0,4,5,0,0,0,0,0,0,0,16,0,41,35-44,2,2,4,0,90,0,6,4.964383561643835,151,0.06666666666666667,0.3333333333333333,15.0,18.129139072847682,1.2086092715231789,0.003684721953797737
9665,PhD,Divorced,54237.0,0,1,2013-04-27,48,267,3,30,4,0,57,4,5,2,5,6,0,0,0,0,0,0,0,22,0,57,55-64,1,1,2,0,304,0,12,17.293150684931508,526,0.1875,0.3333333333333333,25.333333333333332,17.579214195183777,0.6939163498098859,0.0038894218032377403
4640,Graduation,Divorced,70647.0,0,1,2012-09-21,65,561,85,171,25,123,114,2,4,7,13,2,0,0,0,0,0,0,0,16,0,47,45-54,1,1,2,0,965,0,24,24.0,744,0.11813471502590674,0.08333333333333333,40.208333333333336,40.208333333333336,1.0,0.006829730915679364
3635,PhD,Single,52597.0,0,1,2014-05-07,69,492,0,37,7,0,42,3,6,3,8,5,0,0,0,0,0,0,0,22,0,52,45-54,1,1,2,0,536,0,17,4.964383561643835,151,0.07835820895522388,0.17647058823529413,31.529411764705884,107.96909492273731,3.42439293598234,0.024633137613796374
3547,Master,Together,41021.0,1,0,2012-12-30,12,14,7,9,6,16,12,2,2,0,3,6,0,0,0,0,0,0,1,18,0,45,45-54,1,2,3,0,52,0,5,21.172602739726027,644,0.23076923076923078,0.4,10.4,2.4560041407867494,0.2361542443064182,0.0007184624872489943
2456,PhD,Married,40233.0,0,1,2013-10-14,84,80,4,46,0,17,2,5,2,1,5,6,0,0,0,0,0,0,0,22,0,39,35-44,1,2,3,0,147,0,8,11.704109589041096,356,0.013605442176870748,0.625,18.375,12.559691011235955,0.6835205992509363,0.003746086350379824
5633,Graduation,Married,50183.0,1,1,2014-06-25,47,97,12,84,13,10,15,7,3,1,6,5,0,0,0,0,0,0,0,16,0,34,25-34,2,2,4,0,216,0,10,3.3534246575342466,102,0.06944444444444445,0.7,21.6,64.41176470588235,2.9820261437908497,0.015402450560360841
7801,Graduation,Together,54753.0,0,1,2013-09-12,87,197,107,227,7,59,131,3,5,2,11,4,0,0,0,0,0,0,0,16,0,55,55-64,1,2,3,0,597,0,18,12.756164383561643,388,0.21943048576214405,0.16666666666666666,33.166666666666664,46.80090206185567,1.4110824742268042,0.01025716992205483
10489,Graduation,Married,92955.0,0,0,2013-08-19,35,693,21,925,31,24,84,1,6,7,9,2,0,0,1,1,0,0,1,16,0,41,35-44,0,2,2,0,1694,2,22,13.545205479452054,412,0.049586776859504134,0.045454545454545456,77.0,125.06270226537217,1.624190938511327,0.016144934938243947
7011,Graduation,Married,33471.0,1,0,2012-10-12,47,43,2,27,0,9,12,3,3,0,4,7,0,0,0,0,0,0,0,16,0,41,35-44,1,2,3,0,81,0,7,23.76986301369863,723,0.14814814814814814,0.42857142857142855,11.571428571428571,3.407676348547718,0.29449054863992624,0.001221717791000347
3933,Graduation,Together,44010.0,1,0,2012-10-13,46,186,36,234,86,72,48,6,10,2,6,9,0,0,0,0,0,0,0,16,0,34,25-34,1,2,3,0,614,0,18,23.73698630136986,722,0.0781758957654723,0.3333333333333333,34.111111111111114,25.866805170821795,0.7583102493074793,0.007052980278342684
10981,Graduation,Married,84219.0,0,0,2014-02-02,27,434,137,400,45,137,45,1,3,4,10,1,0,0,0,0,0,0,0,16,0,26,25-34,0,2,2,0,1153,0,17,8.054794520547945,245,0.03902862098872507,0.058823529411764705,67.82352941176471,143.14455782312925,2.1105442176870746,0.020396047137552702
1734,PhD,Together,40706.0,2,1,2013-01-17,37,59,0,11,4,2,5,4,3,0,4,7,0,0,0,0,0,0,0,22,0,46,45-54,3,2,5,0,76,0,7,20.58082191780822,626,0.06578947368421052,0.5714285714285714,10.857142857142858,3.692758253461129,0.340122470713525,0.0010886134486693252
10995,2n Cycle,Married,15716.0,1,0,2012-11-12,8,16,5,30,8,7,26,3,3,0,4,8,0,0,0,0,0,1,0,18,0,26,25-34,1,2,3,0,66,0,7,22.75068493150685,692,0.3939393939393939,0.42857142857142855,9.428571428571429,2.9010115606936417,0.3076830443159923,0.0022150762743906654
6357,2n Cycle,Divorced,59052.0,0,1,2013-11-17,29,230,35,75,63,57,31,3,7,1,7,5,0,0,0,0,0,0,0,18,0,55,55-64,1,1,2,0,460,0,15,10.586301369863014,322,0.06739130434782609,0.2,30.666666666666668,43.45238095238095,1.4169254658385093,0.008829990032997552
9209,Master,Together,80573.0,0,0,2012-10-14,85,829,138,430,60,92,15,1,4,6,13,2,0,0,0,0,0,0,0,18,0,43,35-44,0,2,2,0,1549,0,23,23.704109589041096,721,0.009683666881859263,0.043478260869565216,67.34782608695652,65.34731853906611,0.970295885344429,0.009732389540774121
10286,Graduation,Married,83715.0,0,0,2014-02-03,2,318,8,407,150,35,8,1,2,8,13,0,0,0,0,0,0,0,0,16,0,52,45-54,0,2,2,0,918,0,23,8.021917808219177,244,0.008714596949891068,0.043478260869565216,39.91304347826087,114.43647540983608,2.86714480874317,0.01640372340581775
2611,Master,Together,82576.0,0,0,2012-08-01,66,1206,55,445,168,18,18,1,2,4,12,1,0,0,1,0,0,0,0,18,0,55,55-64,0,2,2,0,1892,1,18,24.0,795,0.009513742071881607,0.05555555555555555,105.11111111111111,78.83333333333333,0.75,0.011456113156365045
3308,Graduation,Married,35704.0,1,1,2014-01-03,54,30,9,12,2,11,30,3,2,0,4,4,0,0,0,0,0,0,0,16,0,62,55-64,2,2,4,0,64,0,6,9.041095890410958,275,0.46875,0.5,10.666666666666666,7.07878787878788,0.6636363636363637,0.002379157924755057
5407,Graduation,Together,53103.0,0,1,2013-09-12,70,729,17,133,11,0,195,5,10,6,7,7,1,0,0,0,0,0,0,16,0,60,55-64,1,2,3,0,890,1,23,12.756164383561643,388,0.21910112359550563,0.21739130434782608,38.69565217391305,69.77018900343643,1.8030498281786942,0.015766383594923772
2166,2n Cycle,Widow,46779.0,1,1,2013-07-12,55,12,1,3,0,0,7,1,0,1,2,4,0,0,0,0,0,0,0,18,0,54,45-54,2,1,3,0,16,0,3,14.794520547945204,450,0.4375,0.3333333333333333,5.333333333333333,1.0814814814814815,0.2027777777777778,0.00027742743063720424
6634,Master,Divorced,33462.0,1,0,2013-08-07,78,22,3,18,0,0,11,1,2,0,3,7,0,0,0,0,0,0,0,18,0,35,35-44,1,1,2,0,43,0,5,13.93972602739726,424,0.2558139534883721,0.2,8.6,3.0847091194968552,0.358687106918239,0.0011062252535402027
5718,Graduation,Married,80763.0,0,0,2013-08-15,17,674,168,108,192,42,231,1,5,11,6,3,0,0,1,1,0,0,1,16,0,64,55-64,0,2,2,0,1184,2,22,13.676712328767122,416,0.19510135135135134,0.045454545454545456,53.81818181818182,86.57051282051283,1.608573717948718,0.01286289704253376
6872,PhD,Married,65352.0,0,1,2013-08-21,43,284,3,84,4,7,23,2,4,2,8,4,0,0,0,0,0,0,0,22,0,40,35-44,1,2,3,0,382,0,14,13.47945205479452,410,0.060209424083769635,0.14285714285714285,27.285714285714285,28.339430894308947,1.038617886178862,0.005203714817170207
8164,PhD,Married,82170.0,0,0,2013-11-25,13,1023,93,651,49,55,37,1,5,6,7,2,0,0,0,0,0,0,0,22,0,36,35-44,0,2,2,0,1871,0,18,10.323287671232876,314,0.01977552111170497,0.05555555555555555,103.94444444444444,181.24071125265394,1.7436305732484076,0.02646815790473223
4580,Graduation,Married,75759.0,0,0,2013-10-25,46,1394,22,708,89,91,182,1,9,7,9,5,1,0,1,1,0,0,1,16,0,45,45-54,0,2,2,0,2304,3,25,11.342465753424657,345,0.07899305555555555,0.04,92.16,203.13043478260872,2.204106280193237,0.032175255974752896
9305,2n Cycle,Single,79689.0,0,0,2013-05-12,65,311,26,640,180,37,121,1,4,9,13,2,0,0,0,0,0,0,0,18,0,38,35-44,0,1,1,0,1194,0,26,16.8,511,0.10134003350083752,0.038461538461538464,45.92307692307692,71.07142857142857,1.5476190476190474,0.01070231955297648
453,PhD,Widow,35340.0,1,1,2014-06-29,1,27,0,12,0,1,5,2,2,0,3,5,0,0,0,0,0,0,0,22,0,58,55-64,2,1,3,0,40,0,5,3.221917808219178,98,0.125,0.4,8.0,12.414965986394558,1.5518707482993197,0.004215608144785928
8545,Graduation,Divorced,85683.0,0,0,2014-03-21,6,1296,17,311,45,69,51,1,2,4,10,1,0,1,1,1,1,0,1,16,0,60,55-64,0,1,1,0,1738,4,16,6.50958904109589,198,0.029344073647871116,0.0625,108.625,266.99074074074076,2.457912457912458,0.03739235191215164
9850,2n Cycle,Married,24884.0,1,0,2012-11-29,32,3,6,7,0,0,3,1,0,0,3,7,0,0,0,0,0,0,0,18,0,42,35-44,1,2,3,0,16,0,3,22.191780821917806,675,0.1875,0.3333333333333333,5.333333333333333,0.7209876543209878,0.13518518518518519,0.00034768734334720517
7378,Master,Together,42021.0,1,0,2012-08-31,34,393,5,136,7,5,27,5,10,1,6,9,1,0,0,0,0,0,0,18,0,33,25-34,1,2,3,0,546,1,17,24.0,765,0.04945054945054945,0.29411764705882354,32.11764705882353,22.75,0.7083333333333334,0.006496751624187906
7646,Graduation,Single,64449.0,1,0,2014-02-18,70,218,63,282,137,35,70,4,5,3,12,4,0,0,0,0,0,0,0,16,0,25,25-34,1,1,2,0,735,0,20,7.528767123287671,229,0.09523809523809523,0.2,36.75,97.62554585152839,2.656477438136827,0.01817726497258826
1640,Graduation,Divorced,64587.0,1,1,2014-06-22,49,66,0,16,0,6,20,2,1,1,4,3,0,0,0,0,0,0,0,16,0,60,55-64,2,1,3,0,88,0,6,3.452054794520548,105,0.22727272727272727,0.3333333333333333,14.666666666666666,25.49206349206349,1.7380952380952381,0.004736320960948208
8492,Graduation,Together,75437.0,0,0,2013-11-09,25,795,0,545,95,58,0,1,8,4,10,6,0,0,0,1,0,0,0,16,0,36,35-44,0,2,2,0,1493,1,22,10.84931506849315,330,0.0,0.045454545454545456,67.86363636363636,137.61237373737376,2.027777777777778,0.021890431550147606
1212,Graduation,Married,52845.0,1,0,2013-08-13,7,384,25,292,130,41,64,3,8,8,6,6,1,0,0,0,0,0,0,16,0,41,35-44,1,2,3,0,872,1,22,13.742465753424657,418,0.07339449541284404,0.13636363636363635,39.63636363636363,63.45295055821372,1.6008771929824561,0.014408844861359914
9097,Graduation,Divorced,46086.0,0,1,2013-11-03,34,244,8,32,7,2,50,4,3,1,8,4,0,0,0,0,0,0,0,16,0,58,55-64,1,1,2,0,293,0,12,11.046575342465752,336,0.17064846416382254,0.3333333333333333,24.416666666666668,26.52405753968254,1.086309523809524,0.006906407379164833
10473,PhD,Widow,78028.0,0,1,2012-09-10,38,158,19,288,25,0,38,1,6,4,9,7,0,1,1,0,0,0,1,22,0,58,55-64,1,1,2,0,490,2,19,24.0,755,0.07755102040816327,0.05263157894736842,25.789473684210527,20.416666666666668,0.7916666666666666,0.003139898497975086
7962,PhD,Single,95169.0,0,0,2013-10-09,1,1285,21,449,106,20,20,1,4,3,4,1,0,0,1,1,0,0,1,22,0,27,25-34,0,1,1,0,1881,2,11,11.86849315068493,361,0.01063264221158958,0.09090909090909091,171.0,158.48684210526318,0.9268236380424747,0.019983840381459908
9984,2n Cycle,Married,56337.0,1,1,2013-03-27,25,349,16,144,28,5,182,5,8,5,4,8,1,0,0,1,0,0,1,18,0,33,25-34,2,2,4,0,542,2,17,18.312328767123287,557,0.33579335793357934,0.29411764705882354,31.88235294117647,29.597546379413526,0.9283363255535608,0.006304392433977001
5527,Graduation,Together,22434.0,1,0,2013-02-13,25,4,12,11,3,13,15,2,2,0,3,8,0,0,0,0,0,0,0,16,0,27,25-34,1,2,3,0,43,0,5,19.693150684931506,599,0.3488372093023256,0.4,8.6,2.183500278241514,0.2538953811908737,0.001167959496251144
6374,PhD,Married,36930.0,0,1,2013-05-17,50,223,2,31,0,2,39,5,5,2,4,8,0,0,0,0,0,0,0,22,0,60,55-64,1,2,3,0,258,0,11,16.635616438356163,506,0.1511627906976744,0.45454545454545453,23.454545454545453,15.508893280632412,0.6612318840579711,0.005039445420189248
7453,Graduation,Single,36130.0,0,1,2013-02-02,46,157,43,127,68,56,37,6,3,8,4,4,1,0,0,0,0,0,1,16,0,60,55-64,1,1,2,0,451,1,15,20.054794520547944,610,0.082039911308204,0.4,30.066666666666666,22.48838797814208,0.7479508196721312,0.0074691573688819525
8952,Master,Married,65569.0,0,1,2012-11-05,96,397,46,288,20,38,70,2,6,5,10,3,0,0,0,0,0,0,0,18,0,61,55-64,1,2,3,0,789,0,21,22.980821917808218,699,0.08871989860583017,0.09523809523809523,37.57142857142857,34.33297567954221,0.9138054363376252,0.006283391666099933
6119,PhD,Single,36736.0,1,1,2013-05-10,52,10,0,3,0,0,4,1,1,0,2,6,0,0,0,0,0,0,0,22,0,51,45-54,2,1,3,0,13,0,3,16.865753424657534,513,0.3076923076923077,0.3333333333333333,4.333333333333333,0.7707927225471085,0.17787524366471735,0.00025178333706895966
5236,Graduation,Together,77568.0,0,1,2012-08-25,30,1230,0,396,232,178,158,1,10,2,8,5,0,1,1,1,0,0,0,16,0,35,35-44,1,2,3,0,2036,3,20,24.0,771,0.07760314341846758,0.05,101.8,84.83333333333333,0.8333333333333334,0.013123968646864687
5723,PhD,Together,49187.0,0,1,2014-01-11,63,81,1,31,2,1,0,1,1,1,5,2,0,0,0,0,0,0,0,22,0,38,35-44,1,2,3,0,116,0,7,8.778082191780822,267,0.0,0.14285714285714285,16.571428571428573,13.214731585518102,0.7974406991260924,0.0032239571233500155
1710,Graduation,Single,30168.0,1,0,2013-03-07,51,154,20,66,0,12,27,7,6,1,4,9,0,0,0,0,0,0,0,16,0,36,35-44,1,1,2,0,252,0,11,18.969863013698628,577,0.10714285714285714,0.6363636363636364,22.90909090909091,13.284228769497402,0.5798671288272675,0.00528410054474837
1970,Master,Together,34053.0,0,1,2012-09-10,14,63,0,21,7,0,12,1,3,0,3,8,0,0,0,0,0,0,0,18,0,46,45-54,1,2,3,0,91,0,6,24.0,755,0.13186813186813187,0.16666666666666666,15.166666666666666,3.7916666666666665,0.25,0.0013361524682113175
5313,Master,Married,38196.0,1,1,2014-04-18,20,30,0,11,0,0,3,3,2,0,4,5,0,0,0,0,0,0,0,18,0,43,35-44,2,2,4,0,41,0,6,5.589041095890411,170,0.07317073170731707,0.5,6.833333333333333,7.33578431372549,1.0735294117647058,0.0023046761903001856
10634,Master,Married,59412.0,0,0,2014-04-19,56,90,67,165,30,43,11,1,4,2,8,3,0,0,0,0,0,0,0,18,0,63,55-64,0,2,2,0,395,0,14,5.556164383561644,169,0.027848101265822784,0.07142857142857142,28.214285714285715,71.0922090729783,2.519723865877712,0.014359161598258596
7010,2n Cycle,Married,70924.0,0,0,2014-04-07,41,635,114,254,132,152,76,1,6,6,7,3,0,0,1,0,0,0,0,18,0,49,45-54,0,2,2,0,1287,1,19,5.950684931506849,181,0.059052059052059055,0.05263157894736842,67.73684210526316,216.27762430939228,3.1929097605893184,0.03659313478812119
8562,Graduation,Together,54165.0,0,0,2013-05-28,72,127,4,73,15,6,11,1,2,1,7,2,0,0,0,0,0,0,0,16,0,45,45-54,0,2,2,0,225,0,10,16.273972602739725,495,0.04888888888888889,0.1,22.5,13.825757575757576,0.6144781144781145,0.0030630313100542955
3158,Graduation,Married,32300.0,1,0,2013-01-03,1,13,3,6,6,5,6,1,1,0,3,8,0,0,0,0,0,0,0,16,0,41,35-44,1,2,3,0,33,0,4,21.041095890410958,640,0.18181818181818182,0.25,8.25,1.568359375,0.19010416666666669,0.0005826722136222911
4436,Graduation,Single,20180.0,0,0,2013-02-20,27,18,42,24,15,20,18,1,2,1,4,7,0,0,0,0,0,0,0,16,0,38,35-44,0,1,1,0,119,0,7,19.463013698630135,592,0.15126050420168066,0.14285714285714285,17.0,6.114161036036037,0.35965653153153154,0.003635774649773659
5287,Graduation,Married,34961.0,1,0,2014-06-19,77,45,2,26,4,1,1,3,3,1,3,7,0,0,0,0,0,0,0,16,0,41,35-44,1,2,3,0,78,0,7,3.5506849315068494,108,0.01282051282051282,0.42857142857142855,11.142857142857142,21.96759259259259,1.9714506172839505,0.007540147910846689
2445,PhD,Together,28440.0,1,0,2013-07-07,87,38,1,24,0,0,0,1,2,0,3,8,0,0,0,0,0,0,0,22,0,40,35-44,1,2,3,0,63,0,5,14.95890410958904,455,0.0,0.2,12.6,4.211538461538462,0.3342490842490843,0.001777020447906524
6059,PhD,Together,64504.0,1,2,2013-03-04,81,986,36,168,16,0,108,7,11,3,4,7,0,0,0,0,0,0,1,22,0,61,55-64,3,2,5,0,1206,0,18,19.06849315068493,580,0.08955223880597014,0.3888888888888889,67.0,63.24568965517242,0.9439655172413794,0.011765910266992266
4550,Master,Together,33564.0,0,1,2014-06-24,51,61,0,3,0,0,7,1,1,1,3,5,0,0,0,0,0,0,0,18,0,48,45-54,1,2,3,0,64,0,5,3.3863013698630136,103,0.109375,0.2,12.8,18.899676375404532,1.476537216828479,0.006757124195711309
4240,Graduation,Married,17345.0,1,0,2012-11-03,79,4,9,16,17,0,12,2,2,1,2,8,0,0,0,0,0,0,0,16,0,36,35-44,1,2,3,0,46,0,5,23.046575342465754,701,0.2608695652173913,0.4,9.2,1.9959581550166428,0.21695197337137423,0.001380887740570753
8911,PhD,Married,56320.0,0,1,2013-04-08,11,201,53,172,116,77,83,3,5,4,9,4,0,0,0,0,0,0,0,22,0,47,45-54,1,2,3,0,619,0,18,17.91780821917808,545,0.13408723747980614,0.16666666666666666,34.388888888888886,34.546636085626915,1.0045871559633028,0.007360788938698917
3706,Graduation,Single,28647.0,1,0,2013-08-21,54,19,8,29,0,12,26,1,2,2,2,7,1,0,0,0,0,0,1,16,0,36,35-44,1,1,2,0,68,1,6,13.47945205479452,410,0.38235294117647056,0.16666666666666666,11.333333333333334,5.044715447154472,0.44512195121951226,0.002113191097352381
3628,Basic,Single,15038.0,1,0,2013-01-29,93,4,8,11,19,12,26,2,2,1,2,9,0,0,0,0,0,0,0,12,0,27,25-34,1,1,2,0,54,0,5,20.186301369863013,614,0.48148148148148145,0.4,10.8,2.6750814332247557,0.2476927252985885,0.0021346573479649597
10175,PhD,Divorced,32173.0,0,1,2013-08-01,0,18,0,2,0,0,2,1,1,0,3,4,0,0,0,0,0,0,0,22,0,56,55-64,1,1,2,0,20,0,4,14.136986301369863,430,0.1,0.25,5.0,1.4147286821705427,0.28294573643410853,0.0005276705369734408
8985,2n Cycle,Together,68316.0,0,1,2012-11-04,54,806,80,161,120,11,33,5,10,7,10,6,0,0,0,0,0,0,0,18,0,50,45-54,1,2,3,0,1178,0,27,23.013698630136986,700,0.02801358234295416,0.18518518518518517,43.629629629629626,51.18690476190476,1.1732142857142858,0.008991200555402206
5204,Graduation,Together,74538.0,0,0,2013-06-29,21,380,98,733,110,112,28,1,8,8,5,3,0,0,1,0,0,0,1,16,0,43,35-44,0,2,2,0,1433,1,21,15.221917808219178,463,0.019539427773900907,0.047619047619047616,68.23809523809524,94.14056875449964,1.3795896328293737,0.01515585104314572
9220,Graduation,Single,91700.0,0,0,2013-01-17,58,576,172,961,125,115,19,1,8,6,5,3,0,0,0,0,0,0,1,16,0,43,35-44,0,1,1,0,1949,0,19,20.58082191780822,626,0.009748589020010261,0.05263157894736842,102.57894736842105,94.6998136315229,0.9231895633652822,0.012392560126262539
9888,Graduation,Together,68695.0,0,0,2014-06-25,3,458,81,356,106,50,40,1,4,4,7,2,0,0,0,0,0,0,0,16,0,45,45-54,0,2,2,0,1051,0,15,3.3534246575342466,102,0.038058991436726926,0.06666666666666667,70.06666666666666,313.4109477124183,4.473039215686274,0.054748254931931285
5263,2n Cycle,Married,31056.0,1,0,2013-01-22,99,5,10,13,3,8,16,1,1,0,3,8,0,0,0,0,0,0,0,18,0,37,35-44,1,2,3,0,39,0,4,20.416438356164385,621,0.41025641025641024,0.25,9.75,1.9102254428341383,0.1959205582393988,0.0007381087491631137
9503,Graduation,Single,28071.0,0,0,2012-08-29,65,39,33,130,41,26,44,2,5,1,5,8,0,0,0,0,0,0,0,16,0,34,25-34,0,1,1,0,269,0,11,24.0,767,0.16356877323420074,0.18181818181818182,24.454545454545453,11.208333333333334,0.4583333333333333,0.004791421751986036
10613,PhD,Together,37334.0,1,1,2014-02-26,44,26,1,16,2,2,15,4,3,0,4,4,0,0,0,0,0,0,0,22,0,56,55-64,2,2,4,0,47,0,7,7.265753424657534,221,0.3191489361702128,0.5714285714285714,6.714285714285714,6.468702865761689,0.9634238310708899,0.0020791887927663864
67,Master,Single,46423.0,1,1,2013-09-18,6,68,0,16,0,0,8,3,2,0,4,7,0,0,0,0,0,0,0,18,0,42,35-44,2,1,3,0,84,0,6,12.55890410958904,382,0.09523809523809523,0.5,14.0,6.688481675392671,0.4777486910994765,0.0017289227345219406
6019,PhD,Married,37126.0,1,0,2014-03-30,9,45,3,9,4,4,7,1,1,2,2,6,1,0,0,0,0,0,1,22,0,43,35-44,1,2,3,0,65,1,5,6.213698630136986,189,0.1076923076923077,0.2,13.0,10.460758377425044,0.8046737213403881,0.0033811641579782506
5863,Graduation,Married,47703.0,0,1,2013-05-29,95,359,0,134,13,26,123,4,6,3,8,5,0,0,0,0,0,0,0,16,0,61,55-64,1,2,3,0,532,0,17,16.241095890410957,494,0.231203007518797,0.23529411764705882,31.294117647058822,32.75641025641026,1.046727395411606,0.008240088109278728
3717,Graduation,Married,61180.0,0,1,2014-04-23,70,403,24,29,6,24,218,2,5,5,6,3,1,0,0,0,0,0,0,16,0,55,55-64,1,2,3,0,486,1,16,5.424657534246575,165,0.448559670781893,0.125,30.375,89.5909090909091,2.94949494949495,0.017572587595470892
6730,Graduation,Married,38998.0,1,1,2012-11-03,92,34,1,14,0,0,5,3,2,0,3,8,0,0,0,0,0,1,0,16,0,60,55-64,2,2,4,0,49,0,5,23.046575342465754,701,0.10204081632653061,0.6,9.8,2.1261293390394673,0.21695197337137423,0.0006542271928938306
4998,Graduation,Together,76081.0,0,0,2014-05-23,85,292,30,415,63,33,200,1,4,5,4,2,0,0,0,1,0,0,0,16,0,52,45-54,0,2,2,0,833,1,13,4.438356164383562,135,0.24009603841536614,0.07692307692307693,64.07692307692308,187.6820987654321,2.9290123456790123,0.02960246559831213
6287,Graduation,Together,34728.0,1,0,2013-07-30,2,14,0,16,0,0,6,1,1,1,2,6,0,0,0,0,0,0,1,16,0,28,25-34,1,2,3,0,30,0,4,14.202739726027398,432,0.2,0.25,7.5,2.1122685185185186,0.2816358024691358,0.000729878548209578
5985,Master,Single,33168.0,0,1,2012-10-13,0,80,1,37,0,1,3,3,2,1,4,7,0,0,0,0,0,0,0,18,0,49,45-54,1,1,2,0,119,0,7,23.73698630136986,722,0.025210084033613446,0.42857142857142855,17.0,5.0132733148661135,0.29489843028624196,0.0018137747159428775
4754,Master,Married,33585.0,0,1,2013-09-25,91,30,11,33,13,6,29,1,2,0,4,4,0,0,0,0,0,0,0,18,0,48,45-54,1,2,3,0,93,0,6,12.32876712328767,375,0.3118279569892473,0.16666666666666666,15.5,7.543333333333334,0.4866666666666667,0.0026952508560369216
4002,PhD,Married,77037.0,0,1,2013-10-13,3,463,96,333,168,53,10,1,7,7,12,3,0,0,0,0,0,0,0,22,0,54,45-54,1,2,3,0,1113,0,26,11.736986301369862,357,0.008984725965858042,0.038461538461538464,42.80769230769231,94.82843137254902,2.215219421101774,0.014771358911569613
966,Graduation,Married,44529.0,0,1,2013-07-05,98,538,13,91,17,6,26,6,6,2,11,5,0,1,0,0,0,0,0,16,0,48,45-54,1,2,3,0,665,1,19,15.024657534246575,457,0.039097744360902256,0.3157894736842105,35.0,44.26057622173596,1.2645878920495988,0.011927663200629511
9725,PhD,Together,28764.0,1,1,2014-06-05,16,8,0,3,0,0,1,1,1,0,2,8,1,0,0,0,0,0,0,22,0,48,45-54,2,2,4,0,11,1,3,4.0109589041095886,122,0.09090909090909091,0.3333333333333333,3.6666666666666665,2.7424863387978147,0.7479508196721313,0.0011441328071747246
4475,PhD,Married,69098.0,0,0,2013-02-16,82,1315,22,780,145,0,178,1,7,8,9,5,0,0,0,0,0,0,0,22,0,65,65-74,0,2,2,0,2262,0,24,19.594520547945205,596,0.07869142351900972,0.041666666666666664,94.25,115.44043624161074,1.2248322147651007,0.020048123460871932
5740,2n Cycle,Divorced,25959.0,1,1,2013-02-14,1,4,2,12,7,5,26,2,1,2,2,6,0,0,0,0,0,0,1,18,0,44,35-44,2,1,3,0,30,0,5,19.660273972602738,598,0.8666666666666667,0.4,6.0,1.5259197324414717,0.25431995540691194,0.0007053829804421457
5731,Master,Married,27100.0,1,0,2013-04-05,64,12,0,13,2,0,10,1,1,0,3,7,0,0,0,0,0,0,0,18,0,31,25-34,1,2,3,0,27,0,4,18.016438356164382,548,0.37037037037037035,0.25,6.75,1.498631386861314,0.22201946472019465,0.0006636006141083309
7290,Graduation,Single,70596.0,0,0,2012-10-05,68,347,44,534,17,0,26,1,3,5,12,2,0,0,0,0,0,0,0,16,0,29,25-34,0,1,1,0,942,0,20,24.0,730,0.027600849256900213,0.05,47.1,39.25,0.8333333333333334,0.00667176610572837
3846,Graduation,Married,42557.0,0,1,2012-08-29,98,192,5,53,0,5,15,4,6,1,4,8,0,0,0,0,0,0,0,16,0,40,35-44,1,2,3,0,255,0,11,24.0,767,0.058823529411764705,0.36363636363636365,23.181818181818183,10.625,0.4583333333333333,0.0029959818596235637
8104,PhD,Married,53312.0,0,0,2013-08-09,32,241,0,12,0,0,25,1,5,1,5,7,0,0,0,0,0,0,0,22,0,63,55-64,0,2,2,0,253,0,11,13.873972602739725,422,0.09881422924901186,0.09090909090909091,23.0,18.235584518167457,0.7928515007898895,0.004104648375938053
4507,Graduation,Single,72228.0,0,0,2012-11-27,87,631,28,491,30,14,56,1,6,7,8,3,0,0,0,0,0,0,0,16,0,62,55-64,0,1,1,0,1194,0,21,22.257534246575343,677,0.04690117252931323,0.047619047619047616,56.857142857142854,53.64475627769571,0.9435007385524372,0.00891256957595875
11013,Graduation,Together,67605.0,0,0,2013-03-31,84,336,28,282,184,54,54,1,2,8,6,1,0,0,0,0,0,0,0,16,0,27,25-34,0,2,2,0,884,0,16,18.180821917808217,553,0.06108597285067873,0.0625,55.25,48.62266425557566,0.8800482218203738,0.008630603817275467
3759,Graduation,Together,65196.0,0,2,2013-07-25,34,743,19,181,12,0,200,2,7,6,11,5,1,0,0,0,0,0,0,16,0,56,55-64,2,2,4,0,955,1,24,14.367123287671232,437,0.2094240837696335,0.08333333333333333,39.791666666666664,66.47120518688025,1.6704805491990848,0.012234714740820956
1162,PhD,Single,42000.0,0,0,2013-01-10,23,124,83,267,85,59,35,2,5,2,11,5,0,0,0,0,0,0,1,22,0,27,25-34,0,1,1,0,618,0,18,20.810958904109587,633,0.05663430420711974,0.1111111111111111,34.333333333333336,29.695892575039498,0.8649289099526067,0.008484540735725571
10766,PhD,Married,65526.0,0,1,2014-04-11,22,397,19,69,12,0,9,1,4,4,8,2,0,0,0,0,0,0,0,22,0,50,45-54,1,2,3,0,497,0,16,5.8191780821917805,177,0.018108651911468814,0.0625,31.0625,85.4072504708098,2.7495291902071566,0.015640921247286842
4415,Graduation,Married,16860.0,1,1,2012-09-12,19,10,4,4,3,3,14,3,1,1,3,7,0,0,0,0,0,0,0,16,0,53,45-54,2,2,4,0,24,0,5,24.0,753,0.5833333333333334,0.6,4.8,1.0,0.20833333333333334,0.0007117437722419929
3005,Graduation,Single,83528.0,0,0,2014-05-01,7,530,117,678,134,44,147,1,4,10,8,1,1,0,0,1,0,0,1,16,0,22,18-24,0,1,1,0,1503,2,22,5.161643835616438,157,0.09780439121756487,0.045454545454545456,68.31818181818181,291.1863057324841,4.262208067940552,0.04183310589011839
2223,2n Cycle,Divorced,64176.0,0,1,2012-08-03,52,1215,33,249,64,116,149,8,8,9,8,6,0,0,0,0,0,0,0,18,0,49,45-54,1,1,2,0,1677,0,25,24.0,793,0.08884913536076326,0.32,67.08,69.875,1.0416666666666667,0.013065632011967091
4817,Graduation,Divorced,22304.0,0,0,2012-08-04,91,3,2,7,0,4,2,1,1,0,2,8,0,0,0,0,0,0,0,16,0,58,55-64,0,1,1,0,16,0,3,24.0,792,0.125,0.3333333333333333,5.333333333333333,0.6666666666666666,0.125,0.00035868005738880915
2875,Graduation,Married,67023.0,0,0,2014-03-04,93,444,44,382,11,8,17,1,3,7,13,2,0,0,0,0,0,1,0,16,0,36,35-44,0,2,2,0,889,0,23,7.068493150684931,215,0.019122609673790775,0.043478260869565216,38.65217391304348,125.76937984496125,3.253875968992248,0.022518128972733763
11112,Graduation,Together,70713.0,0,1,2012-12-03,23,736,114,279,82,76,190,6,5,6,8,3,0,0,0,0,0,0,0,16,0,48,45-54,1,2,3,0,1287,0,19,22.06027397260274,671,0.14763014763014762,0.3157894736842105,67.73684210526316,58.34016393442623,0.8612767014406358,0.009900329037279068
3807,Graduation,Together,59925.0,0,1,2012-11-30,83,473,21,176,19,21,56,3,9,2,9,6,0,0,0,0,0,0,0,16,0,59,55-64,1,2,3,0,710,0,20,22.15890410958904,674,0.07887323943661972,0.15,35.5,32.04129574678536,0.9025717111770524,0.006416279498730485
9197,Graduation,Married,39722.0,0,1,2014-02-24,92,32,0,5,2,0,8,2,2,0,3,5,0,0,0,0,0,0,0,16,0,61,55-64,1,2,3,0,39,0,5,7.331506849315068,223,0.20512820512820512,0.4,7.8,5.3195067264574,0.6819880418535127,0.0016070208125846836
10832,Graduation,Together,46610.0,0,0,2013-07-18,4,288,10,30,4,10,125,1,6,1,6,6,0,0,0,0,0,0,0,16,0,56,55-64,0,2,2,0,342,0,13,14.597260273972601,444,0.3654970760233918,0.07692307692307693,26.307692307692307,23.429054054054056,0.8905780780780782,0.006031938396237903
6421,Graduation,Together,88347.0,0,0,2013-07-03,32,1050,178,555,77,138,118,1,4,7,9,1,0,0,0,1,0,0,0,16,0,53,45-54,0,2,2,0,1998,1,20,15.090410958904108,459,0.05905905905905906,0.05,99.9,132.40196078431373,1.3253449527959333,0.017983899050468773
4207,PhD,Married,87171.0,0,0,2013-05-01,27,1001,44,107,58,44,44,1,6,7,11,2,1,0,1,0,0,0,0,22,0,33,25-34,0,2,2,0,1254,2,24,17.161643835616438,522,0.03508771929824561,0.041666666666666664,52.25,73.0699233716475,1.3984674329501916,0.010058839298158448
577,2n Cycle,Together,26907.0,1,1,2013-08-20,10,9,1,7,0,3,2,2,1,0,3,7,0,0,0,0,0,0,0,18,0,38,35-44,2,2,4,0,20,0,4,13.512328767123288,411,0.1,0.5,5.0,1.4801297648012977,0.2960259529602595,0.0006601091603529034
10855,Master,Single,50014.0,1,0,2014-01-22,9,234,14,77,19,10,42,2,4,1,8,5,0,0,0,0,0,0,0,18,0,46,45-54,1,1,2,0,354,0,13,8.416438356164383,256,0.11864406779661017,0.15384615384615385,27.23076923076923,42.06054687500001,1.5445963541666667,0.01009170557243972
3081,PhD,Married,41014.0,1,0,2013-04-22,65,7,2,6,2,0,3,1,1,0,2,7,0,0,0,0,0,0,0,22,0,36,35-44,1,2,3,0,17,0,3,17.457534246575342,531,0.17647058823529413,0.3333333333333333,5.666666666666667,0.9737915881983679,0.17184557438794726,0.00028491488414639915
3535,Graduation,Single,66294.0,0,0,2014-03-17,68,251,108,334,65,92,117,1,4,3,5,2,0,0,0,0,0,0,0,16,0,49,45-54,0,1,1,0,850,0,12,6.641095890410958,202,0.1376470588235294,0.08333333333333333,70.83333333333333,127.99092409240926,1.8069306930693072,0.023167874756522627
247,Graduation,Married,36715.0,1,0,2012-11-17,16,172,10,125,21,13,16,6,7,2,4,9,0,0,0,0,0,0,1,16,0,43,35-44,1,2,3,0,341,0,13,22.586301369863012,687,0.0469208211143695,0.46153846153846156,26.23076923076923,15.097646773410967,0.5755701115963126,0.004934543409531025
8707,Graduation,Married,79456.0,0,0,2012-08-22,12,565,42,548,64,83,99,1,5,6,4,3,0,0,0,0,0,0,1,16,0,58,55-64,0,2,2,0,1302,0,15,24.0,774,0.07603686635944701,0.06666666666666667,86.8,54.25,0.625,0.008193213854208618
9523,Graduation,Together,40479.0,1,0,2013-08-17,95,5,0,8,2,0,0,1,0,0,3,4,0,0,0,0,0,0,0,16,0,32,25-34,1,2,3,0,15,0,3,13.610958904109589,414,0.0,0.3333333333333333,5.0,1.1020531400966183,0.22041062801932368,0.00032670366563302994
6072,Master,Single,75345.0,0,0,2013-02-02,16,918,57,842,99,38,133,1,5,8,6,3,0,0,0,1,0,0,1,18,0,44,35-44,0,1,1,0,1954,1,19,20.054794520547944,610,0.06806550665301944,0.05263157894736842,102.84210526315789,97.43306010928963,0.9474043715846995,0.015517907244163189
6295,Graduation,Married,54233.0,0,1,2013-02-04,46,652,8,158,21,0,142,4,11,6,5,8,0,0,0,0,0,0,0,16,0,37,35-44,1,2,3,0,839,0,22,19.98904109589041,608,0.16924910607866508,0.18181818181818182,38.13636363636363,41.972998903508774,1.1006030701754386,0.009287260281417315
10914,Graduation,Single,24163.0,1,1,2013-10-12,3,4,1,7,2,1,2,2,1,0,3,4,0,0,0,0,0,0,0,16,0,44,35-44,2,1,3,0,15,0,4,11.769863013698629,358,0.13333333333333333,0.5,3.75,1.2744413407821231,0.33985102420856617,0.0006329220746341712
1509,PhD,Together,84460.0,0,0,2013-01-04,80,152,27,103,106,54,81,0,9,9,4,5,0,1,1,1,1,0,1,22,0,56,55-64,0,2,2,0,442,4,22,21.00821917808219,639,0.1832579185520362,0.0,20.09090909090909,21.039384454877414,1.0472091810119981,0.0029892566121066657
5577,Graduation,Together,43776.0,1,0,2014-05-03,77,8,0,9,2,1,3,1,1,0,2,6,0,0,0,0,0,0,0,16,0,31,25-34,1,2,3,0,20,0,3,5.095890410958904,155,0.15,0.3333333333333333,6.666666666666667,3.924731182795699,0.5887096774193549,0.001075858328617242
7348,PhD,Single,71691.0,0,0,2014-03-17,0,336,130,411,240,32,43,1,4,7,5,2,0,0,0,0,0,0,1,22,0,56,55-64,0,1,1,0,1149,0,16,6.641095890410958,202,0.03742384682332463,0.0625,71.8125,173.01361386138615,2.4092409240924093,0.028959888498369862
1127,PhD,Married,85844.0,0,0,2014-05-29,62,938,19,843,25,95,38,1,6,6,7,2,0,0,1,0,0,0,0,22,0,41,35-44,0,2,2,0,1920,1,19,4.241095890410959,129,0.019791666666666666,0.05263157894736842,101.05263157894737,452.71317829457365,4.4799741602067185,0.06328407506098135
1833,PhD,Single,39190.0,1,0,2014-04-26,91,68,8,18,19,8,12,2,2,1,4,5,0,0,0,0,0,0,0,22,0,40,35-44,1,1,2,0,121,0,7,5.326027397260273,162,0.09917355371900827,0.2857142857142857,17.285714285714285,22.718621399176957,1.314300411522634,0.006956454625928131
6466,PhD,Married,57236.0,1,1,2014-03-12,22,105,0,9,2,1,4,3,2,1,4,3,0,0,0,0,0,0,0,22,0,49,45-54,2,2,4,0,117,0,7,6.8054794520547945,207,0.03418803418803419,0.42857142857142855,16.714285714285715,17.192028985507246,1.0285829307568437,0.003604450832100198
9964,Graduation,Single,61825.0,0,1,2013-08-07,56,162,50,100,55,30,27,1,4,2,8,4,0,0,0,0,0,0,0,16,0,35,35-44,1,1,2,0,397,0,14,13.93972602739726,424,0.06801007556675064,0.07142857142857142,28.357142857142858,28.479756289308177,1.0043238993710693,0.0055278135943663265
4790,Graduation,Divorced,79803.0,0,1,2014-06-02,54,574,8,216,21,16,33,1,4,3,5,1,0,0,0,0,0,0,0,16,0,56,55-64,1,1,2,0,835,0,12,4.10958904109589,125,0.03952095808383234,0.08333333333333333,69.58333333333333,203.18333333333337,2.9200000000000004,0.030552736112677472
10245,2n Cycle,Single,80910.0,0,0,2012-10-31,71,160,80,369,67,39,41,1,3,3,8,1,0,0,0,0,0,0,0,18,0,28,25-34,0,1,1,0,715,0,14,23.145205479452056,704,0.057342657342657345,0.07142857142857142,51.07142857142857,30.891927083333332,0.6048768939393939,0.00458167253738722
1109,Master,Together,27590.0,1,0,2013-04-23,38,6,0,5,0,0,1,1,1,0,2,7,0,0,0,0,0,0,0,18,0,32,25-34,1,2,3,0,11,0,3,17.424657534246574,530,0.09090909090909091,0.3333333333333333,3.6666666666666665,0.6312893081761006,0.17216981132075473,0.0002745730952560061
6001,Graduation,Married,56775.0,0,1,2013-01-02,62,614,35,160,58,35,35,2,5,8,10,5,0,0,0,0,0,0,0,16,0,35,35-44,1,2,3,0,902,0,23,21.073972602739726,641,0.038802660753880266,0.08695652173913043,39.21739130434783,42.801612064482576,1.0913936557462298,0.009046575865676634
5538,Graduation,Divorced,83829.0,0,0,2013-10-08,78,897,161,430,186,161,27,0,4,7,6,1,1,0,1,1,0,0,1,16,0,39,35-44,0,1,1,0,1835,3,17,11.901369863013699,362,0.014713896457765668,0.0,107.94117647058823,154.18393186003684,1.4284069981583793,0.022071206650687018
10552,2n Cycle,Married,54210.0,0,1,2013-05-20,18,70,54,109,80,9,45,2,4,1,7,5,0,0,0,0,0,0,0,18,0,35,35-44,1,2,3,0,322,0,12,16.53698630136986,503,0.13975155279503104,0.16666666666666666,26.833333333333332,19.471504307488406,0.7256461232604374,0.004310238916986919
1545,Graduation,Married,38508.0,1,0,2013-08-02,95,120,19,206,25,19,54,6,7,2,5,8,0,0,0,0,0,0,0,16,0,28,25-34,1,2,3,0,389,0,14,14.104109589041096,429,0.13881748071979436,0.42857142857142855,27.785714285714285,27.58061383061383,0.9926184926184926,0.008594769034158253
7409,Graduation,Together,53187.0,1,0,2013-10-26,66,211,2,30,7,7,10,2,4,1,6,5,0,0,0,0,0,0,0,16,0,44,35-44,1,2,3,0,257,0,11,11.30958904109589,344,0.038910505836575876,0.18181818181818182,23.363636363636363,22.72407945736434,0.9726259689922481,0.005126985043119034
4444,Graduation,Married,30023.0,1,0,2014-03-24,28,11,0,16,7,6,21,1,2,0,3,8,0,0,0,0,0,0,0,16,0,42,35-44,1,2,3,0,40,0,5,6.410958904109589,195,0.525,0.2,8.0,6.239316239316239,0.7799145299145299,0.0024938145712218923
146,PhD,Single,76045.0,0,0,2013-11-15,78,760,53,400,17,93,0,1,4,5,11,2,0,0,0,1,0,0,0,22,0,54,45-54,0,1,1,0,1323,1,20,10.652054794520547,324,0.0,0.05,66.15,124.2013888888889,1.8775720164609055,0.01959914085957876
6271,PhD,Married,50870.0,0,1,2014-06-19,13,53,0,8,0,0,2,1,2,0,3,5,0,0,0,0,0,0,0,22,0,62,55-64,1,2,3,0,61,0,5,3.5506849315068494,108,0.03278688524590164,0.2,12.2,17.179783950617285,1.408179012345679,0.0040526323453392455
4741,2n Cycle,Married,65463.0,1,0,2014-01-30,17,391,32,70,21,32,16,2,6,2,9,5,0,1,0,0,0,0,0,18,0,40,35-44,1,2,3,0,546,1,17,8.153424657534247,248,0.029304029304029304,0.11764705882352941,32.11764705882353,66.96572580645162,2.085013440860215,0.012275464150396704
246,Graduation,Married,66480.0,1,1,2014-05-31,71,199,9,57,20,21,6,7,4,1,7,4,0,0,0,0,0,0,0,16,0,49,45-54,2,2,4,0,306,0,12,4.175342465753425,127,0.0196078431372549,0.5833333333333334,25.5,73.28740157480314,2.874015748031496,0.01322877284743739
375,Graduation,Divorced,76773.0,0,0,2013-02-25,79,516,56,449,86,33,16,1,2,2,11,1,0,0,0,0,0,0,0,16,0,60,55-64,0,1,1,0,1140,0,15,19.2986301369863,587,0.014035087719298246,0.06666666666666667,76.0,59.07155025553663,0.7772572402044293,0.009233175765782756
1524,2n Cycle,Single,81698.0,0,0,2013-03-01,1,709,45,115,30,160,45,1,8,2,5,5,0,0,0,1,0,0,1,18,0,31,25-34,0,1,1,0,1059,1,15,19.16712328767123,583,0.042492917847025496,0.06666666666666667,70.6,55.25085763293311,0.7825900514579761,0.008115379710582845
10022,PhD,Single,54466.0,1,1,2014-02-09,78,12,0,4,0,0,0,1,1,0,2,5,0,0,0,0,0,0,0,22,0,41,35-44,2,1,3,0,16,0,3,7.824657534246575,238,0.0,0.3333333333333333,5.333333333333333,2.044817927170868,0.38340336134453784,0.0004505161959029563
11010,PhD,Single,16269.0,1,0,2013-08-30,75,19,3,18,3,1,0,3,3,0,3,8,0,0,0,0,0,0,0,22,0,30,25-34,1,1,2,0,44,0,6,13.183561643835615,401,0.0,0.5,7.333333333333333,3.3374896093100586,0.4551122194513716,0.0024617293817518413
4356,Graduation,Together,71819.0,0,1,2013-08-28,70,1224,28,140,0,14,168,3,3,3,5,6,0,1,1,0,0,0,0,16,0,43,35-44,1,2,3,0,1406,2,11,13.24931506849315,403,0.11948790896159317,0.2727272727272727,127.81818181818181,106.11869313482217,0.8302315963606287,0.017731022676699286
3885,PhD,Married,33569.0,1,0,2013-10-16,10,16,2,18,3,0,24,1,1,1,2,8,1,0,0,0,0,0,1,22,0,31,25-34,1,2,3,0,39,1,4,11.638356164383561,354,0.6153846153846154,0.25,9.75,3.350988700564972,0.3436911487758946,0.001197886872018221
1175,Master,Married,36262.0,0,0,2013-09-20,24,88,39,54,64,28,153,1,3,5,3,6,1,0,0,0,0,0,1,18,0,31,25-34,0,2,2,0,273,1,11,12.493150684931507,380,0.5604395604395604,0.09090909090909091,24.818181818181817,21.851973684210527,0.8804824561403508,0.007231362975305453
880,Basic,Together,22634.0,0,0,2013-01-16,47,2,23,11,8,6,46,1,2,1,2,8,0,0,0,0,0,0,0,12,0,48,45-54,0,2,2,0,50,0,5,20.613698630136984,627,0.92,0.2,10.0,2.425571504518873,0.24255715045188733,0.001285979413900613
2320,2n Cycle,Married,47025.0,0,1,2013-09-12,98,508,11,59,23,5,29,5,11,1,6,9,0,0,0,0,0,0,0,18,0,36,35-44,1,2,3,0,606,0,18,12.756164383561643,388,0.04785478547854786,0.2777777777777778,33.666666666666664,47.506443298969074,1.4110824742268042,0.012122856344234533
850,Graduation,Single,70566.0,0,1,2013-10-06,4,381,28,215,84,28,21,2,6,5,9,3,0,0,0,0,0,0,0,16,0,46,45-54,1,1,2,0,736,0,20,11.967123287671232,364,0.028532608695652172,0.1,36.8,61.50183150183151,1.6712454212454213,0.010458605816143442
4713,PhD,Married,31605.0,1,0,2012-11-22,15,74,0,42,2,1,6,2,2,1,4,7,0,0,0,0,0,0,0,22,0,35,35-44,1,2,3,0,119,0,7,22.421917808219177,682,0.05042016806722689,0.2857142857142857,17.0,5.307306940371457,0.3121945259042033,0.002015114168152428
675,Master,Divorced,52034.0,1,1,2013-05-17,67,146,0,93,7,13,73,5,4,2,5,7,0,0,0,0,0,0,0,18,0,41,35-44,2,1,3,0,259,0,11,16.635616438356163,506,0.28185328185328185,0.45454545454545453,23.545454545454547,15.569005270092228,0.6612318840579711,0.0035904997355787893
5025,Graduation,Single,48526.0,1,0,2013-12-24,32,23,17,23,43,20,9,1,2,1,4,3,0,0,0,0,0,0,0,16,0,35,35-44,1,1,2,0,126,0,7,9.36986301369863,285,0.07142857142857142,0.14285714285714285,18.0,13.447368421052632,0.7470760233918129,0.003325401249899674
2308,Graduation,Married,46734.0,0,1,2012-11-18,40,110,5,137,26,23,29,2,6,1,5,7,0,0,0,0,0,0,0,16,0,60,55-64,1,2,3,0,301,0,12,22.553424657534247,686,0.09634551495016612,0.16666666666666666,25.083333333333332,13.34608843537415,0.532069970845481,0.0034269067750350877
5995,Graduation,Divorced,39552.0,1,1,2012-12-18,54,165,3,147,4,24,41,7,6,2,5,8,0,0,0,0,0,0,1,16,0,52,45-54,2,1,3,0,343,0,13,21.567123287671233,656,0.119533527696793,0.5384615384615384,26.384615384615383,15.903836382113822,0.6027693089430894,0.00482519307709764
6749,Graduation,Single,86358.0,1,1,2012-08-08,78,957,47,494,82,47,95,4,5,3,6,8,0,0,0,0,0,0,0,16,0,48,45-54,2,1,3,0,1627,0,14,24.0,788,0.05838967424708052,0.2857142857142857,116.21428571428571,67.79166666666667,0.5833333333333334,0.009420088468931657
1010,Graduation,Together,46931.0,2,1,2014-04-24,94,41,0,17,3,1,16,2,1,1,3,3,0,0,0,0,0,0,0,16,0,37,35-44,3,2,5,0,62,0,5,5.391780821917808,164,0.25806451612903225,0.4,12.4,11.498983739837398,0.9273373983739838,0.002940227245915254
8977,Basic,Single,16581.0,0,0,2013-01-12,51,1,3,4,2,3,11,1,0,0,3,4,0,0,0,0,0,0,0,12,0,29,25-34,0,1,1,0,13,0,3,20.745205479452054,631,0.8461538461538461,0.3333333333333333,4.333333333333333,0.6266508188061278,0.14461172741679873,0.000453519680699206
4756,2n Cycle,Divorced,63998.0,0,0,2013-12-20,42,176,29,818,0,33,112,1,7,6,11,4,0,0,0,0,0,0,1,18,0,62,55-64,0,1,1,0,1056,0,24,9.501369863013698,289,0.10606060606060606,0.041666666666666664,44.0,111.14186851211073,2.5259515570934257,0.020839751588257894
3412,Master,Married,67381.0,0,1,2013-01-15,67,815,8,53,11,0,70,4,2,2,9,7,0,1,0,0,0,0,0,18,0,63,55-64,1,2,3,0,887,1,13,20.646575342465752,628,0.07891770011273957,0.3076923076923077,68.23076923076923,42.96111995753716,0.6296443736730362,0.007651020903377004
606,Graduation,Single,25930.0,1,1,2013-10-10,87,6,1,2,2,0,4,1,1,0,2,7,0,0,0,0,0,0,0,16,0,47,45-54,2,1,3,0,11,0,3,11.835616438356164,360,0.36363636363636365,0.3333333333333333,3.6666666666666665,0.9293981481481483,0.2534722222222222,0.0004301109825598835
5961,Graduation,Married,42693.0,1,0,2014-06-07,29,8,4,20,6,3,16,1,1,0,3,5,0,0,0,0,0,0,0,16,0,36,35-44,1,2,3,0,41,0,4,3.9452054794520546,120,0.3902439024390244,0.25,10.25,10.392361111111112,1.0138888888888888,0.0029210487277383495
2975,Graduation,Together,85606.0,0,1,2012-11-12,89,717,42,864,219,30,84,2,6,7,9,3,0,0,0,1,0,0,0,16,0,38,35-44,1,2,3,0,1872,1,22,22.75068493150685,692,0.04487179487179487,0.09090909090909091,85.0909090909091,82.28323699421965,0.9670038535645472,0.011534224749791322
2894,Graduation,Single,72903.0,0,0,2013-10-29,74,1067,138,750,0,19,39,1,7,5,8,4,0,1,1,1,0,0,1,16,0,29,25-34,0,1,1,0,1974,3,20,11.210958904109589,341,0.019756838905775075,0.05,98.7,176.0777126099707,1.7839687194525904,0.02898279290728294
7613,2n Cycle,Together,49669.0,1,0,2014-05-24,97,166,5,107,11,8,29,2,5,1,6,6,0,0,0,0,0,0,0,18,0,40,35-44,1,2,3,0,297,0,12,4.405479452054794,134,0.09764309764309764,0.16666666666666666,24.75,67.4160447761194,2.723880597014926,0.016287675155800055
10542,PhD,Married,36778.0,1,1,2012-08-05,63,29,4,34,2,4,4,3,3,0,3,9,0,0,0,0,0,0,0,22,0,46,45-54,2,2,4,0,73,0,6,24.0,791,0.0547945205479452,0.5,12.166666666666666,3.0416666666666665,0.25,0.0009924411332862036
8015,PhD,Divorced,85696.0,0,0,2013-05-03,88,714,76,395,116,0,12,1,4,6,9,1,0,0,0,0,0,0,1,22,0,52,45-54,0,1,1,0,1301,0,19,17.095890410958905,520,0.009223674096848577,0.05263157894736842,68.47368421052632,76.10016025641025,1.111378205128205,0.010656295778996955
11166,Graduation,Married,49678.0,0,1,2013-02-02,81,229,5,56,3,2,20,2,6,2,4,7,0,0,0,0,0,0,0,16,0,53,45-54,1,2,3,0,295,0,12,20.054794520547944,610,0.06779661016949153,0.16666666666666666,24.583333333333332,14.709699453551913,0.5983606557377049,0.0035532105447607185
523,Graduation,Married,37155.0,1,0,2013-01-31,51,23,0,26,7,15,3,1,2,0,4,5,0,0,0,0,0,0,0,16,0,25,25-34,1,2,3,0,71,0,6,20.12054794520548,612,0.04225352112676056,0.16666666666666666,11.833333333333334,3.528730936819172,0.29820261437908496,0.0011396789460861275
4066,2n Cycle,Divorced,21282.0,1,0,2014-05-11,76,1,5,8,4,8,20,2,2,1,2,6,0,0,0,0,0,0,0,18,0,36,35-44,1,1,2,0,26,0,5,4.832876712328767,147,0.7692307692307693,0.4,5.2,5.379818594104308,1.034580498866213,0.003033447191488192
8414,PhD,Single,33419.0,0,1,2013-08-17,76,56,0,12,0,0,18,2,2,0,4,7,0,0,0,0,0,0,0,22,0,52,45-54,1,1,2,0,68,0,6,13.610958904109589,414,0.2647058823529412,0.3333333333333333,11.333333333333334,4.99597423510467,0.44082125603864736,0.0017939402980716372
819,Graduation,Widow,63285.0,0,0,2013-11-05,84,508,124,249,50,38,134,1,6,5,13,3,0,0,0,0,0,0,0,16,0,69,65-74,0,1,1,0,969,0,24,10.98082191780822,334,0.13828689370485037,0.041666666666666664,40.375,88.24476047904191,2.18562874251497,0.016732829671304465
4961,Master,Together,21255.0,1,0,2014-01-21,56,29,0,25,2,2,3,4,2,1,4,4,0,0,0,0,0,0,0,18,0,40,35-44,1,2,3,0,58,0,7,8.449315068493151,257,0.05172413793103448,0.5714285714285714,8.285714285714286,6.864461738002594,0.8284695201037613,0.003875490042626729
749,Graduation,Together,42162.0,1,0,2013-11-19,31,46,7,59,2,4,27,2,3,1,3,6,1,0,0,0,0,0,1,16,0,33,25-34,1,2,3,0,118,1,7,10.520547945205479,320,0.2288135593220339,0.2857142857142857,16.857142857142858,11.216145833333334,0.6653645833333334,0.003192299938333096
5430,Graduation,Together,54450.0,1,1,2012-09-14,0,454,0,171,8,19,32,12,9,2,8,8,0,0,0,0,0,0,0,16,0,58,55-64,2,2,4,0,652,0,19,24.0,751,0.049079754601226995,0.631578947368421,34.31578947368421,27.166666666666668,0.7916666666666666,0.005987144168962351
7755,PhD,Married,57744.0,0,1,2013-11-12,91,350,3,39,0,0,19,2,9,1,4,8,0,0,0,0,0,0,0,22,0,60,55-64,1,2,3,0,392,0,14,10.750684931506848,327,0.04846938775510204,0.14285714285714285,28.0,36.46279306829766,1.3022426095820592,0.007577471543702755
10525,Graduation,Single,26576.0,1,0,2012-10-13,40,10,0,8,0,0,9,1,1,0,2,9,1,0,0,0,0,0,1,16,0,28,25-34,1,1,2,0,18,1,3,23.73698630136986,722,0.5,0.3333333333333333,6.0,0.7583102493074793,0.12638504155124655,0.0003424037850575614
1453,PhD,Widow,57513.0,0,0,2013-07-06,59,735,40,183,52,20,30,2,9,3,13,6,0,0,0,0,0,0,0,22,0,71,65-74,0,1,1,0,1030,0,25,14.991780821917807,456,0.02912621359223301,0.08,41.2,68.70431286549709,1.6675804093567252,0.014335050412706085
8310,Graduation,Together,68142.0,0,1,2012-08-29,96,897,126,196,91,112,37,3,10,4,7,6,0,0,0,0,0,0,0,16,0,50,45-54,1,2,3,0,1422,0,21,24.0,767,0.026019690576652602,0.14285714285714285,67.71428571428571,59.25,0.875,0.010434093510610197
10710,Graduation,Married,7500.0,0,1,2012-08-29,61,5,2,3,3,0,5,1,1,0,2,8,0,0,0,0,0,0,0,16,0,35,35-44,1,2,3,0,13,0,3,24.0,767,0.38461538461538464,0.3333333333333333,4.333333333333333,0.5416666666666666,0.125,0.0008666666666666666
5031,Graduation,Together,83145.0,0,0,2012-09-22,14,777,35,731,39,137,114,1,5,9,11,2,0,0,1,0,0,0,1,16,0,40,35-44,0,2,2,0,1719,1,25,24.0,743,0.06631762652705062,0.04,68.76,71.625,1.0416666666666667,0.010337362439112393
2613,Master,Married,54197.0,0,1,2014-04-03,16,162,6,37,6,13,13,2,1,3,6,1,0,0,0,0,0,0,0,18,0,54,45-54,1,2,3,0,224,0,10,6.082191780821917,185,0.05803571428571429,0.2,22.4,36.82882882882883,1.6441441441441442,0.008154435595068841
213,PhD,Single,23091.0,1,1,2014-05-28,98,35,0,11,0,0,2,4,2,1,3,7,0,0,0,0,0,0,0,22,0,51,45-54,2,1,3,0,46,0,6,4.273972602739726,130,0.043478260869565216,0.6666666666666666,7.666666666666667,10.762820512820513,1.4038461538461537,0.005593254781250104
967,Graduation,Married,46049.0,1,1,2013-07-21,11,342,9,112,19,14,19,10,5,2,9,7,0,0,0,0,0,0,1,16,0,38,35-44,2,2,4,0,496,0,16,14.4986301369863,441,0.038306451612903226,0.625,31.0,34.21012849584279,1.1035525321239608,0.008914885056138319
1077,Graduation,Together,56715.0,0,0,2012-12-05,52,258,105,239,237,172,9,1,7,3,4,4,0,0,0,0,0,0,0,16,0,40,35-44,0,2,2,0,1011,0,14,21.994520547945204,669,0.008902077151335312,0.07142857142857142,72.21428571428571,45.96599402092676,0.6365221723966119,0.009725679771685111
7959,Graduation,Married,79410.0,0,0,2014-05-29,19,658,80,483,123,13,13,1,3,2,5,1,0,0,0,0,0,0,0,16,0,53,45-54,0,2,2,0,1357,0,10,4.241095890410959,129,0.009579955784819455,0.1,135.7,319.96447028423773,2.3578811369509043,0.048351261093198
640,Graduation,Married,57304.0,0,1,2013-03-11,61,356,80,329,138,17,106,2,7,6,10,5,0,0,0,0,0,0,0,16,0,63,55-64,1,2,3,0,920,0,23,18.838356164383562,573,0.11521739130434783,0.08695652173913043,40.0,48.83653286794648,1.220913321698662,0.010226832235365033
4252,Graduation,Married,44375.0,0,1,2014-03-23,73,213,5,28,7,7,41,1,4,1,6,5,0,0,0,0,0,0,0,16,0,49,45-54,1,2,3,0,260,0,11,6.443835616438356,196,0.1576923076923077,0.09090909090909091,23.636363636363637,40.34863945578231,1.7070578231292517,0.010911181373958034
6218,Graduation,Married,59594.0,0,1,2012-10-20,74,457,4,29,0,0,9,1,8,1,7,7,0,1,0,0,0,0,0,16,0,49,45-54,1,2,3,0,490,1,16,23.506849315068493,715,0.018367346938775512,0.0625,30.625,20.844988344988344,0.6806526806526807,0.004197400076179819
6905,Graduation,Together,80685.0,0,0,2012-08-22,55,241,45,604,34,26,54,1,6,4,10,2,0,0,0,0,0,0,0,16,0,20,18-24,0,2,2,0,950,0,20,24.0,774,0.056842105263157895,0.05,47.5,39.583333333333336,0.8333333333333334,0.005887091776662329
5922,PhD,Married,40344.0,0,1,2013-10-13,48,210,0,6,0,0,2,2,4,1,5,7,0,0,0,0,0,0,0,22,0,40,35-44,1,2,3,0,216,0,10,11.736986301369862,357,0.009259259259259259,0.2,21.6,18.403361344537817,0.8520074696545286,0.005473932583146287
3598,Graduation,Married,62710.0,0,1,2013-05-23,53,441,35,83,7,29,11,4,4,2,12,4,0,0,0,0,0,0,0,16,0,42,35-44,1,2,3,0,595,0,18,16.43835616438356,500,0.018487394957983194,0.2222222222222222,33.05555555555556,36.19583333333334,1.0950000000000002,0.006926327539467391
6116,2n Cycle,Married,48985.0,0,1,2013-07-05,13,19,13,18,10,7,8,1,1,1,3,3,0,0,0,0,0,0,0,18,0,46,45-54,1,2,3,0,67,0,5,15.024657534246575,457,0.11940298507462686,0.2,13.4,4.459336250911743,0.33278628738147337,0.0010924167604560767
6263,Graduation,Together,35322.0,1,2,2012-08-22,34,28,9,37,12,7,13,3,2,0,4,8,0,0,0,0,0,0,0,16,0,46,45-54,3,2,5,0,93,0,6,24.0,774,0.13978494623655913,0.5,15.5,3.875,0.25,0.001316459996602684
10486,Graduation,Married,77142.0,0,0,2013-05-29,54,476,75,162,29,151,97,1,4,4,8,2,0,0,0,0,0,0,0,16,0,66,65-74,0,2,2,0,893,0,16,16.241095890410957,494,0.10862262038073908,0.0625,55.8125,54.983974358974365,0.9851551956815116,0.008553157713148381
2410,Graduation,Single,81657.0,0,0,2014-01-22,69,364,40,425,158,60,50,1,3,4,8,1,0,0,0,0,0,0,0,16,0,45,45-54,0,1,1,0,1047,0,15,8.416438356164383,256,0.04775549188156638,0.06666666666666667,69.8,124.39941406250001,1.7822265625000002,0.018281261480950807
193,Basic,Married,14421.0,0,0,2014-02-17,81,0,0,2,3,3,8,1,1,0,2,5,1,0,0,0,0,0,0,12,0,18,18-24,0,2,2,0,8,1,3,7.561643835616438,230,1.0,0.3333333333333333,2.6666666666666665,1.0579710144927537,0.3967391304347826,0.0008803586557043925
8278,PhD,Married,74214.0,0,0,2012-08-26,3,863,83,547,86,99,33,1,8,2,5,5,0,0,0,0,0,0,0,22,0,24,18-24,0,2,2,0,1678,0,15,24.0,770,0.01966626936829559,0.06666666666666667,111.86666666666666,69.91666666666667,0.625,0.011305144581884821
10660,Master,Married,66726.0,1,1,2014-01-12,61,349,7,35,0,0,47,3,8,2,4,7,0,1,0,0,0,0,0,18,0,57,55-64,2,2,4,0,391,1,14,8.745205479452055,266,0.12020460358056266,0.21428571428571427,27.928571428571427,44.71021303258145,1.6008771929824561,0.008040682138761164
8686,Basic,Together,23724.0,1,0,2013-01-08,65,5,23,15,0,18,14,2,2,0,3,8,0,0,0,0,0,0,0,12,0,35,35-44,1,2,3,0,61,0,5,20.876712328767123,635,0.22950819672131148,0.4,12.2,2.9219160104986877,0.239501312335958,0.001477954481789928
1604,Master,Married,47353.0,0,1,2013-11-13,93,184,2,19,8,8,4,3,2,2,6,5,0,0,0,0,0,0,0,18,0,54,45-54,1,2,3,0,221,0,10,10.717808219178082,326,0.01809954751131222,0.3,22.1,20.619887525562373,0.9330265848670757,0.00522540599976239
5907,Master,Married,33444.0,1,1,2012-11-03,24,8,0,8,0,0,2,1,1,0,2,8,0,0,0,0,0,0,0,18,0,62,55-64,2,2,4,0,16,0,3,23.046575342465754,701,0.125,0.3333333333333333,5.333333333333333,0.6942463147883975,0.13017118402282454,0.00024910165582647917
10669,Graduation,Married,54386.0,0,1,2013-05-17,8,277,21,64,62,21,25,2,3,2,10,3,0,0,0,0,0,0,0,16,0,33,25-34,1,2,3,0,445,0,15,16.635616438356163,506,0.056179775280898875,0.13333333333333333,29.666666666666668,26.74983530961792,0.9016798418972333,0.005902217918497684
2918,Graduation,Divorced,28510.0,1,1,2013-04-13,72,44,5,19,0,4,19,3,2,0,4,5,0,0,0,0,0,0,0,16,0,33,25-34,2,1,3,0,72,0,6,17.753424657534246,540,0.2638888888888889,0.5,12.0,4.055555555555555,0.33796296296296297,0.001707003390623173
359,Graduation,Together,48070.0,0,1,2013-01-13,33,373,14,83,6,9,19,3,8,2,6,7,0,0,0,0,0,1,0,16,0,64,55-64,1,2,3,0,485,0,16,20.712328767123285,630,0.03917525773195876,0.1875,30.3125,23.416005291005295,0.7724867724867726,0.005845476669275297
8387,Graduation,Married,43140.0,0,1,2013-01-05,68,134,8,76,6,0,11,1,4,1,5,6,0,0,0,0,0,0,0,16,0,57,55-64,1,2,3,0,224,0,10,20.975342465753425,638,0.049107142857142856,0.1,22.4,10.679205851619646,0.47675026123301983,0.00297057186415011
1829,PhD,Divorced,54959.0,0,1,2013-01-19,55,1148,0,60,0,0,24,3,9,5,4,7,0,1,0,0,0,0,1,22,0,53,45-54,1,1,2,0,1208,1,18,20.515068493150682,624,0.019867549668874173,0.16666666666666666,67.11111111111111,58.88354700854702,0.8774038461538463,0.012856903584536913
3839,Basic,Single,15056.0,1,1,2013-05-03,76,6,12,3,21,6,40,5,2,2,3,5,0,0,0,0,0,0,0,12,0,56,55-64,2,1,3,0,48,0,7,17.095890410958905,520,0.8333333333333334,0.7142857142857143,6.857142857142857,2.8076923076923075,0.4094551282051282,0.0022377993950788845
9392,Graduation,Single,26954.0,1,0,2014-05-08,17,4,1,11,0,0,1,1,1,0,2,7,0,0,0,0,0,0,0,16,0,43,35-44,1,1,2,0,16,0,3,4.931506849315069,150,0.0625,0.3333333333333333,5.333333333333333,3.2444444444444445,0.6083333333333333,0.0014444361999455865
2292,Graduation,Single,22327.0,1,0,2013-08-02,94,5,4,8,2,0,5,1,1,0,3,5,0,0,0,0,0,0,0,16,0,29,25-34,1,1,2,0,19,0,4,14.104109589041096,429,0.2631578947368421,0.25,4.75,1.3471250971250972,0.2836052836052836,0.000724033733394597
10466,Graduation,Married,44393.0,1,1,2013-08-22,86,24,2,20,2,2,10,2,1,0,4,4,0,0,0,0,0,0,0,16,0,49,45-54,2,2,4,0,50,0,5,13.446575342465753,409,0.2,0.4,10.0,3.718418907905461,0.3718418907905461,0.0010051365506919003
9855,PhD,Single,62000.0,0,1,2013-08-25,25,899,0,101,0,0,20,1,6,6,13,4,0,0,0,1,0,0,0,22,0,62,55-64,1,1,2,0,1000,1,25,13.347945205479451,406,0.02,0.04,40.0,74.91789819376027,1.8729474548440066,0.01450023836008263
4088,PhD,Together,31497.0,0,1,2012-12-06,22,108,1,28,13,1,4,2,3,1,4,8,0,0,0,0,0,0,0,22,0,52,45-54,1,2,3,0,151,0,8,21.96164383561644,668,0.026490066225165563,0.25,18.875,6.8756237524950095,0.3642714570858283,0.002619534718542722
5231,2n Cycle,Married,45894.0,0,2,2014-02-27,15,27,2,7,0,2,13,1,1,0,3,5,0,0,0,0,0,0,0,18,0,40,35-44,2,2,4,0,38,0,4,7.232876712328767,220,0.34210526315789475,0.25,9.5,5.253787878787879,0.5530303030303031,0.00137371888581197
590,Master,Divorced,78579.0,0,0,2012-12-22,35,816,66,549,216,66,99,1,5,6,4,3,0,0,0,0,0,0,1,18,0,44,35-44,0,1,1,0,1713,0,15,21.435616438356163,652,0.05779334500875657,0.06666666666666667,114.2,79.91372699386504,0.6997699386503068,0.012203829571849737
8732,Master,Widow,67369.0,0,1,2012-11-17,81,1298,0,70,37,14,42,4,7,4,10,4,0,1,1,0,0,0,1,18,0,45,45-54,1,1,2,0,1419,2,21,22.586301369863012,687,0.02959830866807611,0.19047619047619047,67.57142857142857,62.825691411935956,0.9297671033478895,0.011190730112414188
2315,Graduation,Divorced,58401.0,0,1,2014-04-20,55,10,0,11,17,29,29,1,1,2,2,4,0,0,0,0,0,0,0,16,0,54,45-54,1,1,2,0,67,0,5,5.523287671232876,168,0.43283582089552236,0.2,13.4,12.13045634920635,0.9052579365079366,0.0024925168437265836
3515,Graduation,Single,62307.0,0,1,2014-02-17,94,87,13,34,10,6,10,1,4,0,4,5,0,0,0,0,0,0,0,16,0,62,55-64,1,1,2,0,150,0,8,7.561643835616438,230,0.06666666666666667,0.125,18.75,19.83695652173913,1.0579710144927537,0.0038204933355942276
2245,Master,Married,43641.0,1,1,2013-04-22,50,57,2,51,4,2,23,3,2,1,4,6,0,0,0,0,0,0,0,18,0,45,45-54,2,2,4,0,116,0,7,17.457534246575342,531,0.19827586206896552,0.42857142857142855,16.571428571428573,6.644695543000628,0.4009730069052103,0.0018270971452534895
6606,Master,Married,70091.0,1,0,2013-03-31,11,964,34,137,15,0,11,2,5,2,10,8,0,1,0,0,0,0,0,18,0,45,45-54,1,2,3,0,1150,1,17,18.180821917808217,553,0.009565217391304347,0.11764705882352941,67.6470588235294,63.25346594333937,0.9350512356841472,0.01082937311951709
5545,PhD,Married,78075.0,0,0,2014-04-05,72,572,8,259,34,35,80,1,3,5,5,1,0,0,0,0,0,0,0,22,0,42,35-44,0,2,2,0,908,0,13,6.016438356164383,183,0.0881057268722467,0.07692307692307693,69.84615384615384,150.91985428051004,2.1607468123861566,0.02319613514397849
7342,2n Cycle,Widow,59184.0,0,1,2012-09-09,6,341,142,113,259,151,66,3,6,6,12,5,0,0,0,0,0,0,0,18,0,53,45-54,1,1,2,0,1006,0,24,24.0,756,0.06560636182902585,0.125,41.916666666666664,41.916666666666664,1.0,0.008498918626655852
9500,Graduation,Married,58113.0,0,1,2013-01-25,66,221,104,169,102,78,84,3,9,2,8,7,0,0,0,0,0,1,0,16,0,55,55-64,1,2,3,0,674,0,19,20.317808219178083,618,0.12462908011869436,0.15789473684210525,35.473684210526315,33.17286947141316,0.9351402373247033,0.006850006601912788
3602,Master,Married,51412.0,0,1,2013-12-31,42,140,3,29,4,5,14,2,3,2,4,4,0,0,0,0,0,0,0,18,0,56,55-64,1,2,3,0,181,0,9,9.13972602739726,278,0.07734806629834254,0.2222222222222222,20.11111111111111,19.80365707434053,0.9847122302158274,0.004622342738895324
2995,Master,Together,66636.0,0,0,2013-08-17,64,291,10,689,84,10,0,1,3,4,9,1,0,0,0,0,0,0,0,18,0,57,55-64,0,2,2,0,1084,0,16,13.610958904109589,414,0.0,0.0625,67.75,79.64170692431561,1.1755233494363928,0.01434210461449948
1118,Master,Married,50965.0,0,1,2013-02-20,87,544,13,85,8,6,29,3,10,4,5,8,1,0,0,0,0,0,0,18,0,58,55-64,1,2,3,0,656,1,19,19.463013698630135,592,0.04420731707317073,0.15789473684210525,34.526315789473685,33.70495495495496,0.9762105855855857,0.007936023927390552
3068,Graduation,Married,18351.0,0,0,2013-10-29,1,1,12,9,0,14,7,1,2,0,3,7,0,0,0,0,0,0,0,16,0,24,18-24,0,2,2,0,36,0,5,11.210958904109589,341,0.19444444444444445,0.2,7.2,3.211143695014663,0.4459921798631476,0.0020998160503610678
8955,PhD,Together,40451.0,0,2,2014-02-16,54,35,0,4,0,0,10,1,1,1,2,5,1,0,0,0,0,0,0,22,0,57,55-64,2,2,4,0,39,1,4,7.594520547945205,231,0.2564102564102564,0.25,9.75,5.1352813852813854,0.5266955266955268,0.0015234079904916226
945,Graduation,Together,36317.0,0,1,2013-05-22,53,87,3,25,3,2,13,2,3,0,4,7,0,0,0,0,0,0,0,16,0,49,45-54,1,2,3,0,120,0,7,16.471232876712328,501,0.10833333333333334,0.2857142857142857,17.142857142857142,7.285429141716567,0.4249833666001331,0.002407278952022436
5644,Graduation,Together,42213.0,0,1,2013-10-12,96,309,3,24,4,3,20,2,5,1,7,7,0,1,0,0,0,0,0,16,0,57,55-64,1,2,3,0,343,1,13,11.769863013698629,358,0.05830903790087463,0.15384615384615385,26.384615384615383,29.142225325884546,1.10451582867784,0.008284336671419102
7192,Graduation,Together,65748.0,0,1,2013-04-15,58,172,73,93,95,78,34,2,2,4,10,1,0,0,0,0,0,1,0,16,0,59,55-64,1,2,3,0,511,0,16,17.687671232876713,538,0.06653620352250489,0.125,31.9375,28.89017967781908,0.9045848822800495,0.0052728928048583834
2324,Graduation,Together,77044.0,0,1,2013-10-27,12,625,38,242,50,34,76,2,7,11,11,4,1,0,0,0,0,0,0,16,0,42,35-44,1,2,3,0,989,1,29,11.276712328767124,343,0.07684529828109202,0.06896551724137931,34.10344827586207,87.70286686103013,2.571671525753158,0.013660173437676674
697,Graduation,Together,74918.0,0,0,2013-03-12,78,972,59,913,25,19,59,1,5,9,6,3,0,0,1,0,0,0,0,16,0,45,45-54,0,2,2,0,1988,1,20,18.805479452054794,572,0.029678068410462777,0.05,99.4,105.71386946386947,1.0635198135198136,0.016932732234795824
3439,Graduation,Married,56721.0,1,1,2012-10-31,64,157,6,39,6,13,75,5,4,1,5,6,0,0,0,0,0,0,0,16,0,42,35-44,2,2,4,0,221,0,10,23.145205479452056,704,0.3393665158371041,0.5,22.1,9.548413825757576,0.43205492424242425,0.002020080145080145
1506,Graduation,Single,42160.0,1,1,2013-06-28,26,48,9,45,3,15,20,4,2,1,4,6,0,0,0,0,0,0,1,16,0,39,35-44,2,1,3,0,120,0,7,15.254794520547945,464,0.16666666666666666,0.5714285714285714,17.142857142857142,7.866379310344827,0.4588721264367816,0.0022390073938362886
232,Graduation,Single,61559.0,0,1,2013-07-17,8,279,83,88,32,14,34,1,4,2,10,3,0,0,0,0,0,0,0,16,0,49,45-54,1,1,2,0,496,0,16,14.63013698630137,445,0.06854838709677419,0.0625,31.0,33.90262172284644,1.0936329588014981,0.006608805547103709
8876,PhD,Together,33629.0,1,1,2012-08-08,49,132,0,16,0,0,4,5,3,1,4,9,0,0,0,0,0,0,0,22,0,51,45-54,2,2,4,0,148,0,8,24.0,788,0.02702702702702703,0.625,18.5,6.166666666666667,0.3333333333333333,0.002200481727080794
9739,Graduation,Single,34377.0,0,1,2013-01-19,55,62,0,22,3,1,26,2,2,2,2,7,0,0,0,0,0,0,0,16,0,51,45-54,1,1,2,0,88,0,6,20.515068493150682,624,0.29545454545454547,0.3333333333333333,14.666666666666666,4.289529914529915,0.29246794871794873,0.0014973487789614853
10395,Basic,Single,8940.0,1,0,2012-08-22,25,1,45,3,4,6,42,3,3,1,3,8,0,0,0,0,0,0,0,12,0,28,25-34,1,1,2,0,59,0,7,24.0,774,0.711864406779661,0.42857142857142855,8.428571428571429,2.4583333333333335,0.2916666666666667,0.0032997762863534678
1176,Graduation,Married,26228.0,1,0,2013-09-22,50,2,6,4,3,1,9,1,1,0,2,8,0,0,0,0,0,0,0,16,0,41,35-44,1,2,3,0,16,0,3,12.427397260273972,378,0.5625,0.3333333333333333,5.333333333333333,1.2874779541446209,0.24140211640211642,0.0005890550346856585
1627,2n Cycle,Divorced,77297.0,0,0,2013-01-26,84,408,61,109,48,122,41,1,5,7,9,4,0,0,0,1,0,0,0,18,0,57,55-64,0,1,1,0,748,1,21,20.284931506849315,617,0.05481283422459893,0.047619047619047616,35.61904761904762,36.874662344678555,1.0352512155591573,0.005724619948201646
938,Graduation,Married,40211.0,1,1,2013-07-30,30,51,1,7,2,1,25,2,2,1,2,8,1,0,0,0,0,0,0,16,0,33,25-34,2,2,4,0,62,1,5,14.202739726027398,432,0.4032258064516129,0.4,12.4,4.365354938271605,0.35204475308641975,0.001302734556694916
2740,PhD,Widow,33438.0,1,1,2013-09-22,81,62,1,16,3,2,6,4,2,1,4,5,0,0,0,0,0,0,0,22,0,56,55-64,2,1,3,0,84,0,7,12.427397260273972,378,0.07142857142857142,0.5714285714285714,12.0,6.7592592592592595,0.5632716049382717,0.002425716583261891
257,PhD,Married,75032.0,0,1,2013-04-28,74,952,12,180,47,12,12,2,5,4,9,3,0,0,0,0,0,0,0,22,0,55,55-64,1,2,3,0,1203,0,18,17.26027397260274,525,0.00997506234413965,0.1111111111111111,66.83333333333333,69.69761904761904,1.042857142857143,0.011146863052716553
4058,PhD,Single,61284.0,0,0,2013-10-12,76,618,15,106,20,7,45,1,11,2,8,6,0,1,0,0,0,0,0,22,0,59,55-64,0,1,1,0,766,1,21,11.769863013698629,358,0.0587467362924282,0.047619047619047616,36.476190476190474,65.08147113594042,1.7842178770949724,0.012743581581347252
7736,Graduation,Married,22518.0,1,0,2012-10-22,36,11,7,12,2,2,27,2,2,1,2,5,1,0,0,0,0,0,1,16,0,28,25-34,1,2,3,0,34,1,5,23.441095890410956,713,0.7941176470588235,0.4,6.8,1.4504441327723236,0.21330060776063584,0.0007729518426711024
8210,Master,Married,54730.0,0,1,2013-08-15,64,318,3,17,4,7,56,5,4,1,8,4,0,0,0,0,0,0,0,18,0,39,35-44,1,2,3,0,349,0,13,13.676712328767122,416,0.16045845272206305,0.38461538461538464,26.846153846153847,25.51782852564103,0.9505208333333334,0.005594992550844005
833,Master,Married,38452.0,1,1,2014-03-30,62,56,0,14,0,0,2,3,3,0,3,7,0,0,0,0,0,0,0,18,0,59,55-64,2,2,4,0,70,0,6,6.213698630136986,189,0.02857142857142857,0.5,11.666666666666666,11.265432098765432,0.9656084656084657,0.003515686705117684
6230,Graduation,Divorced,44421.0,1,1,2013-02-15,53,110,5,59,7,1,7,5,5,0,4,8,0,0,0,0,0,0,0,16,0,43,35-44,2,1,3,0,182,0,9,19.627397260273973,597,0.038461538461538464,0.5555555555555556,20.22222222222222,9.272752652149636,0.45854271356783916,0.002504964584898936
7325,PhD,Together,38197.0,1,0,2013-06-29,86,23,0,11,2,1,3,1,1,0,3,5,0,0,0,0,0,0,0,22,0,28,25-34,1,2,3,0,37,0,4,15.221917808219178,463,0.08108108108108109,0.25,9.25,2.4307055435565155,0.26277897768178543,0.0007636323931899936
1307,Graduation,Divorced,41986.0,0,1,2014-02-09,15,27,5,8,8,3,12,3,3,0,4,4,0,0,0,0,0,0,0,16,0,36,35-44,1,1,2,0,51,0,7,7.824657534246575,238,0.23529411764705882,0.42857142857142855,7.285714285714286,6.517857142857143,0.8946078431372549,0.0018628658532435982
1502,Graduation,Together,28427.0,1,0,2013-03-21,67,18,3,19,3,3,6,2,2,0,3,8,0,0,0,0,0,0,0,16,0,31,25-34,1,2,3,0,46,0,5,18.50958904109589,563,0.13043478260869565,0.4,9.2,2.485198342214328,0.2701302545885139,0.0010490864356622906
6211,PhD,Together,37395.0,1,0,2014-05-02,47,18,0,9,0,1,11,1,1,0,3,6,0,0,0,0,0,0,0,22,0,38,35-44,1,2,3,0,28,0,4,5.128767123287671,156,0.39285714285714285,0.25,7.0,5.45940170940171,0.77991452991453,0.001751913905945194
843,Graduation,Married,64722.0,1,0,2014-05-26,47,303,0,280,60,147,15,4,8,2,11,6,0,0,0,0,0,0,0,16,0,43,35-44,1,2,3,0,790,0,21,4.33972602739726,132,0.0189873417721519,0.19047619047619047,37.61904761904762,182.03914141414143,4.839015151515151,0.03375157901439537
4174,Master,Together,55249.0,0,1,2014-04-17,81,97,1,19,2,0,11,1,2,1,4,3,0,0,0,0,0,0,0,18,0,58,55-64,1,2,3,0,119,0,7,5.621917808219178,171,0.09243697478991597,0.14285714285714285,17.0,21.167153996101366,1.2451267056530215,0.004597474125381752
9757,Graduation,Together,84906.0,0,0,2013-10-04,98,997,15,414,99,30,76,1,5,6,12,2,0,1,1,0,1,0,0,16,0,42,35-44,0,2,2,0,1555,3,23,12.032876712328767,366,0.04887459807073955,0.043478260869565216,67.6086956521739,129.2292805100182,1.9114298724954464,0.018264331921421555
286,Graduation,Single,44213.0,1,1,2013-11-29,48,95,11,35,0,4,7,4,2,1,5,6,0,0,0,0,0,0,0,16,0,62,55-64,2,1,3,0,145,0,8,10.191780821917808,310,0.04827586206896552,0.5,18.125,14.227150537634408,0.7849462365591398,0.003861439089218395
11086,Basic,Single,25707.0,1,0,2014-01-18,18,1,6,2,3,6,3,1,1,0,3,7,0,0,0,0,0,0,0,12,0,30,25-34,1,1,2,0,18,0,4,8.547945205479452,260,0.16666666666666666,0.25,4.5,2.105769230769231,0.46794871794871795,0.0009829708160901999
1921,PhD,Married,59062.0,2,1,2013-10-03,74,46,1,12,3,0,9,2,2,0,3,4,0,0,0,0,0,0,0,22,0,47,45-54,3,2,5,0,62,0,5,12.065753424657533,367,0.14516129032258066,0.4,12.4,5.138510445049955,0.4143960036330609,0.001044023658877103
4138,Graduation,Single,76624.0,0,1,2014-05-24,68,411,106,147,54,115,66,1,5,10,7,1,1,0,0,0,0,0,0,16,0,52,45-54,1,1,2,0,833,1,22,4.405479452054794,134,0.07923169267707082,0.045454545454545456,37.86363636363637,189.0827114427861,4.993781094527364,0.029612034575504192
7718,Master,Together,66000.0,0,0,2014-04-20,36,244,51,270,101,0,45,1,1,3,5,1,0,0,0,0,0,0,0,18,0,67,65-74,0,2,2,0,666,0,9,5.523287671232876,168,0.06756756756756757,0.1111111111111111,74.0,120.58035714285715,1.6294642857142858,0.0219237012987013
1291,PhD,Together,27683.0,1,0,2012-08-04,90,152,9,121,12,12,45,4,6,2,4,8,0,0,0,0,0,0,0,22,0,36,35-44,1,2,3,0,306,0,12,24.0,792,0.14705882352941177,0.3333333333333333,25.5,12.75,0.5,0.0055268576382617495
4136,Basic,Single,7500.0,1,0,2012-12-03,63,10,17,18,8,26,40,4,3,2,2,9,0,0,0,0,0,0,0,12,0,22,18-24,1,1,2,0,79,0,7,22.06027397260274,671,0.5063291139240507,0.5714285714285714,11.285714285714286,3.5810978638847493,0.3173124689518132,0.0057297565822155986
803,Graduation,Together,40521.0,1,1,2013-04-05,82,12,0,5,0,0,4,1,0,1,2,5,0,0,0,0,0,0,0,16,0,46,45-54,2,2,4,0,17,0,3,18.016438356164382,548,0.23529411764705882,0.3333333333333333,5.666666666666667,0.9435827250608273,0.166514598540146,0.0002794351743720522
4298,PhD,Together,20427.0,1,0,2014-03-24,63,5,0,4,0,0,1,1,1,0,2,8,0,0,0,0,0,0,0,22,0,41,35-44,1,2,3,0,9,0,3,6.410958904109589,195,0.1111111111111111,0.3333333333333333,3.0,1.403846153846154,0.46794871794871795,0.0008247003400476745
10833,Graduation,Married,65106.0,0,1,2014-05-24,55,790,19,133,12,0,19,3,8,3,13,6,0,1,0,0,0,0,0,16,0,39,35-44,1,2,3,0,954,1,24,4.405479452054794,134,0.019916142557651992,0.125,39.75,216.5485074626866,5.447761194029852,0.03991309694271249
9606,PhD,Married,69969.0,0,0,2013-08-27,64,882,29,514,38,29,44,1,4,2,6,3,0,0,1,1,0,0,1,22,0,49,45-54,0,2,2,0,1492,2,12,13.282191780821917,404,0.029490616621983913,0.08333333333333333,124.33333333333333,112.33085808580859,0.9034653465346536,0.019265250282692378
8534,Graduation,Married,67433.0,0,2,2013-07-16,51,615,28,259,12,48,30,4,6,5,13,4,0,1,0,0,0,0,0,16,0,62,55-64,2,2,4,0,962,1,24,14.663013698630136,446,0.031185031185031187,0.16666666666666666,40.083333333333336,65.60724962630792,1.6367713004484306,0.011675099662119362
5153,PhD,Married,77766.0,0,1,2013-02-22,97,1004,59,265,115,59,27,2,11,10,11,6,1,0,0,0,0,0,1,22,0,47,45-54,1,2,3,0,1502,1,32,19.397260273972602,590,0.017976031957390146,0.0625,46.9375,77.43361581920904,1.649717514124294,0.011948710102493485
961,Graduation,Married,74716.0,0,1,2013-09-12,92,133,27,421,13,195,71,2,7,3,5,4,0,0,0,0,0,0,0,16,0,42,35-44,1,2,3,0,789,0,15,12.756164383561643,388,0.08998732572877059,0.13333333333333333,52.6,61.852448453608254,1.1759020618556701,0.009934008531550124
6653,PhD,Married,55158.0,1,1,2012-07-30,72,293,0,87,4,11,23,4,7,2,5,7,0,0,0,0,0,0,1,22,0,44,35-44,2,2,4,0,395,0,14,24.0,797,0.05822784810126582,0.2857142857142857,28.214285714285715,16.458333333333332,0.5833333333333334,0.003580622937742485
810,Graduation,Married,74190.0,0,1,2014-05-12,49,151,81,86,168,91,64,2,4,2,11,2,0,0,0,0,0,0,0,16,0,39,35-44,1,2,3,0,577,0,17,4.8,146,0.11091854419410745,0.11764705882352941,33.94117647058823,120.20833333333334,3.541666666666667,0.019443321202318373
5493,Graduation,Married,39356.0,1,1,2014-03-19,21,15,0,2,0,0,6,1,1,0,2,6,1,0,0,0,0,0,0,16,0,38,35-44,2,2,4,0,17,1,3,6.575342465753424,200,0.35294117647058826,0.3333333333333333,5.666666666666667,2.5854166666666667,0.45625000000000004,0.0007883169021241996
2147,Graduation,Together,76653.0,0,0,2013-08-16,91,736,63,946,219,189,126,1,4,7,11,2,0,0,1,1,0,0,0,16,0,45,45-54,0,2,2,0,2153,2,22,13.643835616438356,415,0.058522991175104504,0.045454545454545456,97.86363636363636,157.80020080321285,1.6124497991967872,0.02470356554392593
3979,PhD,Divorced,90687.0,0,0,2013-05-22,98,982,17,672,23,34,51,1,6,2,8,2,0,0,1,0,0,0,1,22,0,31,25-34,0,1,1,0,1728,1,16,16.471232876712328,501,0.029513888888888888,0.0625,108.0,104.91017964071857,0.9713905522288756,0.013882057579240936
6049,Master,Together,73450.0,0,0,2013-12-05,85,1142,51,415,90,69,37,1,7,8,11,3,1,0,0,1,0,0,0,18,0,32,25-34,0,2,2,0,1767,2,26,9.994520547945205,304,0.020939445387662705,0.038461538461538464,67.96153846153847,176.796875,2.6014254385964914,0.028884445200816882
8147,Graduation,Married,31454.0,1,1,2013-07-06,40,28,0,11,0,0,9,3,2,0,3,8,0,0,0,0,0,0,0,16,0,54,45-54,2,2,4,0,39,0,5,14.991780821917807,456,0.23076923076923078,0.6,7.8,2.6014254385964914,0.33351608187134507,0.0009924685338321962
1857,Graduation,Single,47139.0,1,1,2014-03-06,2,46,0,12,0,2,23,2,2,1,2,7,0,0,0,0,0,0,1,16,0,62,55-64,2,1,3,0,60,0,5,7.002739726027397,213,0.38333333333333336,0.4,12.0,8.568075117370892,0.7140062597809077,0.0021811430324879763
5207,PhD,Married,53378.0,1,1,2012-09-24,41,489,6,152,8,6,132,10,9,4,6,8,0,0,0,0,0,0,1,22,0,51,45-54,2,2,4,0,661,0,19,24.0,741,0.19969742813918306,0.5263157894736842,34.78947368421053,27.541666666666668,0.7916666666666666,0.006191689460077185
11114,Graduation,Together,19656.0,1,0,2013-02-08,94,25,4,9,6,8,32,3,2,1,3,7,0,0,0,0,0,0,0,16,0,44,35-44,1,2,3,0,52,0,6,19.85753424657534,604,0.6153846153846154,0.5,8.666666666666666,2.6186534216335544,0.3021523178807947,0.0015986895125967976
5429,PhD,Married,45579.0,0,1,2013-08-20,10,145,1,33,2,1,1,1,4,1,4,6,0,0,0,0,0,0,0,22,0,66,65-74,1,2,3,0,182,0,9,13.512328767123288,411,0.005494505494505495,0.1111111111111111,20.22222222222222,13.469180859691809,0.666058394160584,0.003546154376276393
9400,2n Cycle,Single,85485.0,0,0,2014-06-21,73,630,26,611,44,18,54,1,6,6,6,2,0,0,0,0,0,0,0,18,0,56,55-64,0,1,1,0,1329,0,18,3.484931506849315,106,0.040632054176072234,0.05555555555555555,73.83333333333333,381.3561320754717,5.165094339622642,0.053533059424526644
1740,Graduation,Married,55956.0,0,0,2014-04-07,22,760,38,104,50,9,38,2,7,3,4,4,0,1,0,0,0,0,0,16,0,70,65-74,0,2,2,0,961,1,14,5.950684931506849,181,0.03954214360041623,0.14285714285714285,68.64285714285714,161.494014732965,2.352670349907919,0.03463307199934913
7488,Master,Single,64191.0,0,1,2013-01-22,30,420,15,186,151,38,15,3,5,3,13,3,0,0,0,0,0,0,0,18,0,51,45-54,1,1,2,0,810,0,21,20.416438356164385,621,0.018518518518518517,0.14285714285714285,38.57142857142857,39.67391304347826,1.0285829307568437,0.007416724408744826
195,Graduation,Single,38808.0,1,0,2012-08-26,21,125,17,52,3,19,30,4,5,1,4,8,1,0,0,0,0,0,1,16,0,42,35-44,1,1,2,0,216,1,10,24.0,770,0.1388888888888889,0.4,21.6,9.0,0.4166666666666667,0.0027829313543599257
635,Master,Married,57183.0,1,1,2013-03-19,51,464,5,64,7,0,70,8,9,1,7,8,0,0,0,0,0,0,0,18,0,48,45-54,2,2,4,0,540,0,17,18.575342465753423,565,0.12962962962962962,0.47058823529411764,31.764705882352942,29.070796460176993,0.9151917404129795,0.006100581598064528
7527,Master,Divorced,23748.0,1,0,2012-11-21,97,6,6,29,12,15,8,3,2,1,3,8,0,0,0,0,0,0,0,18,0,46,45-54,1,1,2,0,68,0,6,22.454794520547946,683,0.11764705882352941,0.5,11.333333333333334,3.028306490971205,0.267203513909224,0.0015302205613800936
10319,Graduation,Married,66303.0,0,1,2013-02-26,56,1090,12,96,16,12,60,4,3,4,11,8,0,1,0,0,0,0,0,16,0,43,35-44,1,2,3,0,1226,1,18,19.265753424657532,586,0.048939641109298535,0.2222222222222222,68.11111111111111,63.636234357224126,0.9343003412969284,0.011517349324867495
2296,Master,Married,37368.0,1,0,2013-12-16,4,3,2,11,2,2,10,1,1,0,2,6,1,0,0,0,0,0,0,18,0,39,35-44,1,2,3,0,20,1,3,9.632876712328766,293,0.5,0.3333333333333333,6.666666666666667,2.076222980659841,0.31143344709897613,0.0006667382725304563
10637,Graduation,Married,40800.0,1,2,2013-01-01,77,24,0,27,8,30,10,2,3,0,3,7,0,0,0,0,0,1,0,16,0,50,45-54,3,2,5,0,89,0,6,21.10684931506849,642,0.11235955056179775,0.3333333333333333,14.833333333333334,4.216640706126688,0.2842679127725857,0.0012401884429784375
2931,Graduation,Divorced,71847.0,0,0,2012-09-21,95,737,21,106,55,63,210,0,6,7,9,3,0,0,0,1,0,0,0,16,0,36,35-44,0,1,1,0,982,1,22,24.0,744,0.21384928716904278,0.0,44.63636363636363,40.916666666666664,0.9166666666666666,0.006833966623519423
907,Graduation,Married,46149.0,0,1,2013-11-29,36,254,6,71,4,0,27,5,5,1,7,5,0,0,0,0,0,0,0,16,0,39,35-44,1,2,3,0,335,0,13,10.191780821917808,310,0.08059701492537313,0.38461538461538464,25.76923076923077,32.869623655913976,1.2755376344086022,0.008546999585494111
3698,Graduation,Together,78687.0,0,0,2012-08-09,13,817,185,687,145,55,241,1,4,6,8,2,0,0,1,0,0,0,1,16,0,31,25-34,0,2,2,0,1889,1,18,24.0,787,0.12758073054526203,0.05555555555555555,104.94444444444444,78.70833333333333,0.75,0.012003253396367887
9516,2n Cycle,Divorced,49118.0,0,0,2012-08-18,90,620,54,239,99,98,119,2,9,7,10,7,0,1,0,0,1,0,1,18,0,43,35-44,0,1,1,0,1110,2,26,24.0,778,0.10720720720720721,0.07692307692307693,42.69230769230769,46.25,1.0833333333333333,0.011299320004886192
679,PhD,Married,37633.0,1,1,2012-09-20,49,13,4,20,0,0,1,2,1,0,3,9,0,0,0,0,0,0,0,22,0,57,55-64,2,2,4,0,37,0,4,24.0,745,0.02702702702702703,0.5,9.25,1.5416666666666667,0.16666666666666666,0.0004915898280764223
7384,Master,Together,39767.0,0,0,2013-07-21,18,113,61,204,34,26,47,2,7,1,7,8,0,0,0,0,0,0,0,18,0,63,55-64,0,2,2,0,438,0,15,14.4986301369863,441,0.10730593607305935,0.13333333333333333,29.2,30.209750566893426,1.0345804988662133,0.009116026021644106
5043,Basic,Married,26997.0,0,0,2012-11-05,89,7,23,78,133,49,144,2,4,2,5,7,0,0,0,0,0,0,0,12,0,63,55-64,0,2,2,0,290,0,11,22.980821917808218,699,0.496551724137931,0.18181818181818182,26.363636363636363,12.61921793037673,0.4786599904625656,0.005609164542894424
5267,Graduation,Divorced,33986.0,1,0,2013-03-14,43,16,2,18,2,1,5,1,1,0,3,7,0,0,0,0,0,0,0,16,0,44,35-44,1,1,2,0,39,0,4,18.73972602739726,570,0.1282051282051282,0.25,9.75,2.081140350877193,0.2134502923976608,0.0007348226978910822
339,PhD,Married,57091.0,0,1,2012-11-23,82,462,0,24,6,0,4,2,9,2,5,7,0,1,0,0,0,0,1,22,0,42,35-44,1,2,3,0,492,1,16,22.38904109589041,681,0.008130081300813009,0.125,30.75,21.975036710719532,0.7146353401860011,0.0046189494058368995
2516,2n Cycle,Married,46831.0,1,1,2013-06-08,84,22,2,10,6,4,34,2,1,2,2,4,0,0,0,0,0,0,0,18,0,45,45-54,2,2,4,0,44,0,5,15.912328767123286,484,0.7727272727272727,0.4,8.8,2.7651515151515156,0.31422176308539945,0.000708543874395554
9010,Master,Married,83151.0,0,0,2013-02-10,80,968,147,842,137,42,210,1,5,7,10,2,1,0,1,1,0,0,1,18,0,42,35-44,0,2,2,0,2136,3,22,19.791780821917808,602,0.09831460674157304,0.045454545454545456,97.0909090909091,107.92358803986711,1.1115725359911406,0.015575074941713334
378,Graduation,Married,52531.0,0,0,2012-12-30,68,283,112,151,51,72,125,2,7,2,10,6,0,0,0,0,0,0,0,16,0,43,35-44,0,2,2,0,669,0,19,21.172602739726027,644,0.18684603886397608,0.10526315789473684,35.21052631578947,31.59743788819876,0.8973861283643892,0.007218009454577014
4808,Graduation,Married,15759.0,0,0,2013-09-05,12,1,2,5,6,0,3,1,1,0,2,7,0,0,0,0,0,0,0,16,0,58,55-64,0,2,2,0,14,0,3,12.986301369863012,395,0.21428571428571427,0.3333333333333333,4.666666666666667,1.0780590717299579,0.23101265822784814,0.0008209092493660444
7628,2n Cycle,Married,43050.0,1,0,2014-03-18,10,30,5,24,6,3,8,2,2,0,4,5,0,0,0,0,0,0,0,18,0,41,35-44,1,2,3,0,68,0,6,6.608219178082192,201,0.11764705882352941,0.3333333333333333,11.333333333333334,10.29021558872305,0.9079601990049752,0.0028683527773444044
7128,PhD,Single,42997.0,1,1,2013-12-07,91,4,0,5,0,1,5,1,1,0,2,7,0,0,0,0,0,0,0,22,0,37,35-44,2,1,3,0,10,0,3,9.92876712328767,302,0.5,0.3333333333333333,3.3333333333333335,1.0071743929359824,0.3021523178807947,0.0002810915346473426
2811,PhD,Single,48918.0,1,1,2014-04-12,21,52,0,9,0,0,1,2,1,0,4,4,0,0,0,0,0,0,0,22,0,51,45-54,2,1,3,0,61,0,5,5.786301369863014,176,0.01639344262295082,0.4,12.2,10.54214015151515,0.8641098484848485,0.0025860763281038025
3551,Master,Together,60033.0,0,1,2014-03-29,28,62,1,57,19,11,48,2,2,1,5,2,0,0,0,0,0,0,0,18,0,60,55-64,1,2,3,0,150,0,8,6.2465753424657535,190,0.32,0.25,18.75,24.013157894736842,1.280701754385965,0.004799991583576402
1663,PhD,Together,34043.0,1,0,2013-10-25,97,20,2,14,3,0,10,1,2,0,2,9,0,0,0,0,0,0,0,22,0,36,35-44,1,2,3,0,39,0,4,11.342465753424657,345,0.2564102564102564,0.25,9.75,3.4384057971014497,0.3526570048309179,0.0012120221356877302
5543,Graduation,Together,57811.0,0,1,2013-06-24,49,545,7,114,37,21,78,5,7,2,11,5,0,1,0,0,0,0,0,16,0,48,45-54,1,2,3,0,724,1,20,15.386301369863013,468,0.10773480662983426,0.25,36.2,47.05484330484331,1.29985754985755,0.009767312789229035
1577,Graduation,Married,78569.0,0,0,2014-02-19,14,558,79,622,207,175,95,1,4,6,4,1,0,0,1,0,0,0,1,16,0,68,65-74,0,2,2,0,1641,1,14,7.4958904109589035,228,0.0578915295551493,0.07142857142857142,117.21428571428571,218.9199561403509,1.8676900584795324,0.033436081325767295
10641,Graduation,Single,7500.0,1,1,2012-12-27,5,6,5,4,13,4,25,4,2,1,3,6,0,0,0,0,0,0,0,16,0,36,35-44,2,1,3,0,32,0,6,21.27123287671233,647,0.78125,0.6666666666666666,5.333333333333333,1.504379185986605,0.2820710973724884,0.002407006697578568
5336,Master,Together,157733.0,1,0,2013-06-04,37,39,1,9,2,0,8,0,1,0,1,1,0,0,0,0,0,0,0,18,0,43,35-44,1,2,3,0,51,0,2,16.043835616438354,488,0.1568627450980392,0.0,25.5,3.1787909836065578,0.1246584699453552,0.0002418358352613511
1878,2n Cycle,Married,23148.0,0,0,2014-02-18,83,4,6,8,6,3,10,1,2,0,3,7,0,0,0,0,0,0,0,18,0,29,25-34,0,2,2,0,27,0,5,7.528767123287671,229,0.37037037037037035,0.2,5.4,3.5862445414847164,0.6641193595342068,0.0018591210686805166
3099,Graduation,Divorced,44267.0,1,1,2013-02-25,48,183,5,65,3,5,49,5,5,2,4,9,0,0,0,0,0,0,0,16,0,44,35-44,2,1,3,0,261,0,11,19.2986301369863,587,0.18773946360153257,0.45454545454545453,23.727272727272727,13.52427597955707,0.5699886428165815,0.003666191785182751
6055,Graduation,Married,71626.0,0,0,2012-11-01,94,546,72,376,94,145,72,1,5,5,8,3,0,1,0,0,0,0,0,16,0,35,35-44,0,2,2,0,1233,1,18,23.112328767123287,703,0.058394160583941604,0.05555555555555555,68.5,53.34815078236131,0.7788051209103841,0.008937785292887161
5841,Graduation,Together,60894.0,0,1,2013-06-28,61,606,7,155,10,0,54,5,10,3,8,7,0,0,0,0,0,0,0,16,0,48,45-54,1,2,3,0,778,0,21,15.254794520547945,464,0.06940874035989718,0.23809523809523808,37.04761904761905,51.000359195402304,1.376616379310345,0.010050322040674412
3972,Graduation,Together,50200.0,1,1,2013-04-03,70,266,6,51,8,6,64,6,7,1,5,8,0,0,0,0,0,0,0,16,0,38,35-44,2,2,4,0,337,0,13,18.082191780821915,550,0.18991097922848665,0.46153846153846156,25.923076923076923,18.637121212121215,0.718939393939394,0.004455088735965231
4394,PhD,Married,81051.0,0,0,2014-05-23,43,1142,29,249,38,29,14,1,5,5,12,2,0,1,1,0,0,0,0,22,0,49,45-54,0,2,2,0,1487,2,22,4.438356164383562,135,0.00941492938802959,0.045454545454545456,67.5909090909091,335.03395061728395,4.95679012345679,0.049603427562983894
5758,Graduation,Married,65169.0,0,0,2014-01-14,23,1074,0,69,0,0,46,1,10,4,13,6,1,0,1,1,1,0,1,16,0,32,25-34,0,2,2,0,1143,4,27,8.67945205479452,264,0.04024496937882765,0.037037037037037035,42.333333333333336,131.6903409090909,3.1107954545454546,0.02424901549677133
6658,Graduation,Together,59868.0,0,1,2013-07-22,37,771,51,154,54,10,154,7,11,2,12,6,0,0,0,0,0,0,0,16,0,42,35-44,1,2,3,0,1040,0,25,14.465753424657533,440,0.14807692307692308,0.28,41.6,71.89393939393939,1.728219696969697,0.014410490958897453
4603,PhD,Married,65695.0,0,1,2014-01-31,50,371,32,189,0,58,6,2,5,4,10,4,0,0,0,0,0,0,0,22,0,54,45-54,1,2,3,0,650,0,19,8.120547945205479,247,0.009230769230769232,0.10526315789473684,34.21052631578947,80.04385964912282,2.33974358974359,0.014620995749896856
8427,Master,Single,64857.0,0,0,2012-11-23,78,556,14,717,210,0,43,1,7,5,10,4,0,0,0,0,0,0,0,18,0,58,55-64,0,1,1,0,1497,0,22,22.38904109589041,681,0.028724114896459586,0.045454545454545456,68.04545454545455,66.86306901615272,0.9826235927557514,0.012371167772080619
10260,Master,Together,45143.0,0,1,2013-08-26,74,202,5,74,11,5,14,3,6,1,5,7,0,0,0,0,0,0,0,18,0,49,45-54,1,2,3,0,297,0,12,13.315068493150685,405,0.04713804713804714,0.25,24.75,22.305555555555557,0.9012345679012346,0.0059293061308877725
7143,2n Cycle,Together,74805.0,0,1,2013-11-06,14,209,162,209,41,162,37,5,4,7,10,2,0,0,0,0,0,0,0,18,0,59,55-64,1,2,3,0,783,0,21,10.947945205479451,333,0.04725415070242656,0.23809523809523808,37.285714285714285,71.52027027027027,1.9181681681681684,0.011473073233650736
8789,2n Cycle,Married,59060.0,1,0,2014-01-11,77,35,40,111,36,40,12,3,3,1,7,4,0,0,0,0,0,0,0,18,0,25,25-34,1,2,3,0,262,0,11,8.778082191780822,267,0.04580152671755725,0.2727272727272727,23.818181818181817,29.847066167290887,1.2531210986267167,0.006064422519598554
6197,PhD,Single,27238.0,1,1,2013-04-20,39,37,0,17,0,0,3,3,3,0,3,9,0,0,0,0,0,0,0,22,0,52,45-54,2,1,3,0,54,0,6,17.523287671232875,533,0.05555555555555555,0.5,9.0,3.081613508442777,0.34240150093808636,0.0013576386702883222
4554,Graduation,Together,47009.0,0,1,2013-10-01,89,171,45,73,59,10,90,4,3,2,8,4,0,0,0,0,0,0,0,16,0,49,45-54,1,2,3,0,358,0,13,12.131506849315068,369,0.25139664804469275,0.3076923076923077,27.53846153846154,29.50993676603433,1.0715898825654924,0.007533009449092982
4937,2n Cycle,Married,46094.0,1,1,2014-06-10,62,12,2,20,3,2,5,1,1,0,3,7,0,0,0,0,0,0,0,18,0,41,35-44,2,2,4,0,39,0,4,3.846575342465753,117,0.1282051282051282,0.25,9.75,10.13888888888889,1.03988603988604,0.0026395337064838522
8749,Graduation,Together,37235.0,1,0,2014-02-01,68,20,2,9,4,6,20,1,1,1,2,4,0,0,0,0,0,0,0,16,0,30,25-34,1,2,3,0,41,0,4,8.087671232876712,246,0.4878048780487805,0.25,10.25,5.069444444444445,0.494579945799458,0.001633767512644913
1650,Master,Married,81843.0,0,0,2013-04-22,13,779,86,537,34,69,138,1,5,9,12,3,0,0,0,0,0,0,0,18,0,54,45-54,0,2,2,0,1505,0,26,17.457534246575342,531,0.09169435215946845,0.038461538461538464,57.88461538461539,86.20919648462021,1.4893283113622098,0.012640181296084485
10377,Master,Together,46692.0,0,1,2013-06-06,37,170,6,97,24,12,88,3,6,1,5,6,0,0,0,0,0,0,0,18,0,56,55-64,1,2,3,0,309,0,12,15.978082191780821,486,0.284789644012945,0.25,25.75,19.338991769547327,0.7510288065843622,0.004970185497185127
9206,Graduation,Together,77382.0,0,1,2014-01-07,36,491,48,231,112,105,134,2,5,7,12,1,0,0,1,0,0,0,0,16,0,46,45-54,1,2,3,0,987,1,24,8.90958904109589,271,0.13576494427558258,0.08333333333333333,41.125,110.77952029520296,2.693726937269373,0.017179114568535776
10971,Graduation,Single,37774.0,2,0,2012-09-03,28,173,8,107,7,2,176,4,7,2,3,9,1,0,0,0,0,1,1,16,0,37,35-44,2,1,3,0,297,1,12,24.0,762,0.5925925925925926,0.3333333333333333,24.75,12.375,0.5,0.003931275480489225
6398,Basic,Married,18393.0,1,0,2014-03-29,2,7,10,13,16,0,4,2,3,0,3,8,0,0,0,0,0,0,0,12,0,40,35-44,1,2,3,0,46,0,6,6.2465753424657535,190,0.08695652173913043,0.3333333333333333,7.666666666666667,7.364035087719298,0.9605263157894737,0.004804459362400456
9212,Master,Married,72828.0,0,1,2013-02-14,17,1205,0,235,19,14,205,6,6,3,13,7,0,0,0,0,0,0,0,18,0,52,45-54,1,2,3,0,1473,0,22,19.660273972602738,598,0.13917175831636117,0.2727272727272727,66.95454545454545,74.92265886287626,1.1190078037904125,0.012345140692515449
7937,Graduation,Married,24711.0,0,0,2014-04-18,86,10,7,25,6,3,7,1,3,0,3,7,0,0,0,0,0,0,0,16,0,32,25-34,0,2,2,0,51,0,6,5.589041095890411,170,0.13725490196078433,0.16666666666666666,8.5,9.125,1.0735294117647058,0.004431224960543888
839,PhD,Married,45503.0,1,0,2013-09-25,54,97,4,44,6,1,18,1,3,1,4,5,0,0,0,0,0,0,0,22,0,39,35-44,1,2,3,0,152,0,8,12.32876712328767,375,0.11842105263157894,0.125,19.0,12.328888888888889,0.648888888888889,0.003251360716143258
158,PhD,Together,71604.0,0,0,2013-11-17,3,345,53,528,98,75,97,1,8,3,5,4,1,0,0,0,0,0,1,22,0,69,65-74,0,2,2,0,1099,1,16,10.586301369863014,322,0.08826205641492266,0.0625,68.6875,103.81340579710145,1.5113871635610765,0.01739792287533123
4832,Graduation,Married,27244.0,1,0,2014-03-07,84,6,5,17,3,24,46,2,2,2,2,7,0,0,0,0,0,0,0,16,0,35,35-44,1,2,3,0,55,0,6,6.96986301369863,212,0.8363636363636363,0.3333333333333333,9.166666666666666,7.891116352201258,0.8608490566037736,0.003475752320746406
5621,Graduation,Married,48752.0,1,1,2012-12-12,8,73,57,100,71,15,0,5,6,1,5,9,0,0,0,0,0,0,1,16,0,45,45-54,2,2,4,0,316,0,12,21.764383561643836,662,0.0,0.4166666666666667,26.333333333333332,14.519133937562941,0.5513595166163142,0.0035737940443623913
1945,Graduation,Married,71434.0,0,1,2013-09-18,4,711,36,217,172,96,168,3,7,4,7,4,0,1,0,1,0,0,0,16,0,52,45-54,1,2,3,0,1232,2,18,12.55890410958904,382,0.13636363636363635,0.16666666666666666,68.44444444444444,98.0977312390925,1.4332460732984293,0.016479166431518744
5147,Graduation,Single,90842.0,0,0,2013-07-29,57,774,70,118,182,187,93,1,4,9,13,1,0,0,0,0,0,0,0,16,0,66,65-74,0,1,1,0,1331,0,26,14.235616438356164,433,0.06987227648384674,0.038461538461538464,51.19230769230769,93.49788298691301,1.8264049268668208,0.012350835470850004
2535,Master,Married,88097.0,1,0,2012-08-18,24,163,0,480,0,126,75,1,6,5,8,9,0,1,1,1,0,0,1,18,0,36,35-44,1,2,3,0,769,3,19,24.0,778,0.09752925877763328,0.05263157894736842,40.473684210526315,32.041666666666664,0.7916666666666666,0.004364507304448505
11039,Graduation,Married,51948.0,0,1,2013-09-17,51,82,33,54,71,30,41,2,5,2,4,5,0,0,0,0,0,0,0,16,0,39,35-44,1,2,3,0,270,0,11,12.591780821917808,383,0.15185185185185185,0.18181818181818182,24.545454545454547,21.442558746736292,0.873585726718886,0.004953236023732107
9495,Graduation,Together,71853.0,0,0,2013-05-08,29,358,108,413,141,97,32,1,2,8,6,1,0,0,0,0,0,0,0,16,0,32,25-34,0,2,2,0,1117,0,16,16.931506849315067,515,0.02864816472694718,0.0625,69.8125,65.97168284789645,0.9449838187702266,0.011017775098809477
9635,Master,Married,35876.0,0,0,2014-04-20,13,66,2,40,4,3,14,1,3,1,3,6,0,0,0,0,0,0,0,18,0,31,25-34,0,2,2,0,115,0,7,5.523287671232876,168,0.12173913043478261,0.14285714285714285,16.428571428571427,20.82093253968254,1.2673611111111112,0.006964298987517854
2173,Graduation,Widow,40049.0,0,1,2013-10-16,23,13,6,7,0,3,3,1,1,0,3,6,0,0,0,0,0,0,0,16,0,62,55-64,1,1,2,0,29,0,4,11.638356164383561,354,0.10344827586206896,0.25,7.25,2.4917608286252357,0.3436911487758946,0.0007466136468701548
942,Graduation,Single,39660.0,1,0,2012-08-08,36,139,13,78,20,13,36,3,7,1,3,9,0,0,0,0,0,0,1,16,0,32,25-34,1,1,2,0,263,0,11,24.0,788,0.13688212927756654,0.2727272727272727,23.90909090909091,10.958333333333334,0.4583333333333333,0.003315683308119012
9386,Graduation,Together,50127.0,0,1,2014-05-29,88,274,0,21,4,6,15,1,5,1,6,6,0,1,0,0,0,0,0,16,0,52,45-54,1,2,3,0,305,1,12,4.241095890410959,129,0.04918032786885246,0.08333333333333333,25.416666666666668,71.91537467700259,2.8294573643410854,0.017215961380573963
5510,Master,Married,43263.0,0,1,2012-11-21,2,262,6,61,0,10,102,3,5,2,6,5,0,0,0,0,0,0,0,18,0,37,35-44,1,2,3,0,339,0,13,22.454794520547946,683,0.3008849557522124,0.23076923076923078,26.076923076923077,15.096998535871156,0.5789409468033186,0.004187503927847211
2253,Graduation,Married,18929.0,0,0,2013-02-16,15,32,0,8,23,4,18,1,1,0,4,6,0,0,0,0,0,0,0,16,0,24,18-24,0,2,2,0,67,0,5,19.594520547945205,596,0.26865671641791045,0.2,13.4,3.4193232662192394,0.25517337807606266,0.002167672840331284
5181,Basic,Single,24367.0,1,0,2013-03-20,58,2,4,2,0,11,5,1,1,0,2,9,0,0,0,0,0,0,0,12,0,32,25-34,1,1,2,0,19,0,3,18.542465753424658,564,0.2631578947368421,0.3333333333333333,6.333333333333333,1.024674940898345,0.16179078014184398,0.0005046209747108852
10390,2n Cycle,Married,26887.0,0,1,2013-02-10,27,6,7,4,3,4,6,1,1,0,3,6,0,0,0,0,0,0,0,18,0,55,55-64,1,2,3,0,24,0,4,19.791780821917808,602,0.25,0.25,6.0,1.212624584717608,0.20210409745293467,0.0005412093211072747
7793,Graduation,Together,62061.0,0,1,2013-08-31,12,641,7,84,0,30,38,3,10,4,7,6,0,1,0,0,0,0,0,16,0,38,35-44,1,2,3,0,762,1,21,13.150684931506849,400,0.049868766404199474,0.14285714285714285,36.285714285714285,57.94375,1.596875,0.011203896166674724
10590,PhD,Together,76542.0,0,0,2013-03-30,91,794,73,573,0,29,14,1,4,8,10,2,0,0,0,0,0,0,0,22,0,58,55-64,0,2,2,0,1469,0,22,18.213698630136985,554,0.009530292716133424,0.045454545454545456,66.77272727272727,80.6535800240674,1.2078820697954273,0.012644599831318867
5080,Graduation,Single,70515.0,0,0,2013-10-21,12,420,0,452,182,64,140,1,6,6,4,2,0,0,0,0,0,0,1,16,0,21,18-24,0,1,1,0,1118,0,16,11.473972602739726,349,0.1252236135957066,0.0625,69.875,97.43791786055397,1.3944603629417383,0.016581649497647986
8369,Graduation,Together,18227.0,1,0,2012-11-08,21,1,2,7,4,3,11,1,0,1,2,8,0,0,0,0,0,0,0,16,0,27,25-34,1,2,3,0,17,0,3,22.882191780821916,696,0.6470588235294118,0.3333333333333333,5.666666666666667,0.7429358237547893,0.13110632183908047,0.0004891221750731043
5232,Graduation,Married,69139.0,0,1,2014-01-27,23,86,12,75,33,15,6,1,4,1,5,4,0,0,0,0,0,0,0,16,0,49,45-54,1,2,3,0,221,0,10,8.252054794520548,251,0.027149321266968326,0.1,22.1,26.78120849933599,1.2118193891102258,0.004648237637108316
2407,Graduation,Married,69109.0,0,0,2012-11-09,10,823,25,459,124,29,95,1,6,6,7,4,0,0,1,0,0,0,1,16,0,32,25-34,0,2,2,0,1460,1,19,22.84931506849315,695,0.06506849315068493,0.05263157894736842,76.84210526315789,63.89688249400479,0.8315347721822541,0.01109497445959365
3834,Graduation,Single,69627.0,0,1,2013-03-17,35,231,161,215,171,30,53,2,8,2,11,5,0,0,0,0,0,0,0,16,0,52,45-54,1,1,2,0,808,0,21,18.64109589041096,567,0.0655940594059406,0.09523809523809523,38.476190476190474,43.3450911228689,1.126543209876543,0.007470393575400733
7912,Graduation,Married,38136.0,1,0,2013-04-22,69,8,15,27,0,20,33,2,3,1,2,8,1,0,0,0,0,0,0,16,0,36,35-44,1,2,3,0,70,1,6,17.457534246575342,531,0.4714285714285714,0.3333333333333333,11.666666666666666,4.009730069052103,0.3436911487758945,0.0012617149367690696
7712,PhD,Single,62159.0,0,0,2014-04-28,68,182,17,259,77,70,29,1,6,2,10,4,0,0,0,0,0,0,0,22,0,68,65-74,0,1,1,0,605,0,18,5.260273972602739,160,0.047933884297520664,0.05555555555555555,33.611111111111114,115.01302083333334,3.421875,0.022203643076626072
1065,Graduation,Single,80695.0,0,0,2013-12-29,85,557,129,984,193,37,18,1,5,8,5,2,0,0,0,0,0,0,0,16,0,51,45-54,0,1,1,0,1900,0,18,9.205479452054794,280,0.009473684210526316,0.05555555555555555,105.55555555555556,206.39880952380955,1.955357142857143,0.030693174475317116
7275,Master,Single,33316.0,1,1,2013-10-04,34,79,1,31,4,4,12,3,2,1,4,6,0,0,0,0,0,0,0,18,0,43,35-44,2,1,3,0,119,0,7,12.032876712328767,366,0.10084033613445378,0.42857142857142855,17.0,9.88957194899818,0.5817395264116576,0.0035620981926995482
1343,Graduation,Together,58554.0,1,1,2012-09-26,55,368,24,68,38,0,88,6,8,2,6,7,0,0,0,0,0,0,0,16,0,46,45-54,2,2,4,0,498,0,16,24.0,739,0.17670682730923695,0.375,31.125,20.75,0.6666666666666666,0.00425248488574649
1384,Basic,Married,17256.0,1,0,2013-11-23,10,6,4,14,8,8,22,2,2,1,2,8,1,0,0,0,0,0,0,12,0,22,18-24,1,2,3,0,40,1,5,10.389041095890411,316,0.55,0.4,8.0,3.850210970464135,0.48127637130801687,0.002677476335510525
9967,Graduation,Divorced,53034.0,1,1,2013-05-30,30,160,15,196,15,11,50,8,6,1,7,8,0,0,0,0,0,0,0,16,0,40,35-44,2,1,3,0,397,0,14,16.208219178082192,493,0.12594458438287154,0.5714285714285714,28.357142857142858,24.493745774171735,0.8637592968221771,0.005542198387639266
6181,2n Cycle,Together,52203.0,0,0,2012-07-31,36,488,21,238,56,108,28,1,8,7,11,6,0,0,0,0,0,0,0,18,0,64,55-64,0,2,2,0,911,0,26,24.0,796,0.030735455543358946,0.038461538461538464,35.03846153846154,37.958333333333336,1.0833333333333333,0.00872555217133115
10507,2n Cycle,Divorced,59601.0,0,1,2013-07-25,14,691,7,69,0,7,23,4,2,2,7,8,0,1,0,0,0,0,0,18,0,37,35-44,1,1,2,0,774,1,11,14.367123287671232,437,0.029715762273901807,0.36363636363636365,70.36363636363636,53.872997711670486,0.7656369183829138,0.010846730298821258
2674,Master,Single,75154.0,0,1,2012-09-04,79,543,10,205,160,143,82,1,6,3,6,3,0,0,0,0,0,0,1,18,0,56,55-64,1,1,2,0,1061,0,15,24.0,761,0.07728557964184732,0.06666666666666667,70.73333333333333,44.208333333333336,0.625,0.007058839183543126
2698,Graduation,Single,47025.0,0,1,2013-11-07,52,254,7,108,20,0,26,3,6,3,5,6,0,0,0,0,0,0,0,16,0,38,35-44,1,1,2,0,389,0,14,10.915068493150685,332,0.06683804627249357,0.21428571428571427,27.785714285714285,35.63880522088353,1.2826305220883534,0.009094431954292449
3231,Graduation,Married,37971.0,1,0,2013-11-25,97,5,4,10,2,2,7,1,1,0,3,8,0,0,0,0,0,0,0,16,0,41,35-44,1,2,3,0,23,0,4,10.323287671232876,314,0.30434782608695654,0.25,5.75,2.2279723991507434,0.3874734607218684,0.0007041075765665619
10476,Graduation,Married,67267.0,0,1,2014-05-13,0,134,11,59,15,2,30,1,3,2,5,2,0,0,0,0,0,0,0,16,0,56,55-64,1,2,3,0,221,0,10,4.767123287671232,145,0.13574660633484162,0.1,22.1,46.35919540229886,2.0977011494252875,0.00827018218186609
5948,Graduation,Single,57338.0,0,1,2014-04-29,96,143,6,52,11,8,17,2,4,1,5,5,0,0,0,0,0,0,0,16,0,39,35-44,1,1,2,0,220,0,10,5.227397260273972,159,0.07727272727272727,0.2,22.0,42.08595387840671,1.9129979035639415,0.008807971093182192
9140,2n Cycle,Together,50523.0,1,1,2013-12-25,89,51,4,24,4,7,1,2,2,0,4,6,0,0,0,0,0,0,0,18,0,54,45-54,2,2,4,0,90,0,6,9.336986301369862,284,0.011111111111111112,0.3333333333333333,15.0,9.639084507042254,0.642605633802817,0.0022894328144509838
4743,PhD,Married,56242.0,0,1,2013-03-03,72,689,8,167,11,8,88,5,8,4,11,6,0,0,0,0,0,0,0,22,0,45,45-54,1,2,3,0,883,0,23,19.101369863013698,581,0.09966024915062288,0.21739130434782608,38.391304347826086,46.227051061388416,1.2041021227768216,0.009863173655571655
8805,Graduation,Single,48904.0,0,1,2012-12-02,1,283,10,38,0,13,27,4,7,2,4,8,0,0,0,0,0,0,0,16,0,54,45-54,1,1,2,0,344,0,13,22.093150684931505,672,0.07848837209302326,0.3076923076923077,26.46153846153846,15.57043650793651,0.5884176587301588,0.003820653486325006
1542,Graduation,Single,56243.0,1,2,2013-12-30,26,347,0,35,4,3,7,6,4,2,8,5,0,0,0,0,0,0,0,16,0,39,35-44,3,1,4,0,389,0,14,9.172602739726027,279,0.017994858611825194,0.42857142857142855,27.785714285714285,42.40890083632019,1.526284348864994,0.009048358196323849
6770,Graduation,Married,21355.0,1,0,2013-08-20,5,5,13,14,0,5,31,2,2,1,2,6,1,0,0,0,0,0,1,16,0,29,25-34,1,2,3,0,37,1,5,13.512328767123288,411,0.8378378378378378,0.4,7.4,2.7382400648824006,0.3700324412003244,0.00153869729705403
8773,Master,Together,57420.0,0,1,2013-06-25,22,280,0,18,0,0,24,3,5,1,6,7,0,1,0,0,0,0,0,18,0,43,35-44,1,2,3,0,298,1,12,15.353424657534246,467,0.08053691275167785,0.25,24.833333333333332,19.40935046395432,0.7815845824411135,0.004056290588078227
10475,Master,Together,46106.0,0,1,2013-04-01,39,187,5,65,26,20,14,2,4,2,6,5,0,0,0,0,0,0,0,18,0,44,35-44,1,2,3,1,303,0,12,18.147945205479452,552,0.0462046204620462,0.16666666666666666,25.25,16.69610507246377,0.6612318840579711,0.004345492145698287
10420,Master,Divorced,46390.0,0,1,2014-05-05,56,95,14,64,2,9,38,1,4,2,3,7,0,0,0,0,0,0,0,18,0,59,55-64,1,1,2,0,184,0,9,5.03013698630137,153,0.20652173913043478,0.1111111111111111,20.444444444444443,36.57952069716775,1.7892156862745097,0.009462260150161952
7514,2n Cycle,Together,54342.0,1,1,2013-07-03,74,84,10,34,11,10,28,4,3,1,4,6,0,0,0,0,0,0,0,18,0,58,55-64,2,2,4,0,149,0,8,15.090410958904108,459,0.18791946308724833,0.5,18.625,9.873819898329703,0.5301379811183733,0.002180373169554975
2902,Graduation,Together,51609.5,1,1,2012-09-03,87,19,4,12,2,2,6,1,1,0,3,5,0,0,0,0,0,0,0,16,0,56,55-64,2,2,4,1,39,0,4,24.0,762,0.15384615384615385,0.25,9.75,1.625,0.16666666666666666,0.0003778374136544628
4345,2n Cycle,Single,43685.5,1,1,2014-01-12,49,5,1,9,2,0,4,1,1,0,2,7,0,0,0,0,0,0,0,18,0,50,45-54,2,1,3,1,17,0,3,8.745205479452055,266,0.23529411764705882,0.3333333333333333,5.666666666666667,1.9439223057644108,0.3430451127819549,0.0005339773533362999
793,Graduation,Married,20895.0,1,0,2012-10-06,24,18,3,17,3,0,4,1,2,0,3,9,0,0,0,0,0,0,0,16,0,41,35-44,1,2,3,0,41,0,5,23.96712328767123,729,0.0975609756097561,0.2,8.2,1.710676726108825,0.2086191129401006,0.000982441766609519
10909,Graduation,Married,92344.0,0,0,2014-01-15,9,992,24,694,51,19,119,0,5,10,5,1,1,0,1,0,0,0,0,16,0,66,65-74,0,2,2,0,1780,2,20,8.646575342465754,263,0.06685393258426967,0.0,89.0,205.86185044359948,2.3130544993662863,0.026751518293805704
3769,PhD,Together,56559.0,1,0,2014-03-02,17,25,1,13,0,0,3,1,1,0,3,7,0,0,0,0,0,0,0,22,0,42,35-44,1,2,3,1,39,0,4,7.134246575342465,217,0.07692307692307693,0.25,9.75,5.466589861751152,0.5606758832565285,0.0011598344797647381
4791,Graduation,Together,44964.0,1,1,2012-12-16,35,19,1,17,2,0,2,1,1,0,3,8,0,0,0,0,0,0,0,16,0,34,25-34,2,2,4,0,39,0,4,21.632876712328766,658,0.05128205128205128,0.25,9.75,1.8028115501519757,0.184903748733536,0.0004811346544307381
8216,Master,Married,53761.0,1,1,2013-10-11,7,158,0,76,13,7,71,6,4,4,3,5,0,0,0,0,0,0,0,18,0,42,35-44,2,2,4,0,254,0,11,11.802739726027397,359,0.2795275590551181,0.5454545454545454,23.09090909090909,21.520427112349118,0.9319870009285051,0.0048035774138909144
8140,Graduation,Together,22682.0,1,0,2013-10-03,51,10,14,29,4,2,36,3,2,1,4,4,0,0,0,0,0,0,0,16,0,41,35-44,1,2,3,0,59,0,7,12.065753424657533,367,0.6101694915254238,0.42857142857142855,8.428571428571429,4.889872842870118,0.5801544050862852,0.002587006177340685
10146,PhD,Together,38887.0,1,0,2014-03-02,17,25,1,13,0,0,3,1,1,0,3,7,0,0,0,0,0,0,0,22,0,42,35-44,1,2,3,0,39,0,4,7.134246575342465,217,0.07692307692307693,0.25,9.75,5.466589861751152,0.5606758832565285,0.0016869153789444756
5289,2n Cycle,Single,41658.0,1,1,2012-11-09,30,8,4,12,15,4,29,2,1,1,2,4,0,0,0,0,0,0,0,18,0,39,35-44,2,1,3,0,43,0,4,22.84931506849315,695,0.6744186046511628,0.5,10.75,1.8818944844124699,0.1750599520383693,0.0005420983679713294
2587,PhD,Married,29791.0,1,0,2014-05-15,21,14,0,6,0,0,0,2,2,0,3,5,0,0,0,0,0,0,0,22,0,42,35-44,1,2,3,0,20,0,5,4.701369863013698,143,0.0,0.4,4.0,4.2540792540792545,1.0635198135198136,0.0017135695696334815
4405,Master,Married,63915.0,0,2,2013-07-30,2,622,7,115,30,0,15,2,6,3,12,5,0,0,0,0,0,0,0,18,0,58,55-64,2,2,4,0,774,0,21,14.202739726027398,432,0.01937984496124031,0.09523809523809523,36.857142857142854,54.49652777777778,1.478587962962963,0.010231687918850556
8663,Graduation,Divorced,39996.0,1,1,2014-05-22,85,11,0,3,0,0,1,1,1,0,2,6,0,0,0,0,0,0,0,16,0,40,35-44,2,1,3,0,14,0,3,4.471232876712328,136,0.07142857142857142,0.3333333333333333,4.666666666666667,3.131127450980393,0.6709558823529412,0.000939432178511969
2589,Graduation,Divorced,26759.0,1,0,2014-02-07,65,25,3,16,8,5,2,2,2,1,3,6,0,0,0,0,0,0,0,16,0,42,35-44,1,1,2,0,57,0,6,7.890410958904109,240,0.03508771929824561,0.3333333333333333,9.5,7.223958333333334,0.7604166666666667,0.0032395642587540645
10490,PhD,Married,51039.0,1,1,2012-12-10,11,100,64,79,65,0,109,2,6,2,4,7,0,0,0,0,0,0,0,22,0,45,45-54,2,2,4,0,308,0,12,21.83013698630137,664,0.3538961038961039,0.16666666666666666,25.666666666666668,14.108935742971887,0.549698795180723,0.00331721289436828
4094,Graduation,Married,60544.0,1,1,2012-08-25,92,201,2,43,3,5,35,4,5,1,5,6,0,0,0,0,0,0,0,16,0,53,45-54,2,2,4,0,254,0,11,24.0,771,0.1377952755905512,0.36363636363636365,23.09090909090909,10.583333333333334,0.4583333333333333,0.0020976479915433407
2534,Graduation,Married,37716.0,0,1,2014-04-21,4,97,1,41,6,2,41,2,4,1,3,7,0,0,0,0,0,0,0,16,0,61,55-64,1,2,3,0,147,0,8,5.49041095890411,167,0.2789115646258503,0.25,18.375,26.773952095808383,1.4570858283433132,0.008518597548777722
4188,Graduation,Single,36864.0,0,1,2012-08-13,53,204,5,39,17,0,89,3,5,2,4,8,0,0,0,0,0,0,1,16,0,57,55-64,1,1,2,0,265,0,11,24.0,783,0.33584905660377357,0.2727272727272727,24.09090909090909,11.041666666666666,0.4583333333333333,0.003594292534722222
6613,Master,Married,44511.0,1,0,2012-10-12,39,513,7,133,46,14,14,6,8,4,8,8,0,0,0,0,0,0,0,18,0,44,35-44,1,2,3,0,713,0,20,23.76986301369863,723,0.019635343618513323,0.3,35.65,29.995965882895344,0.8414015675426464,0.008086800804177487
10827,PhD,Married,36947.0,1,1,2012-08-07,49,88,3,21,4,1,29,4,3,0,4,9,0,0,0,0,0,0,0,22,0,47,45-54,2,2,4,0,117,0,7,24.0,789,0.24786324786324787,0.5714285714285714,16.714285714285715,4.875,0.2916666666666667,0.001583349121714889
8402,Master,Married,67087.0,0,1,2013-12-17,40,329,35,222,130,35,43,2,7,5,8,4,0,0,0,0,0,0,0,18,0,61,55-64,1,2,3,0,751,0,20,9.6,292,0.05725699067909454,0.1,37.55,78.22916666666667,2.0833333333333335,0.013993023983782254
8783,Graduation,Married,57045.0,0,1,2012-09-08,40,296,13,104,11,13,17,3,4,2,9,3,0,0,0,0,0,0,0,16,0,64,55-64,1,2,3,0,437,0,15,24.0,757,0.038901601830663615,0.2,29.133333333333333,18.208333333333332,0.625,0.003830309404855815
10010,PhD,Divorced,36957.0,1,1,2012-09-06,43,100,2,16,2,1,31,4,3,2,2,9,0,0,0,0,0,0,1,22,0,61,55-64,2,1,3,0,121,0,7,24.0,759,0.256198347107438,0.5714285714285714,17.285714285714285,5.041666666666667,0.2916666666666667,0.0016370376383364452
618,PhD,Married,69389.0,0,1,2012-09-28,17,422,7,238,69,46,15,1,7,2,12,4,0,0,0,0,0,0,0,22,0,37,35-44,1,2,3,0,782,0,21,24.0,737,0.01918158567774936,0.047619047619047616,37.23809523809524,32.583333333333336,0.875,0.005634898903284382
361,Master,Married,43142.0,1,1,2014-02-18,84,5,1,7,2,1,4,1,1,0,2,7,0,0,0,0,0,0,0,18,0,45,45-54,2,2,4,0,16,0,3,7.528767123287671,229,0.25,0.3333333333333333,5.333333333333333,2.1251819505094613,0.39847161572052403,0.0005911219555447948
4310,Graduation,Married,80589.0,0,0,2014-01-22,25,507,93,520,242,40,26,1,5,10,5,1,0,0,0,1,0,0,1,16,0,70,65-74,0,2,2,0,1402,1,20,8.416438356164383,256,0.018544935805991442,0.05,70.1,166.57877604166669,2.3763020833333335,0.024804195516757874
2678,Graduation,Single,34412.0,1,0,2013-02-13,62,52,12,50,4,36,55,3,5,0,3,9,0,0,0,0,0,0,0,16,0,24,18-24,1,1,2,0,154,0,8,19.693150684931506,599,0.35714285714285715,0.375,19.25,7.81997774067891,0.4062326099053979,0.0027269479509516134
6376,Graduation,Single,57537.0,1,0,2013-06-10,83,191,56,139,51,8,100,4,4,3,8,4,0,0,0,0,0,0,0,16,0,35,35-44,1,1,2,0,445,0,15,15.846575342465753,482,0.2247191011235955,0.26666666666666666,29.666666666666668,28.081777316735824,0.9465767634854771,0.005856776123204718
10341,Graduation,Together,51315.0,0,0,2014-02-23,45,68,28,39,16,30,41,1,2,2,5,2,0,0,0,0,0,0,0,16,0,66,65-74,0,2,2,0,181,0,9,7.364383561643836,224,0.2265193370165746,0.1111111111111111,20.11111111111111,24.577752976190478,1.2220982142857142,0.005747501426761877
5654,Graduation,Married,36026.0,2,1,2014-03-16,34,20,4,10,6,4,17,2,2,0,3,6,0,0,0,0,0,0,0,16,0,42,35-44,3,2,5,0,44,0,5,6.673972602739726,203,0.38636363636363635,0.4,8.8,6.592775041050904,0.7491789819376027,0.0021960056762507867
4098,Graduation,Married,24639.0,1,1,2014-01-28,3,20,3,16,0,4,1,3,2,0,4,6,0,0,0,0,0,0,0,16,0,41,35-44,2,2,4,0,43,0,6,8.21917808219178,250,0.023255813953488372,0.5,7.166666666666667,5.231666666666667,0.7300000000000001,0.002547993019197208
5824,PhD,Together,34578.0,2,1,2014-04-11,1,7,0,1,0,0,0,1,1,0,2,6,0,0,0,0,0,0,0,22,0,42,35-44,3,2,5,0,8,0,3,5.8191780821917805,177,0.0,0.3333333333333333,2.6666666666666665,1.3747645951035783,0.5155367231638418,0.0004771003279901365
7000,2n Cycle,Single,65704.0,0,0,2013-10-13,18,279,172,74,38,8,246,1,2,10,10,1,0,0,0,0,0,0,0,18,0,42,35-44,0,1,1,0,571,0,22,11.736986301369862,357,0.4308231173380035,0.045454545454545456,25.954545454545453,48.64962651727358,1.8744164332399627,0.008885235574809495
5229,PhD,Together,54132.0,0,1,2014-02-16,81,30,1,8,0,0,3,1,1,0,3,7,0,0,0,0,0,0,0,22,0,45,45-54,1,2,3,0,39,0,4,7.594520547945205,231,0.07692307692307693,0.25,9.75,5.1352813852813854,0.5266955266955268,0.0011383909078433575
2428,Graduation,Married,28164.0,1,0,2013-05-04,23,3,18,26,11,8,12,3,2,0,4,7,0,0,0,0,0,0,0,16,0,44,35-44,1,2,3,0,66,0,6,17.063013698630137,519,0.18181818181818182,0.5,11.0,3.868015414258189,0.3516377649325626,0.001648067922564205
2836,PhD,Married,43269.0,1,0,2013-09-16,61,10,1,7,0,0,1,1,1,0,2,8,0,0,0,0,0,0,0,22,0,42,35-44,1,2,3,0,18,0,3,12.624657534246575,384,0.05555555555555555,0.3333333333333333,6.0,1.42578125,0.23763020833333334,0.00039541877556680303
8418,2n Cycle,Single,38741.0,1,1,2014-03-30,60,7,10,17,8,6,13,2,2,0,3,7,0,0,0,0,0,0,0,18,0,56,55-64,2,1,3,0,48,0,5,6.213698630136986,189,0.2708333333333333,0.4,9.6,7.7248677248677255,0.8046737213403881,0.00239277284268379
1362,Graduation,Single,31907.0,0,0,2013-03-04,75,33,87,64,175,16,74,1,6,1,6,7,0,0,0,0,0,0,0,16,0,42,35-44,0,1,1,0,375,0,13,19.06849315068493,580,0.19733333333333333,0.07692307692307693,28.846153846153847,19.66594827586207,0.6817528735632185,0.007396225884926344
10033,2n Cycle,Divorced,31163.0,1,0,2014-02-13,54,2,3,10,11,2,10,1,1,0,3,6,0,0,0,0,0,0,0,18,0,41,35-44,1,1,2,0,28,0,4,7.693150684931506,234,0.35714285714285715,0.25,7.0,3.63960113960114,0.51994301994302,0.0014015086376540668
9349,Graduation,Married,92533.0,0,0,2013-12-19,84,693,21,118,110,147,42,1,6,5,11,2,0,0,1,1,0,0,0,16,0,29,25-34,0,2,2,0,1089,2,22,9.534246575342465,290,0.03856749311294766,0.045454545454545456,49.5,114.2198275862069,2.307471264367816,0.01481242293057053
274,Graduation,Single,34853.0,1,1,2013-12-23,75,9,3,15,2,3,2,2,2,0,3,6,0,0,0,0,0,0,0,16,0,41,35-44,2,1,3,0,32,0,5,9.402739726027397,286,0.0625,0.4,6.4,3.4032634032634035,0.5317599067599068,0.0011717545358838793
3388,Graduation,Divorced,70844.0,1,1,2013-10-30,16,129,26,67,3,67,2,5,6,1,5,7,0,0,0,0,0,0,0,16,0,47,45-54,2,1,3,0,292,0,12,11.178082191780822,340,0.00684931506849315,0.4166666666666667,24.333333333333332,26.122549019607842,1.0735294117647058,0.004424800805082916
922,2n Cycle,Married,31086.0,1,1,2013-05-04,79,16,2,11,3,0,16,2,1,1,2,8,1,0,0,0,0,0,0,18,0,35,35-44,2,2,4,0,32,1,4,17.063013698630137,519,0.5,0.5,8.0,1.8754014129736674,0.23442517662170842,0.0007239534502890049
2518,2n Cycle,Together,20491.0,0,0,2013-01-25,16,5,4,5,4,2,10,1,0,1,2,7,0,0,0,0,0,0,0,18,0,28,25-34,0,2,2,0,20,0,3,20.317808219178083,618,0.5,0.3333333333333333,6.666666666666667,0.9843581445523193,0.14765372168284788,0.0005764627267887283
574,Graduation,Married,42523.0,0,0,2014-04-23,96,14,36,11,3,26,35,1,1,1,4,2,0,0,0,0,0,0,0,16,0,50,45-54,0,2,2,0,90,0,6,5.424657534246575,165,0.3888888888888889,0.16666666666666666,15.0,16.590909090909093,1.1060606060606062,0.004681958212988479
5967,Graduation,Together,33402.0,1,1,2013-07-18,60,26,2,19,10,5,8,3,2,1,3,8,0,0,0,0,0,0,0,16,0,62,55-64,2,2,4,0,62,0,6,14.597260273972601,444,0.12903225806451613,0.5,10.333333333333334,4.247372372372372,0.41103603603603606,0.001525910678057256
1183,Master,Married,36408.0,1,1,2013-09-21,11,9,1,4,3,2,3,1,1,0,2,6,0,0,0,0,0,0,0,18,0,65,65-74,2,2,4,0,19,0,3,12.460273972602739,379,0.15789473684210525,0.3333333333333333,6.333333333333333,1.5248460861917328,0.2407651715039578,0.0005025860534580529
6856,Graduation,Together,21645.0,1,0,2012-09-03,75,14,0,23,4,5,19,3,3,0,3,9,0,0,0,0,0,0,1,16,0,35,35-44,1,2,3,0,46,0,6,24.0,762,0.41304347826086957,0.5,7.666666666666667,1.9166666666666667,0.25,0.0010626010626010626
4530,Master,Widow,78427.0,0,0,2012-10-24,36,972,19,595,180,26,138,3,3,7,10,3,0,0,0,1,0,0,1,18,0,66,65-74,0,1,1,0,1792,1,20,23.375342465753423,711,0.07700892857142858,0.15,89.6,76.66197843413033,0.8556024378809189,0.011729936644389866
1553,Graduation,Together,82657.0,0,0,2013-09-27,71,966,168,672,246,105,126,1,7,5,10,4,0,1,0,1,0,0,0,16,0,68,65-74,0,2,2,0,2157,2,22,12.263013698630136,373,0.0584144645340751,0.045454545454545456,98.04545454545455,175.89477211796248,1.7940125111706882,0.025536098157633955
4682,Graduation,Married,51876.0,0,0,2013-10-15,88,99,27,102,28,48,6,1,2,2,8,1,0,0,0,0,0,0,0,16,0,56,55-64,0,2,2,0,304,0,12,11.671232876712327,355,0.019736842105263157,0.08333333333333333,25.333333333333332,26.046948356807516,1.0281690140845072,0.006025202025632088
8204,2n Cycle,Married,78041.0,0,0,2012-12-16,93,482,35,553,72,160,17,1,4,4,9,2,0,0,0,0,0,0,0,18,0,43,35-44,0,2,2,0,1302,0,17,21.632876712328766,658,0.013056835637480798,0.058823529411764705,76.58823529411765,60.18617021276596,0.7858409321175279,0.009254546232790347
5221,Graduation,Married,52852.0,0,1,2012-12-01,93,714,8,99,11,0,47,4,10,7,5,8,1,0,0,0,0,0,0,16,0,57,55-64,1,2,3,0,832,1,22,22.126027397260273,673,0.056490384615384616,0.18181818181818182,37.81818181818182,37.60277365032194,0.9943041109460129,0.008537676602661458
1232,PhD,Together,70038.0,0,0,2013-10-25,54,587,54,348,71,54,130,1,4,4,8,2,0,0,0,0,0,0,0,22,0,32,25-34,0,2,2,0,1114,0,16,11.342465753424657,345,0.11669658886894076,0.0625,69.625,98.21497584541063,1.4106280193236715,0.01682771795518044
1927,2n Cycle,Together,69401.0,0,1,2014-03-23,41,399,27,159,58,8,39,4,4,4,5,2,0,0,0,0,0,0,0,18,0,41,35-44,1,2,3,0,651,0,13,6.443835616438356,196,0.059907834101382486,0.3076923076923077,50.07692307692308,101.02678571428571,2.0174319727891157,0.017468356775427275
5788,Graduation,Together,46053.0,1,0,2013-02-17,46,56,10,92,19,7,25,3,3,2,4,5,0,0,0,0,0,0,0,16,0,42,35-44,1,2,3,0,184,0,9,19.561643835616437,595,0.1358695652173913,0.3333333333333333,20.444444444444443,9.406162464985995,0.4600840336134454,0.002450957583215685
6652,Graduation,Married,77343.0,0,0,2014-06-09,28,227,151,573,98,54,31,1,3,4,9,1,0,0,0,0,0,0,0,16,0,49,45-54,0,2,2,0,1103,0,16,3.8794520547945206,118,0.028105167724388033,0.0625,68.9375,284.31850282485874,4.124293785310734,0.04411287426009212
6246,Graduation,Single,73892.0,0,0,2013-11-13,40,703,102,601,0,58,43,1,3,11,8,1,0,0,0,0,0,0,1,16,0,61,55-64,0,1,1,0,1464,0,22,10.717808219178082,326,0.029371584699453553,0.045454545454545456,66.54545454545455,136.5950920245399,2.0526584867075663,0.022182930551270484
5975,PhD,Single,40304.0,1,0,2013-09-30,82,37,0,17,0,0,3,1,2,0,3,7,0,0,0,0,0,0,0,22,0,47,45-54,1,1,2,0,54,0,5,12.164383561643834,370,0.05555555555555555,0.2,10.8,4.4391891891891895,0.41103603603603606,0.0013217117474759398
6875,PhD,Together,32727.0,0,0,2012-08-28,38,167,13,180,86,13,70,2,7,3,5,8,0,0,0,0,0,0,0,22,0,49,45-54,0,2,2,0,459,0,15,24.0,768,0.15250544662309368,0.13333333333333333,30.6,19.125,0.625,0.007012558437986983
4042,Graduation,Divorced,43300.0,0,1,2012-10-13,87,91,3,52,2,1,31,3,4,0,4,8,0,0,0,0,0,0,1,16,0,43,35-44,1,1,2,0,149,0,8,23.73698630136986,722,0.2080536912751678,0.375,18.625,6.2771237303785785,0.3370267774699908,0.001739618585786211
2157,Graduation,Together,26290.0,1,1,2013-01-12,49,15,8,16,11,5,22,4,2,0,4,6,0,0,0,0,0,0,0,16,0,42,35-44,2,2,4,0,55,0,6,20.745205479452054,631,0.4,0.6666666666666666,9.166666666666666,2.6512150026413104,0.28922345483359746,0.001210139978383253
10133,Graduation,Single,93790.0,0,0,2014-02-12,16,1302,68,731,89,114,45,0,6,7,12,2,0,1,1,1,0,0,1,16,0,44,35-44,0,1,1,0,2304,3,25,7.726027397260274,235,0.01953125,0.0,92.16,298.21276595744683,3.2358156028368796,0.03815495459525922
2525,PhD,Married,38410.0,0,0,2012-09-14,65,153,64,123,116,64,14,2,5,2,9,6,0,0,0,0,0,0,1,22,0,40,35-44,0,2,2,0,520,0,16,24.0,751,0.026923076923076925,0.125,32.5,21.666666666666668,0.6666666666666666,0.006769070554543088
8233,Master,Widow,64866.0,0,1,2014-01-26,9,508,5,21,7,5,10,4,7,3,7,5,0,1,0,0,0,0,0,18,0,64,55-64,1,1,2,0,546,1,17,8.284931506849315,252,0.018315018315018316,0.23529411764705882,32.11764705882353,65.90277777777779,2.0519179894179893,0.012191800532379574
9483,Graduation,Together,57957.0,0,1,2013-08-19,24,290,59,177,77,5,29,7,4,6,8,3,0,0,0,0,0,1,0,16,0,55,55-64,1,2,3,0,608,0,18,13.545205479452054,412,0.047697368421052634,0.3888888888888889,33.77777777777778,44.88673139158576,1.3288834951456312,0.009293800174250378
10403,Graduation,Together,16531.0,1,0,2014-06-18,43,2,13,6,7,5,11,3,3,0,3,7,0,0,0,0,0,0,0,16,0,36,35-44,1,2,3,0,33,0,6,3.5835616438356164,109,0.3333333333333333,0.5,5.5,9.208715596330276,1.6743119266055047,0.006684688594517168
5074,Master,Married,28072.0,1,0,2013-07-08,10,30,0,10,2,0,5,1,1,0,3,7,0,0,0,0,0,0,0,18,0,28,25-34,1,2,3,0,42,0,4,14.926027397260274,454,0.11904761904761904,0.25,10.5,2.813876651982379,0.26798825256975034,0.0012028540832070584
10524,Master,Divorced,49476.0,0,1,2013-06-20,29,386,23,95,54,41,196,4,2,11,5,2,0,0,0,0,0,0,0,18,0,51,45-54,1,1,2,0,599,0,18,15.517808219178082,472,0.327212020033389,0.2222222222222222,33.27777777777778,38.60081214689266,1.159957627118644,0.009362311944431883
4690,Graduation,Married,50725.0,0,1,2013-02-13,45,443,10,75,0,10,48,4,8,1,8,8,0,0,0,0,0,0,0,16,0,61,55-64,1,2,3,0,538,0,17,19.693150684931506,599,0.08921933085501858,0.23529411764705882,31.647058823529413,27.319143016138007,0.8632442960489706,0.006462882527228312
7196,PhD,Married,41145.0,1,1,2014-02-08,20,9,0,3,0,0,1,1,0,0,3,3,0,0,0,0,0,0,0,22,0,64,55-64,2,2,4,0,12,0,3,7.857534246575342,239,0.08333333333333333,0.3333333333333333,4.0,1.5271966527196654,0.38179916317991636,0.0004454091586495561
4406,Graduation,Together,67419.0,0,1,2013-01-16,29,846,84,352,91,56,42,4,9,4,8,5,0,0,0,0,0,0,0,16,0,44,35-44,1,2,3,0,1429,0,21,20.613698630136984,627,0.02939118264520644,0.19047619047619047,68.04761904761905,69.32283359914939,1.0187400318979267,0.012338865945650227
9672,2n Cycle,Married,23162.0,1,1,2013-12-21,82,8,3,9,19,4,22,3,1,1,3,6,0,0,0,0,0,0,0,18,0,44,35-44,2,2,4,0,43,0,5,9.468493150684932,288,0.5116279069767442,0.6,8.6,4.541377314814815,0.5280671296296297,0.002352842059311708
4864,Graduation,Married,34380.0,1,0,2013-05-02,68,72,7,58,13,1,24,4,4,1,3,8,0,0,0,0,0,0,0,16,0,37,35-44,1,2,3,0,151,0,8,17.12876712328767,521,0.15894039735099338,0.5,18.875,8.815579014715292,0.4670505438259757,0.0030769909300925975
4706,Graduation,Single,34704.0,0,1,2013-04-27,65,29,0,5,0,1,5,1,1,0,3,5,0,0,0,0,0,0,0,16,0,48,45-54,1,1,2,0,35,0,4,17.293150684931508,526,0.14285714285714285,0.25,8.75,2.0239226869455007,0.23130544993662863,0.0006998349539922202
4070,PhD,Married,94871.0,0,2,2012-09-01,99,169,24,553,188,0,144,1,8,5,4,7,0,1,1,0,0,0,1,22,0,45,45-54,2,2,4,0,934,2,17,24.0,764,0.15417558886509636,0.058823529411764705,54.94117647058823,38.916666666666664,0.7083333333333334,0.0049224736747794364
25,Graduation,Married,65148.0,0,1,2012-11-16,9,460,35,422,33,12,153,2,6,6,7,4,0,0,0,0,0,0,0,16,0,56,55-64,1,2,3,0,962,0,19,22.61917808219178,688,0.15904365904365905,0.10526315789473684,50.63157894736842,42.53028100775194,0.8399951550387597,0.00783390698245569
3697,Graduation,Together,39898.0,0,1,2013-02-12,20,69,8,26,12,7,12,2,3,0,4,7,0,0,0,0,0,0,0,16,0,60,55-64,1,2,3,0,122,0,7,19.726027397260275,600,0.09836065573770492,0.2857142857142857,17.428571428571427,6.184722222222222,0.35486111111111107,0.0018601600748575531
4220,PhD,Married,59892.0,0,1,2013-11-02,26,73,0,13,0,1,0,1,2,1,3,3,0,0,0,0,0,0,0,22,0,44,35-44,1,2,3,0,87,0,6,11.07945205479452,337,0.0,0.16666666666666666,14.5,7.852373887240356,0.5415430267062314,0.0015733067295612814
5286,Master,Single,41020.0,0,0,2013-10-28,68,112,1,54,7,7,36,1,3,2,4,3,0,0,0,0,0,0,0,18,0,27,25-34,0,1,1,0,181,0,9,11.243835616438355,342,0.19889502762430938,0.1111111111111111,20.11111111111111,16.097709551656923,0.8004385964912282,0.004709227562649514
9559,PhD,Married,57072.0,0,1,2014-01-24,79,944,0,60,0,0,30,2,7,5,13,5,1,0,0,0,0,0,0,22,0,53,45-54,1,2,3,0,1004,1,25,8.35068493150685,254,0.029880478087649404,0.08,40.16,120.22965879265091,2.993766404199475,0.025279575019480846
3102,2n Cycle,Together,19414.0,1,0,2013-10-16,32,2,3,12,3,5,7,1,1,0,3,8,0,0,0,0,0,0,0,18,0,33,25-34,1,2,3,0,25,0,4,11.638356164383561,354,0.28,0.25,6.25,2.148069679849341,0.3436911487758946,0.0013277447284532858
5868,Graduation,Married,19107.0,1,0,2013-08-22,49,2,4,9,10,5,16,2,1,0,3,7,0,0,0,0,0,0,0,16,0,34,25-34,1,2,3,0,30,0,4,13.446575342465753,409,0.5333333333333333,0.5,7.5,2.2310513447432765,0.2974735126324369,0.0014011941245051195
8370,2n Cycle,Together,75484.0,0,1,2012-08-02,50,378,97,259,197,194,34,2,7,3,6,4,0,0,0,0,0,0,0,18,0,38,35-44,1,2,3,0,1125,0,16,24.0,794,0.030222222222222223,0.125,70.3125,46.875,0.6666666666666666,0.007451910338614806
9988,Master,Single,70379.0,0,1,2013-03-03,84,553,25,142,65,67,8,3,6,3,13,4,0,0,0,0,0,0,0,18,0,38,35-44,1,1,2,0,852,0,22,19.101369863013698,581,0.009389671361502348,0.13636363636363635,38.72727272727273,44.60413080895009,1.1517498565691338,0.007605245452583882
2939,Master,Together,79419.0,0,0,2014-06-22,96,751,127,687,20,15,31,1,4,6,4,2,0,0,0,0,0,0,0,18,0,44,35-44,0,2,2,0,1600,0,14,3.452054794520548,105,0.019375,0.07142857142857142,114.28571428571429,463.4920634920635,4.055555555555555,0.07003241997386975
5529,PhD,Together,64014.0,2,1,2014-06-10,56,406,0,30,0,0,8,7,8,2,5,7,0,0,0,1,0,0,0,22,0,68,65-74,3,2,5,0,436,1,15,3.846575342465753,117,0.01834862385321101,0.4666666666666667,29.066666666666666,113.34757834757835,3.89957264957265,0.021248022935153876
9743,Graduation,Married,76998.0,0,1,2013-01-11,85,1449,89,161,69,35,107,2,11,8,8,6,0,0,1,0,0,0,0,16,0,59,55-64,1,2,3,0,1803,1,27,20.778082191780822,632,0.059345535219079315,0.07407407407407407,66.77777777777777,86.77412974683544,1.2994462025316456,0.013523592261643487
5763,Master,Together,49854.0,1,0,2013-11-10,63,123,17,171,39,0,30,5,6,2,5,6,0,0,0,0,0,0,0,18,0,42,35-44,1,2,3,0,350,0,13,10.816438356164383,329,0.08571428571428572,0.38461538461538464,26.923076923076923,32.358156028368796,1.2018743667679839,0.007788700452128727
3478,PhD,Married,60585.0,1,1,2013-06-24,17,267,42,309,55,42,21,10,7,4,9,5,0,0,0,0,0,0,1,22,0,43,35-44,2,2,4,0,715,0,20,15.386301369863013,468,0.02937062937062937,0.5,35.75,46.46990740740741,1.29985754985755,0.009204240140115358
7494,PhD,Divorced,42873.0,1,1,2013-01-21,11,209,0,40,3,2,15,4,6,1,4,8,0,0,0,0,0,0,0,22,0,64,55-64,2,1,3,0,254,0,11,20.44931506849315,622,0.05905511811023622,0.36363636363636365,23.09090909090909,12.42095391211147,0.5379153269024652,0.003476580760509823
1763,Graduation,Together,87679.0,0,0,2013-07-27,62,1259,172,815,97,148,33,1,7,11,10,4,1,0,1,1,0,0,1,16,0,26,25-34,0,2,2,0,2491,3,28,14.301369863013699,435,0.013247691690084303,0.03571428571428571,88.96428571428571,174.17911877394636,1.957854406130268,0.023838654926349026
7250,Graduation,Together,57867.0,1,0,2013-10-01,48,344,35,178,15,23,17,7,7,2,9,6,0,0,0,0,0,0,0,16,0,36,35-44,1,2,3,0,595,0,18,12.131506849315068,369,0.02857142857142857,0.3888888888888889,33.05555555555556,49.04584462511292,1.4837398373983741,0.010170738685284446
2005,Graduation,Married,35765.0,1,0,2013-12-11,86,22,3,30,0,5,15,2,2,0,4,6,0,0,0,0,0,0,0,16,0,24,18-24,1,2,3,0,60,0,6,9.797260273972602,298,0.25,0.3333333333333333,10.0,6.124161073825504,0.6124161073825504,0.0020548003043731593
10770,Graduation,Married,65492.0,0,0,2014-01-26,73,247,161,295,210,85,47,2,4,7,13,2,0,0,0,0,0,0,0,16,0,55,55-64,0,2,2,0,998,0,24,8.284931506849315,252,0.047094188376753505,0.08333333333333333,41.583333333333336,120.45965608465609,2.8968253968253967,0.022071640399069704
6885,Graduation,Divorced,32952.0,1,0,2013-12-01,36,38,0,12,3,1,1,1,2,0,3,7,0,0,0,0,0,0,0,16,0,37,35-44,1,1,2,0,54,0,5,10.126027397260273,308,0.018518518518518517,0.2,10.8,5.332792207792208,0.4937770562770563,0.001942021925634453
2072,PhD,Together,53374.0,0,1,2012-08-16,34,896,10,101,13,10,34,6,4,2,9,9,1,0,0,0,0,0,1,22,0,45,45-54,1,2,3,0,1030,1,15,24.0,780,0.03300970873786408,0.4,68.66666666666667,42.916666666666664,0.625,0.009648892719301532
9463,Graduation,Together,71706.0,0,1,2012-11-13,16,931,56,253,91,98,14,4,9,5,7,5,0,0,0,0,0,0,0,16,0,55,55-64,1,2,3,0,1429,0,21,22.71780821917808,691,0.00979706088173548,0.19047619047619047,68.04761904761905,62.90219488663772,0.9243849493487699,0.010526683103780056
6318,Graduation,Married,68487.0,0,0,2013-01-13,48,758,12,385,33,89,89,1,9,7,13,4,0,0,0,0,0,0,0,16,0,26,25-34,0,2,2,0,1277,0,29,20.712328767123285,630,0.0696945967110415,0.034482758620689655,44.03448275862069,61.65410052910054,1.4001322751322753,0.010802768501309831
4093,Master,Together,53253.0,1,1,2013-02-11,61,216,9,57,20,9,125,7,4,3,5,5,0,0,0,0,0,0,0,18,0,39,35-44,2,2,4,0,311,0,12,19.75890410958904,601,0.40192926045016075,0.5833333333333334,25.916666666666668,15.739739323349973,0.6073211314475874,0.0035467836906878424
3340,Graduation,Married,42014.0,1,0,2012-08-17,56,244,15,108,4,15,50,6,7,1,6,8,0,0,0,0,0,0,1,16,0,37,35-44,1,2,3,0,386,0,14,24.0,779,0.12953367875647667,0.42857142857142855,27.571428571428573,16.083333333333332,0.5833333333333334,0.0045937068596182224
3594,Master,Married,54108.0,1,1,2012-11-05,74,539,6,91,8,6,97,13,8,2,9,8,0,0,0,0,0,0,0,18,0,41,35-44,2,2,4,0,650,0,19,22.980821917808218,699,0.14923076923076922,0.6842105263157895,34.21052631578947,28.284453981878876,0.8267763471626133,0.006272888441312681
3584,PhD,Single,49667.0,0,0,2012-08-20,35,1181,26,120,17,13,39,2,5,10,5,8,1,0,0,0,0,0,1,22,0,59,55-64,0,1,1,0,1357,1,20,24.0,776,0.028739867354458364,0.1,67.85,56.541666666666664,0.8333333333333334,0.013660982141059454
3643,Master,Married,63206.0,0,0,2014-03-20,65,750,8,125,11,8,26,1,4,3,6,2,0,0,1,0,0,0,0,18,0,40,35-44,0,2,2,0,902,1,13,6.542465753424657,199,0.028824833702882482,0.07692307692307693,69.38461538461539,137.86850921273034,1.9870184254606367,0.026175080064436352
851,Master,Married,57136.0,1,1,2013-07-09,48,306,5,109,21,109,92,9,5,2,10,6,0,0,0,0,0,0,0,18,0,42,35-44,2,2,4,0,550,0,17,14.893150684931506,453,0.16727272727272727,0.5294117647058824,32.35294117647059,36.929727740986024,1.1414643119941135,0.007756173566435038
7706,2n Cycle,Together,46772.0,0,1,2012-11-07,88,350,104,189,197,151,57,6,11,8,5,8,1,0,0,0,0,0,0,18,0,39,35-44,1,2,3,0,991,1,24,22.915068493150685,697,0.05751765893037336,0.25,41.291666666666664,43.246652319464374,1.0473457675753228,0.011095523557546663
3967,PhD,Married,78931.0,0,0,2013-10-25,19,331,197,170,58,152,35,1,2,8,13,1,0,0,0,0,0,0,0,22,0,43,35-44,0,2,2,0,908,0,23,11.342465753424657,345,0.03854625550660793,0.043478260869565216,39.47826086956522,80.05314009661836,2.027777777777778,0.01217060066589072
10128,Graduation,Together,53977.0,0,1,2013-06-08,21,620,16,165,0,24,82,5,5,5,12,5,0,0,0,0,0,0,0,16,0,56,55-64,1,2,3,0,825,0,22,15.912328767123286,484,0.0993939393939394,0.22727272727272727,37.5,51.846590909090914,1.3825757575757578,0.011526374027995091
9451,Graduation,Married,73538.0,0,1,2012-11-25,92,811,76,428,99,137,107,3,10,4,9,7,0,0,0,0,0,0,0,16,0,49,45-54,1,2,3,0,1551,0,23,22.323287671232876,679,0.06898774983881367,0.13043478260869565,67.43478260869566,69.47901325478645,1.0303141875306825,0.0113376507255764
9264,Graduation,Married,79529.0,0,0,2014-04-27,1,423,42,706,73,197,197,1,4,8,9,2,0,0,0,0,0,0,0,16,0,28,25-34,0,2,2,0,1441,0,21,5.293150684931507,161,0.13671061762664816,0.047619047619047616,68.61904761904762,272.2386128364389,3.967391304347826,0.041077636510420935
3865,2n Cycle,Together,20981.0,0,0,2013-04-30,14,2,12,10,6,13,30,1,3,1,2,8,0,0,0,0,0,0,1,18,0,37,35-44,0,2,2,0,43,0,6,17.194520547945206,523,0.6976744186046512,0.16666666666666666,7.166666666666667,2.5007966857871256,0.3489483747609943,0.001430320777343573
2853,Graduation,Single,51766.0,1,0,2014-03-11,74,60,51,87,6,20,51,2,4,2,4,5,0,0,0,0,0,0,0,16,0,34,25-34,1,1,2,0,224,0,10,6.838356164383561,208,0.22767857142857142,0.2,22.4,32.75641025641026,1.4623397435897436,0.007593341634990596
1490,Graduation,Married,55759.0,0,1,2012-11-28,84,675,0,85,10,7,77,5,10,3,8,8,0,0,0,0,0,0,0,16,0,52,45-54,1,2,3,0,777,0,21,22.224657534246575,676,0.0990990990990991,0.23809523809523808,37.0,34.961168639053255,0.944896449704142,0.007524059320802724
10380,Master,Married,37787.0,1,0,2013-09-20,50,40,1,40,4,3,18,1,3,0,3,8,0,0,0,0,0,0,0,18,0,42,35-44,1,2,3,0,88,0,6,12.493150684931507,380,0.20454545454545456,0.16666666666666666,14.666666666666666,7.0438596491228065,0.48026315789473684,0.002236915229827022
3887,Graduation,Single,27242.0,1,0,2012-11-11,2,3,17,26,20,1,39,2,2,0,3,9,0,0,0,0,0,0,1,16,0,44,35-44,1,1,2,0,67,0,5,22.783561643835615,693,0.582089552238806,0.4,13.4,2.940716690716691,0.21945646945646946,0.0012953747995228064
4278,PhD,Single,87188.0,0,0,2013-06-03,73,910,111,724,49,74,55,1,10,2,6,3,0,0,0,0,0,0,1,22,0,31,25-34,0,1,1,0,1868,0,18,16.076712328767123,489,0.029443254817987152,0.05555555555555555,103.77777777777777,116.19291070211317,1.1196319018404908,0.015992050837562027
8643,Graduation,Together,69930.0,0,0,2013-05-26,21,252,98,827,219,70,196,1,4,5,12,3,0,0,0,0,0,0,0,16,0,43,35-44,0,2,2,0,1466,0,21,16.33972602739726,497,0.13369713506139155,0.047619047619047616,69.80952380952381,89.71998658618378,1.285211267605634,0.01539596509415423
1998,Graduation,Single,37697.0,1,0,2014-02-07,82,34,6,21,11,4,8,1,2,1,3,6,0,0,0,0,0,0,0,16,0,38,35-44,1,1,2,0,76,0,6,7.890410958904109,240,0.10526315789473684,0.16666666666666666,12.666666666666666,9.631944444444445,0.7604166666666667,0.003066114898621464
2408,Graduation,Married,58597.0,1,1,2012-11-20,20,490,0,184,10,28,21,12,7,4,9,7,0,0,0,0,0,0,0,16,0,38,35-44,2,2,4,0,712,0,20,22.48767123287671,684,0.02949438202247191,0.6,35.6,31.66179337231969,0.8893762183235868,0.0064839756381356774
202,PhD,Widow,82032.0,0,0,2014-04-05,54,332,194,377,149,125,57,0,4,6,7,1,0,0,0,0,0,0,0,22,0,66,65-74,0,1,1,0,1177,0,17,6.016438356164383,183,0.048428207306711976,0.0,69.23529411764706,195.63069216757742,2.8255919854280513,0.028617713892272884
7998,Graduation,Together,28087.0,1,1,2012-12-11,77,53,8,17,13,0,21,3,2,2,2,7,0,0,0,0,0,0,0,16,0,56,55-64,2,2,4,0,91,0,6,21.7972602739726,663,0.23076923076923078,0.5,15.166666666666666,4.17483660130719,0.27526395173454,0.001783673557720165
830,PhD,Single,74004.0,0,0,2014-02-24,5,784,48,560,42,176,48,1,4,6,4,3,0,0,1,1,0,0,1,22,0,27,25-34,0,1,1,0,1610,2,14,7.331506849315068,223,0.02981366459627329,0.07142857142857142,115.0,219.6001494768311,1.9095665171898357,0.03560891024433778
3536,Graduation,Together,19740.0,0,1,2013-03-24,65,7,11,3,10,4,20,2,1,1,3,5,0,0,0,0,0,0,0,16,0,54,45-54,1,2,3,0,35,0,5,18.410958904109588,560,0.5714285714285714,0.4,7.0,1.9010416666666667,0.271577380952381,0.0011556484295845999
6050,2n Cycle,Married,57036.0,0,1,2012-12-11,33,1171,43,219,19,14,47,4,6,3,13,9,1,0,0,0,0,0,0,18,0,39,35-44,1,2,3,0,1466,1,22,21.7972602739726,663,0.032060027285129605,0.18181818181818182,66.63636363636364,67.25615887380594,1.00930115635998,0.014150254339113391
125,2n Cycle,Together,53083.0,1,1,2013-05-15,65,215,7,33,3,0,13,6,5,1,5,7,0,1,0,0,0,0,0,18,0,56,55-64,2,2,4,0,258,1,11,16.7013698630137,508,0.050387596899224806,0.5454545454545454,23.454545454545453,15.44783464566929,0.6586286089238845,0.0034921540935522015
3463,PhD,Married,69283.0,0,1,2014-06-14,41,674,62,134,0,26,8,4,7,3,13,5,0,0,0,0,0,0,0,22,0,39,35-44,1,2,3,0,896,0,23,3.7150684931506848,113,0.008928571428571428,0.17391304347826086,38.95652173913044,241.17994100294987,6.191002949852508,0.041773007693595814
3745,2n Cycle,Married,23331.0,1,0,2012-09-04,92,5,36,7,0,10,45,2,3,0,3,8,0,0,0,0,0,0,0,18,0,26,25-34,1,2,3,0,58,0,6,24.0,761,0.7758620689655172,0.3333333333333333,9.666666666666666,2.4166666666666665,0.25,0.001242981441001243
9771,2n Cycle,Single,23331.0,1,0,2012-10-05,97,104,20,101,24,15,5,6,5,1,5,9,0,0,0,0,0,0,0,18,0,26,25-34,1,1,2,0,264,0,11,24.0,730,0.01893939393939394,0.5454545454545454,24.0,11.0,0.4583333333333333,0.005657708628005658
451,Graduation,Single,9255.0,1,0,2013-12-20,91,9,0,7,2,0,4,1,1,1,2,8,0,0,0,0,0,0,0,16,0,25,25-34,1,1,2,0,18,0,4,9.501369863013698,289,0.2222222222222222,0.25,4.5,1.8944636678200693,0.42099192618223763,0.002456354836719701
10530,PhD,Widow,67786.0,0,0,2013-12-07,0,431,82,441,80,20,102,1,3,6,6,1,0,0,0,0,0,0,1,22,0,55,55-64,0,1,1,0,1054,0,15,9.92876712328767,302,0.0967741935483871,0.06666666666666667,70.26666666666667,106.15618101545255,1.5107615894039736,0.01879258507930001
1079,PhD,Married,71969.0,0,1,2012-10-16,59,1000,0,76,0,0,10,3,3,4,9,8,0,1,0,0,0,0,0,22,0,43,35-44,1,2,3,0,1076,1,16,23.63835616438356,719,0.00929368029739777,0.1875,67.25,45.51923968474734,0.6768660176170608,0.007589807781363755
8920,Master,Single,59235.0,1,0,2013-01-12,4,448,40,469,80,0,91,3,11,2,12,7,0,0,0,0,0,0,0,18,0,47,45-54,1,1,2,0,1037,0,25,20.745205479452054,631,0.08775313404050145,0.12,41.48,49.98745377707343,1.2050977284733229,0.010126604968766459
6678,Graduation,Together,31928.0,1,0,2014-03-28,5,33,4,24,4,2,5,2,3,0,4,7,0,0,0,0,0,0,0,16,0,25,25-34,1,2,3,0,67,0,7,6.27945205479452,191,0.07462686567164178,0.2857142857142857,9.571428571428571,10.669720767888307,1.1147469458987784,0.004010168166332363
3852,Master,Together,74881.0,1,1,2013-03-08,48,505,72,270,36,27,54,4,9,2,12,5,0,0,0,0,0,0,0,18,0,53,45-54,2,2,4,0,910,0,23,18.936986301369863,576,0.05934065934065934,0.17391304347826086,39.56521739130435,48.0541087962963,1.2145543981481481,0.007700876130868386
528,Graduation,Married,65819.0,0,0,2012-11-29,99,267,38,701,149,165,63,1,5,4,10,3,0,0,0,0,0,0,0,16,0,36,35-44,0,2,2,0,1320,0,19,22.191780821917806,675,0.04772727272727273,0.05263157894736842,69.47368421052632,59.48148148148149,0.856172839506173,0.010844555185854811
73,PhD,Single,51411.0,1,2,2013-05-26,81,14,0,3,0,0,1,1,0,0,3,5,0,0,0,0,0,0,0,22,0,61,55-64,3,1,4,0,17,0,3,16.33972602739726,497,0.058823529411764705,0.3333333333333333,5.666666666666667,1.040409121395037,0.1836016096579477,0.00024284510040147915
5589,Graduation,Divorced,51983.0,0,1,2012-08-31,95,631,0,115,10,7,30,3,9,2,10,7,0,0,0,0,0,0,0,16,0,50,45-54,1,1,2,0,763,0,21,24.0,765,0.039318479685452164,0.14285714285714285,36.333333333333336,31.791666666666668,0.875,0.007338937729642383
6365,2n Cycle,Married,30390.0,0,0,2013-09-02,5,10,12,12,25,1,20,1,2,0,3,6,0,0,0,0,0,0,0,18,0,27,25-34,0,2,2,0,60,0,5,13.084931506849314,398,0.3333333333333333,0.2,12.0,4.585427135678392,0.38211892797319935,0.0018106326300803127
5636,Graduation,Single,30983.0,0,0,2012-11-09,50,51,4,50,12,1,49,1,4,0,3,8,0,0,0,0,0,0,1,16,0,51,45-54,0,1,1,0,118,0,7,22.84931506849315,695,0.4152542372881356,0.14285714285714285,16.857142857142858,5.164268585131894,0.30635491606714627,0.0020001685770126435
591,Graduation,Widow,66033.0,0,1,2013-01-20,76,293,35,179,46,59,65,2,8,3,7,7,0,0,0,0,0,0,0,16,0,57,55-64,1,1,2,0,612,0,18,20.482191780821918,623,0.10620915032679738,0.1111111111111111,34.0,29.879614767255216,0.8788121990369181,0.005429942259280399
2217,2n Cycle,Married,37284.0,1,1,2013-03-29,46,11,1,2,2,1,6,1,0,0,3,6,0,0,0,0,0,0,0,18,0,39,35-44,2,2,4,0,17,0,3,18.246575342465754,555,0.35294117647058826,0.3333333333333333,5.666666666666667,0.9316816816816816,0.1644144144144144,0.00029986536262686887
2544,Master,Divorced,57530.0,0,1,2013-10-12,68,50,1,27,6,7,1,1,1,1,4,1,0,0,0,0,0,0,0,18,0,63,55-64,1,1,2,0,91,0,6,11.769863013698629,358,0.01098901098901099,0.16666666666666666,15.166666666666666,7.73161080074488,0.5097765363128492,0.0016127121433849915
7725,2n Cycle,Married,76800.0,0,0,2014-03-08,33,173,26,255,35,71,81,1,4,4,7,1,0,0,0,0,0,0,0,18,0,49,45-54,0,2,2,0,560,0,15,6.9369863013698625,211,0.14464285714285716,0.06666666666666667,37.333333333333336,80.72669826224329,2.1623222748815167,0.012613546603475514
8091,Graduation,Married,63943.0,0,1,2012-09-02,50,423,184,368,13,97,21,1,6,4,6,5,0,0,0,0,0,0,0,16,0,58,55-64,1,2,3,0,1085,0,16,24.0,763,0.01935483870967742,0.0625,67.8125,45.208333333333336,0.6666666666666666,0.008484118668188857
7791,Master,Married,37054.0,1,1,2013-09-15,89,12,1,6,0,1,5,2,1,0,3,7,0,0,0,0,0,0,0,18,0,47,45-54,2,2,4,0,20,0,4,12.657534246575342,385,0.25,0.5,5.0,1.5800865800865802,0.31601731601731603,0.0005117136870793696
955,Master,Together,47175.0,1,1,2012-10-28,81,167,2,44,6,2,19,7,4,2,4,8,1,0,0,0,0,0,1,18,0,52,45-54,2,2,4,0,221,1,10,23.243835616438353,707,0.08597285067873303,0.7,22.1,9.507897218293259,0.4302215935879303,0.0024185430126024187
4037,Graduation,Divorced,31859.0,1,0,2013-06-14,77,3,1,3,8,0,5,1,1,0,2,7,0,0,0,0,0,0,0,16,0,38,35-44,1,1,2,0,15,0,3,15.715068493150683,478,0.3333333333333333,0.3333333333333333,5.0,0.9544979079497908,0.19089958158995818,0.00035952085424518945
6642,Graduation,Divorced,27215.0,2,1,2013-01-23,50,30,5,22,8,9,28,4,2,1,4,6,0,0,0,0,0,0,0,16,0,53,45-54,3,1,4,0,74,0,7,20.383561643835616,620,0.3783783783783784,0.5714285714285714,10.571428571428571,3.6303763440860215,0.3434139784946237,0.0016007538537215601
2793,PhD,Divorced,70179.0,0,1,2013-07-21,10,532,88,168,69,44,133,3,7,3,13,5,0,0,0,0,0,0,0,22,0,38,35-44,1,1,2,0,901,0,23,14.4986301369863,441,0.14761376248612654,0.13043478260869565,39.17391304347826,62.143801965230544,1.5863567649281936,0.010626050863973077
9530,Graduation,Married,24645.0,1,0,2012-11-01,16,5,3,4,4,1,0,1,1,0,2,8,0,0,0,0,0,0,0,16,0,26,25-34,1,2,3,0,17,0,3,23.112328767123287,703,0.0,0.3333333333333333,5.666666666666667,0.7355381697486961,0.129800853485064,0.0003581439657936439
4828,Graduation,Divorced,79865.0,0,1,2014-06-18,12,71,99,278,185,121,38,1,5,10,5,1,0,0,0,0,0,0,0,16,0,60,55-64,1,1,2,0,754,0,20,3.5835616438356164,109,0.050397877984084884,0.05,37.7,210.40519877675843,5.581039755351682,0.031614128658625194
10699,Graduation,Married,44322.0,1,0,2014-06-16,30,46,0,40,3,0,3,2,3,0,3,8,0,0,0,0,0,0,0,16,0,29,25-34,1,2,3,0,89,0,6,3.6493150684931503,111,0.033707865168539325,0.3333333333333333,14.833333333333334,24.38813813813814,1.6441441441441442,0.006602988530699374
1497,Graduation,Single,47958.0,0,1,2013-01-19,8,268,11,88,15,3,22,2,6,3,5,5,0,0,0,0,0,0,0,16,0,62,55-64,1,1,2,0,385,0,14,20.515068493150682,624,0.05714285714285714,0.14285714285714285,27.5,18.76669337606838,0.6824252136752138,0.004695782153401321
7476,Master,Single,63972.0,0,1,2012-12-02,93,928,63,254,0,12,12,4,5,4,10,4,0,1,0,0,0,0,0,18,0,50,45-54,1,1,2,0,1257,1,19,22.093150684931505,672,0.00954653937947494,0.21052631578947367,66.15789473684211,56.89546130952382,0.8599950396825398,0.010672568244142528
4390,Graduation,Together,75315.0,0,1,2014-04-15,14,459,15,171,142,23,31,2,5,4,12,2,0,0,0,0,0,0,0,16,0,60,55-64,1,2,3,0,810,0,21,5.6876712328767125,173,0.03827160493827161,0.09523809523809523,38.57142857142857,142.41329479768785,3.6921965317919074,0.02269082569969135
10478,PhD,Married,55517.0,1,1,2012-09-27,53,483,0,108,0,6,36,5,11,1,6,9,0,0,0,0,0,0,1,22,0,64,55-64,2,2,4,0,597,0,18,24.0,738,0.06030150753768844,0.2777777777777778,33.166666666666664,24.875,0.75,0.005376731451627429
1081,PhD,Married,75283.0,1,2,2013-03-27,26,733,9,180,12,19,66,11,6,3,5,4,0,0,0,0,0,0,0,22,0,57,55-64,3,2,5,0,953,0,14,18.312328767123287,557,0.06925498426023086,0.7857142857142857,68.07142857142857,52.041442250149615,0.7645122681029324,0.008295329715895958
8135,Master,Married,27161.0,1,0,2013-10-28,41,7,4,23,7,0,11,1,1,0,3,7,0,0,0,0,0,0,0,18,0,28,25-34,1,2,3,0,41,0,4,11.243835616438355,342,0.2682926829268293,0.25,10.25,3.646442495126706,0.3557504873294347,0.001611034569475368
4967,PhD,Together,38201.0,0,1,2013-03-29,19,233,0,23,0,0,12,4,5,1,5,8,0,0,0,0,0,0,0,22,0,54,45-54,1,2,3,0,256,0,11,18.246575342465754,555,0.046875,0.36363636363636365,23.272727272727273,14.03003003003003,0.6028528528528528,0.004407223904095714
2130,Graduation,Together,45203.0,2,0,2014-03-23,4,35,3,67,10,8,24,1,3,1,3,6,0,0,0,0,0,0,1,16,0,32,25-34,2,2,4,0,123,0,7,6.443835616438356,196,0.1951219512195122,0.14285714285714285,17.571428571428573,19.08801020408163,1.0863095238095237,0.005067277004822237
9298,PhD,Together,81574.0,0,0,2014-04-28,89,1252,0,465,46,35,0,1,4,5,8,1,0,1,1,0,0,0,0,22,0,67,65-74,0,2,2,0,1798,2,17,5.260273972602739,160,0.0,0.058823529411764705,105.76470588235294,341.8072916666667,3.2317708333333335,0.05028179934783142
6257,Master,Single,60482.0,0,1,2013-01-23,81,255,43,134,37,14,24,1,7,2,7,7,0,0,0,0,0,0,0,18,0,38,35-44,1,1,2,0,483,0,16,20.383561643835616,620,0.049689440993788817,0.0625,30.1875,23.695564516129032,0.7849462365591398,0.0047013454282852475
3790,Graduation,Together,34633.0,2,1,2014-01-23,31,8,1,5,0,0,1,1,1,0,2,6,0,0,0,0,0,0,0,16,0,58,55-64,3,2,5,0,14,0,3,8.383561643835616,255,0.07142857142857142,0.3333333333333333,4.666666666666667,1.6699346405228759,0.35784313725490197,0.0005786162240139321
9952,Master,Together,78093.0,0,0,2013-12-11,53,368,32,639,13,43,10,1,4,7,5,1,0,0,0,0,0,0,0,18,0,67,65-74,0,2,2,0,1095,0,16,9.797260273972602,298,0.0091324200913242,0.0625,68.4375,111.76593959731544,1.633109619686801,0.017174282908426944
3503,Graduation,Divorced,82460.0,0,0,2013-12-02,78,255,47,573,52,32,15,1,5,3,6,1,0,0,0,0,0,0,0,16,0,64,55-64,0,1,1,0,959,0,14,10.093150684931507,307,0.01564129301355579,0.07142857142857142,68.5,95.01492942453855,1.3870792616720955,0.013827057398671629
5223,Master,Together,45903.0,0,1,2014-04-23,80,33,8,10,2,10,3,2,2,1,3,4,0,0,0,0,0,0,0,18,0,48,45-54,1,2,3,0,63,0,6,5.424657534246575,165,0.047619047619047616,0.3333333333333333,10.5,11.613636363636365,1.1060606060606062,0.0030360463665476413
4764,Master,Together,40442.0,1,1,2012-08-19,52,45,12,52,25,22,13,4,3,1,4,7,0,0,0,0,0,0,1,18,0,62,55-64,2,2,4,0,156,0,8,24.0,777,0.08333333333333333,0.5,19.5,6.5,0.3333333333333333,0.0019286879976262302
2471,Graduation,Married,61482.0,0,0,2014-06-27,39,48,58,68,16,66,43,1,3,2,6,2,0,0,0,0,0,0,0,16,0,49,45-54,0,2,2,0,256,0,11,3.287671232876712,100,0.16796875,0.09090909090909091,23.272727272727273,77.86666666666667,3.3458333333333337,0.015197944113724344
5892,Graduation,Married,34968.0,1,0,2013-04-10,11,158,6,45,8,2,2,7,3,2,5,7,0,0,0,0,0,0,0,16,0,34,25-34,1,2,3,0,219,0,10,17.852054794520548,543,0.0091324200913242,0.7,21.9,12.267495395948435,0.560159607120933,0.004209847424827878
2612,Graduation,Married,75794.0,0,0,2013-12-24,33,754,160,625,63,32,48,1,7,5,12,3,0,0,0,1,0,0,0,16,0,27,25-34,0,2,2,0,1634,1,24,9.36986301369863,285,0.02937576499388005,0.041666666666666664,68.08333333333333,174.38888888888889,2.56140350877193,0.027609925147988844
5185,Graduation,Married,74268.0,0,0,2013-02-14,83,199,66,315,97,174,41,1,4,3,5,2,0,0,0,0,0,0,0,16,0,59,55-64,0,2,2,0,851,0,12,19.660273972602738,598,0.0481786133960047,0.08333333333333333,70.91666666666667,43.285256410256416,0.6103678929765887,0.0069939015043232215
10069,Basic,Together,13724.0,1,0,2012-08-31,43,2,7,5,2,15,27,1,2,0,2,9,1,0,0,0,0,0,0,12,0,26,25-34,1,2,3,0,31,1,4,24.0,765,0.8709677419354839,0.25,7.75,1.2916666666666667,0.16666666666666666,0.0011294083357621684
1131,PhD,Single,52569.0,0,1,2014-04-05,54,85,0,3,0,0,7,1,2,0,4,3,0,0,0,0,0,0,0,22,0,47,45-54,1,1,2,0,88,0,6,6.016438356164383,183,0.07954545454545454,0.16666666666666666,14.666666666666666,14.626593806921676,0.9972677595628415,0.0033388332607251444
1041,PhD,Single,48432.0,0,1,2012-10-18,3,322,3,50,4,3,42,5,7,1,6,8,0,0,0,0,0,0,1,22,0,41,35-44,1,1,2,0,382,0,14,23.572602739726026,717,0.1099476439790576,0.35714285714285715,27.285714285714285,16.205253370525337,0.5939098093909809,0.004015176751864554
3409,Graduation,Single,36108.0,1,0,2013-10-15,68,141,8,129,3,11,47,3,7,1,4,9,1,0,0,0,0,0,0,16,0,30,25-34,1,1,2,0,292,1,12,11.671232876712327,355,0.16095890410958905,0.25,24.333333333333332,25.018779342723008,1.0281690140845072,0.00831464916674078
7022,Graduation,Married,76445.0,1,0,2012-09-28,2,739,107,309,140,80,35,1,2,5,13,6,0,0,0,0,0,0,0,16,0,43,35-44,1,2,3,0,1375,0,20,24.0,737,0.025454545454545455,0.05,68.75,57.291666666666664,0.8333333333333334,0.008993393943357969
7943,PhD,Married,36663.0,1,0,2014-04-25,40,18,0,6,3,3,5,1,1,1,3,2,0,0,0,0,0,0,0,22,0,39,35-44,1,2,3,0,30,0,5,5.358904109589041,163,0.16666666666666666,0.2,6.0,5.598159509202454,0.9330265848670757,0.0018323081611005497
5272,Master,Married,53843.0,0,1,2013-06-27,64,378,0,88,19,4,73,4,8,5,3,7,0,0,0,0,0,0,0,18,0,49,45-54,1,2,3,0,489,0,16,15.287671232876711,465,0.1492842535787321,0.25,30.5625,31.986559139784948,1.0465949820788532,0.007128850726694638
5453,Master,Married,90226.0,0,0,2012-09-26,26,1083,108,649,253,151,108,1,4,7,12,2,0,0,0,1,0,0,0,18,0,58,55-64,0,2,2,0,2244,1,23,24.0,739,0.0481283422459893,0.043478260869565216,97.56521739130434,93.5,0.9583333333333334,0.012435439895373839
2565,Master,Divorced,70638.0,0,0,2013-06-01,69,1016,12,215,16,12,63,1,4,5,10,3,0,1,0,0,0,0,0,18,0,59,55-64,0,1,1,0,1271,1,19,16.142465753424656,491,0.04956726986624705,0.05263157894736842,66.89473684210526,78.73642226748134,1.1770196877121522,0.013375761873351115
800,Graduation,Together,44512.0,1,1,2013-08-30,57,23,1,6,0,0,2,2,1,0,3,4,0,0,0,0,0,0,0,16,0,54,45-54,2,2,4,0,30,0,4,13.183561643835615,401,0.06666666666666667,0.5,7.5,2.2755610972568583,0.3034081463009144,0.000613469023343869
11092,Graduation,Married,27116.0,1,1,2014-03-02,78,12,1,21,2,2,3,2,2,0,3,7,0,0,0,0,0,0,0,16,0,53,45-54,2,2,4,0,38,0,5,7.134246575342465,217,0.07894736842105263,0.4,7.6,5.32642089093702,0.7008448540706606,0.0023571710684188022
5062,PhD,Married,54072.0,1,1,2013-07-27,71,35,0,4,0,0,0,1,2,0,2,8,0,0,0,0,0,0,0,22,0,51,45-54,2,2,4,0,39,0,4,14.301369863013699,435,0.0,0.25,9.75,2.7270114942528734,0.2796934865900383,0.0006051956267760483
8969,Graduation,Married,71855.0,0,1,2013-01-16,59,548,31,422,0,112,28,4,5,5,11,3,0,0,0,0,0,0,0,16,0,37,35-44,1,2,3,0,1113,0,21,20.613698630136984,627,0.025157232704402517,0.19047619047619047,53.0,53.99322169059012,1.0187400318979267,0.009017029577441812
4656,2n Cycle,Single,51250.0,1,0,2013-03-30,28,342,32,230,34,32,40,5,10,5,4,9,1,0,0,0,0,0,0,18,0,24,18-24,1,1,2,0,670,1,19,18.213698630136985,554,0.05970149253731343,0.2631578947368421,35.26315789473684,36.78549939831529,1.0431708784596871,0.008613190103020165
4480,Master,Married,60432.0,0,1,2014-03-09,61,365,3,15,4,3,11,5,7,2,5,6,0,0,0,0,0,0,0,18,0,41,35-44,1,2,3,0,390,0,14,6.904109589041096,210,0.028205128205128206,0.35714285714285715,27.857142857142858,56.48809523809524,2.0277777777777777,0.011216857672377928
1773,2n Cycle,Married,12393.0,0,0,2012-12-04,38,5,6,15,11,7,13,1,2,0,3,9,0,0,0,0,0,0,0,18,0,36,35-44,0,2,2,0,44,0,5,22.027397260273972,670,0.29545454545454547,0.2,8.8,1.9975124378109455,0.2269900497512438,0.0019341684219907483
9242,Graduation,Single,64509.0,0,0,2013-08-17,19,836,185,575,24,25,77,1,6,3,9,4,1,0,0,0,0,0,1,16,0,24,18-24,0,1,1,0,1645,1,18,13.610958904109589,414,0.04680851063829787,0.05555555555555555,91.38888888888889,120.85849436392914,1.3224637681159421,0.022482164230838327
1764,Graduation,Single,33955.0,1,0,2013-08-09,92,100,2,128,23,7,10,4,5,1,5,8,0,0,0,0,0,0,0,16,0,39,35-44,1,1,2,0,260,0,11,13.873972602739725,422,0.038461538461538464,0.36363636363636365,23.636363636363637,18.740126382306478,0.7928515007898895,0.006622927892436393
10099,Graduation,Married,55434.0,1,0,2013-10-05,21,238,115,215,169,69,76,3,5,3,13,4,0,0,0,0,0,0,0,16,0,30,25-34,1,2,3,0,806,0,21,12.0,365,0.09429280397022333,0.14285714285714285,38.38095238095238,67.16666666666667,1.75,0.01453981311108706
5423,Graduation,Together,28359.0,1,0,2013-10-27,35,6,0,5,2,1,2,1,1,0,2,7,0,0,0,0,0,0,0,16,0,31,25-34,1,2,3,0,14,0,3,11.276712328767124,343,0.14285714285714285,0.3333333333333333,4.666666666666667,1.2414965986394557,0.2660349854227405,0.0005253344329374614
940,Graduation,Single,57100.0,1,0,2014-05-18,9,158,11,99,15,11,17,2,3,2,7,3,0,0,0,0,0,0,0,16,0,27,25-34,1,1,2,0,294,0,12,4.602739726027397,140,0.05782312925170068,0.16666666666666666,24.5,63.875,2.607142857142857,0.013423817863397549
3298,Master,Married,52973.0,0,1,2012-11-08,92,856,0,76,12,9,199,7,9,6,9,8,0,0,0,0,0,0,0,18,0,58,55-64,1,2,3,0,953,0,24,22.882191780821916,696,0.2088142707240294,0.2916666666666667,39.708333333333336,41.648108237547895,1.0488505747126438,0.009434566644339091
8286,PhD,Together,51717.0,0,1,2013-08-20,55,98,1,17,0,1,5,1,3,0,4,7,0,1,0,0,0,0,0,22,0,49,45-54,1,2,3,0,117,1,7,13.512328767123288,411,0.042735042735042736,0.14285714285714285,16.714285714285715,8.658759124087592,0.5180454176804542,0.002009109373881917
9668,Graduation,Married,18793.0,1,0,2013-01-12,14,4,16,20,0,17,20,3,2,0,4,8,0,0,0,0,0,0,0,16,0,43,35-44,1,2,3,0,57,0,6,20.745205479452054,631,0.3508771929824561,0.5,9.5,2.747622820919176,0.28922345483359746,0.0017544550551285114
6097,Graduation,Single,50664.0,1,1,2013-01-16,64,313,8,104,6,4,126,9,8,1,6,9,0,0,0,0,0,0,0,16,0,55,55-64,2,1,3,0,435,0,15,20.613698630136984,627,0.2896551724137931,0.6,29.0,21.102472089314197,0.727671451355662,0.00499821697994178
7019,Graduation,Together,54414.0,1,1,2013-01-23,49,109,18,16,24,26,18,4,3,1,5,4,0,0,0,0,0,0,0,16,0,51,45-54,2,2,4,0,193,0,9,20.383561643835616,620,0.09326424870466321,0.4444444444444444,21.444444444444443,9.468413978494624,0.4415322580645161,0.002088083356157156
7408,PhD,Married,54549.0,0,1,2014-03-03,8,216,2,6,0,0,9,2,5,1,4,7,0,0,0,0,0,0,0,22,0,62,55-64,1,2,3,0,224,0,10,7.101369863013699,216,0.04017857142857143,0.2,22.4,31.54320987654321,1.408179012345679,0.00693905513425578
8041,PhD,Widow,47111.0,0,1,2012-09-08,35,595,71,153,120,112,41,6,3,2,10,9,0,0,0,0,0,0,0,22,0,43,35-44,1,1,2,0,1051,0,15,24.0,757,0.0390104662226451,0.4,70.06666666666666,43.791666666666664,0.625,0.011154507439876038
252,PhD,Divorced,41003.0,0,0,2013-03-17,11,123,133,142,71,44,88,1,6,2,8,6,0,0,0,0,0,0,0,22,0,51,45-54,0,1,1,0,513,0,16,18.64109589041096,567,0.17153996101364521,0.0625,32.0625,27.51984126984127,0.8583186360964139,0.008053998371779997
9986,Graduation,Together,19444.0,1,0,2014-02-22,8,16,0,23,3,2,10,3,4,1,2,7,0,0,0,0,0,0,1,16,0,32,25-34,1,2,3,0,44,0,7,7.397260273972602,225,0.22727272727272727,0.42857142857142855,6.285714285714286,5.948148148148149,0.9462962962962964,0.003670941050081145
3276,2n Cycle,Together,36301.0,1,0,2013-10-25,53,11,12,35,3,5,12,1,3,0,3,7,0,0,0,0,0,0,0,18,0,38,35-44,1,2,3,0,66,0,6,11.342465753424657,345,0.18181818181818182,0.16666666666666666,11.0,5.8188405797101455,0.5289855072463768,0.0019235306728883981
3570,PhD,Together,42731.0,1,0,2013-10-21,64,159,2,51,6,2,24,3,4,1,5,5,0,0,0,0,0,0,0,22,0,45,45-54,1,2,3,0,220,0,10,11.473972602739726,349,0.10909090909090909,0.3,22.0,19.1738299904489,0.8715377268385864,0.005384520836989231
3783,PhD,Married,52854.0,1,1,2014-03-24,43,105,0,10,0,1,0,2,2,1,4,5,0,0,0,0,0,0,0,22,0,55,55-64,2,2,4,0,116,0,7,6.410958904109589,195,0.0,0.2857142857142857,16.571428571428573,18.094017094017094,1.091880341880342,0.0041080751717600394
10207,Graduation,Together,22775.0,1,0,2013-06-19,40,5,1,8,0,0,1,1,1,0,2,8,0,0,0,0,0,0,0,16,0,36,35-44,1,2,3,0,14,0,3,15.550684931506849,473,0.07142857142857142,0.3333333333333333,4.666666666666667,0.9002818886539817,0.19291754756871035,0.0004743526965465546
3427,PhD,Married,59821.0,0,1,2013-04-12,11,629,0,70,0,0,35,6,11,2,7,8,0,0,0,0,0,0,0,22,0,59,55-64,1,2,3,0,699,0,20,17.78630136986301,541,0.05007153075822604,0.3,34.95,39.29990757855823,1.1244608749229823,0.007883500625912285
5209,Graduation,Divorced,50002.0,0,1,2013-06-17,21,443,5,71,21,16,82,2,8,2,7,7,0,0,0,0,0,0,0,16,0,60,55-64,1,1,2,0,556,0,17,15.616438356164384,475,0.1474820143884892,0.11764705882352941,32.705882352941174,35.603508771929825,1.0885964912280701,0.008544500325250148
10711,Graduation,Married,69755.0,0,0,2013-10-02,23,217,77,373,111,23,93,1,3,6,12,1,0,0,0,0,0,0,0,16,0,69,65-74,0,2,2,0,801,0,21,12.098630136986301,368,0.11610486891385768,0.047619047619047616,38.142857142857146,66.20584239130434,1.7357336956521738,0.01138943600739233
10785,Graduation,Married,44078.0,1,1,2014-06-19,17,24,1,10,2,0,4,2,2,0,3,5,0,0,0,0,0,0,0,16,0,45,45-54,2,2,4,0,37,0,5,3.5506849315068494,108,0.10810810810810811,0.4,7.4,10.420524691358024,1.408179012345679,0.002836932172428338
2814,Master,Together,30560.0,1,0,2013-06-27,6,9,1,5,4,5,7,1,1,0,3,7,0,0,0,0,0,0,0,18,0,38,35-44,1,2,3,0,24,0,4,15.287671232876711,465,0.2916666666666667,0.25,6.0,1.5698924731182797,0.2616487455197133,0.0006164499239993246
6866,Master,Together,35924.0,1,1,2014-03-23,56,8,0,14,2,3,7,1,1,0,3,5,0,0,0,0,0,0,0,18,0,45,45-54,2,2,4,0,27,0,4,6.443835616438356,196,0.25925925925925924,0.25,6.75,4.190051020408164,0.6207482993197279,0.0013996384657860475
1665,PhD,Divorced,64140.0,0,2,2013-09-23,71,1459,0,61,0,15,215,5,2,5,6,5,1,0,1,0,1,0,1,22,0,50,45-54,2,1,3,0,1535,3,13,12.394520547945206,377,0.14006514657980457,0.38461538461538464,118.07692307692308,123.84504862953139,1.0488505747126438,0.023170261670632627
6575,Graduation,Together,56386.0,1,1,2012-10-27,51,230,48,214,13,32,75,8,9,1,7,9,0,0,0,0,0,0,0,16,0,33,25-34,2,2,4,0,537,0,17,23.276712328767122,708,0.13966480446927373,0.47058823529411764,31.58823529411765,23.070268361581924,0.730343691148776,0.004909786477831077
3091,2n Cycle,Together,75774.0,1,0,2014-05-02,27,340,21,134,258,14,56,1,7,5,8,4,0,0,0,0,0,0,0,18,0,33,25-34,1,2,3,0,767,0,20,5.128767123287671,156,0.07301173402868318,0.05,38.35,149.54861111111114,3.89957264957265,0.023683365446371233
10141,Master,Divorced,39228.0,0,0,2013-05-10,1,7,1,6,0,3,3,1,0,0,3,4,0,0,0,0,0,0,0,18,0,54,45-54,0,1,1,0,17,0,3,16.865753424657534,513,0.17647058823529413,0.3333333333333333,5.666666666666667,1.007959714100065,0.17787524366471735,0.0003083388541144279
5177,Master,Married,58494.0,0,1,2013-12-12,56,298,7,68,4,0,19,2,6,2,6,6,0,0,0,0,0,0,0,18,0,40,35-44,1,2,3,0,377,0,14,9.764383561643836,297,0.050397877984084884,0.14285714285714285,26.928571428571427,38.60970819304153,1.4337822671156004,0.007920752527036933
7005,Graduation,Single,58684.0,0,0,2014-06-16,71,479,35,179,28,7,85,1,5,3,12,2,0,1,0,0,0,0,0,16,0,33,25-34,0,1,1,0,728,1,20,3.6493150684931503,111,0.11675824175824176,0.05,36.4,199.4894894894895,5.480480480480481,0.040792615940867596
6409,Graduation,Divorced,57136.0,0,0,2013-05-18,18,267,140,599,34,12,127,1,7,5,7,6,0,0,0,0,0,0,1,16,0,47,45-54,0,1,1,0,1052,0,19,16.602739726027398,505,0.12072243346007605,0.05263157894736842,55.36842105263158,63.36303630363036,1.1443894389438944,0.013307834563910045
7485,PhD,Widow,56551.0,1,1,2014-05-07,48,67,4,32,17,2,16,3,2,1,4,4,0,0,0,0,0,0,0,22,0,64,55-64,2,1,3,0,122,0,7,4.964383561643835,151,0.13114754098360656,0.42857142857142855,17.428571428571427,24.57505518763797,1.4100441501103753,0.00521477360703888
8079,Graduation,Married,22448.0,1,0,2014-02-26,86,3,1,8,23,2,18,3,2,1,3,3,0,0,0,0,0,0,0,16,0,32,25-34,1,2,3,0,37,0,6,7.265753424657534,221,0.4864864864864865,0.5,6.166666666666667,5.092383107088989,0.82579185520362,0.0027222290308743704
8395,Graduation,Single,82014.0,0,0,2012-08-20,48,980,37,265,35,163,31,1,3,6,12,6,0,0,0,0,0,0,1,16,0,53,45-54,0,1,1,0,1480,0,21,24.0,776,0.020945945945945947,0.047619047619047616,70.47619047619048,61.666666666666664,0.875,0.0090228497573585
10352,Graduation,Widow,34213.0,1,1,2012-09-07,2,50,4,28,6,3,26,3,3,1,2,9,0,0,0,0,0,0,1,16,0,51,45-54,2,1,3,0,91,0,6,24.0,758,0.2857142857142857,0.5,15.166666666666666,3.7916666666666665,0.25,0.001329903837722503
4931,Graduation,Together,157146.0,0,0,2013-04-29,13,1,0,1725,2,1,1,0,0,28,0,1,0,0,0,0,0,0,0,16,0,37,35-44,0,2,2,0,1729,0,28,17.22739726027397,524,0.000578368999421631,0.0,61.75,100.36339058524175,1.6253180661577609,0.007663960183669332
13,PhD,Widow,25358.0,0,1,2013-07-22,57,19,0,5,0,0,8,2,1,0,3,6,0,0,0,0,0,0,0,22,0,67,65-74,1,1,2,0,24,0,4,14.465753424657533,440,0.3333333333333333,0.5,6.0,1.6590909090909092,0.27651515151515155,0.000785120707827546
1834,Master,Single,35544.0,1,0,2014-03-08,77,30,5,23,4,1,4,1,2,0,3,7,0,0,0,0,0,0,0,18,0,36,35-44,1,1,2,0,63,0,5,6.9369863013698625,211,0.06349206349206349,0.2,12.6,9.08175355450237,0.7207740916271722,0.0030660883033431364
2285,Master,Together,36634.0,0,1,2013-05-28,0,213,9,76,4,3,30,3,5,2,5,7,0,0,0,0,0,0,0,18,0,60,55-64,1,2,3,0,305,0,12,16.273972602739725,495,0.09836065573770492,0.25,25.416666666666668,18.74158249158249,0.7373737373737375,0.006139078175983782
2295,PhD,Married,62670.0,0,1,2014-02-02,57,539,30,92,80,46,38,1,5,3,13,3,0,0,0,0,0,0,0,22,0,60,55-64,1,2,3,0,787,0,21,8.054794520547945,245,0.048284625158831,0.047619047619047616,37.476190476190474,97.70578231292517,2.607142857142857,0.018708622750201086
1378,2n Cycle,Together,50334.0,0,1,2013-07-24,24,284,16,160,84,16,134,6,7,4,6,6,0,0,0,0,0,0,0,18,0,42,35-44,1,2,3,0,560,0,17,14.399999999999999,438,0.2392857142857143,0.35294117647058826,32.94117647058823,38.88888888888889,1.1805555555555556,0.00927140037880293
2781,Graduation,Single,72066.0,0,0,2014-06-23,55,1003,34,536,134,51,34,1,4,6,6,2,0,0,1,1,0,0,1,16,0,33,25-34,0,1,1,0,1758,2,16,3.4191780821917805,104,0.019340159271899887,0.0625,109.875,514.1586538461539,4.67948717948718,0.08561462889786928
1165,PhD,Single,50729.0,1,1,2013-05-02,62,239,13,143,45,4,52,9,6,2,7,6,0,0,0,0,0,0,0,22,0,56,55-64,2,1,3,0,444,0,15,17.12876712328767,521,0.11711711711711711,0.6,29.6,25.92130518234165,0.8757197696737045,0.006131712870115709
1404,Graduation,Together,34916.0,2,0,2013-05-15,89,51,23,82,33,0,42,4,5,1,3,9,0,0,0,0,0,0,0,16,0,46,45-54,2,2,4,0,189,0,9,16.7013698630137,508,0.2222222222222222,0.4444444444444444,21.0,11.316437007874015,0.5388779527559054,0.003889255472977666
6457,Graduation,Divorced,64892.0,0,1,2014-05-29,77,527,24,230,32,24,65,2,6,4,12,4,0,0,0,0,0,0,0,16,0,38,35-44,1,1,2,0,837,0,22,4.241095890410959,129,0.07765830346475508,0.09090909090909091,38.04545454545455,197.3546511627907,5.18733850129199,0.036495343246524814
2639,Graduation,Single,43602.0,1,1,2014-01-10,45,19,5,12,10,3,19,3,3,1,2,6,0,0,0,0,0,0,0,16,0,48,45-54,2,1,3,0,49,0,6,8.810958904109588,268,0.3877551020408163,0.5,8.166666666666666,5.561256218905473,0.6809701492537314,0.001530550768929537
6437,2n Cycle,Single,41473.0,1,0,2013-06-19,80,21,8,20,15,3,9,1,2,0,3,7,0,0,0,0,0,0,0,18,0,29,25-34,1,1,2,0,67,0,5,15.550684931506849,473,0.13432835820895522,0.2,13.4,4.308491895701198,0.3215292459478506,0.001246640048909275
6912,PhD,Married,63246.0,0,2,2013-08-20,60,593,30,91,29,22,7,1,6,3,12,4,0,0,0,0,0,0,0,22,0,47,45-54,2,2,4,0,765,0,21,13.512328767123288,411,0.009150326797385621,0.047619047619047616,36.42857142857143,56.61496350364963,1.5541362530413625,0.010741858173541341
7327,PhD,Married,36732.0,1,1,2013-12-29,71,21,5,3,10,1,7,3,1,1,4,2,0,0,0,0,0,0,0,22,0,55,55-64,2,2,4,0,40,0,6,9.205479452054794,280,0.175,0.5,6.666666666666667,4.345238095238096,0.6517857142857143,0.0014195485446710538
8143,PhD,Single,37929.0,0,0,2013-07-30,49,202,2,46,3,2,10,2,4,2,5,7,0,1,0,1,0,0,1,22,0,29,25-34,0,1,1,0,255,2,11,14.202739726027398,432,0.0392156862745098,0.18181818181818182,23.181818181818183,17.95428240740741,0.7744984567901234,0.0056803867459961745
1964,Graduation,Together,86610.0,0,0,2013-09-05,66,446,107,768,33,196,53,1,5,6,6,2,0,0,0,0,0,0,0,16,0,63,55-64,0,2,2,0,1550,0,17,12.986301369863012,395,0.034193548387096775,0.058823529411764705,91.17647058823529,119.3565400843882,1.309071729957806,0.016537102886648867
3690,Master,Married,80141.0,0,0,2013-01-11,20,1184,102,673,52,40,40,1,7,4,10,6,0,0,1,0,0,0,1,18,0,28,25-34,0,2,2,0,2051,1,21,20.778082191780822,632,0.019502681618722574,0.047619047619047616,97.66666666666667,98.70978375527426,1.0106803797468356,0.014780417078190828
3389,Graduation,Married,69016.0,0,1,2012-11-22,61,726,53,363,123,107,161,4,8,9,13,5,0,0,0,0,0,0,0,16,0,44,35-44,1,2,3,0,1372,0,30,22.421917808219177,682,0.11734693877551021,0.13333333333333333,45.733333333333334,61.190127077223856,1.337976539589443,0.010639294148120527
4712,2n Cycle,Together,20193.0,0,0,2012-11-28,18,8,8,22,24,11,9,1,1,1,4,4,0,0,0,0,0,0,0,18,0,23,18-24,0,2,2,0,73,0,6,22.224657534246575,676,0.1232876712328767,0.16666666666666666,12.166666666666666,3.2846400394477318,0.26997041420118345,0.001951947728092546
1170,Graduation,Married,27573.0,1,0,2013-03-25,45,50,15,110,39,15,15,4,5,1,4,8,0,0,0,0,0,0,0,16,0,39,35-44,1,2,3,0,229,0,10,18.37808219178082,559,0.06550218340611354,0.4,22.9,12.460494931425165,0.5441264162194396,0.005422911514057302
6347,Basic,Single,15862.0,1,0,2013-06-27,26,1,1,4,11,9,10,1,1,0,3,8,0,0,0,0,0,0,0,12,0,35,35-44,1,1,2,0,26,0,4,15.287671232876711,465,0.38461538461538464,0.25,6.5,1.7007168458781363,0.2616487455197133,0.0012866348600767644
4065,PhD,Married,49544.0,1,0,2013-02-12,0,308,0,73,0,0,23,2,5,1,8,7,0,0,0,0,0,0,0,22,0,38,35-44,1,2,3,0,381,0,14,19.726027397260275,600,0.06036745406824147,0.14285714285714285,27.214285714285715,19.31458333333333,0.7097222222222221,0.004678164863555627
8230,Graduation,Married,33228.0,1,0,2014-01-23,28,22,2,31,7,4,5,1,2,0,3,7,0,0,0,0,0,0,0,16,0,34,25-34,1,2,3,0,66,0,5,8.383561643835616,255,0.07575757575757576,0.2,13.2,7.872549019607844,0.5964052287581699,0.0028431018489013518
1215,Graduation,Together,70440.0,0,0,2013-10-08,49,690,117,499,76,102,88,1,5,10,7,3,0,0,0,1,0,0,0,16,0,36,35-44,0,2,2,0,1484,1,22,11.901369863013699,362,0.05929919137466307,0.045454545454545456,67.45454545454545,124.69152854511971,1.848526703499079,0.02124216840632363
5939,Graduation,Together,38232.0,1,1,2014-01-17,84,43,5,28,7,6,33,4,3,1,3,5,0,0,0,0,0,0,0,16,0,43,35-44,2,2,4,0,89,0,7,8.580821917808219,261,0.3707865168539326,0.5714285714285714,12.714285714285714,10.371966794380588,0.815772669220945,0.0032554823585626454
2156,PhD,Married,22554.0,1,1,2012-11-03,38,27,0,10,0,0,4,4,2,0,4,5,0,0,0,0,0,0,0,22,0,59,55-64,2,2,4,0,37,0,6,23.046575342465754,701,0.10810810810810811,0.6666666666666666,6.166666666666667,1.6054446029481693,0.2603423680456491,0.0008541870725981215
7788,PhD,Married,23536.0,1,0,2014-06-04,53,6,0,3,0,0,1,1,0,0,3,3,0,0,0,0,0,0,0,22,0,31,25-34,1,2,3,0,9,0,3,4.043835616438356,123,0.1111111111111111,0.3333333333333333,3.0,2.225609756097561,0.7418699186991871,0.001134743247500456
10323,Graduation,Married,49413.0,0,1,2013-10-25,88,205,7,41,3,2,46,2,4,2,5,5,0,0,0,0,0,0,0,16,0,62,55-64,1,2,3,0,258,0,11,11.342465753424657,345,0.17829457364341086,0.18181818181818182,23.454545454545453,22.746376811594203,0.9698067632850242,0.005523981983266153
7947,Graduation,Married,42231.0,1,1,2014-03-25,99,24,0,8,0,1,4,1,1,0,3,5,0,0,0,0,0,0,0,16,0,45,45-54,2,2,4,0,33,0,4,6.3780821917808215,194,0.12121212121212122,0.25,8.25,5.173969072164949,0.627147766323024,0.0014701908282062795
1891,Master,Divorced,78789.0,0,0,2012-08-08,12,667,50,850,21,83,83,1,4,6,5,2,0,0,0,0,0,0,1,18,0,34,25-34,0,1,1,0,1671,0,15,24.0,788,0.04967085577498504,0.06666666666666667,111.4,69.625,0.625,0.010604272169972966
2570,Graduation,Together,56534.0,0,1,2013-07-23,35,691,7,61,10,0,46,4,10,4,7,8,0,1,0,0,1,0,1,16,0,46,45-54,1,2,3,0,769,2,21,14.432876712328767,439,0.05981794538361508,0.19047619047619047,36.61904761904762,53.28113135914958,1.45501138952164,0.011309540742027717
9256,Graduation,Single,58350.0,0,1,2013-01-04,5,493,26,206,116,80,80,4,8,3,12,6,0,0,0,0,0,0,0,16,0,43,35-44,1,1,2,0,921,0,23,21.00821917808219,639,0.08686210640608034,0.17391304347826086,40.04347826086956,43.83998435054774,1.094809598330725,0.00901593508494555
7397,Graduation,Single,49090.0,0,1,2013-07-19,45,494,5,82,7,0,100,3,7,2,9,7,0,0,0,0,0,0,0,16,0,63,55-64,1,1,2,0,588,0,18,14.564383561643835,443,0.17006802721088435,0.16666666666666666,32.666666666666664,40.372460496613996,1.2358916478555306,0.009869006436328539
6349,Master,Divorced,61787.0,0,0,2013-07-06,71,621,73,414,78,48,85,1,8,4,6,5,0,0,0,0,0,0,0,18,0,27,25-34,0,1,1,0,1234,0,18,14.991780821917807,456,0.06888168557536467,0.05555555555555555,68.55555555555556,82.31176900584796,1.2006578947368423,0.01598623056743612
10790,PhD,Married,18169.0,1,0,2013-02-19,40,9,0,5,0,0,7,1,1,0,2,8,0,0,0,0,0,0,0,22,0,29,25-34,1,2,3,0,14,0,3,19.495890410958904,593,0.5,0.3333333333333333,4.666666666666667,0.7181000562113548,0.1538785834738617,0.0004742804047848675
10398,2n Cycle,Single,24336.0,1,0,2012-08-27,82,1,6,2,8,2,12,1,1,0,2,7,0,0,0,0,0,0,0,18,0,33,25-34,1,1,2,0,19,0,3,24.0,769,0.631578947368421,0.3333333333333333,6.333333333333333,0.7916666666666666,0.125,0.0003903681788297173
2431,Graduation,Married,18222.0,0,0,2012-12-31,70,12,4,19,12,6,14,1,2,0,3,8,0,0,0,0,0,0,0,16,0,24,18-24,0,2,2,0,53,0,5,21.13972602739726,643,0.2641509433962264,0.2,10.6,2.507128045619492,0.23652151373768793,0.0016510556770625564
550,Graduation,Divorced,62335.0,0,1,2013-05-23,87,243,131,217,85,6,26,2,3,3,13,2,0,0,0,0,0,0,0,16,0,62,55-64,1,1,2,0,682,0,19,16.43835616438356,500,0.03812316715542522,0.10526315789473684,35.89473684210526,41.48833333333334,1.1558333333333335,0.007986845271516805
1890,2n Cycle,Together,42033.0,1,1,2012-09-19,95,11,1,4,2,0,7,1,1,0,2,7,0,0,0,0,0,0,0,18,0,43,35-44,2,2,4,0,18,0,3,24.0,746,0.3888888888888889,0.3333333333333333,6.0,0.75,0.125,0.0002141174791235458
10742,PhD,Married,86580.0,0,0,2013-02-27,72,532,21,127,26,20,20,0,4,2,5,1,0,0,1,0,0,0,0,22,0,31,25-34,0,2,2,0,726,1,11,19.232876712328768,585,0.027548209366391185,0.0,66.0,37.74786324786324,0.5719373219373219,0.0052318590780129235
10356,PhD,Divorced,41437.0,1,1,2012-09-22,5,29,0,2,0,0,1,1,1,0,3,7,0,0,0,0,0,0,0,22,0,57,55-64,2,1,3,0,31,0,4,24.0,743,0.03225806451612903,0.25,7.75,1.2916666666666667,0.16666666666666666,0.0003740618288003475
4676,Master,Widow,73705.0,0,2,2014-03-05,86,612,91,520,258,107,107,2,9,6,8,5,0,0,0,0,0,0,0,18,0,63,55-64,2,1,3,0,1588,0,23,7.035616438356164,214,0.06738035264483627,0.08695652173913043,69.04347826086956,225.70872274143304,3.2690809968847354,0.036747909543412206
8852,Graduation,Married,61064.0,0,1,2012-08-31,80,387,126,342,0,45,180,5,8,4,11,6,0,0,0,0,0,0,0,16,0,38,35-44,1,2,3,0,900,0,23,24.0,765,0.2,0.21739130434782608,39.130434782608695,37.5,0.9583333333333334,0.007369317437442683
5294,Graduation,Single,18358.0,1,0,2013-11-20,49,6,8,19,16,4,4,3,3,0,4,7,0,0,0,0,0,0,0,16,0,25,25-34,1,1,2,0,53,0,7,10.487671232876712,319,0.07547169811320754,0.42857142857142855,7.571428571428571,5.05355276907001,0.6674503657262278,0.0033033355065279512
1958,PhD,Together,55012.0,0,1,2014-03-21,85,582,0,65,0,0,13,6,8,2,9,5,0,0,0,0,0,0,0,22,0,41,35-44,1,2,3,0,647,0,19,6.50958904109589,198,0.02009273570324575,0.3157894736842105,34.05263157894737,99.39183501683502,2.9187710437710437,0.02168076092856141
7349,Basic,Together,9722.0,1,0,2012-10-02,7,6,17,16,6,16,42,4,3,1,3,8,0,0,0,0,0,0,1,12,0,41,35-44,1,2,3,0,61,0,7,24.0,733,0.6885245901639344,0.5714285714285714,8.714285714285714,2.5416666666666665,0.2916666666666667,0.0031372145649043405
8799,PhD,Married,38175.0,1,0,2013-09-23,6,70,6,69,2,3,3,3,3,1,4,7,0,0,0,0,0,0,0,22,0,30,25-34,1,2,3,0,150,0,8,12.394520547945206,377,0.02,0.375,18.75,12.10212201591512,0.6454465075154731,0.0038042033841776406
1351,Master,Together,58656.0,0,1,2012-09-20,25,962,12,194,16,24,12,4,7,8,13,6,0,0,1,0,0,0,0,18,0,58,55-64,1,2,3,0,1208,1,28,24.0,745,0.009933774834437087,0.14285714285714285,43.142857142857146,50.333333333333336,1.1666666666666667,0.01029732678668849
1045,Graduation,Together,52117.0,0,1,2012-08-16,55,112,10,107,30,0,20,2,5,2,4,7,0,0,0,0,0,0,0,16,0,49,45-54,1,2,3,0,259,0,11,24.0,780,0.07722007722007722,0.18181818181818182,23.545454545454547,10.791666666666666,0.4583333333333333,0.0024847938292687608
7732,Graduation,Married,64813.0,1,0,2014-01-02,81,293,0,124,179,97,52,1,7,2,10,5,0,0,0,0,0,0,0,16,0,36,35-44,1,2,3,0,693,0,19,9.073972602739726,276,0.07503607503607504,0.05263157894736842,36.473684210526315,76.37228260869566,2.093900966183575,0.014140178533694597
8070,PhD,Married,54222.0,0,1,2014-03-01,98,199,12,31,3,12,7,1,3,3,5,3,0,0,0,0,0,0,0,22,0,41,35-44,1,2,3,0,257,0,11,7.167123287671233,218,0.027237354085603113,0.09090909090909091,23.363636363636363,35.85818042813456,1.5347859327217126,0.007935859340076255
477,Graduation,Married,83512.0,0,0,2014-06-17,31,1060,61,835,80,20,101,1,4,7,10,1,1,0,1,1,1,0,1,16,0,28,25-34,0,2,2,0,2056,4,21,3.6164383561643834,110,0.04912451361867704,0.047619047619047616,97.9047619047619,568.5151515151515,5.8068181818181825,0.08169103623649078
7832,Master,Married,77520.0,0,1,2013-08-28,30,940,44,396,0,88,58,1,8,7,7,4,1,0,1,1,0,0,1,18,0,55,55-64,1,2,3,0,1468,3,22,13.24931506849315,403,0.039509536784741145,0.045454545454545456,66.72727272727273,110.79818031430935,1.6604631927212574,0.017151421101286278
2202,Graduation,Together,41154.0,0,1,2013-04-09,98,44,2,11,2,3,7,1,1,0,4,5,0,0,0,0,0,0,0,16,0,36,35-44,1,2,3,0,62,0,5,17.884931506849313,544,0.11290322580645161,0.2,12.4,3.4666053921568634,0.2795649509803922,0.0010108194757710639
7396,Graduation,Married,80398.0,0,0,2012-11-10,92,342,51,936,207,35,26,1,5,8,12,3,0,0,1,0,0,0,0,16,0,48,45-54,0,2,2,0,1571,1,25,22.816438356164383,694,0.016549968173138127,0.04,62.84,68.85386647454371,1.0957012487992315,0.010276952134313348
4055,Basic,Single,18746.0,1,0,2014-05-29,41,2,10,11,12,9,20,2,3,0,3,6,0,0,0,0,0,0,0,12,0,22,18-24,1,1,2,0,44,0,6,4.241095890410959,129,0.45454545454545453,0.3333333333333333,7.333333333333333,10.37467700258398,1.4147286821705427,0.006641210073136015
10091,Graduation,Single,60230.0,0,1,2013-05-20,78,520,20,367,39,81,40,2,6,3,6,5,0,0,0,0,0,0,0,16,0,58,55-64,1,1,2,0,1027,0,15,16.53698630136986,503,0.03894839337877313,0.13333333333333333,68.46666666666667,62.1032140490391,0.9070576540755468,0.012373212163182287
7629,Graduation,Married,22108.0,1,1,2014-05-08,46,5,3,9,6,2,6,2,2,0,3,7,0,0,0,0,0,0,0,16,0,37,35-44,2,2,4,0,25,0,5,4.931506849315069,150,0.24,0.4,5.0,5.069444444444445,1.0138888888888888,0.002751643447319221
10640,Graduation,Together,44392.0,1,1,2013-09-05,71,87,5,71,7,12,29,5,4,1,4,7,0,0,0,0,0,0,0,16,0,40,35-44,2,2,4,0,182,0,9,12.986301369863012,395,0.15934065934065933,0.5555555555555556,20.22222222222222,14.014767932489454,0.6930379746835443,0.0037884577218839756
3498,PhD,Married,55424.0,0,1,2012-11-25,6,462,61,184,10,53,107,4,7,5,9,6,1,0,0,0,0,0,1,22,0,38,35-44,1,2,3,0,770,1,21,22.323287671232876,679,0.13896103896103895,0.19047619047619047,36.666666666666664,34.49312714776632,0.9407216494845361,0.007468200161900906
6742,Graduation,Married,17688.0,1,0,2013-01-13,82,2,2,1,3,1,2,1,1,0,2,8,0,0,0,0,0,1,0,16,0,35,35-44,1,2,3,0,9,0,3,20.712328767123285,630,0.2222222222222222,0.3333333333333333,3.0,0.4345238095238096,0.14484126984126985,0.00029479227240421273
1172,PhD,Married,92491.0,0,0,2013-05-01,71,979,44,935,29,25,22,1,7,5,12,3,0,1,1,1,0,0,1,22,0,31,25-34,0,2,2,0,2012,3,24,17.161643835616438,522,0.010934393638170975,0.041666666666666664,83.83333333333333,117.23818646232439,1.3984674329501916,0.015210758209424623
569,Graduation,Single,90273.0,0,0,2013-12-14,32,704,129,853,120,74,111,1,5,6,7,2,0,1,1,1,0,0,1,16,0,23,18-24,0,1,1,0,1880,3,18,9.698630136986301,295,0.059042553191489364,0.05555555555555555,104.44444444444444,193.8418079096045,1.8559322033898307,0.025767413234469377
4686,PhD,Widow,82571.0,0,0,2014-04-02,28,861,31,558,62,95,79,0,6,5,13,2,0,0,1,0,0,0,0,22,0,52,45-54,0,1,1,0,1607,1,24,6.115068493150685,186,0.049159925326695705,0.0,66.95833333333333,262.793458781362,3.924731182795699,0.03819163514280249
1381,PhD,Single,38513.0,1,0,2014-01-28,20,172,3,115,16,0,18,5,6,1,5,8,0,0,0,0,0,0,1,22,0,32,25-34,1,1,2,0,306,0,12,8.21917808219178,250,0.058823529411764705,0.4166666666666667,25.5,37.230000000000004,1.4600000000000002,0.011600238880378056
2634,Master,Single,16653.0,1,0,2014-04-18,10,5,7,31,15,4,7,3,2,1,3,6,0,0,0,0,0,0,1,18,0,35,35-44,1,1,2,0,62,0,6,5.589041095890411,170,0.11290322580645161,0.5,10.333333333333334,11.093137254901961,1.0735294117647058,0.007993613586670481
10905,Graduation,Together,42586.0,1,1,2012-10-29,7,194,2,56,0,0,0,5,4,1,6,8,0,0,0,0,0,0,1,16,0,59,55-64,2,2,4,0,252,0,11,23.21095890410959,706,0.0,0.45454545454545453,22.90909090909091,10.856940509915015,0.47391406987724266,0.0030592985046489496
1744,Basic,Single,23529.0,0,1,2013-01-07,67,9,7,13,3,2,20,1,1,1,2,6,0,0,0,0,0,0,0,12,0,49,45-54,1,1,2,0,34,0,4,20.909589041095888,636,0.5882352941176471,0.25,8.5,1.6260482180293503,0.19129979035639416,0.0008292991039292874
3828,Graduation,Married,71107.0,0,1,2013-02-17,61,533,10,217,198,174,195,2,7,6,13,4,0,0,0,0,0,0,0,16,0,63,55-64,1,2,3,0,1132,0,26,19.561643835616437,595,0.17226148409893993,0.07692307692307693,43.53846153846154,57.86834733893558,1.3291316526610646,0.009765848201544532
8605,PhD,Together,46910.0,1,1,2014-03-23,36,48,0,14,0,0,6,2,2,0,3,6,0,0,0,0,0,0,0,22,0,50,45-54,2,2,4,0,62,0,5,6.443835616438356,196,0.0967741935483871,0.4,12.4,9.621598639455781,0.7759353741496599,0.0024612914873900953
4351,Graduation,Divorced,37244.0,1,1,2013-04-27,90,18,2,10,0,0,25,1,1,1,2,7,1,0,0,0,0,0,0,16,0,59,55-64,2,1,3,0,30,1,4,17.293150684931508,526,0.8333333333333334,0.25,7.5,1.7347908745247147,0.23130544993662863,0.000558948837243491
10129,Graduation,Together,82427.0,0,0,2014-03-12,35,482,147,509,104,107,107,1,3,5,12,1,0,0,1,0,0,0,0,16,0,48,45-54,0,2,2,0,1349,1,20,6.8054794520547945,207,0.0793180133432172,0.05,67.45,198.22262479871176,2.9388083735909825,0.028857916672747293
2499,2n Cycle,Single,75342.0,0,1,2013-05-06,38,204,97,97,21,118,26,1,5,2,10,4,0,0,0,0,0,0,0,18,0,56,55-64,1,1,2,0,537,0,17,16.997260273972604,517,0.048417132216014895,0.058823529411764705,31.58823529411765,31.593326885880074,1.000161186331399,0.005031986443558186
10092,Graduation,Divorced,70044.0,0,1,2013-02-18,46,1073,0,250,153,14,14,4,7,10,5,5,0,0,0,0,0,0,0,16,0,60,55-64,1,1,2,0,1490,0,22,19.528767123287672,594,0.009395973154362415,0.18181818181818182,67.72727272727273,76.29769921436588,1.126543209876543,0.013071389277773836
5796,Graduation,Married,77437.0,0,0,2013-11-26,70,560,21,442,29,44,29,1,4,5,13,1,0,0,1,0,0,0,0,16,0,51,45-54,0,2,2,0,1096,1,22,10.29041095890411,313,0.02645985401459854,0.045454545454545456,49.81818181818182,106.50692225772099,2.137912673056443,0.016504811228387616
10556,Graduation,Married,54984.0,0,1,2014-05-24,51,173,13,131,32,3,6,4,6,1,6,7,0,0,0,1,0,0,0,16,0,55,55-64,1,2,3,0,352,1,13,4.405479452054794,134,0.017045454545454544,0.3076923076923077,27.076923076923077,79.90049751243782,2.950870646766169,0.017437908667053213
1064,PhD,Married,42403.0,1,0,2013-12-11,18,22,1,11,0,5,3,1,1,0,3,8,0,0,0,0,0,0,0,22,0,43,35-44,1,2,3,0,39,0,4,9.797260273972602,298,0.07692307692307693,0.25,9.75,3.9807046979865772,0.4082774049217002,0.0011265348295129809
48,Graduation,Together,55761.0,0,1,2014-04-24,97,136,1,12,0,3,32,2,4,1,3,6,0,1,0,0,0,0,0,16,0,50,45-54,1,2,3,0,152,1,8,5.391780821917808,164,0.21052631578947367,0.25,19.0,28.191056910569106,1.483739837398374,0.00606683314371746
7610,Graduation,Together,37292.0,1,0,2013-04-18,32,275,0,86,10,23,66,5,6,3,5,8,0,0,0,0,0,0,0,16,0,31,25-34,1,2,3,0,394,0,14,17.589041095890412,535,0.16751269035532995,0.35714285714285715,28.142857142857142,22.40031152647975,0.7959501557632398,0.00720808050835989
263,PhD,Single,45576.0,0,0,2014-05-28,9,56,19,29,2,14,25,1,3,1,3,8,0,0,0,0,0,0,1,22,0,69,65-74,0,1,1,0,120,0,7,4.273972602739726,130,0.20833333333333334,0.14285714285714285,17.142857142857142,28.076923076923077,1.6378205128205128,0.007392554785919715
10814,Graduation,Together,70321.0,0,0,2013-01-16,6,303,23,751,82,26,191,1,6,5,13,4,0,0,0,0,0,0,1,16,0,67,65-74,0,2,2,0,1185,0,24,20.613698630136984,627,0.16118143459915613,0.041666666666666664,49.375,57.486044657097295,1.1642743221690592,0.009809765729798603
9710,PhD,Divorced,58086.0,0,1,2013-01-20,80,708,7,62,0,0,15,2,11,3,7,8,0,0,0,0,0,0,0,22,0,45,45-54,1,1,2,0,777,0,21,20.482191780821918,623,0.019305019305019305,0.09523809523809523,37.0,37.93539325842697,1.0252808988764046,0.007837081553233543
9292,Graduation,Married,81795.0,0,0,2012-10-26,74,324,132,693,27,118,88,1,4,11,7,2,0,0,0,0,0,0,0,16,0,62,55-64,0,2,2,0,1294,0,22,23.30958904109589,709,0.06800618238021638,0.045454545454545456,58.81818181818182,55.51363422661025,0.9438175834508697,0.008144307240287585
10250,Basic,Together,28389.0,0,0,2012-11-20,49,1,5,3,7,4,8,1,1,0,2,7,0,0,0,0,0,0,0,12,0,67,65-74,0,2,2,0,20,0,3,22.48767123287671,684,0.4,0.3333333333333333,6.666666666666667,0.8893762183235868,0.13340643274853803,0.0003759383782409751
5847,Graduation,Divorced,69901.0,0,1,2013-05-29,95,312,21,206,102,92,149,3,7,3,10,5,0,0,0,0,0,0,0,16,0,45,45-54,1,1,2,0,733,0,20,16.241095890410957,494,0.20327421555252387,0.15,36.65,45.13242240215925,1.2314439946018896,0.007747944504741149
737,PhD,Married,80360.0,0,0,2013-03-03,56,1493,86,454,112,43,43,2,4,4,5,2,0,1,1,1,0,0,0,22,0,65,65-74,0,2,2,0,2188,3,13,19.101369863013698,581,0.019652650822669104,0.15384615384615385,168.30769230769232,114.54675846242112,0.6805794606999427,0.017105041084482995
3878,2n Cycle,Single,31859.0,1,0,2014-02-27,3,3,4,7,15,8,11,1,1,0,3,7,0,0,0,0,0,0,0,18,0,34,25-34,1,1,2,0,37,0,4,7.232876712328767,220,0.2972972972972973,0.25,9.25,5.115530303030304,0.5530303030303031,0.0019268138873274002
5092,PhD,Widow,51569.0,0,1,2013-02-12,39,380,0,47,6,0,34,4,7,1,7,8,0,1,0,0,0,0,1,22,0,65,65-74,1,1,2,0,433,1,15,19.726027397260275,600,0.07852193995381063,0.26666666666666666,28.866666666666667,21.950694444444444,0.7604166666666666,0.0051078813499065975
5394,Basic,Single,16014.0,1,1,2013-03-17,42,3,9,4,7,8,7,4,1,1,4,3,0,0,0,0,0,0,0,12,0,35,35-44,2,1,3,0,31,0,6,18.64109589041096,567,0.22580645161290322,0.6666666666666666,5.166666666666667,1.662992357436802,0.3218694885361552,0.0012461538834296006
3798,Graduation,Married,41120.0,1,1,2013-11-06,80,24,2,23,0,8,24,3,2,1,3,6,0,0,0,0,0,0,0,16,0,46,45-54,2,2,4,0,57,0,6,10.947945205479451,333,0.42105263157894735,0.5,9.5,5.206456456456457,0.5480480480480481,0.0015193939075262035
3524,Master,Single,39763.0,1,0,2013-08-04,9,80,1,60,4,6,16,2,5,1,2,9,0,0,0,0,0,0,1,18,0,43,35-44,1,1,2,0,151,0,8,14.038356164383561,427,0.10596026490066225,0.25,18.875,10.75624512099922,0.5698672911787666,0.003246106718607515
5247,PhD,Married,38725.0,1,1,2014-05-10,52,31,0,6,2,1,5,2,1,0,4,4,0,0,0,0,0,0,0,22,0,59,55-64,2,2,4,0,40,0,5,4.865753424657534,148,0.125,0.4,8.0,8.220720720720722,1.0275900900900903,0.002547415071624239
5883,Graduation,Married,77981.0,1,0,2013-05-26,78,138,120,204,16,126,60,3,7,4,7,5,0,0,0,0,0,0,0,16,0,42,35-44,1,2,3,0,604,0,18,16.33972602739726,497,0.09933774834437085,0.16666666666666666,33.55555555555556,36.96512407780014,1.1016096579476862,0.005688327784121794
2118,2n Cycle,Married,62905.0,0,1,2013-09-10,68,166,75,96,119,107,59,3,7,2,8,4,0,0,0,0,0,0,0,18,0,50,45-54,1,2,3,0,563,0,17,12.821917808219178,390,0.10479573712255773,0.17647058823529413,33.11764705882353,43.909188034188034,1.3258547008547008,0.008376285770769517
8812,2n Cycle,Divorced,13533.0,1,0,2013-03-10,45,12,3,8,8,0,17,2,2,0,3,7,0,0,0,0,0,0,0,18,0,35,35-44,1,1,2,0,31,0,5,18.871232876712327,574,0.5483870967741935,0.4,6.2,1.6427119628339142,0.2649535423925668,0.0014566277657582923
6616,Graduation,Together,59481.0,0,1,2013-10-23,47,178,3,85,71,66,58,2,3,3,8,2,0,0,0,0,0,0,0,16,0,39,35-44,1,2,3,0,403,0,14,11.408219178082192,347,0.14392059553349876,0.14285714285714285,28.785714285714285,35.32540826128722,1.2271853986551393,0.0071267278481438896
2797,Graduation,Married,72117.0,0,1,2013-08-20,34,707,20,171,65,60,50,1,9,7,9,5,0,0,0,0,0,0,0,16,0,37,35-44,1,2,3,0,1023,0,25,13.512328767123288,411,0.04887585532746823,0.04,40.92,75.70863746958638,1.850162206001622,0.012597635087913204
4328,2n Cycle,Married,21955.0,1,0,2013-09-07,81,5,1,7,17,14,11,2,2,1,3,6,0,0,0,0,0,0,0,18,0,28,25-34,1,2,3,0,44,0,6,12.92054794520548,393,0.25,0.3333333333333333,7.333333333333333,3.405428329092451,0.4643765903307888,0.0018613135936738517
9167,Graduation,Married,67131.0,0,1,2013-03-26,72,465,71,250,93,35,62,3,9,2,12,6,0,0,0,0,0,0,0,16,0,58,55-64,1,2,3,0,914,0,23,18.345205479452055,558,0.06783369803063458,0.13043478260869565,39.73913043478261,49.822281959378735,1.2537335722819594,0.008905980597824326
10560,PhD,Single,36802.0,1,0,2014-06-16,23,16,1,2,0,0,1,1,1,0,3,5,0,0,0,0,0,0,0,22,0,34,25-34,1,1,2,0,19,0,4,3.6493150684931503,111,0.05263157894736842,0.25,4.75,5.206456456456457,1.0960960960960962,0.0016976652757316852
5534,Master,Married,47808.0,0,1,2013-10-20,30,123,1,26,2,0,72,2,3,2,3,7,1,0,0,0,0,0,0,18,0,39,35-44,1,2,3,0,152,1,8,11.506849315068493,350,0.47368421052631576,0.25,19.0,13.20952380952381,0.6952380952380952,0.0033156435264869
5093,PhD,Divorced,25509.0,1,0,2012-09-18,15,40,3,30,10,7,11,3,3,0,3,9,0,0,0,0,0,0,1,22,0,40,35-44,1,1,2,0,90,0,6,24.0,747,0.12222222222222222,0.5,15.0,3.75,0.25,0.0017640832647300953
8584,PhD,Together,85431.0,0,0,2013-06-08,54,376,53,462,168,53,53,1,2,7,7,0,0,0,0,0,0,0,0,22,0,62,55-64,0,2,2,0,1112,0,16,15.912328767123286,484,0.047661870503597124,0.0625,69.5,69.88292011019284,1.0055096418732783,0.009816050863530967
2694,Graduation,Married,42664.0,0,1,2014-03-18,44,21,0,3,0,0,0,1,1,0,3,6,0,0,0,0,0,0,0,16,0,47,45-54,1,2,3,0,24,0,4,6.608219178082192,201,0.0,0.25,6.0,3.6318407960199006,0.6053067993366501,0.0010215190688223983
164,PhD,Married,28973.0,0,0,2012-10-13,59,206,0,46,3,2,12,2,5,1,5,8,0,0,0,0,0,0,0,22,0,37,35-44,0,2,2,0,257,0,11,23.73698630136986,722,0.04669260700389105,0.18181818181818182,23.363636363636363,10.826985226223455,0.46341181902123735,0.0044843068620674924
10477,PhD,Together,39435.0,1,0,2013-08-06,16,71,0,18,0,0,13,1,3,1,2,7,0,0,0,0,0,0,0,22,0,41,35-44,1,2,3,0,89,0,6,13.972602739726026,425,0.14606741573033707,0.16666666666666666,14.833333333333334,6.369607843137255,0.4294117647058824,0.0019382602793875255
2681,2n Cycle,Married,65370.0,0,0,2013-08-01,1,71,22,112,138,89,29,1,2,3,13,1,0,0,0,0,0,0,0,18,0,30,25-34,0,2,2,0,432,0,18,14.136986301369863,430,0.06712962962962964,0.05555555555555555,24.0,30.558139534883722,1.2732558139534884,0.0056095712776289535
5150,Basic,Single,20194.0,1,0,2012-12-17,64,0,4,7,11,10,15,2,2,0,3,6,0,0,0,0,0,0,0,12,0,35,35-44,1,1,2,0,32,0,5,21.599999999999998,657,0.46875,0.4,6.4,1.4814814814814816,0.2314814814814815,0.0008803494987510043
5283,PhD,Single,42473.0,1,1,2014-02-17,72,93,1,21,0,4,25,3,2,1,4,5,0,0,0,0,0,0,0,22,0,38,35-44,2,1,3,0,119,0,7,7.561643835616438,230,0.21008403361344538,0.42857142857142855,17.0,15.73731884057971,0.9257246376811594,0.0044463029709923135
9645,Graduation,Married,64590.0,0,0,2012-10-14,98,920,138,168,36,46,30,1,9,4,10,6,0,0,0,0,0,0,0,16,0,46,45-54,0,2,2,0,1308,0,23,23.704109589041096,721,0.022935779816513763,0.043478260869565216,56.869565217391305,55.18030513176144,0.970295885344429,0.010251798445287773
10678,Graduation,Together,71232.0,0,1,2013-11-28,91,653,17,170,34,26,17,2,11,2,10,7,0,0,0,0,0,0,0,16,0,55,55-64,1,2,3,0,900,0,23,10.224657534246575,311,0.01888888888888889,0.08695652173913043,39.130434782608695,88.02250803858522,2.2494640943194,0.014828589629141714
7261,Graduation,Together,34600.0,1,1,2013-01-01,8,199,33,60,8,3,15,5,5,2,5,8,0,0,0,0,0,0,1,16,0,43,35-44,2,2,4,0,303,0,12,21.10684931506849,642,0.04950495049504951,0.4166666666666667,25.25,14.355529595015579,0.5685358255451713,0.004978796391334883
9648,Graduation,Single,46904.0,1,1,2012-11-03,20,153,4,56,0,9,31,4,5,1,4,8,0,0,0,0,0,0,0,16,0,47,45-54,2,1,3,0,222,0,10,23.046575342465754,701,0.13963963963963963,0.4,22.2,9.632667617689016,0.43390394674274846,0.0024644382443345597
2870,Graduation,Married,49094.0,0,1,2012-09-21,6,376,0,38,11,8,69,5,6,3,6,6,0,0,0,0,0,0,0,16,0,41,35-44,1,2,3,0,433,0,15,24.0,744,0.15935334872979215,0.3333333333333333,28.866666666666667,18.041666666666668,0.625,0.00440990752434106
8008,Graduation,Together,36075.0,1,0,2013-12-09,54,46,0,30,12,1,30,1,2,0,4,6,0,0,0,0,0,0,0,16,0,31,25-34,1,2,3,0,89,0,6,9.863013698630137,300,0.33707865168539325,0.16666666666666666,14.833333333333334,9.02361111111111,0.6083333333333333,0.0030016170016170015
1513,2n Cycle,Together,60839.0,1,1,2012-08-28,72,600,21,128,223,150,128,13,2,2,12,8,0,0,0,0,0,0,0,18,0,35,35-44,2,2,4,0,1122,0,16,24.0,768,0.1140819964349376,0.8125,70.125,46.75,0.6666666666666666,0.00922105886027055
7960,2n Cycle,Together,82122.0,0,0,2013-08-15,89,734,22,350,151,25,100,1,3,9,13,1,0,0,1,0,0,0,0,18,0,52,45-54,0,2,2,0,1282,1,25,13.676712328767122,416,0.078003120124805,0.04,51.28,93.73597756410257,1.8279246794871797,0.013697081546592032
9905,Graduation,Together,34074.0,1,1,2013-07-13,69,135,1,41,10,1,67,5,3,3,3,6,1,0,0,0,0,0,0,16,0,62,55-64,2,2,4,0,188,1,9,14.761643835616438,449,0.35638297872340424,0.5555555555555556,20.88888888888889,12.735708982925019,0.6096881959910914,0.004485194218321894
10691,Master,Married,28520.0,1,1,2013-06-14,55,11,0,10,0,2,20,1,1,1,2,6,0,0,0,0,0,0,0,18,0,54,45-54,2,2,4,0,23,0,4,15.715068493150683,478,0.8695652173913043,0.25,5.75,1.463563458856346,0.25453277545327757,0.0006158051019030909
7002,Graduation,Single,62535.0,0,1,2013-10-03,13,163,48,90,0,45,52,1,3,2,8,3,0,0,0,0,0,0,0,16,0,59,55-64,1,1,2,0,346,0,13,12.065753424657533,367,0.15028901734104047,0.07692307692307693,26.615384615384617,28.676203451407815,1.0774296094459583,0.005502749522937456
2952,Master,Single,36273.0,1,0,2014-04-16,80,29,3,30,3,2,9,2,3,0,3,6,0,0,0,0,0,0,0,18,0,37,35-44,1,1,2,0,67,0,6,5.654794520547945,172,0.13432835820895522,0.3333333333333333,11.166666666666666,11.848352713178295,1.061046511627907,0.00391972631318445
8439,Graduation,Together,63404.0,0,2,2014-06-06,97,734,26,70,11,44,17,2,6,3,4,4,0,0,0,1,0,0,0,16,0,50,45-54,2,2,4,0,885,1,13,3.9780821917808216,121,0.0192090395480226,0.15384615384615385,68.07692307692308,222.46900826446284,3.2679063360881546,0.04210504225559198
2831,Graduation,Together,78416.0,0,1,2014-06-27,99,453,38,279,188,38,183,2,7,7,10,3,0,0,0,0,0,0,0,16,0,38,35-44,1,2,3,0,996,0,24,3.287671232876712,100,0.18373493975903615,0.08333333333333333,41.5,302.95,7.300000000000001,0.04636043664558253
6977,Graduation,Together,75702.0,0,1,2012-10-14,87,1073,0,629,145,37,37,1,10,5,13,6,0,0,1,0,0,0,0,16,0,40,35-44,1,2,3,0,1884,1,28,23.704109589041096,721,0.019639065817409766,0.03571428571428571,67.28571428571429,79.47988904299584,1.1812297734627832,0.012598856945866028
6289,Master,Together,59385.0,1,1,2013-04-28,85,135,0,10,0,4,36,2,3,1,4,5,0,0,0,0,0,0,0,18,0,63,55-64,2,2,4,0,149,0,8,17.26027397260274,525,0.24161073825503357,0.25,18.625,8.632539682539683,0.4634920634920635,0.0017443879126122117
8397,Graduation,Married,44689.0,1,1,2014-01-10,82,18,0,5,0,0,11,2,1,1,2,7,1,0,0,0,0,0,0,16,0,63,55-64,2,2,4,0,23,1,4,8.810958904109588,268,0.4782608695652174,0.5,5.75,2.610385572139304,0.4539800995024876,0.0007009471428242218
1619,Graduation,Married,90369.0,0,0,2014-04-28,2,292,51,981,224,23,17,1,4,6,6,1,0,0,0,0,0,0,1,16,0,58,55-64,0,2,2,0,1571,0,16,5.260273972602739,160,0.010821133036282623,0.0625,98.1875,298.65364583333337,3.041666666666667,0.039657888767165736
1990,PhD,Single,63159.0,0,0,2012-11-05,74,965,34,586,89,86,37,1,3,5,8,3,1,0,0,0,0,0,0,22,0,40,35-44,0,1,1,0,1760,1,16,22.980821917808218,699,0.021022727272727273,0.0625,110.0,76.5855984740105,0.6962327134000954,0.014551009067403314
269,PhD,Single,46757.0,0,1,2012-11-16,71,777,30,163,0,51,122,6,4,4,7,9,0,0,0,0,0,0,0,22,0,51,45-54,1,1,2,0,1021,0,15,22.61917808219178,688,0.11949069539666993,0.4,68.06666666666666,45.138687015503876,0.6631540697674418,0.011584666342709039
8093,Master,Married,79734.0,0,0,2014-06-28,72,572,8,232,23,62,17,1,4,3,6,1,0,0,0,1,0,0,0,18,0,45,45-54,0,2,2,0,897,1,13,3.254794520547945,99,0.0189520624303233,0.07692307692307693,69.0,275.59343434343435,3.9941077441077444,0.04147692593023318
10513,Graduation,Together,63207.0,0,0,2013-01-20,68,438,169,565,91,169,70,1,2,3,6,7,0,0,0,1,0,0,0,16,0,22,18-24,0,2,2,0,1432,1,11,20.482191780821918,623,0.04888268156424581,0.09090909090909091,130.1818181818182,69.91439272338148,0.5370518994114499,0.013273414537639467
10177,Graduation,Divorced,72071.0,0,1,2013-02-14,4,531,69,300,150,138,150,3,5,4,8,2,0,0,0,0,0,0,0,16,0,60,55-64,1,1,2,0,1188,0,17,19.660273972602738,598,0.12626262626262627,0.17647058823529413,69.88235294117646,60.42642140468228,0.8646878483835007,0.010061148823468348
2549,PhD,Together,21840.0,1,0,2013-07-21,80,17,0,9,0,0,1,1,1,0,3,9,0,0,0,0,0,0,0,22,0,31,25-34,1,2,3,0,26,0,4,14.4986301369863,441,0.038461538461538464,0.25,6.5,1.7932728647014362,0.2758881330309902,0.000985314760824965
5782,2n Cycle,Together,58582.0,0,1,2013-09-28,15,402,35,106,101,77,42,2,9,2,9,5,0,1,0,0,0,0,0,18,0,32,25-34,1,2,3,0,721,1,20,12.23013698630137,372,0.05825242718446602,0.1,36.05,58.9527329749104,1.635304659498208,0.012075941342032106
10057,Graduation,Single,72282.0,0,0,2013-07-19,70,503,27,419,90,139,153,1,5,7,9,7,0,0,0,0,0,0,1,16,0,63,55-64,0,1,1,0,1178,0,21,14.564383561643835,443,0.1298811544991511,0.047619047619047616,56.095238095238095,80.88224228743417,1.4418735891647856,0.01342778157008951
10307,Graduation,Married,50387.0,0,2,2013-08-31,91,369,9,87,12,14,34,3,6,2,8,5,0,0,0,0,0,0,0,16,0,58,55-64,2,2,4,0,491,0,16,13.150684931506849,400,0.06924643584521385,0.1875,30.6875,37.33645833333333,1.2166666666666668,0.00889192648897533
8566,PhD,Together,32583.0,1,1,2014-06-15,10,5,0,3,0,0,1,1,1,0,2,7,0,0,0,0,0,0,0,22,0,53,45-54,2,2,4,0,8,0,3,3.682191780821918,112,0.125,0.3333333333333333,2.6666666666666665,2.1726190476190474,0.8147321428571429,0.0008001543311367452
2415,Graduation,Together,62568.0,0,1,2014-04-07,99,362,17,398,80,35,61,3,5,3,5,4,0,0,0,1,0,0,0,16,0,52,45-54,1,2,3,0,892,1,13,5.950684931506849,181,0.06838565022421525,0.23076923076923078,68.61538461538461,149.8987108655617,2.1846224677716393,0.02874927327686262
5684,Master,Divorced,44635.0,1,1,2013-10-11,25,56,0,9,0,0,3,2,2,0,3,7,0,0,0,0,0,0,0,18,0,43,35-44,2,1,3,0,65,0,5,11.802739726027397,359,0.046153846153846156,0.4,13.0,5.50719591457753,0.42363045496750235,0.0014805948465314296
9166,Graduation,Married,63967.0,0,1,2013-08-09,57,387,84,141,73,35,162,3,4,4,12,2,0,0,0,0,0,0,0,16,0,46,45-54,1,2,3,0,720,0,20,13.873972602739725,422,0.225,0.15,36.0,51.895734597156405,1.4415481832543444,0.009735470088731329
1440,2n Cycle,Together,52513.0,0,0,2012-09-04,84,367,17,241,104,188,232,2,9,5,9,7,0,0,0,0,0,0,0,18,0,36,35-44,0,2,2,0,917,0,23,24.0,761,0.2529989094874591,0.08695652173913043,39.869565217391305,38.208333333333336,0.9583333333333334,0.008731171329004249
78,Graduation,Married,25293.0,1,0,2013-09-15,51,15,0,11,0,2,9,1,1,1,2,8,0,0,0,0,0,0,0,16,0,45,45-54,1,2,3,0,28,0,4,12.657534246575342,385,0.32142857142857145,0.25,7.0,2.2121212121212124,0.31601731601731603,0.0010495178328175602
5441,PhD,Widow,54111.0,0,1,2013-08-25,97,267,6,54,8,3,50,2,5,2,6,5,0,0,0,0,0,0,0,22,0,49,45-54,1,1,2,0,338,0,13,13.347945205479451,406,0.14792899408284024,0.15384615384615385,26.0,25.32224958949097,0.9739326765188835,0.00561562334966812
5302,Graduation,Together,78394.0,0,0,2013-02-15,13,298,27,697,216,24,166,1,4,6,5,2,0,0,0,0,0,0,1,16,0,28,25-34,0,2,2,0,1262,0,15,19.627397260273973,597,0.13153724247226625,0.06666666666666667,84.13333333333334,64.29787828029033,0.7642378559463986,0.00984226521625997
4687,Master,Married,80739.0,0,0,2013-05-23,92,674,92,736,39,0,92,1,3,11,9,1,0,0,0,0,0,0,0,18,0,56,55-64,0,2,2,0,1541,0,23,16.43835616438356,500,0.05970149253731343,0.043478260869565216,67.0,93.74416666666667,1.399166666666667,0.013932919654689804
1087,Master,Together,22669.0,1,0,2013-05-22,30,16,14,36,37,22,48,3,4,1,2,9,0,0,0,0,0,0,1,18,0,39,35-44,1,2,3,0,125,0,7,16.471232876712328,501,0.384,0.42857142857142855,17.857142857142858,7.588988689288091,0.4249833666001331,0.004017286350145886
6859,Graduation,Single,29236.0,1,0,2013-10-08,30,37,4,24,16,9,9,2,4,0,3,9,0,0,0,0,0,0,0,16,0,27,25-34,1,1,2,0,90,0,7,11.901369863013699,362,0.1,0.2857142857142857,12.857142857142858,7.5621546961325965,0.5881675874769797,0.0031039080706523176
9860,Graduation,Together,44911.0,0,1,2013-03-15,11,159,0,22,2,1,31,3,4,1,4,7,0,0,0,0,0,0,0,16,0,55,55-64,1,2,3,0,184,0,9,18.706849315068492,569,0.16847826086956522,0.3333333333333333,20.444444444444443,9.835969537199766,0.4811072056239016,0.002628123053292004
7129,PhD,Married,54693.0,0,1,2013-02-17,72,686,17,142,23,26,35,8,6,4,13,6,0,0,0,0,0,0,0,22,0,52,45-54,1,2,3,0,894,0,23,19.561643835616437,595,0.039149888143176735,0.34782608695652173,38.869565217391305,45.701680672268914,1.1757703081232493,0.010027246047341103
5866,Graduation,Together,48186.0,1,0,2014-03-20,39,97,3,66,12,7,34,3,4,1,4,7,0,0,0,0,0,0,0,16,0,40,35-44,1,2,3,0,185,0,9,6.542465753424657,199,0.1837837837837838,0.3333333333333333,20.555555555555557,28.276800670016755,1.3756281407035178,0.007041912755576331
7393,Graduation,Together,41580.0,1,1,2012-12-10,15,56,5,24,4,0,3,3,2,1,3,5,0,0,0,0,0,0,0,16,0,36,35-44,2,2,4,0,89,0,6,21.83013698630137,664,0.033707865168539325,0.5,14.833333333333334,4.076932730923695,0.2748493975903615,0.001176603962748541
7849,PhD,Married,80336.0,0,0,2013-09-09,12,209,19,456,160,142,66,1,2,9,13,1,0,0,0,0,0,0,0,22,0,44,35-44,0,2,2,0,986,0,24,12.854794520547944,391,0.06693711967545639,0.041666666666666664,41.083333333333336,76.70289855072464,1.8670076726342713,0.011457314063541819
332,Graduation,Married,47743.0,0,1,2013-03-22,56,198,2,43,0,12,20,3,4,1,6,6,0,1,0,0,0,0,0,16,0,57,55-64,1,2,3,0,255,1,11,18.47671232876712,562,0.0784313725490196,0.2727272727272727,23.181818181818183,13.801156583629895,0.5953440094899171,0.0034688620112594253
531,PhD,Divorced,57333.0,0,1,2012-09-22,55,941,14,397,76,58,176,11,8,5,9,6,0,0,0,0,0,0,1,22,0,60,55-64,1,1,2,0,1486,0,22,24.0,743,0.11843876177658143,0.5,67.54545454545455,61.916666666666664,0.9166666666666666,0.012959377670800411
9576,PhD,Together,32313.0,1,0,2013-02-11,60,86,4,56,2,4,7,3,4,0,4,9,0,0,0,0,0,0,0,22,0,32,25-34,1,2,3,0,152,0,8,19.75890410958904,601,0.046052631578947366,0.375,19.0,7.69273433166944,0.4048807542983916,0.0028568319865080087
6906,Master,Widow,84953.0,0,0,2013-06-03,73,167,48,602,63,72,72,1,3,10,4,2,0,1,1,1,0,0,1,18,0,61,55-64,0,1,1,0,952,3,17,16.076712328767123,489,0.07563025210084033,0.058823529411764705,56.0,59.21608725289707,1.0574301295160191,0.008364543300822393
7419,Master,Divorced,27071.0,1,0,2014-04-23,90,8,3,19,0,2,3,2,2,0,3,6,0,0,0,0,0,0,0,18,0,46,45-54,1,1,2,0,32,0,5,5.424657534246575,165,0.09375,0.4,6.4,5.8989898989899,0.9217171717171718,0.00261489707760625
3170,Master,Together,68148.0,0,0,2013-08-31,86,389,66,408,37,57,85,1,4,4,6,2,0,0,0,0,0,0,0,18,0,57,55-64,0,2,2,0,957,0,14,13.150684931506849,400,0.08881922675026123,0.07142857142857142,68.35714285714286,72.77187500000001,1.0645833333333334,0.012814205846099666
8527,Master,Together,65735.0,1,1,2013-12-07,37,239,7,119,4,15,11,5,6,2,6,7,0,0,0,0,0,0,0,18,0,49,45-54,2,2,4,0,384,0,14,9.92876712328767,302,0.028645833333333332,0.35714285714285715,27.428571428571427,38.675496688741724,1.4100441501103753,0.007060256488398885
7872,PhD,Married,86836.0,0,0,2012-09-12,7,179,21,273,0,21,63,1,6,10,6,5,1,0,1,1,0,0,1,22,0,39,35-44,0,2,2,0,494,3,22,24.0,753,0.12753036437246965,0.045454545454545456,22.454545454545453,20.583333333333332,0.9166666666666666,0.002844442397162467
10595,Graduation,Married,30093.0,0,0,2013-07-08,19,2,6,28,13,4,16,1,2,0,3,7,0,0,0,0,0,0,0,16,0,24,18-24,0,2,2,0,53,0,5,14.926027397260274,454,0.3018867924528302,0.2,10.6,3.5508443465491926,0.334985315712188,0.0014159482988931084
4609,PhD,Married,57705.0,0,1,2014-01-11,14,383,0,53,6,4,40,3,8,1,6,6,0,0,0,0,0,0,0,22,0,48,45-54,1,2,3,0,446,0,15,8.778082191780822,267,0.08968609865470852,0.2,29.733333333333334,50.8083645443196,1.708801498127341,0.010565815345842392
5010,Graduation,Single,25008.0,1,0,2014-02-02,72,2,8,8,6,1,9,2,1,0,3,8,0,0,0,0,0,0,0,16,0,26,25-34,1,1,2,0,25,0,4,8.054794520547945,245,0.36,0.5,6.25,3.1037414965986394,0.4965986394557823,0.0014893193361797694
4427,2n Cycle,Single,83257.0,0,0,2012-09-18,56,536,27,590,38,107,67,1,5,10,12,6,1,0,1,0,0,1,1,18,0,19,18-24,0,1,1,0,1298,2,27,24.0,747,0.05161787365177196,0.037037037037037035,48.074074074074076,54.083333333333336,1.125,0.007795140348559281
11148,Graduation,Together,22280.0,1,0,2013-05-19,85,2,1,4,3,1,2,1,1,0,2,8,0,0,0,0,0,0,0,16,0,39,35-44,1,2,3,0,11,0,3,16.56986301369863,504,0.18181818181818182,0.3333333333333333,3.6666666666666665,0.6638558201058201,0.1810515873015873,0.00035755250634065714
1168,PhD,Married,72159.0,0,0,2012-10-29,62,322,53,899,34,40,53,1,4,6,10,2,0,0,0,0,0,0,0,22,0,36,35-44,0,2,2,0,1348,0,20,23.21095890410959,706,0.039317507418397624,0.05,67.4,58.07601510859301,0.8616619452313503,0.009658007750982084
9595,Graduation,Together,64260.0,0,0,2013-01-11,1,539,169,816,20,0,30,1,4,5,4,3,0,0,0,0,0,0,1,16,0,53,45-54,0,2,2,0,1544,0,13,20.778082191780822,632,0.019430051813471502,0.07692307692307693,118.76923076923077,74.30907172995781,0.6256592827004219,0.013876577353867004
10163,PhD,Single,82733.0,0,0,2013-09-10,28,712,50,420,65,38,38,1,8,4,7,4,0,0,0,0,0,0,1,22,0,30,25-34,0,1,1,0,1285,0,19,12.821917808219178,390,0.029571984435797664,0.05263157894736842,67.63157894736842,100.21901709401709,1.481837606837607,0.014536257661733588
2886,Master,Divorced,74290.0,0,1,2013-08-12,70,1121,0,72,0,12,12,4,10,8,10,6,0,1,0,1,0,0,0,18,0,43,35-44,1,1,2,0,1205,2,28,13.775342465753424,419,0.00995850622406639,0.14285714285714285,43.035714285714285,87.47513922036596,2.032617342879873,0.014129784232661079
6710,Master,Single,58217.0,2,1,2012-11-17,84,68,1,13,3,5,13,1,2,0,4,6,0,0,0,0,0,0,0,18,0,63,55-64,3,1,4,0,90,0,6,22.586301369863012,687,0.14444444444444443,0.16666666666666666,15.0,3.9847161572052405,0.2656477438136827,0.0008213510467125219
5316,Master,Together,21024.0,0,0,2013-07-04,89,36,4,18,6,2,18,1,2,0,4,7,0,0,0,0,0,0,0,18,0,38,35-44,0,2,2,0,66,0,6,15.057534246575342,458,0.2727272727272727,0.16666666666666666,11.0,4.383187772925765,0.39847161572052403,0.0025018195050946147
9029,PhD,Married,70116.0,0,0,2013-01-26,73,707,44,603,95,58,29,1,2,8,12,1,0,0,0,0,0,0,0,22,0,42,35-44,0,2,2,0,1507,0,22,20.284931506849315,617,0.019243530192435302,0.045454545454545456,68.5,74.29159913560238,1.0845488924905458,0.012714632746123975
521,Graduation,Together,54006.0,1,0,2012-09-18,42,174,77,203,6,24,97,2,8,1,7,7,0,0,0,0,0,0,0,16,0,29,25-34,1,2,3,0,484,0,16,24.0,747,0.20041322314049587,0.125,30.25,20.166666666666668,0.6666666666666666,0.004480983594415435
1459,PhD,Married,69063.0,0,1,2012-11-07,16,666,35,124,69,8,26,1,5,3,5,3,0,0,0,0,0,0,0,22,0,48,45-54,1,2,3,0,902,0,13,22.915068493150685,697,0.028824833702882482,0.07692307692307693,69.38461538461539,39.36274509803922,0.5673122907699666,0.006839450084364575
10241,2n Cycle,Divorced,11448.0,0,0,2013-12-15,16,0,0,0,6,2,6,1,1,0,2,6,0,0,0,0,0,0,0,18,0,39,35-44,0,1,1,0,8,0,3,9.665753424657535,294,0.75,0.3333333333333333,2.6666666666666665,0.8276643990929705,0.31037414965986393,0.0008675727453804722
3254,Graduation,Married,70886.0,1,0,2013-10-14,65,407,70,239,103,88,53,1,5,4,4,2,0,0,0,0,0,0,0,16,0,43,35-44,1,2,3,0,907,0,13,11.704109589041096,356,0.05843439911797133,0.07692307692307693,69.76923076923077,77.49414794007491,1.1107209737827715,0.013118666242712226
3678,Graduation,Widow,60208.0,1,1,2012-10-07,13,488,23,71,15,0,59,11,8,3,7,7,0,1,0,0,0,0,1,16,0,41,35-44,2,1,3,0,597,1,18,23.934246575342463,728,0.09882747068676717,0.6111111111111112,33.166666666666664,24.943337912087916,0.7520604395604397,0.004971433280378936
4227,Master,Together,32889.0,1,1,2013-09-06,78,28,0,13,4,2,8,3,2,1,3,5,0,0,0,0,0,0,0,18,0,46,45-54,2,2,4,0,47,0,6,12.953424657534246,394,0.1702127659574468,0.5,7.833333333333333,3.6283840947546535,0.46319796954314724,0.0013238653998922387
9467,Graduation,Single,34738.0,1,0,2014-05-11,51,3,2,10,3,0,2,1,1,0,3,6,0,0,0,0,0,0,0,16,0,30,25-34,1,1,2,0,18,0,4,4.832876712328767,147,0.1111111111111111,0.25,4.5,3.7244897959183674,0.8276643990929705,0.0012865990428643102
8486,Master,Together,30538.0,1,0,2012-10-01,27,284,0,52,8,3,20,4,9,0,4,10,0,0,0,0,0,0,0,18,0,43,35-44,1,2,3,0,347,0,13,24.0,734,0.05763688760806916,0.3076923076923077,26.692307692307693,14.458333333333334,0.5416666666666666,0.00568144606719497
2186,2n Cycle,Together,82326.0,0,0,2014-03-10,30,938,142,754,159,81,183,1,5,10,6,2,0,1,1,1,0,0,1,18,0,37,35-44,0,2,2,0,2074,3,21,6.8712328767123285,209,0.08823529411764706,0.047619047619047616,98.76190476190476,301.83811802232856,3.05622009569378,0.04399651891587035
3286,PhD,Divorced,26642.0,1,0,2014-03-01,71,13,2,15,2,2,8,2,2,0,3,6,0,0,0,0,0,0,0,22,0,47,45-54,1,1,2,0,34,0,5,7.167123287671233,218,0.23529411764705882,0.4,6.8,4.74388379204893,0.6976299694189603,0.0021367241762850825
8602,Graduation,Divorced,69932.0,0,1,2013-06-12,97,412,172,153,150,105,57,2,7,6,11,4,0,0,0,0,0,0,0,16,0,50,45-54,1,1,2,0,992,0,24,15.780821917808218,480,0.057459677419354836,0.08333333333333333,41.333333333333336,62.861111111111114,1.5208333333333335,0.010786668954603519
3722,Graduation,Single,44503.0,1,1,2014-04-16,83,31,1,8,0,0,8,2,2,0,3,6,0,0,0,0,0,0,0,16,0,42,35-44,2,1,3,0,40,0,5,5.654794520547945,172,0.2,0.4,8.0,7.073643410852713,0.8842054263565892,0.0019073707599539932
6715,PhD,Single,60200.0,0,1,2013-01-02,3,502,19,132,0,6,26,6,6,2,11,6,0,0,0,0,0,0,0,22,0,66,65-74,1,1,2,0,659,0,19,21.073972602739726,641,0.03945371775417299,0.3157894736842105,34.68421052631579,31.27080083203328,0.9015860634425377,0.006233382225654474
4796,Graduation,Divorced,49638.0,0,1,2014-04-19,71,18,10,3,3,5,0,1,1,0,3,2,0,0,0,0,0,0,0,16,0,62,55-64,1,1,2,0,39,0,4,5.556164383561644,169,0.0,0.25,9.75,7.019230769230769,0.7199211045364892,0.0016969009474751043
9612,2n Cycle,Single,23830.0,0,0,2014-02-07,3,1,8,6,4,8,16,1,1,0,3,7,0,0,0,0,0,0,0,18,0,27,25-34,0,1,1,0,27,0,4,7.890410958904109,240,0.5925925925925926,0.25,6.75,3.421875,0.5069444444444444,0.0017231430969366346
3766,Master,Widow,33051.0,0,0,2012-08-16,15,100,71,243,108,94,219,3,9,1,8,9,0,0,0,0,0,0,1,18,0,55,55-64,0,1,1,0,616,0,18,24.0,780,0.3555194805194805,0.16666666666666666,34.22222222222222,25.666666666666668,0.75,0.009318931348521981
1399,Graduation,Married,72905.0,0,0,2014-01-21,52,407,114,445,181,165,203,1,3,7,9,1,0,0,0,1,0,0,0,16,0,56,55-64,0,2,2,0,1312,1,19,8.449315068493151,257,0.15472560975609756,0.05263157894736842,69.05263157894737,155.27885862516212,2.248702983138781,0.025558552959357318
1570,PhD,Together,69702.0,0,1,2013-02-19,8,664,9,240,50,19,57,2,7,7,10,4,0,0,0,0,0,0,0,22,0,63,55-64,1,2,3,0,982,0,24,19.495890410958904,593,0.05804480651731161,0.08333333333333333,40.916666666666664,50.36958965711074,1.2310286677908937,0.008671703478886243
3426,Graduation,Divorced,70300.0,1,0,2013-07-15,89,1045,61,338,60,46,46,3,5,5,13,8,0,0,0,0,0,0,0,16,0,39,35-44,1,1,2,0,1550,0,23,14.695890410958903,447,0.02967741935483871,0.13043478260869565,67.3913043478261,105.4716629381059,1.5650633855331844,0.018003697798823198
3074,PhD,Married,70643.0,0,0,2012-10-15,66,1218,107,304,23,143,33,1,5,8,4,6,0,0,0,0,0,0,1,22,0,30,25-34,0,2,2,0,1795,0,17,23.671232876712327,720,0.01838440111420613,0.058823529411764705,105.58823529411765,75.83043981481482,0.7181712962962964,0.012881181118833825
8341,PhD,Married,30396.0,1,0,2014-04-30,22,15,0,6,0,1,12,2,1,1,2,7,1,0,0,0,0,0,1,22,0,45,45-54,1,2,3,0,22,1,4,5.1945205479452055,158,0.5454545454545454,0.5,5.5,4.235232067510548,0.770042194092827,0.0016720221348245354
5180,PhD,Divorced,50616.0,0,1,2014-04-18,56,128,0,16,0,1,4,2,4,0,4,7,0,0,0,0,0,0,0,22,0,46,45-54,1,1,2,0,145,0,8,5.589041095890411,170,0.027586206896551724,0.25,18.125,25.94362745098039,1.4313725490196079,0.0061506940376909415
6461,Master,Single,62772.0,0,1,2013-05-19,74,581,49,157,43,8,108,1,5,6,11,2,0,1,0,0,0,0,0,18,0,45,45-54,1,1,2,0,838,1,22,16.56986301369863,504,0.1288782816229117,0.045454545454545456,38.09090909090909,50.573743386243386,1.3277116402116402,0.009668083231933355
7679,PhD,Single,30298.0,0,0,2014-05-19,48,6,3,12,6,1,0,1,1,1,3,3,0,0,0,0,0,0,0,22,0,29,25-34,0,1,1,0,28,0,5,4.56986301369863,139,0.0,0.2,5.6,6.127098321342927,1.0941247002398082,0.0024267337730581266
10702,Graduation,Single,52413.0,1,0,2012-11-03,67,185,8,133,56,56,12,2,7,1,7,7,0,0,0,0,0,0,0,16,0,30,25-34,1,1,2,0,438,0,15,23.046575342465754,701,0.0273972602739726,0.13333333333333333,29.2,19.004992867332383,0.6508559201141226,0.004351208944498285
7505,PhD,Married,44155.0,1,1,2014-01-19,24,22,1,9,0,0,14,1,1,1,2,4,0,0,0,0,0,0,0,22,0,57,55-64,2,2,4,0,32,0,4,8.515068493150684,259,0.4375,0.25,8.0,3.7580437580437582,0.4697554697554698,0.0010213231818938988
5113,PhD,Divorced,86979.0,0,0,2013-11-07,67,584,100,835,65,83,35,1,5,5,5,2,1,0,0,0,0,0,1,22,0,43,35-44,0,1,1,0,1667,1,15,10.915068493150685,332,0.020995800839832032,0.06666666666666667,111.13333333333334,152.72464859437753,1.3742469879518073,0.02107055476761667
10858,Graduation,Together,76532.0,1,1,2013-09-09,38,355,30,177,90,138,30,4,9,5,7,5,0,0,0,0,0,0,0,16,0,39,35-44,2,2,4,0,790,0,21,12.854794520547944,391,0.0379746835443038,0.19047619047619047,37.61904761904762,61.45566922421143,1.6336317135549874,0.009636074200210855
2961,Graduation,Married,42081.0,1,0,2013-02-26,86,175,10,110,54,6,27,2,6,3,4,6,1,0,0,0,0,0,0,16,0,32,25-34,1,2,3,0,355,1,13,19.265753424657532,586,0.07605633802816901,0.15384615384615385,27.307692307692307,18.42647895335609,0.6747724687144483,0.005254574450233433
3010,Master,Together,88420.0,0,0,2014-05-02,87,957,153,612,99,95,153,1,4,7,8,1,1,0,1,1,0,0,0,18,0,25,25-34,0,2,2,0,1916,3,19,5.128767123287671,156,0.07985386221294363,0.05263157894736842,100.84210526315789,373.5790598290599,3.7045940170940175,0.050700618841311
5790,Graduation,Married,31158.0,1,0,2013-01-27,62,25,6,16,20,0,5,2,2,0,3,8,0,0,0,0,0,0,0,16,0,29,25-34,1,2,3,0,67,0,5,20.252054794520546,616,0.07462686567164178,0.4,13.4,3.3083062770562774,0.24688852813852816,0.001274140680553159
6892,Graduation,Divorced,61671.0,0,1,2014-06-03,23,641,7,56,0,0,28,8,10,4,6,8,0,1,0,1,0,0,0,16,0,46,45-54,1,1,2,0,704,2,20,4.076712328767123,124,0.03977272727272727,0.4,35.2,172.68817204301075,4.905913978494623,0.033601823620763874
1743,Graduation,Single,69719.0,0,0,2014-05-26,99,273,86,208,177,14,43,1,2,3,5,1,0,0,0,0,0,0,0,16,0,40,35-44,0,1,1,0,758,0,10,4.33972602739726,132,0.05672823218997362,0.1,75.8,174.66540404040404,2.3042929292929295,0.030063323462540318
3578,Graduation,Divorced,49160.0,0,1,2013-10-20,29,122,21,43,25,10,15,2,3,1,6,6,0,0,0,0,0,0,0,16,0,65,65-74,1,1,2,0,221,0,10,11.506849315068493,350,0.06787330316742081,0.2,22.1,19.205952380952382,0.8690476190476191,0.004688190166221086
5558,PhD,Single,90933.0,0,0,2014-03-31,90,1020,31,430,62,63,79,1,4,6,4,1,0,0,1,0,0,0,0,22,0,60,55-64,0,1,1,0,1606,1,14,6.180821917808219,188,0.04919053549190536,0.07142857142857142,114.71428571428571,259.8359929078014,2.265070921985816,0.03428933296925887
4619,PhD,Single,113734.0,0,0,2014-05-28,9,6,2,3,1,262,3,0,27,0,0,1,0,0,0,0,0,0,0,22,0,69,65-74,0,1,1,0,274,0,27,4.273972602739726,130,0.010948905109489052,0.0,10.148148148148149,64.10897435897435,6.317307692307692,0.006764095981040781
10779,Graduation,Single,22148.0,0,0,2014-04-13,16,15,5,14,0,4,11,1,1,0,3,7,0,0,0,0,0,0,0,16,0,31,25-34,0,1,1,0,38,0,4,5.7534246575342465,175,0.2894736842105263,0.25,9.5,6.604761904761905,0.6952380952380952,0.0035785236977218197
5896,Master,Married,73395.0,0,0,2014-03-18,94,272,7,80,20,7,11,1,4,4,6,2,0,0,0,0,0,0,0,18,0,27,25-34,0,2,2,0,386,0,14,6.608219178082192,201,0.02849740932642487,0.07142857142857142,27.571428571428573,58.41210613598673,2.1185737976782755,0.00955031369482718
2337,Graduation,Divorced,29819.0,1,0,2013-10-24,77,9,1,24,2,1,2,3,3,0,3,6,0,0,0,0,0,0,0,16,0,43,35-44,1,1,2,0,37,0,6,11.375342465753425,346,0.05405405405405406,0.5,6.166666666666667,3.252649325626204,0.5274566473988439,0.0013089571047826705
10951,Graduation,Married,45688.0,0,1,2014-01-25,20,279,0,18,0,0,9,2,3,1,8,4,0,1,0,0,0,0,0,16,0,46,45-54,1,2,3,0,297,1,12,8.317808219178081,253,0.030303030303030304,0.16666666666666666,24.75,35.70652173913044,1.4426877470355732,0.0093783545103652
17,PhD,Married,60491.0,0,1,2013-09-06,81,637,47,237,12,19,76,4,6,11,7,5,0,0,0,0,0,0,0,22,0,43,35-44,1,2,3,0,952,0,24,12.953424657534246,394,0.07983193277310924,0.16666666666666666,39.666666666666664,73.49407783417936,1.852791878172589,0.014579506604456073
10680,Graduation,Together,33235.0,1,0,2014-02-05,71,45,0,16,2,1,6,1,3,0,3,7,0,0,0,0,0,0,0,16,0,28,25-34,1,2,3,0,64,0,6,7.956164383561643,242,0.09375,0.16666666666666666,10.666666666666666,8.044077134986226,0.7541322314049588,0.0029044358543654195
3265,Graduation,Married,35701.0,0,0,2013-03-19,36,21,1,9,7,3,5,1,1,0,3,6,0,0,0,0,0,0,0,16,0,55,55-64,0,2,2,0,41,0,4,18.575342465753423,565,0.12195121951219512,0.25,10.25,2.207227138643068,0.21533923303834812,0.0007419043069862698
5623,Master,Married,31535.0,1,0,2013-09-26,95,15,4,13,0,0,19,1,1,1,2,7,1,0,0,0,0,0,0,18,0,34,25-34,1,2,3,0,32,1,4,12.295890410958904,374,0.59375,0.25,8.0,2.6024955436720143,0.3253119429590018,0.0009903265109898263
5832,2n Cycle,Together,92556.0,0,0,2014-04-20,32,493,183,352,184,23,28,0,3,5,13,0,0,0,0,0,0,0,0,18,0,54,45-54,0,2,2,0,1235,0,21,5.523287671232876,168,0.022672064777327937,0.0,58.80952380952381,223.59871031746033,3.8020833333333335,0.02898984964572285
5544,Graduation,Single,67384.0,0,1,2012-11-10,32,957,40,175,158,53,107,2,7,8,5,5,0,1,0,0,0,0,0,16,0,44,35-44,1,1,2,0,1383,1,20,22.816438356164383,694,0.07736804049168475,0.1,69.15,60.61419308357349,0.8765609990393852,0.010794406936407484
5831,Graduation,Married,77870.0,0,1,2012-08-22,93,1017,50,500,65,50,133,3,5,5,5,8,0,1,0,1,0,0,1,16,0,47,45-54,1,2,3,0,1682,2,15,24.0,774,0.07907253269916766,0.2,112.13333333333334,70.08333333333333,0.625,0.010800051367664053
10176,Graduation,Single,57107.0,0,1,2012-08-24,44,159,0,120,0,0,137,7,4,4,8,8,0,1,0,0,1,0,1,16,0,46,45-54,1,1,2,0,279,2,16,24.0,772,0.4910394265232975,0.4375,17.4375,11.625,0.6666666666666666,0.002442782846236013
4385,PhD,Single,36038.0,1,0,2013-05-31,82,23,0,15,0,2,7,2,3,0,3,6,0,0,0,0,0,0,0,22,0,33,25-34,1,1,2,0,40,0,6,16.175342465753424,492,0.175,0.3333333333333333,6.666666666666667,2.47289972899729,0.37093495934959353,0.000823430732781161
10686,PhD,Together,34230.0,1,1,2012-12-26,72,15,0,4,0,0,2,1,1,0,2,7,0,0,0,0,0,0,0,22,0,49,45-54,2,2,4,0,19,0,3,21.304109589041094,648,0.10526315789473684,0.3333333333333333,6.333333333333333,0.8918467078189302,0.14081790123456792,0.00031265441115475206
2546,2n Cycle,Single,31878.0,0,1,2014-06-22,7,23,4,5,10,5,23,1,1,0,4,3,0,0,0,0,0,0,0,18,0,37,35-44,1,1,2,0,47,0,5,3.452054794520548,105,0.48936170212765956,0.2,9.4,13.615079365079366,1.4484126984126984,0.005125194566188355
3283,2n Cycle,Married,70932.0,0,1,2014-01-19,57,200,193,100,46,185,185,2,6,2,12,3,0,0,0,0,0,0,0,18,0,42,35-44,1,2,3,0,724,0,20,8.515068493150684,259,0.255524861878453,0.1,36.2,85.02574002574003,2.348777348777349,0.014384324145785828
3138,Graduation,Single,91249.0,0,0,2012-10-20,84,1324,27,119,71,108,27,0,7,9,6,4,0,1,1,1,1,0,1,16,0,58,55-64,0,1,1,0,1649,4,22,23.506849315068493,715,0.01637355973317162,0.0,74.95454545454545,70.1497668997669,0.9358974358974359,0.009225275924089062
4994,Master,Single,77598.0,0,0,2013-10-01,53,1193,33,281,129,66,33,1,7,5,13,3,0,0,1,0,0,0,0,18,0,71,65-74,0,1,1,0,1702,1,25,12.131506849315068,369,0.019388954171562868,0.04,68.08,140.29584462511292,2.0607497741644085,0.021695792874833822
7966,Graduation,Single,80982.0,1,1,2013-01-08,48,505,137,401,104,22,22,3,11,5,11,5,0,0,0,0,0,1,0,16,0,55,55-64,2,1,3,0,1169,0,27,20.876712328767123,635,0.018819503849443968,0.1111111111111111,43.2962962962963,55.99540682414698,1.2933070866141732,0.00829745970573416
3112,Master,Married,22701.0,1,0,2013-09-05,2,2,4,9,0,4,5,1,1,0,3,5,0,0,0,0,0,0,0,18,0,37,35-44,1,2,3,0,19,0,4,12.986301369863012,395,0.2631578947368421,0.25,4.75,1.4630801687763715,0.3080168776371308,0.0007734003799531499
2181,Graduation,Married,70617.0,0,0,2013-06-23,45,353,61,753,40,46,27,1,3,3,7,2,0,0,0,0,0,0,0,16,0,44,35-44,0,2,2,0,1253,0,13,15.419178082191781,469,0.02154828411811652,0.07692307692307693,96.38461538461539,81.26243781094527,0.8431058990760483,0.013808987265549985
1867,Graduation,Single,64849.0,0,0,2012-11-13,42,652,48,350,94,84,108,1,9,3,6,5,0,0,0,0,0,0,1,16,0,57,55-64,0,1,1,0,1228,0,18,22.71780821917808,691,0.08794788273615635,0.05555555555555555,68.22222222222223,54.054510371442355,0.7923299565846599,0.010002530871059049
1518,Master,Married,62694.0,1,1,2013-06-17,29,379,6,157,25,91,91,5,9,3,7,7,0,0,0,0,0,0,0,18,0,49,45-54,2,2,4,0,658,0,19,15.616438356164384,475,0.13829787234042554,0.2631578947368421,34.63157894736842,42.13508771929825,1.2166666666666666,0.008064903382007512
5734,PhD,Married,61917.0,1,1,2013-11-20,83,46,4,36,2,2,1,1,2,0,4,5,0,0,0,0,0,0,0,22,0,40,35-44,2,2,4,0,90,0,6,10.487671232876712,319,0.011111111111111112,0.16666666666666666,15.0,8.581504702194357,0.5721003134796239,0.001663162886224014
2878,PhD,Married,67472.0,0,1,2013-09-28,93,162,31,127,8,17,69,2,4,2,7,3,0,0,0,0,0,0,0,22,0,67,65-74,1,2,3,0,345,0,13,12.23013698630137,372,0.2,0.15384615384615385,26.53846153846154,28.209005376344088,1.062948028673835,0.00501701542145081
1458,Master,Married,21059.0,1,0,2014-01-07,40,8,3,19,3,3,8,3,3,0,3,6,0,0,0,0,0,0,0,18,0,32,25-34,1,2,3,0,36,0,6,8.90958904109589,271,0.2222222222222222,0.5,6.0,4.04059040590406,0.6734317343173433,0.00230244004325223
7007,Master,Married,29543.0,2,0,2014-04-01,47,17,3,18,3,4,18,2,3,1,2,7,0,0,0,0,0,0,0,18,0,46,45-54,2,2,4,0,45,0,6,6.147945205479452,187,0.4,0.3333333333333333,7.5,7.31951871657754,0.9759358288770054,0.00297309767453984
6200,Graduation,Married,75903.0,0,1,2013-04-08,50,340,108,185,130,38,100,2,6,6,9,3,0,0,0,0,0,0,0,16,0,63,55-64,1,2,3,0,801,0,21,17.91780821917808,545,0.12484394506866417,0.09523809523809523,38.142857142857146,44.70412844036697,1.1720183486238533,0.007067567043257891
1403,2n Cycle,Together,34984.0,1,1,2012-09-06,40,8,4,15,3,5,3,2,1,0,3,7,0,0,0,0,0,0,0,18,0,39,35-44,2,2,4,0,35,0,4,24.0,759,0.08571428571428572,0.5,8.75,1.4583333333333333,0.16666666666666666,0.0005002286759661559
4827,PhD,Single,54998.0,0,1,2013-03-10,3,154,22,202,39,30,8,5,4,2,9,4,0,0,0,0,0,0,1,22,0,58,55-64,1,1,2,0,447,0,15,18.871232876712327,574,0.017897091722595078,0.3333333333333333,29.8,23.68684668989547,0.7948606271777005,0.0051682272133304055
6250,PhD,Widow,54356.0,0,1,2012-11-19,62,710,15,30,20,0,0,3,11,2,8,8,0,0,0,0,0,0,1,22,0,65,65-74,1,1,2,0,775,0,21,22.52054794520548,685,0.0,0.14285714285714285,36.904761904761905,34.41301703163017,0.9324817518248175,0.007597251533953234
9291,Master,Married,34242.0,0,1,2014-03-23,25,8,2,4,0,0,1,1,0,0,3,5,0,0,0,0,0,0,0,18,0,55,55-64,1,2,3,0,14,0,3,6.443835616438356,196,0.07142857142857142,0.3333333333333333,4.666666666666667,2.1726190476190474,0.4655612244897959,0.0007613874356471167
2478,Graduation,Married,25410.0,1,0,2013-08-31,48,2,2,4,13,13,4,1,1,0,4,4,0,0,0,0,0,0,0,16,0,41,35-44,1,2,3,0,34,0,5,13.150684931506849,400,0.11764705882352941,0.2,6.8,2.5854166666666667,0.38020833333333337,0.0012209759937032664
1139,PhD,Married,73356.0,0,0,2014-02-06,56,1050,14,322,0,14,112,1,5,11,5,2,1,0,1,1,0,0,1,22,0,30,25-34,0,2,2,0,1400,3,21,7.923287671232877,241,0.08,0.047619047619047616,66.66666666666667,176.69432918395574,2.650414937759336,0.02890468332798229
5138,Graduation,Together,28320.0,0,1,2013-01-14,68,19,1,14,3,2,4,1,1,0,3,8,0,0,0,0,0,0,0,16,0,64,55-64,1,2,3,0,39,0,4,20.67945205479452,629,0.10256410256410256,0.25,9.75,1.8859300476947536,0.19342872284048754,0.0007991229015655736
5393,Graduation,Single,23763.0,1,0,2012-08-07,64,22,0,6,6,2,6,1,1,0,3,7,0,0,0,0,0,0,0,16,0,37,35-44,1,1,2,0,36,0,4,24.0,789,0.16666666666666666,0.25,9.0,1.5,0.16666666666666666,0.0007574801161469512
10413,Graduation,Married,72570.0,0,0,2014-04-25,67,274,83,216,151,141,224,1,4,6,12,1,0,0,0,0,0,0,0,16,0,30,25-34,0,2,2,0,865,0,22,5.358904109589041,163,0.2589595375722543,0.045454545454545456,39.31818181818182,161.4135991820041,4.105316973415133,0.02669096307267534
5015,Master,Married,34529.0,1,0,2012-09-14,94,68,6,38,3,6,41,2,2,2,3,7,0,0,0,0,0,0,0,18,0,38,35-44,1,2,3,0,121,0,7,24.0,751,0.33884297520661155,0.2857142857142857,17.285714285714285,5.041666666666667,0.2916666666666667,0.0017521503663587132
10868,Graduation,Widow,70792.0,0,0,2013-02-06,82,344,45,654,104,11,114,2,3,4,10,3,0,0,0,0,0,0,0,16,0,63,55-64,0,1,1,0,1158,0,17,19.923287671232877,606,0.09844559585492228,0.11764705882352941,68.11764705882354,58.12293729372937,0.8532728272827282,0.009852458576177428
10676,Graduation,Married,63211.0,0,0,2012-11-02,3,145,193,459,205,26,145,2,3,8,7,2,0,0,0,0,0,0,1,16,0,32,25-34,0,2,2,0,1028,0,18,23.07945205479452,702,0.14105058365758755,0.1111111111111111,57.111111111111114,44.541785375118714,0.7799145299145299,0.008455829278154508
2495,Master,Married,83891.0,0,1,2014-06-20,24,217,38,350,111,85,15,1,4,7,10,1,0,0,0,0,0,0,0,18,0,40,35-44,1,2,3,0,801,0,21,3.517808219178082,107,0.018726591760299626,0.047619047619047616,38.142857142857146,227.69859813084113,5.969626168224299,0.03257063543848677
7842,Graduation,Single,36065.0,1,1,2013-03-31,54,18,7,34,10,2,3,3,3,0,3,8,0,0,0,0,0,0,0,16,0,46,45-54,2,1,3,0,71,0,6,18.180821917808217,553,0.04225352112676056,0.5,11.833333333333334,3.905213984327909,0.3300180831826402,0.001299391870565227
6663,PhD,Single,51141.0,0,0,2013-07-08,96,144,0,7,0,0,6,1,3,1,4,5,0,0,0,0,0,0,0,22,0,74,65-74,0,1,1,0,151,0,8,14.926027397260274,454,0.039735099337748346,0.125,18.875,10.116556534508076,0.5359765051395007,0.0023738033752585385
2162,Graduation,Married,56939.0,0,1,2013-09-18,19,256,34,103,90,29,49,2,3,3,10,3,0,0,0,0,0,0,0,16,0,38,35-44,1,2,3,0,512,0,16,12.55890410958904,382,0.095703125,0.125,32.0,40.767888307155324,1.2739965095986039,0.008591908176923794
3434,Graduation,Single,80872.0,0,0,2014-05-12,60,483,72,567,94,12,108,1,4,4,10,1,0,0,0,0,0,0,0,16,0,63,55-64,0,1,1,0,1228,0,18,4.8,146,0.08794788273615635,0.05555555555555555,68.22222222222223,255.83333333333334,3.75,0.037961222672865766
7919,PhD,Together,72335.0,0,0,2012-08-13,2,1285,105,653,28,21,0,1,10,4,8,8,0,0,0,0,0,0,1,22,0,38,35-44,0,2,2,0,2092,0,22,24.0,783,0.0,0.045454545454545456,95.0909090909091,87.16666666666667,0.9166666666666666,0.014460496301928527
5626,PhD,Single,61798.0,0,0,2013-11-23,13,338,4,89,11,8,13,1,4,2,9,4,0,0,0,0,0,0,0,22,0,50,45-54,0,1,1,0,450,0,15,10.389041095890411,316,0.028888888888888888,0.06666666666666667,30.0,43.31487341772152,1.4438291139240507,0.008410927230859547
6428,PhD,Widow,76842.0,0,0,2014-05-03,37,605,10,345,84,54,32,1,1,8,7,0,0,0,0,0,0,0,0,22,0,64,55-64,0,1,1,0,1098,0,16,5.095890410958904,155,0.029143897996357013,0.0625,68.625,215.46774193548387,3.139784946236559,0.03364843319051829
8514,Graduation,Together,29478.0,1,0,2014-01-17,59,8,0,7,3,1,1,1,1,0,3,6,0,0,0,0,0,0,0,16,0,38,35-44,1,2,3,0,19,0,4,8.580821917808219,261,0.05263157894736842,0.25,4.75,2.2142401021711366,0.4661558109833972,0.0009013800538046556
10448,Graduation,Single,46998.0,0,1,2012-10-22,55,172,41,86,45,6,27,5,5,3,5,7,1,0,0,0,0,0,0,16,0,58,55-64,1,1,2,0,350,1,13,23.441095890410956,713,0.07714285714285714,0.38461538461538464,26.923076923076923,14.931042543244509,0.5545815801776531,0.0038123433022455022
2109,Graduation,Single,96843.0,0,0,2013-04-23,60,448,71,951,40,17,17,1,6,11,10,2,0,0,1,0,0,0,1,16,0,24,18-24,0,1,1,0,1527,1,27,17.424657534246574,530,0.011132940406024885,0.037037037037037035,56.55555555555556,87.63443396226415,1.5495283018867925,0.010858949098511714
8925,Master,Married,70053.0,0,1,2013-07-03,38,512,53,98,81,179,89,3,8,5,10,5,0,0,0,0,0,0,0,18,0,49,45-54,1,2,3,0,923,0,23,15.090410958904108,459,0.09642470205850487,0.13043478260869565,40.130434782608695,61.16466957153232,1.5241466957153234,0.010477439008442006
3009,PhD,Widow,71670.0,0,0,2013-07-09,8,1462,16,128,0,0,160,1,5,3,6,6,0,1,1,0,1,0,1,22,0,52,45-54,0,1,1,0,1606,3,14,14.893150684931506,453,0.099626400996264,0.07142857142857142,114.71428571428571,107.83480500367918,0.9400294334069169,0.018055220595006978
6355,Graduation,Married,44359.0,1,1,2014-06-17,19,20,0,14,7,3,1,3,2,0,4,3,0,0,0,0,0,0,0,16,0,36,35-44,2,2,4,0,44,0,6,3.6164383561643834,110,0.022727272727272728,0.5,7.333333333333333,12.166666666666668,1.6590909090909092,0.0032913275772672966
3517,Graduation,Single,40887.0,1,1,2013-05-06,32,50,4,44,10,10,43,3,3,1,3,9,0,0,0,0,0,0,1,16,0,62,55-64,2,1,3,0,118,0,7,16.997260273972604,517,0.3644067796610169,0.42857142857142855,16.857142857142858,6.942295293359122,0.4118310767246937,0.002037506873096815
1158,Graduation,Divorced,48877.0,0,1,2014-01-05,27,102,1,15,2,0,24,1,3,0,4,7,0,0,0,0,0,0,0,16,0,48,45-54,1,1,2,0,120,0,7,8.975342465753425,273,0.2,0.14285714285714285,17.142857142857142,13.36996336996337,0.7799145299145299,0.003282516530056273
6203,Graduation,Together,74485.0,0,0,2013-08-24,58,499,149,815,173,49,49,1,6,7,12,3,0,0,0,0,0,0,0,16,0,67,65-74,0,2,2,0,1685,0,25,13.380821917808218,407,0.029080118694362018,0.04,67.4,125.92649467649468,1.8683456183456184,0.020287546970771782
7165,Graduation,Together,64474.0,0,1,2013-10-22,59,381,35,172,56,86,93,2,8,2,10,5,0,0,0,0,0,0,0,16,0,42,35-44,1,2,3,0,730,0,20,11.441095890410958,348,0.1273972602739726,0.1,36.5,63.805076628352495,1.7480842911877397,0.011875498953690325
3595,Graduation,Together,77226.0,0,1,2014-02-28,29,631,43,239,128,76,21,2,6,8,12,3,0,0,0,0,0,0,0,16,0,51,45-54,1,2,3,0,1117,0,26,7.199999999999999,219,0.018800358102059087,0.07692307692307693,42.96153846153846,155.1388888888889,3.6111111111111116,0.024106734346808937
8537,Graduation,Widow,72643.0,0,0,2013-02-27,60,526,80,553,123,94,53,1,3,10,7,2,0,0,0,1,0,0,1,16,0,65,65-74,0,1,1,0,1376,1,20,19.232876712328768,585,0.038517441860465115,0.05,68.8,71.54415954415954,1.03988603988604,0.011818480989633062
4331,Master,Together,85738.0,0,0,2014-01-23,41,913,26,376,17,26,13,1,3,6,11,1,0,1,1,0,0,0,0,18,0,36,35-44,0,2,2,0,1358,2,20,8.383561643835616,255,0.009572901325478646,0.05,67.9,161.98366013071896,2.3856209150326797,0.022671439986571038
6281,Graduation,Divorced,55686.0,0,1,2013-02-14,27,673,0,199,37,47,26,2,6,3,5,4,1,0,0,0,0,0,0,16,0,48,45-54,1,1,2,0,956,1,14,19.660273972602738,598,0.027196652719665274,0.14285714285714285,68.28571428571429,48.62597547380157,0.7120958751393535,0.010478606933261839
4338,Graduation,Single,39062.0,1,0,2014-03-25,28,23,0,9,0,0,12,1,1,0,3,4,1,0,0,0,0,0,0,16,0,31,25-34,1,1,2,0,32,1,4,6.3780821917808215,194,0.375,0.25,8.0,5.017182130584192,0.627147766323024,0.0015412980791308767
9507,Graduation,Married,40794.0,0,1,2013-04-07,18,261,23,73,4,23,50,2,6,3,5,7,0,0,0,0,0,0,0,16,0,39,35-44,1,2,3,0,384,0,14,17.95068493150685,546,0.13020833333333334,0.14285714285714285,27.428571428571427,21.39194139194139,0.7799145299145299,0.0062926728612858925
5117,2n Cycle,Married,32632.0,0,0,2012-08-02,32,63,151,137,153,19,53,2,4,4,8,5,0,0,0,0,0,0,0,18,0,51,45-54,0,2,2,0,523,0,16,24.0,794,0.10133843212237094,0.125,32.6875,21.791666666666668,0.6666666666666666,0.00801360627604805
4867,PhD,Single,38236.0,1,1,2013-09-20,2,58,0,18,2,0,10,4,3,0,4,7,0,0,0,0,0,0,0,22,0,46,45-54,2,1,3,0,78,0,7,12.493150684931507,380,0.1282051282051282,0.5714285714285714,11.142857142857142,6.243421052631579,0.5603070175438596,0.0019594375099795725
9289,Graduation,Married,36781.0,1,0,2014-04-10,16,29,1,17,0,3,13,1,2,1,2,8,0,0,0,0,0,0,1,16,0,35,35-44,1,2,3,0,50,0,5,5.852054794520548,178,0.26,0.2,10.0,8.544007490636703,0.8544007490636705,0.002787528612262865
10913,Master,Single,31385.0,1,0,2012-12-05,56,3,2,12,0,1,9,1,1,0,2,8,1,0,0,0,0,0,1,18,0,30,25-34,1,1,2,0,18,1,3,21.994520547945204,669,0.5,0.3333333333333333,6.0,0.8183856502242153,0.13639760837070256,0.0003129083257189926
3032,Graduation,Married,24570.0,1,0,2013-02-27,97,28,34,62,11,14,44,3,4,0,4,9,0,0,0,0,0,0,0,16,0,30,25-34,1,2,3,0,149,0,8,19.232876712328768,585,0.2953020134228188,0.375,18.625,7.747150997150997,0.41595441595441596,0.0037837123307208776
3334,Graduation,Married,94642.0,0,0,2014-02-12,35,879,143,797,106,143,143,0,5,7,9,1,0,0,1,1,0,0,0,16,0,63,55-64,0,2,2,0,2068,2,21,7.726027397260274,235,0.06914893617021277,0.0,98.47619047619048,267.6666666666667,2.7180851063829787,0.03393842057437502
4470,Master,Married,58646.0,0,1,2013-06-10,3,62,1,44,6,5,22,1,2,1,4,4,0,0,0,0,0,0,0,18,0,52,45-54,1,2,3,0,118,0,7,15.846575342465753,482,0.1864406779661017,0.14285714285714285,16.857142857142858,7.446403872752421,0.44173582295988933,0.0015236648104394
1406,Graduation,Single,53201.0,1,1,2013-02-12,49,280,7,81,20,0,27,8,6,3,5,7,0,0,0,0,0,0,0,16,0,39,35-44,2,1,3,0,388,0,14,19.726027397260275,600,0.06958762886597938,0.5714285714285714,27.714285714285715,19.669444444444444,0.7097222222222221,0.004436633396615351
10821,Graduation,Married,57113.0,1,1,2013-02-06,45,182,4,33,0,2,42,6,4,1,5,7,0,0,0,0,0,0,0,16,0,36,35-44,2,2,4,0,221,0,10,19.923287671232877,606,0.19004524886877827,0.6,22.1,11.092546754675467,0.5019251925192519,0.002330652584457227
4552,Graduation,Married,51373.0,0,0,2013-06-22,37,83,2,101,64,26,117,1,3,5,3,4,0,0,0,0,0,0,0,16,0,23,18-24,0,2,2,0,276,0,11,15.452054794520548,470,0.42391304347826086,0.09090909090909091,25.09090909090909,17.861702127659576,0.7118794326241135,0.0041722388323032515
898,Graduation,Married,23477.0,1,0,2013-10-21,39,38,15,54,3,8,29,3,3,0,4,8,0,0,0,0,0,0,0,16,0,28,25-34,1,2,3,0,118,0,7,11.473972602739726,349,0.2457627118644068,0.42857142857142855,16.857142857142858,10.28414517669532,0.6100764087870105,0.005256623168221827
9797,Graduation,Married,58116.0,0,1,2014-04-13,38,228,19,130,4,11,51,2,3,3,8,2,0,0,0,0,0,0,0,16,0,58,55-64,1,2,3,0,392,0,14,5.7534246575342465,175,0.13010204081632654,0.14285714285714285,28.0,68.13333333333334,2.4333333333333336,0.014068414894349233
10949,PhD,Divorced,72968.0,0,0,2013-12-16,8,1092,37,592,145,37,55,1,5,5,8,3,0,0,0,1,0,0,1,22,0,51,45-54,0,1,1,0,1903,1,18,9.632876712328766,293,0.028901734104046242,0.05555555555555555,105.72222222222223,197.55261660978385,1.8686006825938568,0.03248864432788902
8212,Master,Married,39791.0,0,1,2013-03-28,89,85,15,27,13,13,21,2,3,1,4,7,0,0,0,0,0,0,0,18,0,43,35-44,1,2,3,0,153,0,8,18.27945205479452,556,0.13725490196078433,0.25,19.125,8.370053956834534,0.4376498800959233,0.0025242051590061675
6248,Master,Single,91712.0,0,0,2013-10-17,47,1276,24,746,94,29,48,0,9,7,11,3,0,0,1,0,0,0,1,18,0,67,65-74,0,1,1,0,2169,1,27,11.605479452054794,353,0.022130013831258646,0.0,80.33333333333333,186.8944759206799,2.326487252124646,0.024454092278525807
10164,Graduation,Single,94472.0,0,1,2014-04-03,75,1017,33,417,108,100,16,1,5,5,5,5,0,1,1,0,0,0,0,16,0,56,55-64,1,1,2,0,1675,2,15,6.082191780821917,185,0.00955223880597015,0.06666666666666667,111.66666666666667,275.39414414414415,2.4662162162162162,0.03498104972615939
4547,Graduation,Together,13672.0,1,1,2013-04-17,86,6,2,9,2,1,5,2,1,0,3,8,0,0,0,0,0,0,0,16,0,54,45-54,2,2,4,0,20,0,4,17.621917808219177,536,0.25,0.5,5.0,1.134950248756219,0.2269900497512438,0.0009961529392243
6815,2n Cycle,Married,96547.0,0,0,2014-05-23,4,448,21,125,52,101,62,0,7,6,8,2,1,0,1,1,0,0,1,18,0,34,25-34,0,2,2,0,747,3,21,4.438356164383562,135,0.08299866131191433,0.0,35.57142857142857,168.30555555555554,4.731481481481482,0.020918999727248557
4122,Graduation,Married,79205.0,0,0,2012-08-29,73,504,23,117,179,28,44,1,6,5,4,4,0,0,0,1,0,0,1,16,0,39,35-44,0,2,2,0,851,1,15,24.0,767,0.05170387779083431,0.06666666666666667,56.733333333333334,35.458333333333336,0.625,0.005372135597500158
10841,PhD,Together,56559.0,0,1,2012-12-25,46,226,22,133,41,31,31,3,4,3,8,4,0,0,0,0,0,0,0,22,0,39,35-44,1,2,3,0,453,0,15,21.336986301369862,649,0.0684326710816777,0.2,30.2,21.230739599383668,0.7030046224961479,0.004504479838621687
5370,PhD,Married,32644.0,1,0,2013-01-16,38,239,3,141,0,7,23,4,7,1,6,8,1,0,0,0,0,0,0,22,0,41,35-44,1,2,3,0,390,1,14,20.613698630136984,627,0.05897435897435897,0.2857142857142857,27.857142857142858,18.91945773524721,0.6791600212652845,0.006954830683217943
176,2n Cycle,Single,67506.0,0,1,2014-01-02,73,90,38,67,33,36,67,1,4,1,6,3,0,0,0,0,0,0,0,18,0,34,25-34,1,1,2,0,264,0,11,9.073972602739726,276,0.2537878787878788,0.09090909090909091,24.0,29.094202898550723,1.2122584541062802,0.005171843018140738
4860,Graduation,Single,24206.0,1,0,2013-03-08,66,7,2,8,3,2,3,1,1,0,3,6,0,0,0,0,0,0,0,16,0,44,35-44,1,1,2,0,22,0,4,18.936986301369863,576,0.13636363636363635,0.25,5.5,1.1617476851851851,0.21122685185185186,0.0005759304396522441
10757,PhD,Divorced,28420.0,1,0,2013-12-24,36,4,2,5,2,0,0,1,1,0,2,6,0,0,0,0,0,0,0,22,0,47,45-54,1,1,2,0,13,0,3,9.36986301369863,285,0.0,0.3333333333333333,4.333333333333333,1.3874269005847952,0.3201754385964912,0.0005858241663271479
4023,Graduation,Married,22979.0,1,0,2012-09-06,29,16,17,19,20,21,22,3,3,2,2,8,0,0,0,0,0,0,1,16,0,44,35-44,1,2,3,0,93,0,7,24.0,759,0.23655913978494625,0.42857142857142855,13.285714285714286,3.875,0.2916666666666667,0.002023586753122416
6679,Graduation,Single,33279.0,0,0,2014-06-12,29,10,3,3,0,0,0,1,0,0,3,3,0,0,0,0,0,0,0,16,0,48,45-54,0,1,1,0,16,0,3,3.780821917808219,115,0.0,0.3333333333333333,5.333333333333333,4.231884057971015,0.7934782608695652,0.0015259655847727448
7181,Graduation,Married,30368.0,0,1,2013-11-07,97,35,0,13,2,0,2,2,2,0,3,8,0,0,0,0,0,0,0,16,0,37,35-44,1,2,3,0,50,0,5,10.915068493150685,332,0.04,0.4,10.0,4.580823293172691,0.4580823293172691,0.0018101251158480077
3599,Graduation,Married,63684.0,0,1,2012-11-26,61,575,80,428,208,93,80,3,8,4,8,5,0,0,0,0,0,0,0,16,0,44,35-44,1,2,3,0,1384,0,20,22.290410958904108,678,0.057803468208092484,0.15,69.2,62.08947885939037,0.8972468043264504,0.011699543783567056
405,Graduation,Divorced,41638.0,0,1,2013-02-13,68,315,0,31,4,0,91,4,5,5,3,8,1,0,0,0,0,0,0,16,0,50,45-54,1,1,2,0,350,1,13,19.693150684931506,599,0.26,0.3076923076923077,26.923076923076923,17.77267668336116,0.6601279910962716,0.005122054858550697
6870,PhD,Divorced,68805.0,0,1,2013-09-17,73,182,2,49,17,13,20,1,3,1,7,2,0,0,0,0,0,0,0,22,0,55,55-64,1,1,2,0,263,0,11,12.591780821917808,383,0.07604562737642585,0.09090909090909091,23.90909090909091,20.886640557006093,0.873585726718886,0.0036427539667767328
832,PhD,Together,65814.0,0,1,2014-03-02,90,561,14,113,10,14,35,3,8,2,10,5,0,0,0,0,0,0,0,22,0,48,45-54,1,2,3,0,712,0,20,7.134246575342465,217,0.04915730337078652,0.15,35.6,99.80030721966206,2.803379416282642,0.018196792272707093
2002,Graduation,Divorced,71964.0,0,0,2013-05-20,81,587,51,932,180,34,86,1,5,6,5,3,0,0,0,0,0,0,0,16,0,56,55-64,0,1,1,0,1784,0,16,16.53698630136986,503,0.04820627802690583,0.0625,111.5,107.87939032471837,0.96752816434725,0.017988892833869997
3657,Graduation,Single,39146.0,1,0,2013-02-14,1,94,1,33,13,12,12,3,4,0,4,8,0,0,0,0,0,0,0,16,0,28,25-34,1,1,2,0,153,0,8,19.660273972602738,598,0.0784313725490196,0.375,19.125,7.782190635451506,0.40691192865105913,0.002385589527037707
500,Graduation,Together,96876.0,0,0,2013-08-06,79,908,43,735,40,194,21,1,7,7,9,2,0,1,1,1,0,0,1,16,0,37,35-44,0,2,2,0,1920,3,23,13.972602739726026,425,0.0109375,0.043478260869565216,83.47826086956522,137.41176470588238,1.6460784313725492,0.017021152571024697
1951,Basic,Married,34445.0,0,0,2013-01-27,92,228,122,122,208,129,30,6,11,2,8,9,0,0,0,0,0,0,0,12,0,33,25-34,0,2,2,0,809,0,21,20.252054794520546,616,0.037082818294190356,0.2857142857142857,38.523809523809526,39.94656385281385,1.0369318181818183,0.013916642944803782
3262,Graduation,Single,68281.0,0,0,2012-08-07,31,995,112,417,42,48,41,1,2,9,13,5,0,0,0,0,0,0,1,16,0,56,55-64,0,1,1,0,1614,0,24,24.0,789,0.02540272614622057,0.041666666666666664,67.25,67.25,1.0,0.01181880757458151
7042,Graduation,Married,36790.0,0,0,2013-03-01,14,3,3,14,15,21,10,1,2,1,2,9,0,0,0,0,0,0,1,16,0,31,25-34,0,2,2,0,56,0,5,19.16712328767123,583,0.17857142857142858,0.2,11.2,2.9216695254431104,0.260863350485992,0.000952977284732735
10598,Graduation,Together,27943.0,1,1,2013-04-15,89,12,1,16,4,1,3,3,2,0,3,8,0,0,0,0,0,0,0,16,0,47,45-54,2,2,4,0,34,0,5,17.687671232876713,538,0.08823529411764706,0.6,6.8,1.9222428748451053,0.2826827757125155,0.0008254988547450618
255,Graduation,Divorced,22263.0,1,1,2014-03-30,31,17,0,2,0,0,2,2,1,0,3,6,0,0,0,0,0,1,0,16,0,63,55-64,2,1,3,0,19,0,4,6.213698630136986,189,0.10526315789473684,0.5,4.75,3.0577601410934747,0.6437389770723104,0.0016481660914127339
2375,Graduation,Together,30261.0,1,2,2012-09-25,75,8,0,5,0,3,6,1,0,0,3,8,0,0,0,0,0,0,0,16,0,42,35-44,3,2,5,0,16,0,3,24.0,740,0.375,0.3333333333333333,5.333333333333333,0.6666666666666666,0.125,0.000264366676580417
9829,Graduation,Together,28587.0,1,0,2014-02-12,42,22,4,17,12,10,13,3,2,0,4,6,0,0,0,0,0,0,0,16,0,36,35-44,1,2,3,0,65,0,6,7.726027397260274,235,0.2,0.5,10.833333333333334,8.413120567375886,0.7765957446808511,0.003531585923969309
6214,Master,Married,43815.0,1,0,2013-04-05,53,14,10,29,4,7,15,1,2,0,3,6,0,0,0,0,0,0,0,18,0,32,25-34,1,2,3,0,64,0,5,18.016438356164382,548,0.234375,0.2,12.8,3.5523114355231145,0.2775243309002433,0.0009729028238337869
4954,Graduation,Married,48195.0,1,1,2014-01-21,53,106,27,68,52,7,5,6,4,2,5,6,0,0,0,0,0,0,0,16,0,58,55-64,2,2,4,0,260,0,11,8.449315068493151,257,0.019230769230769232,0.5454545454545454,23.636363636363637,30.77172503242542,1.3018806744487679,0.007661805174584604
7861,Master,Married,77027.0,0,1,2014-02-05,23,820,57,242,45,0,11,2,8,3,6,4,0,0,0,0,0,0,0,18,0,62,55-64,1,2,3,0,1164,0,17,7.956164383561643,242,0.009450171821305841,0.11764705882352941,68.47058823529412,146.301652892562,2.1367079889807163,0.02279226550054843
4837,PhD,Married,71322.0,0,1,2013-02-16,57,753,43,226,69,10,204,2,8,5,13,4,0,0,0,0,0,0,0,22,0,49,45-54,1,2,3,0,1101,0,26,19.594520547945205,596,0.18528610354223432,0.07692307692307693,42.34615384615385,56.189177852349,1.3269015659955257,0.009453887078716076
9423,Master,Married,32765.0,1,0,2014-02-23,49,13,3,17,7,3,3,2,2,0,4,5,0,0,0,0,0,0,0,18,0,35,35-44,1,2,3,0,43,0,6,7.364383561643836,224,0.06976744186046512,0.3333333333333333,7.166666666666667,5.838913690476191,0.8147321428571429,0.00213846983933204
153,Graduation,Divorced,23272.0,0,0,2013-10-17,29,19,3,6,4,2,12,1,1,0,3,4,0,0,0,0,0,0,0,16,0,61,55-64,0,1,1,0,34,0,4,11.605479452054794,353,0.35294117647058826,0.25,8.5,2.929650613786591,0.34466477809254015,0.0015106483054932577
9323,Master,Together,49912.0,0,1,2012-09-07,5,520,8,223,32,49,42,4,10,5,7,8,1,0,0,0,0,0,1,18,0,65,65-74,1,2,3,0,832,1,22,24.0,758,0.05048076923076923,0.18181818181818182,37.81818181818182,34.666666666666664,0.9166666666666666,0.008334669017470748
10001,2n Cycle,Together,7500.0,1,0,2012-08-01,98,5,17,17,13,14,34,4,2,1,3,9,0,0,0,0,0,0,0,18,0,29,25-34,1,2,3,0,66,0,6,24.0,795,0.5151515151515151,0.6666666666666666,11.0,2.75,0.25,0.0044
3945,PhD,Widow,68117.0,0,1,2013-03-10,80,618,44,215,0,17,36,2,11,8,4,6,1,0,0,0,0,0,1,22,0,67,65-74,1,1,2,0,894,1,23,18.871232876712327,574,0.040268456375838924,0.08695652173913043,38.869565217391305,47.37369337979094,1.2187862950058073,0.008345704017462473
3799,Graduation,Married,67225.0,0,1,2013-11-26,4,315,35,322,46,7,143,3,7,2,11,5,0,0,0,0,0,0,0,16,0,59,55-64,1,2,3,0,725,0,20,10.29041095890411,313,0.19724137931034483,0.15,36.25,70.45394036208732,1.9435569755058573,0.012576382065378177
8625,Graduation,Married,17649.0,1,0,2013-11-12,70,15,1,23,0,5,1,3,3,0,3,8,0,0,0,0,0,0,0,16,0,38,35-44,1,2,3,0,44,0,6,10.750684931506848,327,0.022727272727272728,0.5,7.333333333333333,4.0927624872579,0.5581039755351682,0.002782772386372871
3491,Graduation,Together,55914.0,0,1,2013-04-29,32,384,60,364,119,101,232,4,11,6,8,7,0,0,0,0,0,0,0,16,0,39,35-44,1,2,3,0,1028,0,25,17.22739726027397,524,0.22568093385214008,0.16,41.12,59.67239185750637,1.4511768447837152,0.012806608403800058
983,Graduation,Married,40059.0,1,0,2013-09-28,82,110,29,92,28,10,145,1,6,2,3,8,1,0,0,0,0,0,0,16,0,30,25-34,1,2,3,0,269,1,11,12.23013698630137,372,0.5390334572490706,0.09090909090909091,24.454545454545453,21.9948476702509,0.8994175627240144,0.00658873591559976
9119,Graduation,Together,60905.0,0,1,2013-12-05,27,208,17,76,36,17,38,2,3,3,7,2,0,0,0,0,0,0,0,16,0,64,55-64,1,2,3,0,354,0,13,9.994520547945205,304,0.10734463276836158,0.15384615384615385,27.23076923076923,35.41940789473684,1.3007127192982457,0.006978620716473887
4786,Graduation,Married,75330.0,1,1,2012-10-04,94,555,82,257,93,61,61,4,10,3,12,6,0,0,0,0,0,0,0,16,0,37,35-44,2,2,4,0,1048,0,25,24.0,731,0.05820610687022901,0.16,41.92,43.666666666666664,1.0416666666666667,0.006956060002654985
5872,Graduation,Single,60689.0,0,1,2013-06-01,23,240,90,216,63,6,24,4,4,4,10,3,0,0,0,0,0,0,0,16,0,63,55-64,1,1,2,0,615,0,18,16.142465753424656,491,0.03902439024390244,0.2222222222222222,34.166666666666664,38.09826883910387,1.1150712830957232,0.007533148116944528
6568,Graduation,Married,38680.0,1,0,2013-03-28,97,11,0,36,15,5,12,1,2,0,3,7,0,0,0,0,0,0,0,16,0,30,25-34,1,2,3,0,67,0,5,18.27945205479452,556,0.1791044776119403,0.2,13.4,3.6653177458033577,0.27353117505995206,0.0011371202934239992
5628,Graduation,Together,61416.0,0,0,2013-02-08,25,848,154,323,201,61,78,1,10,3,10,6,1,0,0,0,0,0,0,16,0,32,25-34,0,2,2,0,1587,1,23,19.85753424657534,604,0.04914933837429111,0.043478260869565216,69.0,79.9192880794702,1.1582505518763797,0.015615335693526808
5631,Graduation,Single,49767.0,0,0,2013-05-02,92,202,47,197,55,42,149,1,5,4,8,4,0,0,0,0,0,0,0,16,0,23,18-24,0,1,1,0,543,0,17,17.12876712328767,521,0.27440147329650094,0.058823529411764705,31.941176470588236,31.701055662188104,0.9924824056301984,0.007643873810883863
4974,Graduation,Single,83273.0,1,2,2012-09-25,98,433,89,650,16,102,102,10,4,6,9,7,0,0,0,0,0,0,0,16,0,44,35-44,3,1,4,0,1290,0,19,24.0,740,0.07906976744186046,0.5263157894736842,67.89473684210526,53.75,0.7916666666666666,0.007745607820061724
8416,Graduation,Married,29009.0,1,0,2013-11-29,19,6,6,15,10,5,2,2,2,0,3,6,0,0,0,0,0,0,0,16,0,33,25-34,1,2,3,0,42,0,5,10.191780821917808,310,0.047619047619047616,0.4,8.4,4.120967741935484,0.4905913978494624,0.0017046989866326247
5454,Master,Married,45057.0,1,0,2013-12-01,80,37,0,7,3,0,3,1,2,0,3,5,0,0,0,0,0,0,0,18,0,35,35-44,1,2,3,0,47,0,5,10.126027397260273,308,0.06382978723404255,0.2,9.4,4.641504329004329,0.4937770562770563,0.0012361686740806521
4095,Graduation,Married,37150.0,1,0,2012-09-11,80,167,37,64,49,34,116,8,4,3,6,7,0,0,0,0,0,0,0,16,0,43,35-44,1,2,3,0,351,0,13,24.0,754,0.33048433048433046,0.6153846153846154,27.0,14.625,0.5416666666666666,0.004724091520861373
5474,Graduation,Single,43020.0,1,0,2013-11-30,79,45,7,99,4,25,43,3,4,1,4,6,0,0,0,0,0,0,0,16,0,44,35-44,1,1,2,0,180,0,9,10.158904109589042,309,0.2388888888888889,0.3333333333333333,20.0,17.718446601941746,0.8859223300970873,0.004942383989384029
4268,Graduation,Married,53154.0,0,1,2014-06-09,50,129,0,21,0,1,7,1,3,1,4,4,0,0,0,0,0,0,0,16,0,55,55-64,1,2,3,0,151,0,8,3.8794520547945206,118,0.046357615894039736,0.125,18.875,38.923022598870055,2.062146892655367,0.008787227135990531
10701,Graduation,Married,65308.0,0,0,2013-09-11,60,713,0,264,120,80,34,1,7,8,12,4,0,0,1,1,0,0,0,16,0,41,35-44,0,2,2,0,1177,2,27,12.789041095890411,389,0.02888700084961767,0.037037037037037035,43.592592592592595,92.03191945158525,2.1111825192802054,0.016910379025831798
3507,Graduation,Single,76467.0,1,0,2012-08-17,44,676,161,426,210,44,58,2,2,5,5,6,0,0,0,0,0,0,1,16,0,44,35-44,1,1,2,0,1517,0,12,24.0,779,0.03823335530652604,0.16666666666666666,126.41666666666667,63.208333333333336,0.5,0.009919311598467312
2079,2n Cycle,Married,81044.0,0,0,2013-12-27,0,450,26,535,73,98,26,1,5,6,10,1,0,0,0,0,0,0,0,18,0,67,65-74,0,2,2,0,1182,0,21,9.271232876712329,282,0.021996615905245348,0.047619047619047616,56.285714285714285,127.49113475177305,2.2650709219858154,0.018877321171478167
626,Graduation,Married,32871.0,1,1,2013-03-09,28,22,2,12,0,2,5,1,1,0,3,4,0,0,0,0,0,0,0,16,0,63,55-64,2,2,4,0,38,0,4,18.904109589041095,575,0.13157894736842105,0.25,9.5,2.0101449275362318,0.21159420289855074,0.0007338304015829996
4426,Graduation,Single,55801.0,1,1,2013-09-22,35,367,4,51,6,4,95,6,7,2,6,7,0,0,0,1,0,0,0,16,0,39,35-44,2,1,3,0,432,1,15,12.427397260273972,378,0.2199074074074074,0.4,28.8,34.761904761904766,1.207010582010582,0.007475544473089321
2591,Graduation,Widow,76320.0,0,1,2014-06-22,49,526,35,214,69,53,35,2,6,3,4,2,0,0,0,0,0,0,0,16,0,55,55-64,1,1,2,0,897,0,13,3.452054794520548,105,0.03901895206243032,0.15384615384615385,69.0,259.8452380952381,3.765873015873016,0.04085616951182989
10509,Master,Single,36927.0,1,1,2014-06-02,46,51,0,16,0,0,4,2,3,0,3,8,0,0,0,0,0,0,0,18,0,59,55-64,2,1,3,0,67,0,6,4.10958904109589,125,0.05970149253731343,0.3333333333333333,11.166666666666666,16.303333333333335,1.4600000000000002,0.005298020418663851
6382,Graduation,Together,48794.0,1,1,2014-06-26,97,25,0,11,3,0,15,1,1,0,3,4,0,0,0,0,0,0,0,16,0,61,55-64,2,2,4,0,39,0,4,3.320547945205479,101,0.38461538461538464,0.25,9.75,11.745049504950495,1.2046204620462047,0.0028884820686847965
6673,Graduation,Single,23478.0,0,0,2013-03-19,51,28,6,27,12,17,39,1,3,0,3,8,0,0,0,0,0,0,0,16,0,49,45-54,0,1,1,0,90,0,6,18.575342465753423,565,0.43333333333333335,0.16666666666666666,15.0,4.845132743362832,0.3230088495575222,0.002476428695815401
7441,Graduation,Divorced,71128.0,1,0,2012-10-06,80,958,159,447,20,0,31,3,2,10,12,7,0,0,0,0,0,0,0,16,0,41,35-44,1,1,2,0,1584,0,24,23.96712328767123,729,0.019570707070707072,0.125,66.0,66.09053497942386,1.0013717421124828,0.011150129621992555
10061,Graduation,Married,59462.0,0,1,2013-01-05,29,724,17,143,0,8,196,2,9,2,12,7,0,0,0,0,0,0,0,16,0,64,55-64,1,2,3,0,892,0,23,20.975342465753425,638,0.21973094170403587,0.08695652173913043,38.78260869565217,42.52612330198537,1.0965256008359456,0.00858217819151432
7187,Master,Together,45903.0,1,1,2013-05-18,52,375,42,48,94,66,96,7,4,10,4,3,0,0,0,0,0,0,0,18,0,45,45-54,2,2,4,1,625,0,18,16.602739726027398,505,0.1536,0.3888888888888889,34.72222222222222,37.64438943894389,1.084158415841584,0.009841027237159372
1612,PhD,Single,40842.0,1,0,2013-05-31,82,23,0,15,0,2,7,2,3,0,3,6,0,0,0,0,0,0,0,22,0,33,25-34,1,1,2,1,40,0,6,16.175342465753424,492,0.175,0.3333333333333333,6.666666666666667,2.47289972899729,0.37093495934959353,0.0007265755043329779
322,Graduation,Together,42554.0,1,1,2013-01-12,93,29,1,11,0,0,0,2,2,0,3,4,0,0,0,0,0,0,0,16,0,36,35-44,2,2,4,0,41,0,5,20.745205479452054,631,0.0,0.4,8.2,1.9763602746962494,0.24101954569466458,0.0005573230083271842
123,Graduation,Widow,67046.0,0,1,2013-01-06,92,544,35,133,23,151,107,2,4,5,4,2,0,0,0,0,0,0,0,16,0,63,55-64,1,1,2,0,886,0,13,20.942465753424656,637,0.12076749435665914,0.15384615384615385,68.15384615384616,42.306384092098384,0.620748299319728,0.007572064091894827
6103,Graduation,Married,42192.0,0,0,2013-09-06,40,40,15,15,17,6,7,1,2,1,3,4,0,0,0,0,0,0,0,16,0,66,65-74,0,2,2,0,93,0,6,12.953424657534246,394,0.07526881720430108,0.16666666666666666,15.5,7.179568527918782,0.46319796954314724,0.0020419705710804275
7899,PhD,Married,77610.0,0,1,2012-10-29,70,1245,33,332,21,33,16,2,4,7,4,7,0,0,0,0,0,0,0,22,0,62,55-64,1,2,3,0,1664,0,15,23.21095890410959,706,0.009615384615384616,0.13333333333333333,110.93333333333334,71.69027384324835,0.6462464589235127,0.011084696380865613
10500,Graduation,Married,31761.0,1,0,2014-04-05,96,19,1,20,16,14,28,2,3,0,4,5,0,0,0,0,0,0,0,16,0,30,25-34,1,2,3,0,70,0,7,6.016438356164383,183,0.4,0.2857142857142857,10.0,11.634790528233152,1.1634790528233152,0.004395878163118221
1655,Graduation,Together,34350.0,1,0,2013-10-19,81,16,3,15,2,1,11,1,1,0,3,7,0,0,0,0,0,0,0,16,0,35,35-44,1,2,3,0,37,0,4,11.53972602739726,351,0.2972972972972973,0.25,9.25,3.2063152896486233,0.3466286799620133,0.0011201101448554142
2406,Graduation,Together,54591.0,0,1,2013-08-05,63,376,4,94,12,9,24,3,6,2,8,5,0,0,0,0,0,0,0,16,0,65,65-74,1,2,3,0,495,0,16,14.005479452054795,426,0.048484848484848485,0.1875,30.9375,35.34330985915493,1.1424100156494523,0.007769041019762582
2712,Graduation,Married,71866.0,0,1,2013-12-25,85,184,178,178,103,39,33,1,6,3,10,3,0,0,0,0,0,0,0,16,0,58,55-64,1,2,3,0,682,0,19,9.336986301369862,284,0.04838709677419355,0.05263157894736842,35.89473684210526,73.04284037558686,2.034917840375587,0.012196505781691515
2254,Graduation,Married,69520.0,0,0,2013-07-07,95,627,120,414,121,80,93,1,9,6,5,5,0,0,0,0,0,0,0,16,0,31,25-34,0,2,2,0,1362,0,20,14.95890410958904,455,0.06828193832599119,0.05,68.1,91.04945054945055,1.3369963369963371,0.01571624577953692
10281,Graduation,Divorced,64713.0,1,0,2014-02-07,11,180,60,241,13,54,54,2,5,5,7,4,0,0,0,0,0,0,1,16,0,44,35-44,1,1,2,0,548,0,17,7.890410958904109,240,0.09854014598540146,0.11764705882352941,32.23529411764706,69.45138888888889,2.154513888888889,0.012878659105074198
6958,Master,Married,27889.0,1,0,2013-07-05,42,14,0,4,0,0,8,1,1,1,2,6,0,0,0,0,0,0,0,18,0,37,35-44,1,2,3,0,18,0,4,15.024657534246575,457,0.4444444444444444,0.25,4.5,1.198030634573304,0.2662290299051787,0.0005154852312696636
954,Basic,Widow,22123.0,0,0,2014-03-27,77,3,3,24,34,7,31,1,2,1,3,5,0,0,0,0,0,0,0,12,0,54,45-54,0,1,1,0,71,0,6,6.3123287671232875,192,0.43661971830985913,0.16666666666666666,11.833333333333334,11.24782986111111,0.9505208333333334,0.006101069399870421
5079,Graduation,Married,46099.0,1,1,2013-03-03,82,71,1,16,0,0,9,4,2,1,3,8,0,0,0,0,0,0,0,16,0,43,35-44,2,2,4,1,88,0,6,19.101369863013698,581,0.10227272727272728,0.6666666666666666,14.666666666666666,4.606999426276535,0.31411359724612736,0.001199244953585076
10339,Master,Together,54926.0,0,1,2013-06-23,83,161,0,22,0,0,24,2,4,1,4,6,0,0,0,0,0,0,0,18,0,60,55-64,1,2,3,1,183,0,9,15.419178082191781,469,0.13114754098360656,0.2222222222222222,20.333333333333332,11.868336886993603,0.5836886993603412,0.002592944009101759
4643,Graduation,Married,27803.0,1,0,2012-08-26,40,8,26,46,38,9,49,2,3,0,4,8,0,0,0,0,0,0,0,16,0,41,35-44,1,2,3,0,127,0,7,24.0,770,0.3858267716535433,0.2857142857142857,18.142857142857142,5.291666666666667,0.2916666666666667,0.002283926195014927
3117,Graduation,Single,60230.0,0,1,2013-10-18,95,264,0,21,12,6,147,3,6,1,5,7,0,0,0,0,0,0,0,16,0,59,55-64,1,1,2,1,303,0,12,11.572602739726028,352,0.48514851485148514,0.25,25.25,26.182528409090907,1.0369318181818181,0.005216509063740509
6497,Graduation,Married,51651.0,0,1,2012-11-07,32,293,6,23,13,6,92,4,6,2,5,8,0,0,0,0,0,0,0,16,0,54,45-54,1,2,3,0,341,0,13,22.915068493150685,697,0.2697947214076246,0.3076923076923077,26.23076923076923,14.881037780966045,0.5673122907699666,0.003457289372356635
5250,Master,Widow,49549.5,0,0,2013-10-30,75,532,126,490,164,126,126,1,5,5,11,1,0,0,1,0,0,0,1,18,0,71,65-74,0,1,1,1,1438,1,21,11.178082191780822,340,0.08762169680111266,0.047619047619047616,68.47619047619048,128.64460784313727,1.8786764705882353,0.03115541618215415
2802,2n Cycle,Married,87000.0,0,0,2012-12-15,61,196,25,607,67,17,49,1,4,6,7,2,0,0,0,0,0,0,0,18,0,22,18-24,0,2,2,0,912,0,17,21.665753424657535,659,0.0537280701754386,0.058823529411764705,53.64705882352941,42.09408194233687,0.7846484572584724,0.005806080267908534
6343,Graduation,Married,79823.0,0,1,2014-03-31,6,835,73,380,114,73,43,1,6,9,7,2,0,1,0,0,0,0,0,16,0,55,55-64,1,2,3,0,1475,1,22,6.180821917808219,188,0.029152542372881354,0.045454545454545456,67.04545454545455,238.64140070921988,3.559397163120568,0.03587558483783669
6507,Graduation,Single,30828.0,1,0,2013-10-04,16,16,11,15,2,0,12,2,1,1,4,3,0,0,0,0,0,0,0,16,0,34,25-34,1,1,2,0,44,0,6,12.032876712328767,366,0.2727272727272727,0.3333333333333333,7.333333333333333,3.656648451730419,0.49863387978142076,0.0014233742513547758
7901,Master,Married,34109.0,0,1,2013-11-06,39,9,1,5,2,1,4,1,0,0,3,4,0,0,0,0,0,0,0,18,0,43,35-44,1,2,3,0,18,0,3,10.947945205479451,333,0.2222222222222222,0.3333333333333333,6.0,1.6441441441441442,0.27402402402402404,0.0005784317842718852
4865,Master,Divorced,53367.0,1,1,2013-08-31,2,229,7,140,10,3,11,7,5,1,8,7,0,0,0,0,0,0,1,18,0,40,35-44,2,1,3,0,389,0,14,13.150684931506849,400,0.028277634961439587,0.5,27.785714285714285,29.580208333333335,1.0645833333333334,0.006651348211441528
2686,Basic,Together,22390.0,0,0,2013-10-21,49,0,1,4,15,1,5,1,1,0,2,7,0,0,0,0,0,0,0,12,0,45,45-54,0,2,2,0,21,0,3,11.473972602739726,349,0.23809523809523808,0.3333333333333333,7.0,1.8302292263610314,0.2614613180515759,0.0009809178524489673
3107,Graduation,Together,71322.0,0,1,2014-05-02,31,121,24,124,24,15,42,1,4,1,7,2,0,0,0,0,0,0,0,16,0,38,35-44,1,2,3,0,308,0,12,5.128767123287671,156,0.13636363636363635,0.08333333333333333,25.666666666666668,60.05341880341881,2.33974358974359,0.01010404960097902
7734,Graduation,Single,79244.0,0,0,2012-12-19,58,471,102,125,212,61,245,1,4,10,7,1,0,0,1,1,0,0,1,16,0,21,18-24,0,1,1,0,971,2,21,21.534246575342465,655,0.25231719876416064,0.047619047619047616,46.23809523809524,45.090966921119595,0.9751908396946566,0.006828171256542263
11031,PhD,Married,48699.0,1,1,2013-05-21,90,26,1,10,2,0,1,1,1,0,3,5,0,0,0,0,0,0,0,22,0,64,55-64,2,2,4,0,39,0,4,16.504109589041096,502,0.02564102564102564,0.25,9.75,2.3630478087649402,0.24236387782204513,0.0005822824638119733
7428,Graduation,Together,80144.0,0,0,2013-09-30,47,240,132,445,250,192,108,1,3,7,8,1,0,0,0,0,0,0,0,16,0,39,35-44,0,2,2,0,1259,0,18,12.164383561643834,370,0.0857823669579031,0.05555555555555555,69.94444444444444,103.49887387387389,1.4797297297297298,0.015496936595209706
975,Graduation,Single,54252.0,1,1,2013-05-28,25,178,4,26,8,4,44,5,4,1,5,6,0,0,0,0,0,0,0,16,0,58,55-64,2,1,3,0,220,0,10,16.273972602739725,495,0.2,0.5,22.0,13.518518518518519,0.6144781144781145,0.0029901611410127226
1103,Master,Married,81929.0,1,0,2012-09-29,60,1486,55,278,49,0,185,2,4,4,10,6,1,0,1,0,0,0,1,18,0,38,35-44,1,2,3,0,1868,2,18,24.0,736,0.09903640256959315,0.1111111111111111,103.77777777777777,77.83333333333333,0.75,0.011400114733488752
3422,Graduation,Married,76068.0,0,1,2012-11-29,67,1115,12,128,33,12,76,1,2,3,4,6,0,1,0,0,1,0,0,16,0,39,35-44,1,2,3,0,1300,2,9,22.191780821917806,675,0.05846153846153846,0.1111111111111111,144.44444444444446,58.580246913580254,0.4055555555555556,0.009241244188922583
1055,Master,Married,53204.0,1,1,2014-03-20,40,29,0,8,2,0,6,1,1,0,3,4,0,0,0,0,0,0,0,18,0,38,35-44,2,2,4,0,39,0,4,6.542465753424657,199,0.15384615384615385,0.25,9.75,5.96105527638191,0.611390284757119,0.0013444978444587421
1241,2n Cycle,Married,14796.0,1,0,2012-09-17,1,13,3,8,7,4,16,2,1,0,3,9,0,0,0,0,0,0,1,18,0,30,25-34,1,2,3,0,35,0,4,24.0,748,0.45714285714285713,0.5,8.75,1.4583333333333333,0.16666666666666666,0.0011827520951608543
2909,PhD,Married,78128.0,0,1,2014-02-19,89,934,24,230,16,24,36,2,8,4,6,3,0,1,1,0,0,0,0,22,0,40,35-44,1,2,3,0,1228,2,18,7.4958904109589035,228,0.029315960912052116,0.1111111111111111,68.22222222222223,163.8230994152047,2.4013157894736845,0.02516226183932081
5802,Basic,Married,14188.0,0,0,2013-02-28,40,2,7,11,16,12,27,1,2,0,4,6,0,0,0,0,0,0,0,12,0,42,35-44,0,2,2,0,48,0,6,19.2,584,0.5625,0.16666666666666666,8.0,2.5,0.3125,0.0021144629264166904
340,Graduation,Divorced,72967.0,0,1,2012-12-15,1,158,35,179,0,0,125,2,7,2,8,5,1,0,0,0,0,0,1,16,0,44,35-44,1,1,2,0,372,1,17,21.665753424657535,659,0.33602150537634407,0.11764705882352941,21.88235294117647,17.169954476479514,0.7846484572584724,0.0028237347529397423
5991,Master,Married,48150.0,0,1,2013-06-08,24,173,2,39,3,2,47,3,5,1,4,7,0,0,0,0,0,0,0,18,0,65,65-74,1,2,3,0,219,0,10,15.912328767123286,484,0.2146118721461187,0.3,21.9,13.762913223140497,0.6284435261707989,0.0034300095260163233
3104,Graduation,Single,82332.0,0,0,2012-09-17,89,830,59,968,51,79,19,1,5,3,12,2,0,0,1,0,0,0,1,16,0,53,45-54,0,1,1,0,1987,1,20,24.0,748,0.009562154001006542,0.05,99.35,82.79166666666667,0.8333333333333334,0.012066997036389254
9729,Graduation,Widow,58275.0,1,1,2013-06-02,48,189,10,253,56,43,64,6,8,2,7,7,0,0,0,0,0,0,0,16,0,59,55-64,2,1,3,0,551,0,17,16.10958904109589,490,0.1161524500907441,0.35294117647058826,32.411764705882355,34.203231292517,1.0552721088435373,0.007043136430891532
1008,PhD,Together,44953.0,0,0,2012-12-21,31,728,17,133,11,8,124,1,7,3,13,6,1,0,0,0,0,0,0,22,0,33,25-34,0,2,2,0,897,1,23,21.46849315068493,653,0.13823857302118173,0.043478260869565216,39.0,41.78215926493109,1.0713374170495151,0.011153558409431474
11091,Graduation,Together,34587.0,1,1,2014-05-16,68,7,2,9,2,0,2,2,1,0,3,4,0,0,0,0,0,0,0,16,0,61,55-64,2,2,4,0,20,0,4,4.668493150684931,142,0.1,0.5,5.0,4.284037558685447,0.8568075117370892,0.0014863518288439402
3969,Master,Together,43018.0,0,1,2013-11-01,46,35,4,17,7,6,64,1,2,2,2,5,0,0,0,0,0,0,0,18,0,40,35-44,1,2,3,0,69,0,6,11.112328767123287,338,0.927536231884058,0.16666666666666666,11.5,6.209319526627219,0.5399408284023669,0.0017321082876825195
1916,Master,Married,45736.0,0,1,2013-07-24,92,188,3,180,20,3,43,5,7,1,6,7,0,0,0,0,0,0,0,18,0,60,55-64,1,2,3,0,394,0,14,14.399999999999999,438,0.10913705583756345,0.35714285714285715,28.142857142857142,27.361111111111114,0.9722222222222223,0.0071788816978601835
9907,Master,Together,66476.0,0,1,2013-12-04,80,742,28,152,25,9,57,2,6,8,10,4,0,0,0,0,0,0,0,18,0,45,45-54,1,2,3,0,956,0,24,10.027397260273972,305,0.0596234309623431,0.08333333333333333,39.833333333333336,95.33879781420765,2.3934426229508197,0.017210204792263248
87,2n Cycle,Married,27733.0,1,0,2013-08-26,16,0,7,5,26,2,17,2,2,0,3,7,0,0,0,0,0,0,0,18,0,33,25-34,1,2,3,0,40,0,5,13.315068493150685,405,0.425,0.4,8.0,3.0041152263374484,0.37551440329218105,0.0012998731733331907
8659,PhD,Together,69805.0,0,1,2014-01-21,50,750,71,174,13,10,20,2,6,8,11,2,0,0,0,0,0,0,0,22,0,62,55-64,1,2,3,0,1018,0,25,8.449315068493151,257,0.019646365422396856,0.08,40.72,120.48313878080414,2.9588197146562902,0.02071194993724876
6262,Master,Single,72217.0,0,0,2013-04-10,93,816,42,450,55,56,154,1,3,10,8,2,0,0,0,0,0,0,0,18,0,52,45-54,0,1,1,0,1419,0,21,17.852054794520548,543,0.10852713178294573,0.047619047619047616,67.57142857142857,79.4866482504604,1.1763351749539595,0.01320796736233193
6147,Graduation,Divorced,25818.0,1,0,2012-10-18,51,5,2,8,2,2,9,1,0,1,2,7,0,0,0,0,0,0,0,16,0,43,35-44,1,1,2,0,19,0,3,23.572602739726026,717,0.47368421052631576,0.3333333333333333,6.333333333333333,0.8060204556020456,0.12726638772663879,0.00037463186409576835
8832,Master,Together,37509.0,1,0,2012-09-12,24,37,5,56,12,8,5,2,3,0,4,7,0,0,0,0,0,0,0,18,0,38,35-44,1,2,3,0,118,0,7,24.0,753,0.0423728813559322,0.2857142857142857,16.857142857142858,4.916666666666667,0.2916666666666667,0.0015729558239355888
10067,2n Cycle,Together,25176.0,1,1,2013-08-10,79,4,0,4,0,0,5,1,1,0,2,7,0,0,0,0,0,0,0,18,0,38,35-44,2,2,4,0,8,0,3,13.841095890410958,421,0.625,0.3333333333333333,2.6666666666666665,0.5779889152810768,0.2167458432304038,0.00027549519317496507
7532,Graduation,Married,43586.0,0,1,2012-08-30,26,99,2,11,4,0,16,3,3,0,4,8,0,0,0,0,0,0,0,16,0,34,25-34,1,2,3,0,116,0,7,24.0,766,0.13793103448275862,0.42857142857142855,16.571428571428573,4.833333333333333,0.2916666666666667,0.0013307025191575275
4915,2n Cycle,Married,53230.0,0,1,2012-08-03,86,176,72,98,136,21,229,4,5,2,12,5,0,0,0,0,0,0,0,18,0,58,55-64,1,2,3,0,503,0,19,24.0,793,0.4552683896620278,0.21052631578947367,26.473684210526315,20.958333333333332,0.7916666666666666,0.004724779259815894
2115,Graduation,Together,50116.0,1,1,2014-06-20,68,54,0,10,0,0,2,2,1,0,4,5,0,1,0,0,0,0,0,16,0,57,55-64,2,2,4,0,64,1,5,3.517808219178082,107,0.03125,0.4,12.8,18.193146417445483,1.4213395638629285,0.004356248643334381
6292,PhD,Married,82333.0,0,0,2013-03-30,60,1311,0,359,46,89,17,1,4,3,10,2,0,0,1,0,0,0,1,22,0,28,25-34,0,2,2,0,1805,1,17,18.213698630136985,554,0.009418282548476454,0.058823529411764705,106.17647058823529,99.10123345367029,0.9333634175691938,0.014443962948563073
1631,PhD,Together,65220.0,0,0,2012-09-03,3,890,63,292,0,25,12,4,8,4,7,6,0,0,0,0,0,0,1,22,0,49,45-54,0,2,2,0,1270,0,19,24.0,762,0.009448818897637795,0.21052631578947367,66.84210526315789,52.916666666666664,0.7916666666666666,0.009736277215578043
10104,Graduation,Together,33590.0,2,1,2013-11-03,65,4,0,2,0,0,2,1,1,0,2,7,0,0,0,0,0,0,0,16,0,40,35-44,3,2,5,0,6,0,3,11.046575342465752,336,0.3333333333333333,0.3333333333333333,2.0,0.543154761904762,0.271577380952381,0.00019404159401182328
3919,Master,Single,72309.0,0,0,2013-03-11,64,960,0,883,50,38,0,1,5,6,8,3,0,0,0,1,0,0,1,18,0,38,35-44,0,1,1,0,1931,1,19,18.838356164383562,573,0.0,0.05263157894736842,101.63157894736842,102.50363583478766,1.0085805700988948,0.0170109340471788
642,Basic,Married,16005.0,1,0,2012-08-14,69,1,3,2,20,30,47,3,2,1,2,8,0,0,0,0,0,0,0,12,0,34,25-34,1,2,3,0,56,0,5,24.0,782,0.8392857142857143,0.6,11.2,2.3333333333333335,0.20833333333333334,0.0017494532958450485
4369,Master,Single,65487.0,0,0,2014-01-10,48,240,67,500,199,0,163,3,3,5,6,2,0,0,0,0,0,0,0,18,0,57,55-64,0,1,1,0,1006,0,14,8.810958904109588,268,0.16202783300198806,0.21428571428571427,71.85714285714286,114.17599502487563,1.5889303482587065,0.020921891983118904
10127,Graduation,Married,58692.0,0,1,2014-04-06,21,301,11,61,4,7,11,1,8,2,4,7,0,0,0,0,0,0,0,16,0,49,45-54,1,2,3,0,384,0,14,5.983561643835616,182,0.028645833333333332,0.07142857142857142,27.428571428571427,64.17582417582418,2.33974358974359,0.013121207151057896
271,Graduation,Widow,40590.0,1,1,2013-10-02,30,154,0,50,6,11,37,5,3,4,3,6,1,0,0,0,0,0,0,16,0,45,45-54,2,1,3,0,221,1,10,12.098630136986301,368,0.167420814479638,0.5,22.1,18.26653079710145,0.8265398550724637,0.005400304744154161
2948,Master,Divorced,62637.0,0,1,2014-03-01,76,104,12,48,4,12,5,1,2,2,5,2,0,0,0,0,0,0,0,18,0,60,55-64,1,1,2,0,180,0,9,7.167123287671233,218,0.027777777777777776,0.1111111111111111,20.0,25.11467889908257,1.2557339449541285,0.004811471602870362
2715,Master,Divorced,29435.0,1,1,2012-08-06,11,70,3,37,4,2,64,4,3,2,2,9,0,0,0,0,0,0,1,18,0,48,45-54,2,1,3,0,116,0,7,24.0,790,0.5517241379310345,0.5714285714285714,16.571428571428573,4.833333333333333,0.2916666666666667,0.0019704433497536944
10432,Graduation,Divorced,19346.0,1,0,2014-01-30,26,2,0,9,3,6,2,1,1,0,3,8,0,0,0,0,0,0,0,16,0,40,35-44,1,1,2,0,20,0,4,8.153424657534247,248,0.1,0.25,5.0,2.4529569892473115,0.4905913978494624,0.0015215281645284677
9216,Graduation,Married,35788.0,1,1,2014-01-23,34,23,2,11,3,1,4,2,2,0,3,6,0,0,0,0,0,0,0,16,0,43,35-44,2,2,4,0,40,0,5,8.383561643835616,255,0.1,0.4,8.0,4.771241830065359,0.5964052287581699,0.0015998351950593582
7124,Graduation,Divorced,36997.0,1,1,2013-02-01,72,43,4,12,8,0,27,5,2,1,4,5,0,0,0,0,0,0,0,16,0,46,45-54,2,1,3,0,67,0,7,20.087671232876712,611,0.40298507462686567,0.7142857142857143,9.571428571428571,3.335379159847245,0.3484724495362793,0.001081832308516013
9727,Graduation,Married,23539.0,0,0,2014-02-28,13,4,24,11,16,1,25,1,2,0,4,6,0,0,0,0,0,0,0,16,0,57,55-64,0,2,2,0,56,0,6,7.199999999999999,219,0.44642857142857145,0.16666666666666666,9.333333333333334,7.777777777777779,0.8333333333333334,0.003965050908421485
5136,Graduation,Single,65333.0,0,1,2014-01-17,58,654,7,92,0,15,30,7,9,4,8,6,0,1,1,0,0,0,0,16,0,41,35-44,1,1,2,0,768,2,21,8.580821917808219,261,0.0390625,0.3333333333333333,36.57142857142857,89.50191570881226,2.4473180076628354,0.016439211248614746
9790,Graduation,Single,78499.0,0,0,2013-11-23,12,912,72,170,47,36,97,1,11,3,4,4,0,0,1,0,0,0,1,16,0,57,55-64,0,1,1,0,1237,1,18,10.389041095890411,316,0.07841552142279709,0.05555555555555555,68.72222222222223,119.06777426160338,1.7325949367088607,0.018201675067698195
1818,PhD,Together,29732.0,1,0,2014-03-25,23,25,0,8,0,1,4,1,2,0,2,9,0,0,0,0,0,0,0,22,0,43,35-44,1,2,3,0,34,0,4,6.3780821917808215,194,0.11764705882352941,0.25,8.5,5.330756013745705,0.627147766323024,0.002151522674725833
1100,Master,Together,41275.0,1,2,2014-03-24,33,24,4,22,0,2,9,4,3,1,3,5,0,0,0,0,0,0,0,18,0,54,45-54,3,2,5,0,52,0,7,6.410958904109589,195,0.17307692307692307,0.5714285714285714,7.428571428571429,8.11111111111111,1.091880341880342,0.002358166767615586
7873,PhD,Together,63516.0,1,1,2013-07-06,30,141,11,114,15,14,5,4,4,1,7,5,0,0,0,0,0,0,0,22,0,41,35-44,2,2,4,0,295,0,12,14.991780821917807,456,0.01694915254237288,0.3333333333333333,24.583333333333332,19.677448830409357,0.8004385964912282,0.0037176362800697823
10609,PhD,Married,42769.0,0,1,2013-10-12,15,71,0,13,3,1,0,2,1,1,4,4,0,0,0,0,0,0,0,22,0,52,45-54,1,2,3,0,88,0,6,11.769863013698629,358,0.0,0.3333333333333333,14.666666666666666,7.476722532588455,0.5097765363128492,0.0020977967778311735
6950,Master,Married,49572.0,1,1,2013-12-15,25,35,1,16,0,1,1,2,2,0,3,7,0,0,0,0,0,0,0,18,0,56,55-64,2,2,4,0,53,0,5,9.665753424657535,294,0.018867924528301886,0.4,10.6,5.48327664399093,0.5172902494331065,0.0013273484976981192
7233,Graduation,Married,69209.0,0,0,2012-09-17,4,496,32,849,229,48,128,2,5,3,6,4,0,0,0,1,0,0,0,16,0,42,35-44,0,2,2,0,1654,1,14,24.0,748,0.0773881499395405,0.14285714285714285,118.14285714285714,68.91666666666667,0.5833333333333334,0.01194931295062781
9481,Graduation,Married,17148.0,1,0,2014-01-28,80,9,9,11,13,10,16,4,3,1,3,8,0,0,0,0,0,0,0,16,0,38,35-44,1,2,3,0,52,0,7,8.21917808219178,250,0.3076923076923077,0.5714285714285714,7.428571428571429,6.326666666666667,0.8516666666666668,0.004427338465127129
8933,2n Cycle,Married,32146.0,1,0,2014-05-12,16,26,3,23,4,7,3,2,2,0,4,6,0,0,0,0,0,0,0,18,0,31,25-34,1,2,3,0,63,0,6,4.8,146,0.047619047619047616,0.3333333333333333,10.5,13.125,1.25,0.004899520935730728
8726,2n Cycle,Divorced,41713.0,1,1,2014-04-29,57,77,8,44,10,10,25,5,3,1,4,6,0,0,0,0,0,0,0,18,0,50,45-54,2,1,3,0,149,0,8,5.227397260273972,159,0.16778523489932887,0.625,18.625,28.503668763102727,1.5303983228511533,0.00819993827241466
1515,Master,Together,34176.0,0,1,2014-01-22,9,11,2,7,4,2,2,1,1,0,3,3,0,0,0,0,0,0,0,18,0,39,35-44,1,2,3,0,26,0,4,8.416438356164383,256,0.07692307692307693,0.25,6.5,3.0891927083333335,0.47526041666666674,0.001084688450959738
5186,PhD,Married,58482.0,0,1,2014-03-12,59,576,7,115,19,7,7,2,7,4,9,6,0,1,0,0,0,0,0,22,0,59,55-64,1,2,3,0,724,1,20,6.8054794520547945,207,0.009668508287292817,0.1,36.2,106.38486312399355,2.9388083735909825,0.021829252718578752
10157,Graduation,Single,59686.0,0,1,2014-01-25,78,89,15,89,34,42,5,1,4,1,6,4,0,0,0,0,0,0,0,16,0,49,45-54,1,1,2,0,269,0,11,8.317808219178081,253,0.01858736059479554,0.09090909090909091,24.454545454545453,32.340250329380765,1.3224637681159421,0.006502077605344121
5667,PhD,Married,60896.0,0,1,2012-10-11,90,1013,30,399,60,46,153,3,9,10,4,6,0,0,0,0,0,0,1,22,0,50,45-54,1,2,3,0,1548,0,23,23.802739726027397,724,0.09883720930232558,0.13043478260869565,67.30434782608695,65.03453038674033,0.9662753222836096,0.012815527532857394
902,Graduation,Together,62994.0,1,0,2014-03-04,74,224,12,48,4,12,12,1,6,2,4,6,0,0,0,0,0,0,0,16,0,34,25-34,1,2,3,0,300,0,12,7.068493150684931,215,0.04,0.08333333333333333,25.0,42.44186046511628,1.6976744186046513,0.00808493389182137
977,Graduation,Together,47320.0,0,1,2013-08-01,10,200,19,111,50,15,19,6,5,1,8,6,0,0,0,0,0,0,0,16,0,57,55-64,1,2,3,0,395,0,14,14.136986301369863,430,0.04810126582278481,0.42857142857142855,28.214285714285715,27.940891472868216,0.9903100775193798,0.0070856022331872055
7313,2n Cycle,Widow,74859.0,0,0,2013-06-03,63,570,73,614,133,102,73,1,6,5,11,3,0,0,0,1,0,0,0,18,0,65,65-74,0,1,1,0,1492,1,22,16.076712328767123,489,0.048927613941018765,0.045454545454545456,67.81818181818181,92.8050443081118,1.3684389911383776,0.014876775427100837
7600,Basic,Single,15253.0,1,0,2013-10-28,13,1,3,3,8,1,13,2,1,0,3,7,0,0,0,0,0,0,0,12,0,22,18-24,1,1,2,0,16,0,4,11.243835616438355,342,0.8125,0.5,4.0,1.4230019493177388,0.3557504873294347,0.0011195190055604057
9706,PhD,Single,31560.0,1,0,2013-06-24,98,62,1,20,4,0,7,2,2,1,3,8,0,0,0,0,0,0,0,22,0,40,35-44,1,1,2,0,87,0,6,15.386301369863013,468,0.08045977011494253,0.3333333333333333,14.5,5.654380341880342,0.38995726495726496,0.0021499545026160997
3520,Master,Single,91172.0,0,0,2013-03-27,94,162,28,818,0,28,56,0,4,3,7,3,1,0,1,1,1,0,1,18,0,24,18-24,0,1,1,0,1036,4,14,18.312328767123287,557,0.05405405405405406,0.0,74.0,56.573907839617,0.7645122681029324,0.007446221362648664
10394,Graduation,Married,90000.0,0,0,2013-12-23,91,675,144,133,94,192,241,1,4,8,5,1,1,0,1,1,0,0,0,16,0,30,25-34,0,2,2,0,1238,3,17,9.402739726027397,286,0.19466882067851374,0.058823529411764705,72.82352941176471,131.66375291375292,1.807983682983683,0.017555167055167055
4548,Graduation,Single,41967.0,1,1,2013-11-23,66,23,4,10,0,2,15,1,1,0,3,4,0,0,0,0,0,0,0,16,0,33,25-34,2,1,3,0,39,0,4,10.389041095890411,316,0.38461538461538464,0.25,9.75,3.7539556962025316,0.3850210970464135,0.0010734021577532436
9362,Graduation,Single,69263.0,0,1,2014-03-05,14,492,5,32,13,5,21,1,9,1,7,6,0,1,0,0,0,0,0,16,0,49,45-54,1,1,2,0,547,1,17,7.035616438356164,214,0.038391224862888484,0.058823529411764705,32.1764705882353,77.74727414330219,2.4162772585669785,0.013469923187266308
3968,2n Cycle,Divorced,65706.0,0,0,2013-06-28,77,918,10,129,13,0,129,1,11,3,12,7,0,1,1,0,1,0,1,18,0,44,35-44,0,1,1,0,1070,3,26,15.254794520547945,464,0.1205607476635514,0.038461538461538464,41.15384615384615,70.14188218390805,1.704382183908046,0.01281013280685016
4084,Graduation,Together,60934.0,0,1,2014-01-17,41,224,155,155,192,93,54,2,6,4,11,4,0,0,0,0,0,0,0,16,0,39,35-44,1,2,3,0,819,0,21,8.580821917808219,261,0.06593406593406594,0.09523809523809523,39.0,95.44540229885058,2.4473180076628354,0.018796481891656662
6721,Graduation,Married,71965.0,0,1,2013-07-29,21,572,19,286,50,38,248,3,6,3,5,3,0,0,0,0,0,0,0,16,0,63,55-64,1,2,3,0,965,0,14,14.235616438356164,433,0.25699481865284973,0.21428571428571427,68.92857142857143,67.78772132409546,0.9834488067744419,0.011303448285821518
2829,Graduation,Married,65210.0,0,1,2014-03-10,25,626,0,70,0,7,28,2,9,3,8,6,0,1,0,1,0,0,0,16,0,59,55-64,1,2,3,0,703,2,20,6.8712328767123285,209,0.03982930298719772,0.1,35.15,102.31060606060606,2.9106858054226477,0.01882728527414925
1772,PhD,Married,79174.0,0,0,2013-01-11,2,1074,37,518,193,92,129,1,5,6,7,2,0,0,1,1,0,0,1,22,0,39,35-44,0,2,2,0,1914,2,18,20.778082191780822,632,0.06739811912225706,0.05555555555555555,106.33333333333333,92.11629746835443,0.8662974683544303,0.013961598120850951
1544,Master,Divorced,81380.0,0,0,2012-12-22,51,741,68,689,224,68,103,1,4,2,10,2,0,0,0,0,0,0,0,18,0,47,45-54,0,1,1,0,1790,0,16,21.435616438356163,652,0.057541899441340784,0.0625,111.875,83.50587934560328,0.7464212678936606,0.012313474467279912
4377,Graduation,Married,52914.0,0,1,2013-01-07,32,254,10,44,30,10,227,2,7,3,3,7,1,0,0,0,0,0,0,16,0,43,35-44,1,2,3,0,348,1,13,20.909589041095888,636,0.6522988505747126,0.15384615384615385,26.76923076923077,16.64308176100629,0.621724318658281,0.0037743693754408187
1321,Graduation,Married,26067.0,1,0,2013-11-04,49,22,2,18,0,2,12,3,3,0,3,8,0,0,0,0,0,0,0,16,0,40,35-44,1,2,3,0,44,0,6,11.013698630136986,335,0.2727272727272727,0.5,7.333333333333333,3.995024875621891,0.5447761194029851,0.0018391183683378483
8858,PhD,Married,44325.0,0,1,2013-03-07,69,516,0,21,0,0,5,4,8,2,7,8,0,1,0,0,0,0,0,22,0,42,35-44,1,2,3,0,537,1,17,18.969863013698628,577,0.00931098696461825,0.23529411764705882,31.58823529411765,28.308058925476605,0.8961582900057771,0.007663772297929369
11187,Basic,Single,26487.0,1,0,2013-05-20,23,2,8,10,12,14,23,3,2,1,3,5,0,0,0,0,0,0,0,12,0,36,35-44,1,1,2,0,46,0,6,16.53698630136986,503,0.5,0.5,7.666666666666667,2.7816434724983434,0.3628230616302187,0.0012602303647064645
8207,2n Cycle,Married,53233.0,0,1,2014-03-18,18,28,0,9,3,0,0,1,1,0,3,4,0,0,0,0,0,0,0,18,0,57,55-64,1,2,3,0,40,0,4,6.608219178082192,201,0.0,0.25,10.0,6.053067993366501,0.6053067993366501,0.0013645072778238688
9723,Graduation,Married,67716.0,0,1,2013-01-10,8,530,142,217,62,9,56,4,7,4,13,5,0,1,0,0,0,0,0,16,0,54,45-54,1,2,3,0,960,1,24,20.810958904109587,633,0.058333333333333334,0.16666666666666666,40.0,46.12954186413903,1.1532385466034756,0.008174648567098888
2666,Master,Married,76234.0,0,1,2014-02-06,21,519,50,167,130,0,41,1,8,3,11,3,0,1,0,0,0,0,0,18,0,42,35-44,1,2,3,0,866,1,22,7.923287671232877,241,0.04734411085450346,0.045454545454545456,39.36363636363637,109.29806362378977,2.776625172890733,0.017204616883352276
5721,PhD,Married,84117.0,0,0,2014-05-11,60,611,76,749,59,45,26,1,7,10,6,2,0,0,1,0,0,0,0,22,0,58,55-64,0,2,2,0,1540,1,23,4.832876712328767,147,0.016883116883116882,0.043478260869565216,66.95652173913044,318.6507936507936,4.75907029478458,0.04545822513653035
10652,Master,Together,65487.0,0,0,2014-01-10,48,240,67,500,199,0,163,3,3,5,6,2,0,0,0,0,0,0,0,18,0,57,55-64,0,2,2,0,1006,0,14,8.810958904109588,268,0.16202783300198806,0.21428571428571427,71.85714285714286,114.17599502487563,1.5889303482587065,0.020921891983118904
1646,Basic,Married,25224.0,1,0,2014-03-16,36,4,9,12,11,2,8,2,1,1,3,3,0,0,0,0,0,0,0,12,0,42,35-44,1,2,3,0,38,0,5,6.673972602739726,203,0.21052631578947367,0.4,7.6,5.69376026272578,0.7491789819376027,0.0027087346635232064
4418,Master,Single,89616.0,0,0,2013-02-25,36,671,47,655,145,111,15,1,7,5,12,2,0,0,0,0,0,0,1,18,0,31,25-34,0,1,1,0,1629,0,24,19.2986301369863,587,0.009208103130755065,0.041666666666666664,67.875,84.41013628620102,1.243611584327087,0.011302910590010849
2656,Graduation,Divorced,40851.0,1,1,2013-02-21,63,23,1,7,0,4,24,1,1,1,2,7,0,0,0,0,0,0,0,16,0,43,35-44,2,1,3,0,35,0,4,19.43013698630137,591,0.6857142857142857,0.25,8.75,1.8013254371122391,0.20586576424139874,0.000529140173933242
7990,Graduation,Married,27469.0,0,0,2012-08-02,2,9,1,2,3,2,0,1,0,0,3,6,0,0,0,0,0,0,0,16,0,67,65-74,0,2,2,0,17,0,3,24.0,794,0.0,0.3333333333333333,5.666666666666667,0.7083333333333334,0.125,0.00030943973206159673
7118,Graduation,Married,73803.0,0,1,2012-08-01,61,833,80,363,52,26,174,2,9,5,6,6,1,0,0,0,0,0,1,16,0,57,55-64,1,2,3,0,1354,1,20,24.0,795,0.12850812407680945,0.1,67.7,56.416666666666664,0.8333333333333334,0.009173068845439888
2980,Master,Single,8820.0,1,1,2013-03-22,52,12,0,13,4,2,4,4,3,0,3,8,0,0,0,0,0,0,0,18,0,62,55-64,2,1,3,0,31,0,6,18.47671232876712,562,0.12903225806451613,0.6666666666666666,5.166666666666667,1.677787663107948,0.3247330960854093,0.0022827043035482286
1839,Graduation,Single,43322.0,0,0,2014-04-21,25,56,7,48,10,2,18,1,3,0,4,7,0,0,0,0,0,0,0,16,0,40,35-44,0,1,1,0,123,0,7,5.49041095890411,167,0.14634146341463414,0.14285714285714285,17.571428571428573,22.402694610778443,1.274950099800399,0.006205446085807241
10722,Graduation,Together,55593.0,0,1,2013-08-21,63,293,8,124,11,4,106,2,6,6,3,6,1,0,0,0,0,0,0,16,0,41,35-44,1,2,3,0,440,1,15,13.47945205479452,410,0.2409090909090909,0.13333333333333333,29.333333333333332,32.64227642276423,1.1128048780487805,0.007045982714967186
2632,Graduation,Married,50501.0,1,1,2013-06-18,10,297,0,38,13,0,152,7,5,4,4,6,1,0,0,0,0,0,1,16,0,60,55-64,2,2,4,0,348,1,13,15.583561643835615,474,0.4367816091954023,0.5384615384615384,26.76923076923077,22.331223628691983,0.8342123769338959,0.005306324301386186
9014,Graduation,Married,37085.0,1,1,2014-06-26,65,39,1,16,2,0,3,4,3,0,3,8,0,0,0,0,0,0,0,16,0,39,35-44,2,2,4,0,58,0,6,3.320547945205479,101,0.05172413793103448,0.6666666666666666,9.666666666666666,17.46699669966997,1.8069306930693072,0.005651987606742339
7620,Basic,Single,16185.0,1,0,2013-08-05,71,5,11,16,21,8,45,2,2,2,2,8,0,0,0,0,0,0,0,12,0,24,18-24,1,1,2,0,61,0,6,14.005479452054795,426,0.7377049180327869,0.3333333333333333,10.166666666666666,4.355438184663536,0.4284037558685446,0.0032292405446995636
10968,Graduation,Single,57731.0,0,1,2012-11-23,0,266,21,300,65,8,44,4,8,8,6,6,0,0,0,0,0,0,0,16,0,45,45-54,1,1,2,0,660,0,22,22.38904109589041,681,0.06666666666666667,0.18181818181818182,30.0,29.478707782672544,0.9826235927557514,0.006127461734459311
2736,Graduation,Married,73807.0,0,1,2013-01-02,88,366,124,156,71,78,54,2,5,5,11,2,0,0,0,0,0,0,0,16,0,36,35-44,1,2,3,0,795,0,21,21.073972602739726,641,0.06792452830188679,0.09523809523809523,37.857142857142854,37.72425897035881,0.9964898595943837,0.006133444085849659
5959,Graduation,Single,35893.0,1,1,2012-10-15,80,158,0,23,0,0,18,6,3,1,5,8,0,0,0,0,0,0,0,16,0,46,45-54,2,1,3,0,181,0,9,23.671232876712327,720,0.09944751381215469,0.6666666666666666,20.11111111111111,7.646412037037037,0.38020833333333337,0.00255640220779663
1092,Graduation,Married,61014.0,0,1,2012-08-11,17,269,129,495,182,43,29,4,9,3,4,7,0,0,0,0,0,0,0,16,0,34,25-34,1,2,3,0,1118,0,16,24.0,785,0.0259391771019678,0.25,69.875,46.583333333333336,0.6666666666666666,0.009161831710754909
4333,Graduation,Together,32144.0,1,1,2014-03-23,76,41,0,10,0,0,3,4,2,1,3,7,0,1,0,0,0,0,0,16,0,60,55-64,2,2,4,0,51,1,6,6.443835616438356,196,0.058823529411764705,0.6666666666666666,8.5,7.9145408163265305,0.9311224489795918,0.0029546568502961165
3850,Basic,Together,14918.0,0,1,2012-12-07,52,3,3,3,15,4,15,1,1,0,3,6,0,0,0,0,0,0,0,12,0,51,45-54,1,2,3,0,28,0,4,21.92876712328767,667,0.5357142857142857,0.25,7.0,1.2768615692153924,0.18240879560219891,0.001027104091070164
6168,Graduation,Divorced,45146.0,1,1,2013-07-15,28,33,0,5,0,0,15,2,1,1,2,4,0,0,0,0,0,0,0,16,0,51,45-54,2,1,3,0,38,0,4,14.695890410958903,447,0.39473684210526316,0.5,9.5,2.585756897837435,0.27218493661446685,0.0006873052490597001
607,2n Cycle,Divorced,41769.0,0,1,2013-02-13,31,302,29,131,32,0,27,6,8,1,7,8,0,0,0,0,0,0,0,18,0,59,55-64,1,1,2,0,494,0,16,19.693150684931506,599,0.05465587044534413,0.375,30.875,25.08486366165832,0.8124652198107958,0.007206740978713875
10469,Graduation,Together,88325.0,0,0,2014-02-05,42,519,71,860,93,27,53,1,6,2,9,2,0,0,0,0,0,0,0,16,0,33,25-34,0,2,2,0,1570,0,17,7.956164383561643,242,0.03375796178343949,0.058823529411764705,92.3529411764706,197.33126721763088,2.1367079889807163,0.026809795715953245
6983,Master,Divorced,38054.0,1,1,2014-05-01,24,23,2,17,2,1,0,2,2,0,3,7,0,0,0,0,0,0,0,18,0,64,55-64,2,1,3,0,45,0,5,5.161643835616438,157,0.0,0.4,9.0,8.718152866242038,0.968683651804671,0.0027491941555396137
3661,2n Cycle,Single,80617.0,0,0,2012-10-12,42,594,51,631,72,55,32,1,4,6,8,2,0,0,0,0,0,0,0,18,0,19,18-24,0,1,1,0,1403,0,18,23.76986301369863,723,0.022808267997148968,0.05555555555555555,77.94444444444444,59.024319963116646,0.7572614107883818,0.008785886842197053
9303,Graduation,Married,5305.0,0,1,2013-07-30,12,12,4,7,1,3,5,0,1,0,0,13,0,0,0,0,0,0,0,16,0,38,35-44,1,2,3,0,27,0,1,14.202739726027398,432,0.18518518518518517,0.0,27.0,1.9010416666666665,0.07040895061728394,0.00430018850141376
692,Graduation,Together,36807.0,1,1,2012-12-20,88,4,2,5,0,0,5,1,1,0,2,6,0,0,0,0,0,0,0,16,0,60,55-64,2,2,4,0,11,0,3,21.501369863013696,654,0.45454545454545453,0.3333333333333333,3.6666666666666665,0.5115953109072375,0.13952599388379205,0.0001667928310073315
9246,Master,Together,40101.0,1,0,2012-10-14,73,171,3,129,26,24,62,4,6,1,6,7,0,0,0,0,0,0,0,18,0,29,25-34,1,2,3,0,353,0,13,23.704109589041096,721,0.17563739376770537,0.3076923076923077,27.153846153846153,14.891932501155802,0.5484281091077208,0.004456327523350281
6261,Graduation,Married,58025.0,0,1,2013-11-26,81,270,31,88,11,48,22,3,3,2,10,4,0,0,0,0,0,0,0,16,0,35,35-44,1,2,3,0,448,0,15,10.29041095890411,313,0.049107142857142856,0.2,29.866666666666667,43.5356762513312,1.457667731629393,0.009003500474208951
10659,2n Cycle,Together,7500.0,1,0,2013-05-07,7,2,8,11,3,8,21,4,3,2,2,7,0,0,0,0,0,0,0,18,0,35,35-44,1,2,3,0,32,0,7,16.964383561643835,516,0.65625,0.5714285714285714,4.571428571428571,1.8863049095607236,0.41262919896640826,0.0030180878552971578
1448,Master,Married,33562.0,1,2,2014-06-25,33,21,12,12,0,3,3,3,2,0,4,4,0,0,0,0,0,0,0,18,0,51,45-54,3,2,5,0,48,0,6,3.3534246575342466,102,0.0625,0.5,8.0,14.313725490196079,1.7892156862745099,0.0051178328431664664
4286,PhD,Single,57642.0,0,1,2014-01-09,24,580,6,58,8,0,27,3,7,6,6,4,1,0,0,0,0,0,0,22,0,44,35-44,1,1,2,0,652,1,19,8.843835616438357,269,0.04141104294478527,0.15789473684210525,34.31578947368421,73.72366790582403,2.1483890954151175,0.015347906298703869
4478,Graduation,Married,63777.0,1,1,2013-03-24,87,457,5,106,15,17,53,8,11,1,6,8,0,0,0,0,0,0,0,16,0,35,35-44,2,2,4,0,600,0,18,18.410958904109588,560,0.08833333333333333,0.4444444444444444,33.333333333333336,32.589285714285715,0.9776785714285715,0.006131856759826091
4201,Graduation,Single,57967.0,0,1,2013-03-03,39,229,7,137,4,0,91,5,4,2,8,5,0,0,0,0,0,0,0,16,0,52,45-54,1,1,2,0,377,0,14,19.101369863013698,581,0.2413793103448276,0.35714285714285715,26.928571428571427,19.736804360298336,0.7329317269076305,0.004085801444331776
10084,Graduation,Married,24434.0,2,0,2014-05-18,9,3,2,8,20,0,17,2,2,1,2,7,0,0,0,0,0,0,0,16,0,42,35-44,2,2,4,0,33,0,5,4.602739726027397,140,0.5151515151515151,0.4,6.6,7.169642857142858,1.086309523809524,0.0035211473473730987
7004,Graduation,Single,11012.0,1,0,2013-03-16,82,24,3,26,7,1,23,3,3,1,2,9,1,0,0,0,0,0,0,16,0,30,25-34,1,1,2,0,61,1,6,18.673972602739724,568,0.3770491803278688,0.5,10.166666666666666,3.266578638497653,0.3213028169014085,0.003559657070647642
9817,Master,Single,44802.0,0,0,2012-08-21,71,853,10,143,13,10,20,2,9,4,12,8,0,0,0,0,0,0,0,18,0,44,35-44,0,1,1,0,1029,0,25,24.0,775,0.019436345966958212,0.08,41.16,42.875,1.0416666666666667,0.011483862327574661
8080,Graduation,Single,26816.0,0,0,2012-08-17,50,5,1,6,3,4,3,1,0,0,3,4,0,0,0,0,0,0,0,16,0,28,25-34,0,1,1,0,19,0,3,24.0,779,0.15789473684210525,0.3333333333333333,6.333333333333333,0.7916666666666666,0.125,0.00035426610978520285
9432,Graduation,Together,54058.0,1,0,2013-06-02,23,9,14,18,8,1,12,4,3,1,3,6,0,0,0,0,0,0,0,16,0,37,35-44,1,2,3,1,50,0,7,16.10958904109589,490,0.24,0.5714285714285714,7.142857142857143,3.1037414965986394,0.43452380952380953,0.0006889803166817803
10870,Graduation,Married,61223.0,0,1,2013-06-13,46,709,43,182,42,118,247,2,9,3,4,5,0,0,0,0,0,0,0,16,0,47,45-54,1,2,3,0,1094,0,16,15.747945205479452,479,0.22577696526508226,0.125,68.375,69.46938065414056,1.0160055671537926,0.01361632993890673
7270,Graduation,Divorced,56981.0,0,0,2014-01-25,91,908,48,217,32,12,24,1,2,3,13,6,0,1,0,0,0,0,0,16,0,33,25-34,0,1,1,0,1217,1,18,8.317808219178081,253,0.01972062448644207,0.05555555555555555,67.61111111111111,146.31258234519106,2.16403162055336,0.03081291988807309
8235,Master,Together,69245.0,0,1,2014-01-24,8,428,30,214,80,30,61,2,6,5,10,3,0,0,0,0,0,0,0,18,0,58,55-64,1,2,3,0,782,0,21,8.35068493150685,254,0.07800511508951406,0.09523809523809523,37.23809523809524,93.64501312335958,2.514763779527559,0.016228466423284207
9405,PhD,Married,52869.0,1,1,2012-10-15,40,84,3,61,2,1,21,3,3,1,4,7,0,0,0,0,0,0,1,22,0,60,55-64,2,2,4,0,151,0,8,23.671232876712327,720,0.1390728476821192,0.375,18.875,6.3790509259259265,0.33796296296296297,0.0014478921695343417
