ID,transaction_date,amount,purchase_index
5524,2012-10-15,106.26,1
5524,2012-11-01,58.7,2
5524,2012-11-16,51.59,3
5524,2012-12-10,77.38,4
5524,2013-01-31,63.37,5
5524,2013-02-11,45.13,6
5524,2013-02-11,63.39,7
5524,2013-02-27,77.61,8
5524,2013-02-28,74.92,9
5524,2013-03-19,90.48,10
5524,2013-05-09,55.24,11
5524,2013-05-17,52.85,12
5524,2013-08-07,64.29,13
5524,2013-10-06,75.73,14
5524,2013-11-22,56.55,15
5524,2013-11-24,73.41,16
5524,2013-12-01,117.04,17
5524,2014-02-01,69.62,18
5524,2014-02-16,80.92,19
5524,2014-04-22,51.75,20
5524,2014-05-13,68.48,21
5524,2014-08-08,54.29,22
2174,2014-03-08,5.36,1
2174,2014-05-22,5.81,2
2174,2014-07-07,5.95,3
2174,2014-08-28,3.88,4
4141,2013-08-21,22.92,1
4141,2013-10-11,40.79,2
4141,2013-10-14,41.54,3
4141,2013-10-15,58.81,4
4141,2013-11-02,32.27,5
4141,2013-11-19,26.08,6
4141,2014-01-04,28.5,7
4141,2014-01-10,31.35,8
4141,2014-01-17,64.13,9
4141,2014-02-17,30.68,10
4141,2014-02-21,49.81,11
4141,2014-03-14,36.91,12
4141,2014-04-19,25.69,13
4141,2014-04-29,31.5,14
4141,2014-05-23,34.47,15
4141,2014-05-24,41.29,16
4141,2014-06-07,35.72,17
4141,2014-06-10,42.23,18
4141,2014-07-22,31.97,19
4141,2014-09-09,27.3,20
6182,2014-02-10,9.61,1
6182,2014-06-04,9.33,2
6182,2014-06-28,7.17,3
6182,2014-07-26,8.41,4
6182,2014-09-03,7.31,5
6182,2014-09-09,6.17,6
5324,2014-01-19,23.81,1
5324,2014-02-26,34.72,2
5324,2014-02-28,21.13,3
5324,2014-03-28,28.7,4
5324,2014-04-14,26.64,5
5324,2014-04-27,31.75,6
5324,2014-04-30,33.26,7
5324,2014-05-06,27.5,8
5324,2014-05-08,33.16,9
5324,2014-05-14,35.58,10
5324,2014-05-17,32.4,11
5324,2014-05-21,24.03,12
5324,2014-06-12,32.65,13
5324,2014-07-03,21.67,14
7446,2013-09-09,25.86,1
7446,2013-09-24,23.57,2
7446,2013-10-09,45.98,3
7446,2013-11-06,32.62,4
7446,2014-01-06,39.35,5
7446,2014-02-03,32.74,6
7446,2014-03-15,32.66,7
7446,2014-05-02,33.36,8
7446,2014-05-09,27.35,9
7446,2014-06-06,35.57,10
7446,2014-06-16,70.65,11
7446,2014-07-13,20.26,12
7446,2014-08-01,31.71,13
7446,2014-08-03,38.52,14
7446,2014-08-04,43.33,15
7446,2014-08-13,34.13,16
7446,2014-08-14,41.27,17
7446,2014-08-29,23.64,18
7446,2014-09-08,37.87,19
7446,2014-09-19,31.54,20
965,2012-11-13,73.73,1
965,2012-12-05,36.89,2
965,2013-01-07,22.26,3
965,2013-03-11,35.72,4
965,2013-04-23,32.46,5
965,2013-07-06,33.12,6
965,2013-07-20,32.38,7
965,2013-08-29,28.55,8
965,2013-09-24,32.01,9
965,2013-12-10,37.38,10
965,2013-12-18,32.0,11
965,2014-03-03,32.01,12
965,2014-06-04,30.77,13
965,2014-06-05,36.62,14
965,2014-07-24,19.94,15
965,2014-08-10,26.01,16
965,2014-09-01,21.15,17
6177,2013-05-08,17.38,1
6177,2013-06-26,15.92,2
6177,2013-09-27,14.97,3
6177,2013-12-28,15.56,4
6177,2014-01-16,17.51,5
6177,2014-04-28,21.74,6
6177,2014-06-28,16.13,7
6177,2014-09-03,26.78,8
5899,2014-07-29,36.0,1
1994,2013-11-15,7.93,1
1994,2014-06-30,4.3,2
1994,2014-09-24,5.77,3
387,2012-11-13,8.4,1
387,2013-01-20,7.06,2
387,2013-06-02,14.23,3
387,2013-08-03,8.87,4
387,2014-08-07,6.45,5
2125,2013-11-15,48.83,1
2125,2014-01-07,95.44,2
2125,2014-01-10,80.73,3
2125,2014-01-16,80.32,4
2125,2014-04-15,83.27,5
2125,2014-04-22,81.01,6
2125,2014-05-06,69.97,7
2125,2014-05-09,75.59,8
2125,2014-05-17,55.46,9
2125,2014-05-18,60.31,10
2125,2014-06-08,64.69,11
2125,2014-06-20,94.97,12
2125,2014-07-02,69.86,13
2125,2014-07-04,53.95,14
2125,2014-07-15,57.6,15
8180,2013-11-15,20.93,1
8180,2014-01-10,27.16,2
8180,2014-02-09,33.94,3
8180,2014-03-07,25.47,4
8180,2014-04-12,14.78,5
8180,2014-04-13,31.64,6
8180,2014-05-09,24.1,7
8180,2014-05-13,30.42,8
8180,2014-05-15,22.41,9
8180,2014-05-16,31.43,10
8180,2014-06-17,14.05,11
8180,2014-08-13,19.67,12
2569,2012-10-10,13.59,1
2569,2013-02-04,8.2,2
2569,2013-11-21,9.51,3
2569,2014-08-28,9.69,4
2114,2012-11-24,42.06,1
2114,2012-11-30,44.58,2
2114,2012-12-02,51.59,3
2114,2012-12-31,51.84,4
2114,2013-01-08,37.11,5
2114,2013-03-07,41.14,6
2114,2013-03-12,46.46,7
2114,2013-03-13,58.5,8
2114,2013-03-14,58.61,9
2114,2013-03-30,45.78,10
2114,2013-09-01,55.57,11
2114,2013-09-03,38.64,12
2114,2013-09-04,51.39,13
2114,2013-10-03,46.64,14
2114,2013-12-22,72.96,15
2114,2014-03-17,72.17,16
2114,2014-03-20,42.49,17
2114,2014-04-17,61.87,18
2114,2014-05-01,80.96,19
2114,2014-05-23,31.87,20
2114,2014-05-28,31.93,21
2114,2014-07-18,62.98,22
2114,2014-08-11,50.73,23
2114,2014-09-03,46.86,24
2114,2014-09-12,45.28,25
9736,2012-12-24,19.78,1
9736,2013-05-21,18.73,2
9736,2013-10-01,11.8,3
9736,2013-11-07,12.78,4
9736,2014-04-17,11.85,5
9736,2014-08-15,17.07,6
4939,2012-10-06,16.25,1
4939,2013-04-17,29.83,2
4939,2013-09-03,21.21,3
4939,2013-11-14,38.18,4
4939,2014-04-09,33.73,5
4939,2014-05-09,26.16,6
4939,2014-06-04,24.31,7
4939,2014-06-14,23.55,8
4939,2014-08-08,33.64,9
4939,2014-09-12,18.61,10
4939,2014-09-15,23.52,11
6565,2013-03-28,60.54,1
6565,2013-05-05,110.83,2
6565,2013-05-14,58.18,3
6565,2013-05-15,54.42,4
6565,2013-05-21,69.67,5
6565,2013-06-14,67.79,6
6565,2013-06-22,61.95,7
6565,2013-07-02,80.15,8
6565,2013-09-24,111.94,9
6565,2013-11-25,43.8,10
6565,2013-11-29,50.36,11
6565,2013-12-25,42.17,12
6565,2014-01-03,70.99,13
6565,2014-01-06,46.85,14
6565,2014-01-28,36.85,15
6565,2014-01-31,70.0,16
6565,2014-02-08,69.37,17
6565,2014-03-05,92.34,18
6565,2014-03-17,79.19,19
6565,2014-04-03,94.0,20
6565,2014-04-14,43.86,21
6565,2014-05-03,83.43,22
6565,2014-05-30,58.19,23
6565,2014-07-06,49.13,24
2278,2012-11-03,13.59,1
2278,2013-07-25,16.64,2
2278,2013-09-15,14.53,3
2278,2013-09-27,12.18,4
2278,2013-12-11,9.9,5
2278,2014-07-11,27.16,6
9360,2012-10-20,24.29,1
9360,2012-12-28,38.41,2
9360,2013-03-01,16.86,3
9360,2013-05-16,19.21,4
9360,2013-05-19,34.87,5
9360,2013-06-23,27.27,6
9360,2013-09-14,19.14,7
9360,2013-11-18,30.04,8
9360,2014-01-16,16.8,9
9360,2014-04-02,18.39,10
9360,2014-08-25,22.72,11
5376,2013-01-06,59.01,1
5376,2013-01-16,46.81,2
5376,2013-01-30,50.87,3
5376,2013-02-06,56.01,4
5376,2013-02-28,62.82,5
5376,2013-03-05,61.07,6
5376,2013-05-05,83.13,7
5376,2013-05-07,66.16,8
5376,2013-06-06,53.75,9
5376,2013-06-15,70.88,10
5376,2013-07-14,53.38,11
5376,2013-07-22,71.47,12
5376,2013-08-03,50.07,13
5376,2013-08-08,67.55,14
5376,2013-08-27,45.87,15
5376,2013-10-05,71.72,16
5376,2013-10-20,68.52,17
5376,2013-12-03,63.44,18
5376,2013-12-29,56.39,19
5376,2014-01-06,59.71,20
5376,2014-01-11,79.84,21
5376,2014-01-27,68.12,22
5376,2014-02-27,76.51,23
5376,2014-04-22,89.02,24
5376,2014-05-18,52.75,25
5376,2014-06-13,54.96,26
5376,2014-07-17,33.47,27
5376,2014-08-24,55.72,28
1993,2012-12-23,60.61,1
1993,2013-01-29,52.72,2
1993,2013-02-17,62.94,3
1993,2013-05-05,74.0,4
1993,2013-05-12,59.27,5
1993,2013-07-02,68.55,6
1993,2013-08-04,87.28,7
1993,2013-08-16,83.69,8
1993,2013-11-29,81.36,9
1993,2014-01-14,73.19,10
1993,2014-03-20,60.26,11
1993,2014-04-13,53.47,12
1993,2014-04-16,75.9,13
1993,2014-08-03,59.76,14
4047,2014-01-11,37.23,1
4047,2014-01-19,22.72,2
4047,2014-03-06,33.94,3
4047,2014-03-16,36.51,4
4047,2014-03-26,28.95,5
4047,2014-03-28,35.44,6
4047,2014-04-02,45.26,7
4047,2014-04-02,30.0,8
4047,2014-05-03,28.2,9
4047,2014-05-28,44.79,10
4047,2014-07-12,27.26,11
4047,2014-07-24,25.39,12
4047,2014-08-09,26.85,13
4047,2014-08-18,41.51,14
4047,2014-08-22,24.24,15
4047,2014-09-01,27.28,16
4047,2014-10-05,23.44,17
1409,2013-03-18,30.36,1
1409,2013-04-03,27.02,2
1409,2013-05-03,17.36,3
1409,2013-08-05,16.87,4
1409,2013-08-17,15.8,5
1409,2013-09-24,40.15,6
1409,2013-09-29,33.43,7
1409,2013-12-03,44.8,8
1409,2013-12-28,23.09,9
1409,2014-01-05,18.13,10
1409,2014-01-15,33.79,11
1409,2014-05-28,22.11,12
1409,2014-07-28,22.08,13
7892,2013-01-02,10.18,1
7892,2013-09-19,6.74,2
7892,2014-03-31,20.35,3
7892,2014-04-20,6.6,4
7892,2014-05-03,11.02,5
7892,2014-07-08,7.11,6
2404,2013-05-27,13.45,1
2404,2013-06-10,28.97,2
2404,2013-10-22,26.84,3
2404,2013-11-08,14.64,4
2404,2013-11-29,28.47,5
2404,2014-01-13,25.19,6
2404,2014-05-10,32.41,7
2404,2014-06-03,15.29,8
2404,2014-07-19,17.0,9
2404,2014-10-01,13.73,10
9422,2013-05-31,14.28,1
9422,2013-10-11,21.64,2
9422,2014-02-06,10.78,3
9422,2014-02-11,27.81,4
9422,2014-02-23,15.21,5
9422,2014-05-27,17.54,6
9422,2014-09-09,13.74,7
1966,2013-11-22,73.41,1
1966,2013-12-21,82.86,2
1966,2013-12-23,43.82,3
1966,2014-01-09,64.64,4
1966,2014-01-10,56.03,5
1966,2014-02-04,72.44,6
1966,2014-02-07,52.65,7
1966,2014-02-12,76.19,8
1966,2014-02-19,73.67,9
1966,2014-03-02,92.48,10
1966,2014-03-04,67.54,11
1966,2014-03-04,62.64,12
1966,2014-03-18,63.75,13
1966,2014-03-27,70.7,14
1966,2014-03-27,78.29,15
1966,2014-03-29,77.88,16
1966,2014-04-10,102.05,17
1966,2014-04-11,66.39,18
1966,2014-04-23,52.61,19
1966,2014-05-02,44.49,20
1966,2014-05-16,75.1,21
1966,2014-05-18,67.1,22
1966,2014-05-25,51.7,23
1966,2014-06-04,63.32,24
1966,2014-07-01,40.26,25
6864,2014-05-22,4.17,1
6864,2014-07-28,5.64,2
6864,2014-08-13,4.03,3
6864,2014-08-19,3.79,4
6864,2014-08-28,3.61,5
6864,2014-09-01,4.76,6
3033,2013-05-11,13.21,1
3033,2013-05-24,34.03,2
3033,2013-08-04,23.93,3
3033,2013-08-09,25.0,4
3033,2013-11-11,20.48,5
3033,2013-11-21,23.91,6
3033,2014-02-08,19.55,7
3033,2014-04-11,24.79,8
3033,2014-04-23,27.25,9
3033,2014-08-10,16.83,10
5710,2012-10-10,20.99,1
5710,2013-06-02,14.61,2
5710,2013-06-15,15.69,3
5710,2013-10-01,16.16,4
5710,2013-12-17,13.77,5
5710,2014-03-07,18.39,6
5710,2014-09-04,17.39,7
7373,2012-10-29,32.65,1
7373,2012-12-27,24.95,2
7373,2013-04-19,19.31,3
7373,2013-04-25,18.91,4
7373,2013-05-17,18.01,5
7373,2013-05-24,19.22,6
7373,2013-05-24,15.18,7
7373,2013-11-20,31.63,8
7373,2014-01-19,25.97,9
7373,2014-02-15,23.33,10
7373,2014-09-27,29.85,11
8755,2013-02-20,57.68,1
8755,2013-03-11,96.59,2
8755,2013-04-12,51.21,3
8755,2013-04-23,64.13,4
8755,2013-05-16,98.27,5
8755,2013-05-23,77.35,6
8755,2013-06-17,48.88,7
8755,2013-09-01,81.24,8
8755,2013-09-16,71.53,9
8755,2014-01-27,46.03,10
8755,2014-04-23,63.73,11
8755,2014-05-14,62.21,12
8755,2014-07-31,95.04,13
8755,2014-08-06,56.09,14
8755,2014-08-25,57.65,15
8755,2014-09-11,70.68,16
8755,2014-10-01,75.69,17
10738,2013-08-29,12.7,1
10738,2013-10-29,18.57,2
10738,2014-01-18,10.01,3
10738,2014-04-23,7.69,4
10738,2014-08-11,13.03,5
4339,2013-12-31,29.16,1
4339,2014-01-10,36.91,2
4339,2014-01-23,48.34,3
4339,2014-02-14,53.72,4
4339,2014-02-16,30.88,5
4339,2014-03-11,39.62,6
4339,2014-03-12,43.32,7
4339,2014-03-14,37.13,8
4339,2014-03-31,44.22,9
4339,2014-05-07,34.52,10
4339,2014-05-09,41.95,11
4339,2014-05-20,35.89,12
4339,2014-05-25,41.4,13
4339,2014-06-16,30.32,14
4339,2014-06-26,38.17,15
4339,2014-07-01,41.95,16
4339,2014-07-07,51.47,17
4339,2014-07-18,32.51,18
4339,2014-07-18,26.07,19
4339,2014-07-27,32.06,20
4339,2014-08-02,43.04,21
4339,2014-08-19,26.43,22
4339,2014-08-29,38.91,23
10755,2013-09-02,7.6,1
10755,2013-12-30,9.59,2
10755,2014-01-04,4.99,3
10755,2014-03-27,5.98,4
10755,2014-04-06,8.26,5
10755,2014-07-21,8.58,6
8595,2014-02-11,8.5,1
8595,2014-06-01,11.33,2
8595,2014-06-06,12.44,3
8595,2014-06-09,15.18,4
8595,2014-06-28,15.54,5
2968,2013-02-01,30.61,1
2968,2013-02-05,45.67,2
2968,2013-03-05,54.56,3
2968,2013-03-25,39.16,4
2968,2013-04-22,32.55,5
2968,2013-06-02,31.77,6
2968,2013-07-11,49.25,7
2968,2013-08-28,57.17,8
2968,2013-09-09,24.57,9
2968,2013-09-27,31.63,10
2968,2014-01-23,28.8,11
2968,2014-02-01,38.28,12
2968,2014-02-03,33.09,13
2968,2014-03-01,37.38,14
2968,2014-03-13,46.67,15
2968,2014-05-16,30.89,16
2968,2014-05-17,60.85,17
2968,2014-06-22,50.55,18
2968,2014-07-11,39.17,19
2968,2014-07-17,22.55,20
2968,2014-07-19,31.49,21
2968,2014-08-13,43.33,22
8601,2013-04-29,62.02,1
8601,2013-06-05,51.39,2
8601,2013-06-18,96.11,3
8601,2013-06-25,97.32,4
8601,2013-07-11,101.08,5
8601,2013-11-05,56.86,6
8601,2013-12-10,83.4,7
8601,2013-12-27,80.17,8
8601,2014-02-15,68.08,9
8601,2014-02-19,75.09,10
8601,2014-03-05,36.3,11
8601,2014-03-26,54.32,12
8601,2014-03-30,53.9,13
8601,2014-04-03,62.06,14
8601,2014-04-25,88.4,15
8601,2014-06-01,35.94,16
8601,2014-06-16,42.59,17
8601,2014-06-28,57.05,18
8601,2014-10-02,90.93,19
503,2013-03-12,10.04,1
503,2013-09-28,6.59,2
503,2013-11-14,6.53,3
503,2013-11-17,7.23,4
503,2014-07-09,15.61,5
8430,2012-12-24,4.4,1
8430,2014-04-11,6.16,2
8430,2014-10-01,8.44,3
7281,2013-11-05,17.41,1
7281,2013-12-07,24.86,2
7281,2014-01-14,27.17,3
7281,2014-01-27,15.74,4
7281,2014-02-16,13.27,5
7281,2014-02-17,13.32,6
7281,2014-05-08,16.88,7
7281,2014-07-17,18.35,8
2139,2013-10-02,3.45,1
2139,2014-01-08,4.3,2
2139,2014-01-11,4.66,3
2139,2014-06-30,3.18,4
2139,2014-09-16,3.42,5
1371,2014-06-28,57.82,1
1371,2014-07-14,39.35,2
1371,2014-07-21,42.61,3
1371,2014-07-24,38.1,4
1371,2014-07-24,61.07,5
1371,2014-07-24,66.44,6
1371,2014-07-24,73.98,7
1371,2014-07-24,52.55,8
1371,2014-07-24,56.27,9
1371,2014-07-24,48.51,10
1371,2014-07-24,39.48,11
1371,2014-07-24,46.19,12
1371,2014-07-24,54.29,13
1371,2014-07-24,55.65,14
1371,2014-07-25,77.69,15
9909,2012-11-09,6.23,1
9909,2013-01-11,7.67,2
9909,2013-03-22,9.1,3
9909,2013-07-25,8.34,4
9909,2013-08-19,15.91,5
9909,2013-12-06,16.1,6
9909,2014-09-11,8.64,7
7286,2013-05-24,15.26,1
7286,2014-05-01,6.48,2
7286,2014-05-12,7.89,3
7286,2014-07-05,12.37,4
7244,2014-01-01,18.19,1
7244,2014-03-02,19.13,2
7244,2014-03-04,17.38,3
7244,2014-03-25,16.31,4
7244,2014-05-19,18.35,5
7244,2014-06-18,12.21,6
7244,2014-07-01,15.44,7
6566,2012-11-08,48.11,1
6566,2012-12-10,57.08,2
6566,2012-12-14,50.06,3
6566,2012-12-20,57.88,4
6566,2013-03-11,78.25,5
6566,2013-03-20,57.73,6
6566,2013-04-25,105.79,7
6566,2013-04-25,69.01,8
6566,2013-06-09,85.44,9
6566,2013-06-18,55.44,10
6566,2013-09-10,57.32,11
6566,2013-10-22,93.32,12
6566,2013-11-16,61.36,13
6566,2013-12-01,57.45,14
6566,2013-12-11,70.43,15
6566,2014-02-17,70.48,16
6566,2014-03-06,63.46,17
6566,2014-05-03,69.15,18
6566,2014-08-27,73.25,19
8614,2014-05-12,37.12,1
8614,2014-05-27,42.64,2
8614,2014-06-18,18.84,3
8614,2014-07-11,34.12,4
8614,2014-07-19,47.47,5
8614,2014-07-26,26.31,6
8614,2014-07-30,19.83,7
8614,2014-07-30,36.84,8
8614,2014-08-05,20.3,9
8614,2014-08-05,23.03,10
8614,2014-08-14,42.36,11
8614,2014-08-14,18.21,12
8614,2014-08-18,34.49,13
8614,2014-08-21,37.84,14
8614,2014-08-26,29.23,15
8614,2014-09-06,24.37,16
4114,2012-11-22,55.76,1
4114,2012-12-13,61.1,2
4114,2012-12-18,64.89,3
4114,2013-01-10,73.24,4
4114,2013-01-28,62.98,5
4114,2013-02-13,106.59,6
4114,2013-03-04,47.31,7
4114,2013-03-28,74.98,8
4114,2013-06-18,57.06,9
4114,2013-07-25,48.36,10
4114,2013-08-31,43.37,11
4114,2013-09-11,68.22,12
4114,2013-10-21,40.97,13
4114,2013-11-01,70.48,14
4114,2013-11-04,53.15,15
4114,2013-11-20,36.11,16
4114,2014-01-03,33.36,17
4114,2014-02-02,61.94,18
4114,2014-02-20,72.59,19
4114,2014-04-09,57.02,20
4114,2014-04-09,71.91,21
4114,2014-05-08,65.35,22
4114,2014-05-30,57.55,23
4114,2014-06-10,58.33,24
4114,2014-08-11,46.96,25
4114,2014-08-11,71.05,26
4114,2014-09-02,54.7,27
4114,2014-10-03,45.65,28
1331,2013-01-02,12.24,1
1331,2013-04-27,10.3,2
1331,2013-06-24,14.74,3
1331,2013-10-20,15.78,4
1331,2014-08-12,15.94,5
2225,2014-06-07,85.71,1
2225,2014-06-21,71.27,2
2225,2014-07-18,73.65,3
2225,2014-08-05,51.23,4
2225,2014-08-06,77.63,5
2225,2014-08-06,64.2,6
2225,2014-08-06,100.01,7
2225,2014-08-06,76.4,8
2225,2014-08-06,52.69,9
2225,2014-08-07,84.9,10
2225,2014-08-07,81.78,11
2225,2014-08-08,89.65,12
2225,2014-08-09,58.72,13
2225,2014-08-09,73.87,14
2225,2014-08-09,64.68,15
2225,2014-08-09,55.34,16
2225,2014-08-10,38.8,17
2225,2014-08-10,58.14,18
2225,2014-08-11,70.1,19
2225,2014-08-12,47.26,20
9381,2013-06-12,32.6,1
9381,2013-06-28,31.51,2
9381,2013-08-06,26.83,3
9381,2013-09-18,44.51,4
9381,2013-11-01,28.4,5
9381,2013-11-10,33.3,6
9381,2013-12-29,26.31,7
9381,2014-01-18,31.54,8
9381,2014-01-21,20.85,9
9381,2014-01-21,44.2,10
9381,2014-02-06,34.09,11
9381,2014-05-21,24.85,12
9381,2014-06-06,27.18,13
9381,2014-06-27,18.43,14
9381,2014-06-29,32.76,15
9381,2014-08-09,39.65,16
6260,2012-11-19,68.29,1
6260,2012-12-08,90.39,2
6260,2012-12-17,55.16,3
6260,2013-01-11,69.3,4
6260,2013-01-15,72.2,5
6260,2013-01-25,75.0,6
6260,2013-02-11,62.92,7
6260,2013-03-13,67.96,8
6260,2013-03-22,83.64,9
6260,2013-03-23,83.86,10
6260,2013-04-17,55.78,11
6260,2013-04-21,91.36,12
6260,2013-06-23,49.91,13
6260,2013-08-20,72.43,14
6260,2013-08-27,56.78,15
6260,2013-10-15,57.85,16
6260,2013-10-22,50.97,17
6260,2013-10-27,41.1,18
6260,2013-11-10,46.63,19
6260,2013-11-27,74.46,20
6260,2013-12-25,67.6,21
6260,2014-01-04,51.7,22
6260,2014-02-07,94.17,23
6260,2014-06-26,54.31,24
6260,2014-07-01,107.5,25
6260,2014-08-11,65.76,26
10383,2013-04-02,55.06,1
10383,2013-05-03,39.0,2
10383,2013-05-04,34.84,3
10383,2013-05-22,53.94,4
10383,2013-06-06,73.89,5
10383,2013-07-28,43.71,6
10383,2013-08-03,69.32,7
10383,2013-09-09,50.36,8
10383,2013-11-25,65.42,9
10383,2014-01-03,60.08,10
10383,2014-01-18,42.33,11
10383,2014-03-24,49.75,12
10383,2014-04-09,61.81,13
10383,2014-05-12,51.03,14
10383,2014-05-15,39.01,15
10383,2014-05-16,45.11,16
10383,2014-05-26,45.31,17
10383,2014-06-19,65.3,18
10383,2014-06-23,33.01,19
10383,2014-09-05,74.71,20
7437,2014-04-28,2.82,1
7437,2014-08-17,6.05,2
7437,2014-08-17,6.06,3
7437,2014-08-31,4.3,4
7437,2014-09-04,4.77,5
8557,2013-06-17,7.04,1
8557,2013-11-04,10.33,2
8557,2013-12-28,9.34,3
8557,2014-01-28,8.94,4
8557,2014-08-09,4.36,5
8375,2014-03-03,28.67,1
8375,2014-04-26,35.76,2
8375,2014-04-26,26.53,3
8375,2014-05-02,22.9,4
8375,2014-05-03,28.19,5
8375,2014-05-05,39.1,6
8375,2014-05-06,18.43,7
8375,2014-05-07,28.81,8
8375,2014-05-14,18.38,9
8375,2014-05-22,45.64,10
8375,2014-05-27,24.93,11
8375,2014-05-27,36.39,12
8375,2014-05-28,31.24,13
8375,2014-06-08,30.89,14
8375,2014-06-14,32.66,15
8375,2014-08-03,26.47,16
6853,2013-07-04,53.04,1
6853,2013-07-31,37.82,2
6853,2013-08-06,65.22,3
6853,2013-08-31,79.71,4
6853,2013-09-28,60.51,5
6853,2013-10-03,58.09,6
6853,2013-10-16,85.59,7
6853,2013-10-16,74.02,8
6853,2013-10-30,76.15,9
6853,2013-11-27,70.4,10
6853,2013-12-07,102.49,11
6853,2014-01-14,32.89,12
6853,2014-03-23,52.22,13
6853,2014-03-30,53.8,14
6853,2014-04-06,96.28,15
6853,2014-04-24,56.91,16
6853,2014-06-02,114.2,17
6853,2014-06-08,68.63,18
6853,2014-07-27,55.91,19
6853,2014-09-23,64.1,20
3076,2012-10-16,44.33,1
3076,2012-10-19,34.07,2
3076,2013-01-08,28.56,3
3076,2013-01-08,33.24,4
3076,2013-03-12,35.94,5
3076,2013-03-19,36.52,6
3076,2013-03-19,36.64,7
3076,2013-05-12,40.58,8
3076,2013-06-06,46.76,9
3076,2013-07-06,33.54,10
3076,2013-08-03,26.87,11
3076,2013-09-01,29.95,12
3076,2013-09-06,29.03,13
3076,2013-10-25,27.31,14
3076,2013-11-20,24.17,15
3076,2014-01-17,42.19,16
3076,2014-04-05,31.13,17
3076,2014-09-17,25.19,18
1012,2013-02-18,26.79,1
1012,2013-03-01,30.29,2
1012,2013-04-02,33.54,3
1012,2013-04-10,25.13,4
1012,2013-06-09,30.59,5
1012,2013-07-16,43.3,6
1012,2013-08-18,36.59,7
1012,2013-09-25,36.22,8
1012,2013-10-06,39.07,9
1012,2013-10-17,26.92,10
1012,2013-12-08,45.4,11
1012,2013-12-14,37.32,12
1012,2013-12-26,29.96,13
1012,2014-01-18,45.74,14
1012,2014-04-14,35.48,15
1012,2014-04-15,31.62,16
1012,2014-06-09,49.35,17
1012,2014-06-10,30.04,18
1012,2014-06-12,31.13,19
1012,2014-09-09,50.53,20
6518,2013-06-11,28.84,1
6518,2013-07-20,35.18,2
6518,2013-08-02,26.14,3
6518,2013-08-03,31.1,4
6518,2013-08-10,38.03,5
6518,2013-08-17,34.86,6
6518,2013-08-21,37.11,7
6518,2013-10-02,21.32,8
6518,2013-10-18,33.94,9
6518,2013-11-11,51.31,10
6518,2014-01-13,31.97,11
6518,2014-01-14,24.68,12
6518,2014-01-17,32.01,13
6518,2014-01-27,35.15,14
6518,2014-01-31,20.13,15
6518,2014-02-23,53.38,16
6518,2014-07-07,25.88,17
6518,2014-09-27,38.98,18
4137,2013-12-06,56.36,1
4137,2014-01-09,70.17,2
4137,2014-01-14,100.11,3
4137,2014-02-09,100.88,4
4137,2014-02-10,55.88,5
4137,2014-02-17,77.03,6
4137,2014-02-21,62.72,7
4137,2014-03-23,55.1,8
4137,2014-05-19,93.05,9
4137,2014-05-27,62.19,10
4137,2014-07-02,60.34,11
4137,2014-07-11,53.29,12
4137,2014-08-08,68.6,13
4137,2014-08-17,64.4,14
4137,2014-09-06,65.89,15
8082,2013-05-21,5.84,1
8082,2013-09-29,3.98,2
8082,2013-10-31,5.3,3
8082,2014-07-22,3.89,4
1386,2014-05-11,4.63,1
1386,2014-07-13,3.25,2
1386,2014-10-05,3.12,3
9369,2014-03-19,33.54,1
9369,2014-04-19,32.26,2
9369,2014-04-22,55.88,3
9369,2014-04-28,33.86,4
9369,2014-05-07,46.14,5
9369,2014-05-10,32.09,6
9369,2014-05-18,33.08,7
9369,2014-05-22,54.24,8
9369,2014-05-23,35.77,9
9369,2014-05-29,46.11,10
9369,2014-06-06,43.05,11
9369,2014-06-18,48.52,12
9369,2014-06-18,37.61,13
9369,2014-06-22,47.87,14
9369,2014-07-04,37.5,15
9369,2014-07-11,42.03,16
9369,2014-08-06,35.23,17
9369,2014-08-06,26.62,18
9369,2014-08-07,33.31,19
9369,2014-08-07,48.46,20
9369,2014-08-12,30.13,21
9369,2014-08-12,29.55,22
9369,2014-08-13,33.01,23
9369,2014-08-14,60.2,24
9369,2014-08-22,65.67,25
9369,2014-08-26,40.55,26
9369,2014-08-30,28.36,27
9369,2014-08-31,28.19,28
9369,2014-09-01,42.53,29
9369,2014-09-07,42.42,30
9369,2014-09-16,32.22,31
4477,2013-09-27,38.36,1
4477,2013-11-11,45.16,2
4477,2013-11-22,30.69,3
4477,2013-11-28,30.93,4
4477,2013-12-27,34.79,5
4477,2013-12-28,34.24,6
4477,2014-01-16,26.27,7
4477,2014-03-23,27.85,8
4477,2014-03-25,31.16,9
4477,2014-05-04,24.04,10
4477,2014-05-09,35.38,11
4477,2014-05-17,28.02,12
4477,2014-05-24,19.51,13
4477,2014-05-29,45.3,14
4477,2014-07-28,22.21,15
4477,2014-08-13,35.66,16
4477,2014-10-01,34.43,17
1357,2013-04-08,97.69,1
1357,2013-05-28,107.85,2
1357,2013-06-29,149.24,3
1357,2013-08-22,183.81,4
1357,2013-09-17,100.66,5
1357,2013-09-21,111.74,6
1357,2013-10-04,81.84,7
1357,2013-10-20,85.34,8
1357,2013-10-22,121.11,9
1357,2014-01-13,106.95,10
1357,2014-01-22,140.97,11
1357,2014-07-07,201.8,12
1402,2012-10-24,95.46,1
1402,2012-10-31,37.69,2
1402,2012-12-03,70.53,3
1402,2012-12-20,42.57,4
1402,2013-01-13,50.58,5
1402,2013-06-07,61.8,6
1402,2013-09-11,114.35,7
1402,2013-09-29,73.28,8
1402,2013-10-16,92.47,9
1402,2013-10-16,49.59,10
1402,2013-10-31,78.26,11
1402,2013-11-07,52.82,12
1402,2013-12-04,74.69,13
1402,2014-01-03,99.8,14
1402,2014-02-24,63.6,15
1402,2014-04-16,77.32,16
1402,2014-08-29,53.55,17
1402,2014-10-04,52.65,18
10629,2012-11-02,16.79,1
10629,2013-02-16,20.09,2
10629,2014-01-25,12.33,3
10629,2014-03-29,14.76,4
10629,2014-04-07,15.27,5
10629,2014-09-10,12.76,6
6312,2013-03-17,29.78,1
6312,2013-04-17,25.51,2
6312,2013-05-04,24.79,3
6312,2013-05-12,37.4,4
6312,2013-05-13,29.59,5
6312,2013-06-09,20.37,6
6312,2013-06-19,56.34,7
6312,2013-06-21,22.16,8
6312,2013-09-01,13.28,9
6312,2013-09-04,39.71,10
6312,2013-09-27,31.17,11
6312,2013-10-04,31.84,12
6312,2013-10-06,24.88,13
6312,2013-10-16,36.84,14
6312,2013-11-24,23.76,15
6312,2013-11-25,32.07,16
6312,2013-12-29,44.33,17
6312,2014-01-10,23.01,18
6312,2014-02-28,34.58,19
6312,2014-03-18,24.99,20
6312,2014-04-18,28.26,21
6312,2014-05-30,28.08,22
6312,2014-06-04,38.52,23
6312,2014-07-23,29.36,24
6312,2014-08-03,18.16,25
6312,2014-09-06,28.2,26
8132,2013-04-05,33.9,1
8132,2013-04-30,23.03,2
8132,2013-05-31,39.56,3
8132,2013-05-31,40.52,4
8132,2013-06-20,30.63,5
8132,2013-07-20,27.47,6
8132,2013-07-25,37.57,7
8132,2013-07-29,37.73,8
8132,2013-08-16,41.02,9
8132,2013-09-13,29.7,10
8132,2013-09-23,32.06,11
8132,2014-01-15,44.48,12
8132,2014-03-01,25.18,13
8132,2014-03-01,25.01,14
8132,2014-03-01,29.58,15
8132,2014-05-07,31.6,16
8132,2014-05-20,44.08,17
8132,2014-06-11,20.76,18
8132,2014-07-09,48.12,19
1050,2014-04-30,7.77,1
1050,2014-07-02,6.9,2
1050,2014-07-20,8.72,3
1050,2014-07-25,8.85,4
1050,2014-07-26,9.74,5
1050,2014-07-30,5.83,6
1050,2014-08-08,8.19,7
5846,2012-12-19,3.49,1
5846,2013-03-10,3.0,2
5846,2014-07-29,5.51,3
1859,2012-10-07,109.85,1
1859,2012-10-26,90.17,2
1859,2012-11-06,111.81,3
1859,2012-11-06,69.76,4
1859,2012-11-10,95.78,5
1859,2013-01-15,70.5,6
1859,2013-04-23,105.75,7
1859,2013-05-11,85.51,8
1859,2013-05-16,100.67,9
1859,2013-06-17,87.88,10
1859,2013-07-03,97.16,11
1859,2013-10-10,99.49,12
1859,2014-01-05,76.77,13
1859,2014-03-29,102.51,14
1859,2014-03-31,152.67,15
1859,2014-04-23,144.93,16
1859,2014-05-20,159.36,17
1859,2014-09-01,111.44,18
7503,2012-10-12,146.11,1
7503,2012-10-15,67.36,2
7503,2012-10-20,105.14,3
7503,2012-11-23,101.72,4
7503,2013-01-07,111.41,5
7503,2013-01-27,78.87,6
7503,2013-03-04,106.99,7
7503,2013-03-24,107.82,8
7503,2013-04-20,134.87,9
7503,2013-05-10,154.37,10
7503,2013-05-31,73.27,11
7503,2013-09-06,88.73,12
7503,2013-09-14,66.19,13
7503,2013-09-15,83.6,14
7503,2013-09-23,97.59,15
7503,2013-10-18,79.28,16
7503,2013-11-05,104.73,17
7503,2013-11-16,93.51,18
7503,2014-01-08,86.06,19
7503,2014-02-07,104.46,20
7503,2014-04-27,62.41,21
7503,2014-08-26,103.52,22
10401,2013-09-04,2.53,1
10401,2014-02-04,2.7,2
10401,2014-09-23,3.77,3
1618,2013-01-02,46.07,1
1618,2013-02-05,39.34,2
1618,2013-02-26,26.47,3
1618,2013-02-28,29.58,4
1618,2013-03-23,41.14,5
1618,2013-03-25,22.03,6
1618,2013-04-30,25.05,7
1618,2013-06-11,32.47,8
1618,2013-06-20,23.24,9
1618,2013-07-07,29.26,10
1618,2013-07-18,13.59,11
1618,2013-07-24,29.54,12
1618,2013-09-24,53.16,13
1618,2013-12-17,62.55,14
1618,2014-01-19,35.86,15
1618,2014-03-13,36.18,16
1618,2014-05-27,30.11,17
1618,2014-07-11,28.21,18
1618,2014-09-26,37.14,19
3332,2012-10-11,20.97,1
3332,2012-12-05,21.3,2
3332,2013-06-09,22.88,3
3332,2013-06-27,13.61,4
3332,2013-09-22,23.53,5
3332,2013-10-01,14.37,6
3332,2013-10-29,14.22,7
3332,2014-07-10,17.13,8
2261,2013-06-23,5.06,1
2261,2013-11-03,3.02,2
2261,2014-09-30,3.91,3
5346,2013-07-03,8.4,1
5346,2013-09-25,7.1,2
5346,2014-01-01,9.23,3
5346,2014-03-04,9.43,4
5346,2014-03-26,12.84,5
5346,2014-07-10,9.0,6
5268,2013-08-11,9.88,1
5268,2013-11-24,9.98,2
5268,2014-03-07,10.84,3
5268,2014-04-15,10.04,4
5268,2014-07-02,12.27,5
273,2013-07-16,17.14,1
273,2013-07-28,19.3,2
273,2013-10-24,25.0,3
273,2013-11-06,20.48,4
273,2014-02-08,7.76,5
273,2014-04-26,11.31,6
273,2014-04-28,22.08,7
273,2014-08-18,22.91,8
4452,2014-05-28,20.26,1
4452,2014-07-16,29.82,2
4452,2014-07-25,22.3,3
4452,2014-07-30,29.89,4
4452,2014-08-04,29.32,5
4452,2014-08-08,34.03,6
4452,2014-08-22,17.86,7
4452,2014-08-29,32.76,8
4452,2014-09-02,26.05,9
4452,2014-09-13,26.83,10
4452,2014-09-18,22.79,11
4452,2014-09-22,22.92,12
4452,2014-10-02,23.18,13
8504,2014-05-12,80.77,1
8504,2014-05-29,58.75,2
8504,2014-06-06,73.22,3
8504,2014-06-28,69.97,4
8504,2014-07-11,78.06,5
8504,2014-07-12,96.01,6
8504,2014-07-14,74.72,7
8504,2014-07-15,63.0,8
8504,2014-07-15,58.86,9
8504,2014-07-16,51.58,10
8504,2014-07-16,46.71,11
8504,2014-07-17,57.66,12
8504,2014-07-21,61.31,13
8504,2014-07-21,58.82,14
8504,2014-07-21,72.58,15
8504,2014-07-21,75.41,16
8504,2014-07-23,92.59,17
8504,2014-07-27,50.98,18
771,2014-01-21,29.74,1
771,2014-03-04,24.95,2
771,2014-04-20,16.71,3
771,2014-05-05,15.21,4
771,2014-05-14,15.54,5
771,2014-05-23,24.39,6
771,2014-05-27,20.74,7
771,2014-05-29,20.78,8
771,2014-07-18,18.95,9
8996,2012-11-19,34.49,1
8996,2013-01-01,20.62,2
8996,2013-01-02,43.69,3
8996,2013-03-11,47.92,4
8996,2013-05-31,27.6,5
8996,2013-06-09,26.71,6
8996,2013-08-09,33.32,7
8996,2013-10-17,43.09,8
8996,2013-11-23,22.09,9
8996,2013-12-02,27.57,10
8996,2014-03-06,20.26,11
8996,2014-04-24,28.78,12
8996,2014-06-03,34.9,13
8996,2014-06-09,23.08,14
8996,2014-07-06,33.55,15
8996,2014-07-24,44.11,16
8996,2014-10-01,38.21,17
9235,2014-05-27,4.61,1
9235,2014-08-08,5.35,2
9235,2014-08-21,7.03,3
5798,2013-11-23,75.42,1
5798,2013-12-31,34.3,2
5798,2014-01-14,51.53,3
5798,2014-02-15,72.19,4
5798,2014-02-24,88.46,5
5798,2014-04-02,62.52,6
5798,2014-04-16,60.6,7
5798,2014-04-16,59.32,8
5798,2014-04-22,100.49,9
5798,2014-05-01,91.34,10
5798,2014-05-03,80.43,11
5798,2014-06-03,77.09,12
5798,2014-06-03,48.96,13
5798,2014-07-10,64.33,14
11178,2014-03-23,9.51,1
11178,2014-06-06,5.88,2
11178,2014-06-09,4.03,3
11178,2014-07-28,8.58,4
2230,2014-05-24,6.83,1
2230,2014-07-12,5.42,2
2230,2014-07-12,8.89,3
2230,2014-07-12,6.13,4
2230,2014-07-12,6.53,5
2230,2014-07-12,4.53,6
2230,2014-07-13,4.67,7
7516,2014-05-22,8.2,1
7516,2014-08-03,5.92,2
7516,2014-08-14,4.86,3
7516,2014-08-14,8.27,4
7516,2014-09-05,8.75,5
7247,2012-11-22,31.75,1
7247,2012-12-04,46.33,2
7247,2012-12-10,26.21,3
7247,2013-05-13,37.44,4
7247,2013-06-04,34.25,5
7247,2013-06-17,40.61,6
7247,2013-07-20,42.93,7
7247,2013-07-24,21.25,8
7247,2013-09-04,28.7,9
7247,2013-09-06,26.55,10
7247,2013-12-01,31.68,11
7247,2014-01-29,25.82,12
7247,2014-03-09,29.26,13
7247,2014-03-11,34.81,14
7247,2014-03-11,28.49,15
7247,2014-05-15,21.12,16
7247,2014-07-25,23.82,17
11100,2013-04-11,11.96,1
11100,2013-08-30,11.9,2
11100,2013-12-27,9.9,3
11100,2014-06-25,16.47,4
11100,2014-08-29,10.78,5
4646,2013-12-01,28.38,1
4646,2013-12-05,39.5,2
4646,2013-12-23,31.18,3
4646,2014-01-08,32.87,4
4646,2014-01-28,23.15,5
4646,2014-01-31,40.02,6
4646,2014-01-31,29.21,7
4646,2014-02-13,29.17,8
4646,2014-03-15,28.22,9
4646,2014-03-15,30.06,10
4646,2014-04-05,32.3,11
4646,2014-04-11,33.11,12
4646,2014-04-15,29.95,13
4646,2014-04-15,33.87,14
4646,2014-04-28,31.22,15
4646,2014-05-04,24.67,16
4646,2014-05-08,33.16,17
4646,2014-05-24,24.89,18
4646,2014-06-12,39.57,19
4646,2014-06-13,22.42,20
4646,2014-06-23,36.35,21
4646,2014-06-26,30.81,22
4646,2014-07-12,28.4,23
4646,2014-08-22,42.54,24
3037,2013-06-20,26.37,1
3037,2013-07-29,33.92,2
3037,2013-08-06,30.66,3
3037,2013-10-30,32.04,4
3037,2013-11-10,24.67,5
3037,2013-11-27,34.81,6
3037,2013-11-27,21.14,7
3037,2013-11-29,32.42,8
3037,2013-12-20,27.26,9
3037,2014-04-02,38.38,10
3037,2014-04-17,23.44,11
3037,2014-05-09,19.69,12
3037,2014-05-09,30.31,13
3037,2014-09-03,23.9,14
1473,2013-07-23,13.8,1
1473,2013-10-16,15.28,2
1473,2013-10-26,10.75,3
1473,2014-01-22,13.31,4
1473,2014-10-05,8.86,5
1016,2014-03-30,12.18,1
1016,2014-06-17,9.36,2
1016,2014-06-24,10.26,3
1016,2014-07-16,9.61,4
1016,2014-08-23,8.6,5
4518,2013-04-20,40.33,1
4518,2013-05-16,42.63,2
4518,2013-06-01,47.0,3
4518,2013-06-04,53.09,4
4518,2013-06-18,38.0,5
4518,2013-07-11,55.99,6
4518,2013-08-27,33.63,7
4518,2013-09-14,57.86,8
4518,2013-09-21,41.36,9
4518,2013-11-07,41.24,10
4518,2013-11-20,43.7,11
4518,2013-12-24,34.92,12
4518,2014-01-23,33.25,13
4518,2014-02-19,42.12,14
4518,2014-02-21,35.25,15
4518,2014-03-14,28.47,16
4518,2014-03-25,43.65,17
4518,2014-03-26,38.38,18
4518,2014-04-11,62.39,19
4518,2014-05-18,51.65,20
4518,2014-07-08,30.47,21
4518,2014-07-08,20.17,22
4518,2014-07-13,48.89,23
4518,2014-07-30,62.01,24
4518,2014-08-07,31.53,25
9370,2013-05-17,85.42,1
9370,2013-06-30,56.08,2
9370,2013-07-09,71.33,3
9370,2013-07-27,72.49,4
9370,2013-08-08,74.61,5
9370,2013-08-10,62.87,6
9370,2013-11-01,67.08,7
9370,2013-11-19,94.28,8
9370,2014-01-07,70.56,9
9370,2014-03-08,67.01,10
9370,2014-05-15,58.39,11
9370,2014-06-01,51.44,12
9370,2014-06-20,71.97,13
9370,2014-07-18,64.41,14
9370,2014-07-29,71.07,15
8908,2014-05-08,82.61,1
8908,2014-06-10,60.86,2
8908,2014-06-11,73.68,3
8908,2014-06-25,66.64,4
8908,2014-07-10,68.44,5
8908,2014-07-11,49.23,6
8908,2014-07-14,50.38,7
8908,2014-07-22,59.53,8
8908,2014-07-23,42.82,9
8908,2014-07-30,53.25,10
8908,2014-08-01,37.97,11
8908,2014-08-01,59.16,12
8908,2014-08-02,50.32,13
8908,2014-08-03,33.32,14
8908,2014-08-07,35.24,15
8908,2014-08-10,49.41,16
8908,2014-08-12,79.74,17
8908,2014-08-15,53.12,18
8908,2014-08-31,53.29,19
8373,2013-12-10,2.8,1
8373,2014-03-03,6.56,2
8373,2014-06-11,5.63,3
8373,2014-07-03,5.01,4
7533,2013-09-24,25.45,1
7533,2013-11-10,34.05,2
7533,2014-02-07,11.92,3
7533,2014-03-04,13.01,4
7533,2014-03-04,15.64,5
7533,2014-05-14,21.39,6
7533,2014-06-30,18.69,7
7533,2014-08-19,18.71,8
7533,2014-09-20,21.15,9
2683,2013-02-02,40.8,1
2683,2013-02-14,43.34,2
2683,2013-02-19,43.53,3
2683,2013-03-29,55.29,4
2683,2013-04-18,32.38,5
2683,2013-06-18,35.52,6
2683,2013-06-26,31.16,7
2683,2013-07-12,32.31,8
2683,2013-07-29,24.59,9
2683,2013-09-18,30.86,10
2683,2013-10-16,38.6,11
2683,2013-11-01,31.43,12
2683,2013-11-19,27.09,13
2683,2013-11-20,37.92,14
2683,2013-11-29,39.01,15
2683,2013-12-11,95.88,16
2683,2014-01-22,49.19,17
2683,2014-04-13,32.1,18
2683,2014-04-18,21.34,19
2683,2014-05-16,33.44,20
2683,2014-06-25,29.93,21
2683,2014-08-10,39.3,22
3629,2012-12-19,14.36,1
3629,2013-06-08,9.21,2
3629,2013-08-06,28.76,3
3629,2014-01-28,18.08,4
3629,2014-02-10,13.27,5
3629,2014-02-20,18.45,6
3629,2014-09-18,15.89,7
10991,2012-12-07,65.93,1
10991,2012-12-27,57.37,2
10991,2013-02-04,59.67,3
10991,2013-03-13,70.18,4
10991,2013-03-23,64.61,5
10991,2013-05-25,71.05,6
10991,2013-07-08,52.15,7
10991,2013-08-26,96.16,8
10991,2013-09-12,61.67,9
10991,2013-10-23,37.9,10
10991,2014-06-11,70.34,11
10991,2014-08-05,56.45,12
10991,2014-09-17,43.52,13
5077,2013-11-02,34.46,1
5077,2013-11-13,41.28,2
5077,2013-11-18,58.63,3
5077,2013-11-20,35.07,4
5077,2013-12-13,37.75,5
5077,2014-01-27,35.5,6
5077,2014-01-28,44.54,7
5077,2014-02-07,23.52,8
5077,2014-03-08,30.69,9
5077,2014-03-11,42.07,10
5077,2014-03-21,32.66,11
5077,2014-03-21,40.44,12
5077,2014-04-10,40.88,13
5077,2014-04-11,28.13,14
5077,2014-04-24,40.71,15
5077,2014-05-03,28.96,16
5077,2014-05-07,35.78,17
5077,2014-05-18,43.32,18
5077,2014-06-02,61.19,19
5077,2014-06-19,45.09,20
5077,2014-06-19,38.02,21
5077,2014-07-11,37.57,22
5077,2014-08-20,33.73,23
7431,2012-11-10,131.39,1
7431,2012-12-01,90.94,2
7431,2012-12-30,149.02,3
7431,2013-01-18,103.46,4
7431,2013-02-23,77.27,5
7431,2013-04-01,136.61,6
7431,2013-04-27,82.65,7
7431,2013-05-10,77.23,8
7431,2013-06-21,122.06,9
7431,2013-09-15,105.36,10
7431,2013-12-11,116.15,11
7431,2013-12-17,119.14,12
7431,2014-02-16,142.11,13
7431,2014-04-06,96.29,14
7431,2014-04-18,67.87,15
7431,2014-08-26,116.47,16
3267,2014-06-25,39.9,1
3267,2014-07-05,31.27,2
3267,2014-07-18,31.34,3
3267,2014-08-24,27.78,4
3267,2014-08-26,35.15,5
3267,2014-08-26,30.61,6
3267,2014-08-27,24.61,7
3267,2014-08-27,21.52,8
3267,2014-08-30,22.36,9
3267,2014-08-31,44.45,10
3267,2014-09-01,45.24,11
3267,2014-09-03,28.22,12
3267,2014-09-05,31.09,13
3267,2014-09-06,35.88,14
3267,2014-09-06,33.94,15
3267,2014-09-07,46.57,16
3267,2014-09-08,18.08,17
999,2013-01-02,22.56,1
999,2013-01-16,25.49,2
999,2013-01-21,23.42,3
999,2013-02-12,34.73,4
999,2013-02-22,37.17,5
999,2013-04-03,27.45,6
999,2013-05-06,23.04,7
999,2013-06-03,23.05,8
999,2013-06-07,25.41,9
999,2013-07-28,31.73,10
999,2013-09-04,27.76,11
999,2013-09-23,25.84,12
999,2013-09-28,34.43,13
999,2013-10-03,29.17,14
999,2013-10-09,28.5,15
999,2013-10-12,28.22,16
999,2013-10-30,32.73,17
999,2013-12-29,23.97,18
999,2014-03-15,38.5,19
999,2014-03-17,31.44,20
999,2014-04-05,30.77,21
999,2014-05-08,22.31,22
999,2014-05-22,38.76,23
999,2014-07-02,41.57,24
9215,2012-12-12,41.12,1
9215,2012-12-29,42.57,2
9215,2013-01-18,25.59,3
9215,2013-06-11,19.18,4
9215,2013-06-16,37.7,5
9215,2013-08-01,36.02,6
9215,2013-08-22,22.75,7
9215,2013-11-19,32.93,8
9215,2013-12-26,21.8,9
9215,2013-12-29,27.14,10
9215,2014-03-03,32.56,11
9215,2014-03-21,28.13,12
9215,2014-04-10,37.1,13
9215,2014-04-28,24.26,14
9215,2014-07-02,23.35,15
9215,2014-09-16,26.8,16
2286,2013-09-10,16.04,1
2286,2013-12-26,9.61,2
2286,2014-05-27,16.57,3
2286,2014-07-07,14.14,4
2286,2014-09-01,10.92,5
2286,2014-09-08,19.73,6
1592,2014-01-24,87.1,1
1592,2014-03-16,146.68,2
1592,2014-03-21,111.35,3
1592,2014-03-27,85.87,4
1592,2014-03-31,115.39,5
1592,2014-04-29,120.98,6
1592,2014-05-13,151.87,7
1592,2014-06-26,62.55,8
1592,2014-07-19,120.28,9
1592,2014-08-01,120.48,10
1592,2014-08-03,120.96,11
1592,2014-08-10,74.2,12
1592,2014-08-11,79.41,13
1592,2014-08-22,149.57,14
1592,2014-09-10,144.3,15
367,2013-02-19,32.85,1
367,2013-03-02,29.44,2
367,2013-04-19,36.9,3
367,2013-05-02,26.23,4
367,2013-06-17,37.35,5
367,2013-10-25,34.35,6
367,2013-11-27,25.4,7
367,2013-12-02,28.74,8
367,2014-01-17,34.29,9
367,2014-01-30,20.58,10
367,2014-02-22,27.17,11
367,2014-03-18,37.73,12
367,2014-04-11,29.87,13
367,2014-04-25,31.3,14
367,2014-07-23,24.82,15
5234,2013-07-11,13.67,1
5234,2013-10-17,10.18,2
5234,2013-10-17,10.66,3
5234,2014-05-15,11.29,4
5234,2014-07-12,5.2,5
9862,2013-11-14,4.52,1
9862,2014-01-15,6.44,2
9862,2014-03-12,5.8,3
9862,2014-04-04,5.72,4
9862,2014-08-29,7.51,5
9805,2013-06-20,23.59,1
9805,2013-07-04,31.71,2
9805,2013-07-13,24.9,3
9805,2013-07-26,33.23,4
9805,2013-09-21,23.42,5
9805,2013-10-19,48.89,6
9805,2013-12-03,31.47,7
9805,2013-12-06,35.22,8
9805,2013-12-10,28.76,9
9805,2014-01-05,34.26,10
9805,2014-01-20,41.04,11
9805,2014-02-19,34.46,12
9805,2014-03-09,24.36,13
9805,2014-04-09,53.03,14
9805,2014-05-27,41.83,15
9805,2014-06-18,24.42,16
9805,2014-07-27,35.96,17
9805,2014-08-01,41.45,18
6205,2014-02-24,14.22,1
6205,2014-05-01,9.36,2
6205,2014-07-08,12.8,3
6205,2014-07-29,12.24,4
6205,2014-08-06,8.81,5
6205,2014-09-22,12.57,6
8442,2013-09-04,6.24,1
8442,2014-02-08,4.96,2
8442,2014-04-03,4.69,3
8442,2014-08-03,7.11,4
7386,2013-04-22,9.77,1
7386,2013-11-27,7.82,2
7386,2013-12-14,12.86,3
7386,2014-07-14,10.55,4
7215,2013-03-12,31.57,1
7215,2013-03-16,35.3,2
7215,2013-03-18,36.33,3
7215,2013-03-21,20.71,4
7215,2013-04-10,31.72,5
7215,2013-05-11,43.88,6
7215,2013-06-29,21.32,7
7215,2013-06-30,34.04,8
7215,2013-07-09,31.26,9
7215,2013-07-22,29.84,10
7215,2013-07-29,23.72,11
7215,2013-08-06,32.26,12
7215,2013-09-04,42.59,13
7215,2013-09-19,34.6,14
7215,2013-11-02,42.86,15
7215,2013-11-10,43.79,16
7215,2013-11-27,31.25,17
7215,2013-11-28,28.83,18
7215,2013-11-29,38.35,19
7215,2013-12-29,28.0,20
7215,2014-02-06,51.83,21
7215,2014-02-08,36.93,22
7215,2014-03-30,31.79,23
7215,2014-05-30,61.25,24
7215,2014-06-01,31.29,25
7215,2014-07-01,49.39,26
7215,2014-07-28,42.3,27
1491,2013-02-18,30.17,1
1491,2013-03-06,32.38,2
1491,2013-04-07,40.81,3
1491,2013-05-10,26.35,4
1491,2013-05-13,25.67,5
1491,2013-06-17,28.88,6
1491,2013-07-24,24.63,7
1491,2013-10-06,30.46,8
1491,2013-10-07,32.69,9
1491,2013-11-01,25.99,10
1491,2013-11-02,25.72,11
1491,2014-01-11,25.84,12
1491,2014-01-31,14.83,13
1491,2014-07-10,22.57,14
11071,2013-04-21,154.67,1
11071,2013-05-23,67.77,2
11071,2013-05-28,114.79,3
11071,2013-06-25,71.53,4
11071,2013-08-21,143.64,5
11071,2013-09-12,138.57,6
11071,2013-10-04,96.99,7
11071,2013-10-15,101.78,8
11071,2013-12-04,87.58,9
11071,2014-01-12,132.91,10
11071,2014-03-07,124.99,11
11071,2014-05-08,219.44,12
11071,2014-06-26,65.84,13
11071,2014-07-09,129.63,14
11071,2014-08-29,56.89,15
3381,2014-06-08,10.71,1
3381,2014-08-07,13.87,2
3381,2014-08-09,13.2,3
3381,2014-08-11,10.73,4
3381,2014-08-12,19.72,5
3381,2014-08-15,17.76,6
8268,2013-07-11,19.65,1
8268,2013-08-18,38.89,2
8268,2013-08-30,19.59,3
8268,2013-09-15,15.42,4
8268,2013-11-19,31.59,5
8268,2013-12-18,38.87,6
8268,2014-03-08,24.77,7
8268,2014-04-22,33.7,8
8268,2014-04-29,28.91,9
8268,2014-05-19,25.65,10
8268,2014-06-04,46.03,11
8268,2014-06-08,20.71,12
8268,2014-07-04,21.22,13
8268,2014-09-12,23.99,14
11051,2014-05-10,22.84,1
11051,2014-06-07,42.34,2
11051,2014-06-13,38.17,3
11051,2014-06-14,20.81,4
11051,2014-07-09,33.01,5
11051,2014-07-12,40.87,6
11051,2014-07-13,56.11,7
11051,2014-07-14,34.02,8
11051,2014-07-16,28.34,9
11051,2014-07-17,32.52,10
11051,2014-07-18,31.19,11
11051,2014-07-18,29.89,12
11051,2014-07-18,26.31,13
11051,2014-07-18,26.43,14
11051,2014-07-20,33.56,15
11051,2014-07-20,17.63,16
11051,2014-07-20,30.18,17
11051,2014-07-21,51.91,18
11051,2014-07-25,52.88,19
8026,2013-09-30,33.23,1
8026,2013-10-11,29.18,2
8026,2013-10-16,23.63,3
8026,2013-12-23,28.97,4
8026,2013-12-25,41.65,5
8026,2014-01-19,21.62,6
8026,2014-02-01,30.45,7
8026,2014-02-11,17.51,8
8026,2014-02-28,24.15,9
8026,2014-04-05,31.25,10
8026,2014-05-03,34.79,11
8026,2014-05-14,27.2,12
8026,2014-05-24,25.2,13
8026,2014-09-25,36.16,14
433,2013-03-10,30.55,1
433,2013-04-03,27.66,2
433,2013-04-17,29.77,3
433,2013-05-07,35.54,4
433,2013-07-09,36.01,5
433,2013-08-14,30.96,6
433,2013-09-29,22.03,7
433,2013-10-03,37.61,8
433,2013-11-10,52.08,9
433,2014-01-02,39.03,10
433,2014-02-04,36.33,11
433,2014-03-22,39.22,12
433,2014-03-31,34.64,13
433,2014-04-18,25.57,14
433,2014-05-05,28.62,15
433,2014-05-13,26.3,16
433,2014-07-24,27.65,17
433,2014-08-24,31.42,18
9597,2014-02-10,30.29,1
9597,2014-03-22,30.8,2
9597,2014-03-23,25.43,3
9597,2014-04-07,32.89,4
9597,2014-05-01,38.61,5
9597,2014-05-03,34.23,6
9597,2014-06-02,30.95,7
9597,2014-06-04,42.37,8
9597,2014-06-05,32.03,9
9597,2014-07-03,30.35,10
9597,2014-07-05,23.77,11
9597,2014-07-27,28.5,12
9597,2014-07-30,39.11,13
9597,2014-08-14,42.76,14
9597,2014-08-23,23.63,15
9597,2014-08-24,40.68,16
9597,2014-09-01,36.57,17
9597,2014-09-25,32.03,18
1295,2013-08-11,37.0,1
1295,2013-09-17,33.8,2
1295,2013-09-20,22.12,3
1295,2013-10-07,34.54,4
1295,2013-10-12,19.1,5
1295,2013-11-15,16.73,6
1295,2013-12-14,67.16,7
1295,2013-12-20,45.7,8
1295,2013-12-27,53.16,9
1295,2014-01-08,25.55,10
1295,2014-01-12,28.53,11
1295,2014-01-15,19.82,12
1295,2014-01-21,24.27,13
1295,2014-02-24,38.45,14
1295,2014-03-02,29.07,15
1295,2014-05-02,39.01,16
1295,2014-06-15,28.7,17
1295,2014-07-01,38.29,18
5290,2013-08-14,21.32,1
5290,2013-10-04,17.62,2
5290,2013-12-22,26.18,3
5290,2014-01-07,26.13,4
5290,2014-03-18,21.15,5
5290,2014-03-31,26.3,6
5290,2014-05-22,16.67,7
5290,2014-05-25,26.82,8
5290,2014-05-31,27.74,9
5290,2014-06-21,28.48,10
5290,2014-08-15,17.59,11
1685,2013-03-17,90.44,1
1685,2013-04-26,68.55,2
1685,2013-05-02,56.44,3
1685,2013-05-08,51.8,4
1685,2013-05-24,68.1,5
1685,2013-06-03,47.12,6
1685,2013-07-14,73.88,7
1685,2013-09-22,73.61,8
1685,2013-09-28,64.06,9
1685,2013-10-18,48.83,10
1685,2013-10-21,48.22,11
1685,2013-11-25,51.61,12
1685,2014-01-30,65.05,13
1685,2014-01-30,69.81,14
1685,2014-02-13,80.33,15
1685,2014-05-31,76.76,16
1685,2014-06-12,55.6,17
1685,2014-07-07,46.12,18
1685,2014-07-09,100.99,19
1685,2014-07-20,72.54,20
1685,2014-07-29,89.47,21
1685,2014-09-14,82.67,22
5342,2013-02-19,4.69,1
5342,2013-08-13,3.83,2
5342,2013-11-23,6.75,3
5342,2014-09-04,4.73,4
9579,2013-07-07,13.61,1
9579,2013-09-18,23.35,2
9579,2013-10-04,14.58,3
9579,2013-12-05,13.66,4
9579,2014-01-09,11.18,5
9579,2014-08-05,13.61,6
7660,2014-05-19,7.65,1
7660,2014-08-05,7.32,2
7660,2014-08-09,7.19,3
7660,2014-08-29,6.84,4
1461,2013-07-28,6.16,1
1461,2013-11-09,6.07,2
1461,2014-01-10,6.98,3
1461,2014-03-23,8.88,4
1461,2014-07-23,5.91,5
821,2012-10-19,84.03,1
821,2012-11-09,83.47,2
821,2012-11-16,75.29,3
821,2012-12-07,72.44,4
821,2013-01-02,129.27,5
821,2013-01-21,130.43,6
821,2013-02-05,83.34,7
821,2013-02-10,113.91,8
821,2013-02-23,91.38,9
821,2013-03-17,78.8,10
821,2013-04-06,79.62,11
821,2013-05-13,123.47,12
821,2013-06-17,85.67,13
821,2013-06-28,162.08,14
821,2013-07-15,67.98,15
821,2013-08-10,87.63,16
821,2013-12-24,99.76,17
821,2014-02-08,97.5,18
821,2014-02-11,102.87,19
821,2014-04-20,103.45,20
821,2014-08-20,104.61,21
8690,2013-04-19,35.73,1
8690,2013-05-25,79.58,2
8690,2013-06-05,62.23,3
8690,2013-06-17,54.82,4
8690,2013-06-26,37.55,5
8690,2013-06-28,68.56,6
8690,2013-07-04,69.72,7
8690,2013-07-13,42.59,8
8690,2013-08-02,52.87,9
8690,2013-09-13,41.52,10
8690,2013-11-17,52.9,11
8690,2013-11-20,87.4,12
8690,2013-12-13,60.21,13
8690,2013-12-21,46.53,14
8690,2013-12-27,46.3,15
8690,2013-12-29,91.46,16
8690,2014-01-22,56.14,17
8690,2014-02-06,55.3,18
8690,2014-02-12,36.51,19
8690,2014-02-21,53.83,20
8690,2014-03-10,46.36,21
8690,2014-07-24,80.87,22
2937,2013-08-28,45.51,1
2937,2013-09-17,32.37,2
2937,2013-10-18,39.95,3
2937,2013-10-19,47.33,4
2937,2013-11-08,20.55,5
2937,2013-12-14,72.48,6
2937,2013-12-19,37.99,7
2937,2013-12-24,36.03,8
2937,2013-12-28,34.58,9
2937,2014-01-30,36.09,10
2937,2014-03-03,33.37,11
2937,2014-03-04,35.63,12
2937,2014-04-03,35.95,13
2937,2014-04-10,25.35,14
2937,2014-05-03,33.68,15
2937,2014-05-12,46.34,16
2937,2014-05-24,54.55,17
2937,2014-05-27,37.41,18
2937,2014-06-13,29.84,19
2937,2014-07-04,28.31,20
2937,2014-07-07,49.67,21
2937,2014-08-19,25.02,22
9701,2013-03-19,23.03,1
9701,2013-05-01,22.39,2
9701,2013-06-07,13.35,3
9701,2013-06-11,35.33,4
9701,2013-10-20,20.96,5
9701,2014-03-20,19.49,6
9701,2014-07-03,19.2,7
9701,2014-07-11,17.61,8
9701,2014-09-22,24.65,9
9949,2012-10-18,100.81,1
9949,2012-12-06,85.11,2
9949,2013-08-08,72.63,3
9949,2013-08-11,84.81,4
9949,2013-08-23,94.32,5
9949,2013-09-06,61.61,6
9949,2013-10-02,49.23,7
9949,2013-11-22,47.68,8
9949,2014-03-08,47.24,9
9949,2014-04-22,63.59,10
9949,2014-07-26,59.83,11
9949,2014-08-30,61.14,12
10837,2012-10-28,11.07,1
10837,2013-04-07,12.07,2
10837,2013-04-26,11.04,3
10837,2013-06-04,9.32,4
10837,2014-08-19,8.49,5
3120,2013-08-28,5.43,1
3120,2013-10-31,6.68,2
3120,2014-08-17,5.9,3
5885,2012-12-09,22.28,1
5885,2013-01-07,21.69,2
5885,2013-06-29,22.18,3
5885,2013-10-12,16.31,4
5885,2013-10-16,15.37,5
5885,2013-12-18,24.95,6
5885,2014-02-08,17.66,7
5885,2014-04-19,16.15,8
5885,2014-07-03,22.4,9
4050,2014-06-21,10.81,1
4050,2014-07-31,14.99,2
4050,2014-07-31,20.92,3
4050,2014-07-31,23.24,4
4050,2014-07-31,16.3,5
4050,2014-07-31,16.54,6
4050,2014-08-01,16.2,7
3830,2014-04-24,40.65,1
3830,2014-05-12,26.57,2
3830,2014-05-24,24.82,3
3830,2014-06-27,23.5,4
3830,2014-06-28,33.55,5
3830,2014-07-01,28.21,6
3830,2014-07-11,41.87,7
3830,2014-07-12,24.23,8
3830,2014-07-13,32.68,9
3830,2014-07-14,25.58,10
3830,2014-07-20,48.82,11
3830,2014-07-21,34.42,12
3830,2014-07-21,19.44,13
3830,2014-07-29,20.34,14
3830,2014-08-07,21.32,15
7987,2014-03-07,31.11,1
7987,2014-03-30,32.83,2
7987,2014-04-10,29.62,3
7987,2014-05-06,34.53,4
7987,2014-05-08,26.32,5
7987,2014-05-14,39.46,6
7987,2014-05-29,16.61,7
7987,2014-05-29,24.72,8
7987,2014-06-03,31.92,9
7987,2014-06-08,29.68,10
7987,2014-06-12,28.97,11
7987,2014-06-12,30.44,12
7987,2014-06-13,41.83,13
7987,2014-06-14,15.19,14
7987,2014-07-01,33.78,15
7798,2012-12-14,19.95,1
7798,2013-01-11,26.97,2
7798,2013-02-03,20.61,3
7798,2013-04-26,22.21,4
7798,2013-05-18,21.87,5
7798,2013-06-02,38.79,6
7798,2013-06-22,26.43,7
7798,2013-08-01,21.7,8
7798,2013-08-21,44.35,9
7798,2013-08-27,21.3,10
7798,2013-11-08,24.59,11
7798,2014-05-04,26.62,12
7798,2014-09-07,22.62,13
92,2014-05-12,12.22,1
92,2014-08-04,8.99,2
92,2014-08-25,5.42,3
92,2014-09-14,13.27,4
92,2014-09-15,8.76,5
92,2014-09-17,9.02,6
92,2014-09-23,11.32,7
7055,2012-10-09,42.85,1
7055,2012-10-30,34.83,2
7055,2012-11-01,43.66,3
7055,2012-11-04,32.11,4
7055,2012-11-21,35.25,5
7055,2012-12-22,32.52,6
7055,2013-01-22,32.99,7
7055,2013-02-16,44.34,8
7055,2013-05-14,56.85,9
7055,2013-07-07,39.03,10
7055,2013-08-04,36.71,11
7055,2013-09-21,45.94,12
7055,2013-10-29,47.08,13
7055,2013-11-20,34.5,14
7055,2013-12-14,36.8,15
7055,2013-12-23,37.1,16
7055,2014-01-25,43.22,17
7055,2014-01-31,54.38,18
7055,2014-02-15,34.71,19
7055,2014-04-02,35.21,20
7055,2014-04-05,37.92,21
7055,2014-05-21,40.32,22
7055,2014-07-02,30.9,23
7055,2014-08-09,35.77,24
10240,2013-02-19,65.96,1
10240,2013-03-11,57.94,2
10240,2013-04-17,72.92,3
10240,2013-04-18,70.81,4
10240,2013-05-15,92.3,5
10240,2013-05-17,59.27,6
10240,2013-07-29,62.71,7
10240,2013-09-10,81.01,8
10240,2013-10-02,82.97,9
10240,2013-10-04,73.42,10
10240,2013-10-04,51.74,11
10240,2013-10-21,61.14,12
10240,2013-11-08,49.08,13
10240,2013-12-07,100.09,14
10240,2014-01-01,51.61,15
10240,2014-01-20,58.63,16
10240,2014-04-14,69.08,17
10240,2014-05-10,40.16,18
10240,2014-08-01,55.57,19
10240,2014-09-25,82.58,20
3025,2013-07-08,23.53,1
3025,2013-09-04,20.01,2
3025,2013-10-02,22.42,3
3025,2013-12-09,16.62,4
3025,2013-12-19,20.66,5
3025,2014-01-07,36.82,6
3025,2014-03-22,23.13,7
3025,2014-07-06,32.84,8
3025,2014-07-15,33.75,9
3025,2014-08-01,24.91,10
3025,2014-08-06,16.9,11
3025,2014-10-01,31.42,12
9283,2013-09-12,7.46,1
9283,2014-03-01,3.04,2
9283,2014-08-17,7.5,3
9970,2013-10-17,20.13,1
9970,2013-11-28,20.16,2
9970,2013-12-23,11.95,3
9970,2014-01-21,31.53,4
9970,2014-03-11,17.34,5
9970,2014-04-23,12.27,6
9970,2014-04-25,17.11,7
9970,2014-10-02,17.52,8
2730,2013-08-20,72.91,1
2730,2013-09-27,66.85,2
2730,2013-10-09,52.81,3
2730,2013-10-28,75.7,4
2730,2013-11-11,71.34,5
2730,2013-11-26,64.24,6
2730,2013-12-04,56.18,7
2730,2014-01-10,86.78,8
2730,2014-02-20,51.44,9
2730,2014-02-27,71.75,10
2730,2014-03-19,85.31,11
2730,2014-03-24,59.22,12
2730,2014-04-02,71.9,13
2730,2014-04-20,81.86,14
2730,2014-04-22,63.15,15
2730,2014-05-05,56.09,16
2730,2014-08-02,86.47,17
2795,2013-07-01,2.87,1
2795,2014-06-16,2.88,2
2795,2014-10-05,2.25,3
9260,2012-11-05,87.65,1
9260,2012-11-26,60.34,2
9260,2012-12-01,91.63,3
9260,2012-12-24,46.75,4
9260,2012-12-29,70.12,5
9260,2013-02-07,87.53,6
9260,2013-02-13,62.96,7
9260,2013-03-22,79.22,8
9260,2013-06-18,63.01,9
9260,2013-07-15,77.89,10
9260,2013-07-18,60.73,11
9260,2013-08-11,60.44,12
9260,2013-08-14,54.88,13
9260,2013-09-25,72.9,14
9260,2013-10-15,73.75,15
9260,2013-10-21,45.99,16
9260,2013-10-26,41.14,17
9260,2013-11-25,71.75,18
9260,2014-02-04,66.12,19
9260,2014-02-17,64.71,20
9260,2014-03-02,55.83,21
9260,2014-03-14,66.93,22
9260,2014-03-22,74.2,23
9260,2014-08-01,86.91,24
9260,2014-09-15,49.63,25
8182,2014-01-05,14.32,1
8182,2014-03-21,17.24,2
8182,2014-03-21,15.11,3
8182,2014-03-31,15.36,4
8182,2014-04-18,19.22,5
8182,2014-05-27,19.27,6
8182,2014-07-06,15.48,7
10095,2013-05-01,52.53,1
10095,2013-05-18,88.19,2
10095,2013-05-30,74.63,3
10095,2013-06-27,80.38,4
10095,2013-07-06,46.99,5
10095,2013-07-14,61.97,6
10095,2013-07-21,81.13,7
10095,2013-10-02,50.42,8
10095,2013-10-03,44.32,9
10095,2013-10-06,74.06,10
10095,2013-10-08,57.48,11
10095,2014-01-11,64.26,12
10095,2014-02-04,67.31,13
10095,2014-04-07,83.32,14
10095,2014-06-15,72.86,15
10095,2014-06-22,68.6,16
10095,2014-08-21,79.62,17
10095,2014-09-05,73.88,18
10095,2014-09-26,59.04,19
8475,2014-03-01,88.41,1
8475,2014-03-10,80.74,2
8475,2014-03-15,68.22,3
8475,2014-04-02,87.63,4
8475,2014-04-30,47.37,5
8475,2014-05-01,89.32,6
8475,2014-05-03,62.58,7
8475,2014-05-06,66.71,8
8475,2014-05-07,78.3,9
8475,2014-05-08,64.53,10
8475,2014-05-10,53.86,11
8475,2014-05-11,133.41,12
8475,2014-05-13,60.01,13
8475,2014-05-13,60.26,14
8475,2014-05-13,81.47,15
8475,2014-05-20,72.11,16
8475,2014-05-21,78.84,17
8475,2014-05-25,57.26,18
8475,2014-05-25,97.64,19
8475,2014-05-28,73.72,20
8475,2014-05-30,68.51,21
8475,2014-06-29,36.09,22
4370,2013-11-13,9.65,1
4370,2014-01-23,10.04,2
4370,2014-02-20,9.65,3
4370,2014-04-17,6.11,4
4370,2014-05-26,13.31,5
4370,2014-07-14,11.24,6
10573,2013-11-18,27.8,1
10573,2013-11-21,30.86,2
10573,2013-11-26,21.26,3
10573,2014-01-31,29.19,4
10573,2014-02-15,31.87,5
10573,2014-03-15,16.76,6
10573,2014-03-29,19.61,7
10573,2014-04-11,17.92,8
10573,2014-05-10,27.42,9
10573,2014-05-14,20.15,10
10573,2014-06-02,18.91,11
10573,2014-06-09,31.07,12
10573,2014-06-19,18.43,13
10573,2014-07-06,15.13,14
10573,2014-07-12,23.22,15
10573,2014-07-20,18.85,16
10573,2014-09-08,25.55,17
3712,2013-08-28,20.2,1
3712,2013-10-10,14.28,2
3712,2013-12-25,20.46,3
3712,2014-01-01,17.67,4
3712,2014-01-07,33.36,5
3712,2014-02-20,28.48,6
3712,2014-04-09,21.43,7
3712,2014-04-20,40.96,8
3712,2014-06-11,17.66,9
3712,2014-06-16,14.21,10
3712,2014-08-03,28.28,11
6637,2013-11-02,88.06,1
6637,2013-11-29,47.68,2
6637,2013-12-26,57.87,3
6637,2014-01-23,108.71,4
6637,2014-01-30,68.91,5
6637,2014-03-19,85.79,6
6637,2014-03-28,72.33,7
6637,2014-04-14,56.35,8
6637,2014-05-04,55.07,9
6637,2014-05-06,84.38,10
6637,2014-05-24,63.72,11
6637,2014-05-26,80.83,12
6637,2014-06-29,62.23,13
6637,2014-08-20,61.06,14
3152,2014-02-25,13.54,1
3152,2014-04-27,9.26,2
3152,2014-05-14,11.75,3
3152,2014-05-14,14.1,4
3152,2014-05-17,11.14,5
3152,2014-07-13,9.21,6
5610,2014-04-21,6.34,1
5610,2014-07-08,9.3,2
5610,2014-07-27,7.56,3
5610,2014-08-08,5.8,4
6460,2013-07-13,8.21,1
6460,2013-10-08,9.64,2
6460,2014-05-15,6.92,3
6460,2014-05-25,7.08,4
6460,2014-07-19,9.16,5
1349,2014-04-21,21.07,1
1349,2014-06-21,8.38,2
1349,2014-06-24,17.16,3
1349,2014-07-04,13.79,4
1349,2014-08-17,23.81,5
1349,2014-09-24,18.64,6
1349,2014-10-01,18.14,7
1880,2014-01-30,16.92,1
1880,2014-04-25,12.51,2
1880,2014-04-29,16.1,3
1880,2014-06-21,14.8,4
1880,2014-07-19,11.23,5
1880,2014-09-18,15.45,6
641,2014-04-04,9.36,1
641,2014-06-12,12.01,2
641,2014-06-27,13.38,3
641,2014-07-07,12.21,4
641,2014-07-13,15.06,5
641,2014-07-20,8.99,6
8717,2012-10-08,77.72,1
8717,2012-10-18,66.94,2
8717,2012-10-28,70.21,3
8717,2013-01-17,65.38,4
8717,2013-01-30,82.02,5
8717,2013-01-30,69.24,6
8717,2013-02-21,42.85,7
8717,2013-04-08,77.19,8
8717,2013-04-10,67.61,9
8717,2013-07-20,71.22,10
8717,2013-08-10,61.41,11
8717,2013-09-21,60.53,12
8717,2013-09-29,81.59,13
8717,2013-10-04,47.35,14
8717,2013-10-18,69.59,15
8717,2013-11-24,52.68,16
8717,2013-12-23,54.95,17
8717,2014-01-31,143.88,18
8717,2014-02-08,86.92,19
8717,2014-03-09,67.66,20
8717,2014-03-28,77.47,21
8717,2014-04-13,56.57,22
8717,2014-05-05,43.28,23
8717,2014-05-17,86.74,24
8717,2014-05-21,32.66,25
8717,2014-06-30,50.97,26
8717,2014-08-10,44.38,27
10314,2012-12-16,47.09,1
10314,2012-12-23,41.26,2
10314,2012-12-30,50.72,3
10314,2013-01-01,37.63,4
10314,2013-01-16,52.26,5
10314,2013-03-03,52.81,6
10314,2013-03-05,60.42,7
10314,2013-04-12,32.2,8
10314,2013-04-14,66.68,9
10314,2013-04-21,70.0,10
10314,2013-05-29,51.54,11
10314,2013-07-30,45.38,12
10314,2013-08-31,64.53,13
10314,2013-10-07,54.58,14
10314,2013-10-28,74.25,15
10314,2013-11-15,43.99,16
10314,2013-12-13,49.35,17
10314,2013-12-23,41.91,18
10314,2014-02-26,47.72,19
10314,2014-02-27,48.51,20
10314,2014-03-02,40.72,21
10314,2014-04-24,43.73,22
10314,2014-05-09,37.49,23
10314,2014-07-18,52.22,24
10854,2014-05-23,10.05,1
10854,2014-07-06,6.42,2
10854,2014-07-06,11.48,3
10854,2014-07-06,7.42,4
10854,2014-07-07,7.62,5
10492,2014-06-24,2.84,1
10492,2014-06-30,2.41,2
10492,2014-07-01,3.75,3
7698,2014-05-11,16.47,1
7698,2014-06-21,14.72,2
7698,2014-07-10,25.44,3
7698,2014-07-11,19.36,4
7698,2014-07-13,29.87,5
7698,2014-07-14,21.14,6
7698,2014-07-14,17.32,7
7698,2014-07-15,23.41,8
7698,2014-07-16,16.26,9
3559,2014-05-10,9.26,1
3559,2014-07-10,7.01,2
3559,2014-07-10,6.86,3
3559,2014-07-13,6.86,4
3559,2014-07-13,9.99,5
3559,2014-07-20,8.02,6
10562,2013-09-28,37.72,1
10562,2013-10-21,33.7,2
10562,2013-10-27,29.99,3
10562,2013-10-28,59.2,4
10562,2013-11-25,37.56,5
10562,2013-11-30,41.58,6
10562,2013-12-23,31.2,7
10562,2014-01-12,40.18,8
10562,2014-01-15,36.12,9
10562,2014-01-20,39.06,10
10562,2014-01-28,49.85,11
10562,2014-01-30,46.52,12
10562,2014-02-18,36.79,13
10562,2014-03-02,27.99,14
10562,2014-03-10,45.24,15
10562,2014-03-20,50.89,16
10562,2014-03-27,35.35,17
10562,2014-03-29,43.11,18
10562,2014-04-21,28.69,19
10562,2014-05-08,33.5,20
10562,2014-06-08,35.22,21
10562,2014-06-27,47.04,22
10562,2014-09-14,25.49,23
10796,2014-01-22,16.21,1
10796,2014-03-26,10.97,2
10796,2014-04-21,11.92,3
10796,2014-07-02,7.85,4
10796,2014-09-19,7.05,5
2563,2014-06-15,6.7,1
2563,2014-07-16,4.96,2
2563,2014-07-16,6.48,3
2563,2014-07-16,9.94,4
2563,2014-07-17,4.92,5
3518,2012-12-05,6.95,1
3518,2013-03-18,12.51,2
3518,2013-10-01,11.49,3
3518,2014-08-21,12.05,4
5823,2014-03-08,5.3,1
5823,2014-05-28,7.48,2
5823,2014-06-20,7.65,3
5823,2014-06-23,9.15,4
5823,2014-08-03,7.42,5
3934,2013-08-02,33.8,1
3934,2013-08-27,30.58,2
3934,2013-09-20,28.63,3
3934,2013-10-03,23.51,4
3934,2013-10-13,17.38,5
3934,2013-12-31,30.75,6
3934,2014-03-03,40.38,7
3934,2014-03-23,41.88,8
3934,2014-03-31,21.2,9
3934,2014-04-09,34.16,10
3934,2014-04-18,20.42,11
3934,2014-05-26,36.6,12
3934,2014-08-05,21.64,13
3934,2014-08-13,32.35,14
3934,2014-08-21,36.44,15
3934,2014-09-01,41.27,16
6982,2013-03-19,76.39,1
6982,2013-04-12,60.32,2
6982,2013-04-21,67.27,3
6982,2013-04-29,70.51,4
6982,2013-05-03,65.26,5
6982,2013-06-10,66.27,6
6982,2013-06-16,85.01,7
6982,2013-08-25,46.91,8
6982,2013-10-01,62.09,9
6982,2013-10-19,60.77,10
6982,2013-10-26,51.17,11
6982,2013-10-26,62.32,12
6982,2013-11-06,48.85,13
6982,2013-12-20,68.97,14
6982,2014-01-17,85.22,15
6982,2014-01-24,78.99,16
6982,2014-04-18,66.11,17
6982,2014-07-12,66.99,18
6982,2014-07-20,71.31,19
6982,2014-07-25,94.92,20
6982,2014-07-28,98.04,21
6982,2014-08-22,67.86,22
6982,2014-09-21,44.46,23
6431,2013-02-23,14.45,1
6431,2013-05-26,12.19,2
6431,2013-08-20,13.38,3
6431,2014-02-27,9.38,4
6431,2014-09-22,14.61,5
9733,2013-03-29,7.95,1
9733,2013-04-25,14.12,2
9733,2014-02-18,12.01,3
9733,2014-08-14,9.93,4
5602,2013-05-17,36.36,1
5602,2013-05-24,53.74,2
5602,2013-06-14,47.24,3
5602,2013-06-17,73.31,4
5602,2013-06-21,35.2,5
5602,2013-07-19,42.02,6
5602,2013-07-19,47.46,7
5602,2013-07-24,33.54,8
5602,2013-08-12,37.48,9
5602,2013-08-30,27.94,10
5602,2013-09-21,52.07,11
5602,2013-09-24,45.02,12
5602,2013-09-29,46.78,13
5602,2013-10-01,42.53,14
5602,2013-10-28,46.28,15
5602,2013-11-22,51.25,16
5602,2013-11-26,39.36,17
5602,2013-12-05,45.78,18
5602,2013-12-10,35.95,19
5602,2013-12-28,50.02,20
5602,2014-01-02,33.39,21
5602,2014-02-11,34.9,22
5602,2014-02-17,49.8,23
5602,2014-03-21,42.8,24
5602,2014-04-13,46.48,25
5602,2014-06-11,40.23,26
5602,2014-06-29,43.08,27
7829,2013-09-26,7.64,1
7829,2013-12-20,9.65,2
7829,2014-01-04,10.56,3
7829,2014-04-19,5.11,4
7829,2014-06-28,7.03,5
1324,2013-05-30,11.52,1
1324,2013-08-18,15.06,2
1324,2013-12-03,12.26,3
1324,2014-01-16,9.54,4
1324,2014-05-05,13.52,5
1324,2014-07-04,7.11,6
326,2013-02-18,28.59,1
326,2013-04-06,33.45,2
326,2013-06-16,15.42,3
326,2013-08-21,32.15,4
326,2013-09-01,27.76,5
326,2013-09-15,28.34,6
326,2013-10-26,24.01,7
326,2014-01-08,19.48,8
326,2014-02-01,19.14,9
326,2014-04-25,24.27,10
326,2014-06-16,21.42,11
326,2014-08-28,28.96,12
6999,2014-05-13,33.91,1
6999,2014-05-30,29.86,2
6999,2014-06-02,44.1,3
6999,2014-07-10,41.66,4
6999,2014-07-12,53.63,5
6999,2014-07-12,24.35,6
6999,2014-07-13,33.88,7
6999,2014-07-13,41.36,8
6999,2014-07-13,28.64,9
6999,2014-07-14,48.45,10
6999,2014-07-14,41.07,11
6999,2014-07-14,66.92,12
6999,2014-07-14,25.12,13
6999,2014-07-14,31.48,14
6999,2014-07-15,33.51,15
6999,2014-07-15,21.91,16
6999,2014-07-15,31.33,17
6999,2014-07-15,46.88,18
6999,2014-07-15,39.37,19
6999,2014-07-16,32.92,20
6999,2014-07-16,44.65,21
6999,2014-07-17,31.02,22
9938,2013-09-19,80.53,1
9938,2013-10-13,77.51,2
9938,2013-10-20,115.62,3
9938,2014-01-06,73.03,4
9938,2014-01-24,101.53,5
9938,2014-01-24,127.01,6
9938,2014-01-29,93.13,7
9938,2014-02-11,50.29,8
9938,2014-02-17,95.55,9
9938,2014-02-25,91.95,10
9938,2014-03-13,190.18,11
9938,2014-04-12,84.52,12
9938,2014-04-29,84.19,13
9938,2014-05-08,87.35,14
9938,2014-05-27,82.86,15
9938,2014-07-15,113.75,16
6422,2013-01-17,46.22,1
6422,2013-02-13,86.74,2
6422,2013-03-14,65.59,3
6422,2013-03-20,54.97,4
6422,2013-05-18,58.98,5
6422,2013-06-13,62.93,6
6422,2013-06-19,62.85,7
6422,2013-07-26,58.55,8
6422,2013-09-22,76.27,9
6422,2013-12-03,75.54,10
6422,2014-01-19,62.52,11
6422,2014-01-23,63.16,12
6422,2014-07-01,67.12,13
6422,2014-08-12,96.4,14
6422,2014-08-15,80.57,15
6422,2014-09-15,79.61,16
3182,2014-03-31,17.28,1
3182,2014-05-26,22.42,2
3182,2014-06-13,13.87,3
3182,2014-06-13,14.99,4
3182,2014-06-17,21.54,5
3182,2014-06-24,20.78,6
3182,2014-07-06,22.13,7
3182,2014-07-07,20.34,8
3182,2014-07-16,30.64,9
7300,2014-06-29,44.0,1
7300,2014-07-01,23.01,2
7300,2014-08-06,28.39,3
7300,2014-08-15,54.93,4
7300,2014-08-15,26.77,5
7300,2014-08-15,16.46,6
7300,2014-08-15,33.62,7
7300,2014-08-15,24.94,8
7300,2014-08-15,29.04,9
7300,2014-08-15,25.12,10
7300,2014-08-15,21.95,11
7300,2014-08-15,40.48,12
7300,2014-08-15,35.65,13
7300,2014-08-15,32.17,14
7300,2014-08-15,24.73,15
7300,2014-08-16,34.74,16
10424,2013-12-09,76.86,1
10424,2014-01-04,55.01,2
10424,2014-01-13,96.38,3
10424,2014-02-10,77.99,4
10424,2014-02-19,69.34,5
10424,2014-02-19,71.53,6
10424,2014-03-19,64.87,7
10424,2014-03-28,64.09,8
10424,2014-04-06,82.88,9
10424,2014-05-31,62.67,10
10424,2014-06-01,61.97,11
10424,2014-06-27,56.13,12
10424,2014-07-20,80.89,13
10424,2014-07-20,88.92,14
10424,2014-07-20,52.61,15
10424,2014-07-24,89.05,16
10424,2014-08-06,51.81,17
8727,2013-10-14,44.59,1
8727,2013-11-12,42.04,2
8727,2013-11-13,41.72,3
8727,2013-11-28,30.76,4
8727,2013-12-03,32.16,5
8727,2013-12-26,39.42,6
8727,2013-12-29,22.97,7
8727,2014-01-08,62.1,8
8727,2014-01-08,44.14,9
8727,2014-02-14,25.96,10
8727,2014-03-06,62.12,11
8727,2014-03-10,31.04,12
8727,2014-03-11,48.88,13
8727,2014-04-04,41.12,14
8727,2014-04-15,44.01,15
8727,2014-05-08,40.65,16
8727,2014-05-13,47.61,17
8727,2014-05-20,39.09,18
8727,2014-06-06,30.74,19
8727,2014-06-08,34.33,20
8727,2014-06-09,36.84,21
8727,2014-06-17,50.16,22
8727,2014-06-17,35.69,23
8727,2014-07-01,64.42,24
8727,2014-07-11,35.91,25
8727,2014-08-03,67.52,26
2798,2012-11-02,42.72,1
2798,2012-11-28,61.29,2
2798,2012-12-04,52.63,3
2798,2012-12-16,39.07,4
2798,2012-12-21,41.01,5
2798,2013-01-19,25.69,6
2798,2013-01-23,50.4,7
2798,2013-02-19,40.63,8
2798,2013-04-03,44.81,9
2798,2013-04-25,50.65,10
2798,2013-05-22,62.48,11
2798,2013-05-22,38.03,12
2798,2013-06-28,51.68,13
2798,2013-07-23,46.4,14
2798,2013-09-10,31.89,15
2798,2013-10-04,38.42,16
2798,2013-11-12,38.64,17
2798,2013-12-07,56.0,18
2798,2014-01-28,45.35,19
2798,2014-03-30,45.04,20
2798,2014-05-06,67.64,21
2798,2014-05-11,46.49,22
2798,2014-06-21,37.13,23
2798,2014-06-30,38.19,24
2798,2014-07-04,49.03,25
2798,2014-08-12,40.66,26
1030,2013-07-17,5.64,1
1030,2013-10-27,8.37,2
1030,2014-05-18,8.6,3
1030,2014-07-25,12.38,4
624,2012-11-10,6.77,1
624,2013-06-13,5.75,2
624,2014-09-30,7.48,3
5176,2013-12-08,10.81,1
5176,2014-03-15,8.39,2
5176,2014-04-06,9.12,3
5176,2014-07-09,10.68,4
5552,2013-05-13,28.54,1
5552,2013-07-04,22.02,2
5552,2013-07-15,15.57,3
5552,2013-07-25,38.32,4
5552,2013-10-23,24.78,5
5552,2013-11-02,25.11,6
5552,2013-11-08,19.34,7
5552,2013-12-21,22.06,8
5552,2014-01-12,19.04,9
5552,2014-02-06,24.58,10
5552,2014-08-16,32.66,11
868,2014-06-08,10.19,1
868,2014-06-27,11.91,2
868,2014-06-27,13.12,3
868,2014-06-27,15.55,4
868,2014-06-28,10.22,5
380,2012-10-07,107.84,1
380,2012-10-21,56.37,2
380,2012-10-31,39.1,3
380,2012-11-12,50.99,4
380,2012-12-10,70.11,5
380,2012-12-31,95.32,6
380,2013-03-05,83.95,7
380,2013-03-22,88.11,8
380,2013-09-24,46.64,9
380,2013-10-17,66.16,10
380,2013-11-01,70.03,11
380,2013-11-19,84.95,12
380,2013-12-01,83.08,13
380,2014-01-06,85.59,14
380,2014-01-07,53.39,15
380,2014-01-27,81.61,16
380,2014-03-23,52.69,17
380,2014-04-03,48.66,18
380,2014-04-10,51.29,19
380,2014-04-17,52.94,20
380,2014-07-06,60.9,21
380,2014-07-20,50.93,22
380,2014-07-24,64.6,23
380,2014-09-18,66.76,24
2677,2013-03-31,19.99,1
2677,2013-05-24,24.58,2
2677,2013-09-15,27.11,3
2677,2013-10-03,10.91,4
2677,2013-10-04,19.87,5
2677,2014-01-09,31.25,6
2677,2014-05-30,20.95,7
2677,2014-05-30,20.8,8
2677,2014-06-24,32.34,9
2677,2014-09-24,25.19,10
6521,2014-03-18,62.94,1
6521,2014-04-05,39.23,2
6521,2014-05-10,66.61,3
6521,2014-05-15,54.82,4
6521,2014-05-18,56.94,5
6521,2014-05-22,63.77,6
6521,2014-05-30,61.02,7
6521,2014-06-27,64.44,8
6521,2014-07-08,53.67,9
6521,2014-07-09,50.32,10
6521,2014-07-10,45.46,11
6521,2014-07-14,67.84,12
6521,2014-07-22,55.75,13
6521,2014-07-31,60.79,14
6521,2014-08-06,37.51,15
6521,2014-08-25,64.81,16
6521,2014-08-30,59.96,17
6521,2014-08-31,54.0,18
6521,2014-09-17,69.12,19
6927,2012-10-05,22.16,1
6927,2012-11-19,24.09,2
6927,2013-01-03,27.1,3
6927,2013-02-04,22.05,4
6927,2013-10-16,17.21,5
6927,2014-01-03,24.9,6
6927,2014-04-12,21.02,7
6927,2014-05-01,20.11,8
6927,2014-05-16,21.01,9
6927,2014-06-13,32.18,10
6927,2014-07-27,22.18,11
2877,2013-01-21,22.95,1
2877,2013-02-05,36.68,2
2877,2013-03-04,38.63,3
2877,2013-03-24,23.76,4
2877,2013-05-25,31.24,5
2877,2013-06-11,25.28,6
2877,2013-08-11,33.29,7
2877,2013-09-11,33.82,8
2877,2013-10-25,32.22,9
2877,2013-11-16,28.61,10
2877,2013-12-06,22.88,11
2877,2014-02-13,37.01,12
2877,2014-03-18,38.27,13
2877,2014-05-12,22.64,14
2877,2014-07-04,44.08,15
2877,2014-09-14,25.63,16
0,2013-05-04,99.96,1
0,2013-05-14,74.98,2
0,2013-06-13,48.77,3
0,2013-08-13,62.38,4
0,2013-09-01,53.82,5
0,2013-09-17,62.44,6
0,2013-10-03,46.61,7
0,2013-10-16,99.59,8
0,2013-12-03,51.78,9
0,2014-01-21,78.22,10
0,2014-03-17,63.46,11
0,2014-04-01,109.7,12
0,2014-04-06,65.86,13
0,2014-04-10,46.88,14
0,2014-04-16,99.53,15
0,2014-07-31,80.03,16
1584,2014-04-01,28.02,1
1584,2014-04-29,31.92,2
1584,2014-05-08,20.74,3
1584,2014-06-03,29.01,4
1584,2014-06-04,20.91,5
1584,2014-06-14,18.78,6
1584,2014-06-15,36.22,7
1584,2014-06-17,24.66,8
1584,2014-06-20,50.11,9
1584,2014-06-23,28.48,10
1584,2014-06-24,20.67,11
1584,2014-06-24,22.48,12
1584,2014-06-24,29.0,13
1584,2014-07-18,32.02,14
7264,2014-05-12,6.13,1
7264,2014-07-17,4.16,2
7264,2014-10-03,5.71,3
6274,2013-11-15,55.94,1
6274,2013-11-30,36.46,2
6274,2013-12-18,66.08,3
6274,2013-12-24,35.86,4
6274,2013-12-27,65.02,5
6274,2014-02-24,66.43,6
6274,2014-03-02,61.62,7
6274,2014-03-04,76.87,8
6274,2014-03-22,76.55,9
6274,2014-03-22,41.39,10
6274,2014-03-23,89.37,11
6274,2014-03-25,69.69,12
6274,2014-03-29,106.03,13
6274,2014-04-03,51.73,14
6274,2014-04-11,71.73,15
6274,2014-04-22,67.47,16
6274,2014-05-04,45.04,17
6274,2014-05-05,87.9,18
6274,2014-05-06,114.83,19
6274,2014-05-13,59.57,20
6274,2014-06-16,73.61,21
6274,2014-06-22,52.49,22
6274,2014-06-30,69.81,23
6274,2014-07-16,57.5,24
1377,2013-08-31,33.58,1
1377,2013-09-06,26.13,2
1377,2013-11-16,19.23,3
1377,2014-01-13,29.21,4
1377,2014-01-28,13.07,5
1377,2014-02-23,21.47,6
1377,2014-04-07,12.95,7
1377,2014-05-10,23.31,8
1377,2014-07-05,13.82,9
1377,2014-09-11,26.24,10
454,2012-11-14,39.28,1
454,2012-12-28,32.1,2
454,2012-12-30,34.72,3
454,2013-01-05,42.1,4
454,2013-01-10,40.6,5
454,2013-01-29,47.76,6
454,2013-03-15,45.9,7
454,2013-05-28,35.31,8
454,2013-05-31,66.99,9
454,2013-06-10,53.18,10
454,2013-07-02,47.85,11
454,2013-07-31,44.74,12
454,2013-08-04,30.49,13
454,2013-08-29,27.78,14
454,2013-10-07,55.75,15
454,2013-10-31,47.94,16
454,2013-11-17,56.26,17
454,2013-11-24,34.62,18
454,2013-12-12,37.37,19
454,2013-12-12,50.94,20
454,2013-12-30,21.69,21
454,2014-01-15,40.88,22
454,2014-02-10,30.1,23
454,2014-05-06,40.85,24
454,2014-05-25,35.33,25
454,2014-08-18,51.46,26
1755,2014-04-11,21.7,1
1755,2014-06-12,12.02,2
1755,2014-06-14,12.71,3
1755,2014-06-26,22.77,4
1755,2014-07-02,12.14,5
1755,2014-07-04,14.65,6
2075,2013-11-14,64.94,1
2075,2014-01-03,78.26,2
2075,2014-01-06,69.03,3
2075,2014-01-22,79.1,4
2075,2014-02-03,50.5,5
2075,2014-02-08,74.74,6
2075,2014-02-26,74.28,7
2075,2014-03-28,57.67,8
2075,2014-05-09,62.56,9
2075,2014-05-26,56.89,10
2075,2014-06-19,50.59,11
2075,2014-07-16,91.06,12
2075,2014-07-18,85.49,13
2075,2014-07-24,71.27,14
2075,2014-08-10,70.63,15
4785,2014-04-14,46.58,1
4785,2014-05-15,32.64,2
4785,2014-05-18,35.78,3
4785,2014-05-28,52.22,4
4785,2014-06-18,27.46,5
4785,2014-06-21,34.29,6
4785,2014-06-21,35.04,7
4785,2014-06-23,30.27,8
4785,2014-07-11,28.7,9
4785,2014-07-16,46.84,10
4785,2014-07-17,50.2,11
4785,2014-08-05,24.46,12
4785,2014-08-10,39.92,13
4785,2014-08-20,32.7,14
4785,2014-09-03,25.87,15
4785,2014-09-06,40.69,16
4785,2014-09-14,25.36,17
4785,2014-09-18,27.93,18
4785,2014-09-25,33.04,19
4785,2014-10-02,30.03,20
9076,2013-01-05,20.15,1
9076,2013-03-03,18.81,2
9076,2013-05-31,21.96,3
9076,2013-09-04,15.73,4
9076,2013-12-06,25.54,5
9076,2014-01-01,16.19,6
9076,2014-01-09,11.81,7
9076,2014-03-29,24.14,8
9076,2014-08-22,27.67,9
7079,2012-10-07,39.34,1
7079,2012-10-17,64.24,2
7079,2012-10-28,44.74,3
7079,2012-11-15,34.7,4
7079,2012-11-23,53.82,5
7079,2012-11-27,34.41,6
7079,2013-01-13,37.14,7
7079,2013-04-20,35.68,8
7079,2013-05-12,34.81,9
7079,2013-06-08,39.44,10
7079,2013-06-15,41.6,11
7079,2013-06-19,41.56,12
7079,2013-06-20,44.29,13
7079,2013-07-14,48.42,14
7079,2013-09-03,48.29,15
7079,2013-09-25,29.51,16
7079,2013-10-05,51.88,17
7079,2013-10-14,29.27,18
7079,2013-12-23,31.66,19
7079,2014-01-15,69.46,20
7079,2014-02-17,29.91,21
7079,2014-02-23,43.98,22
7079,2014-04-20,44.86,23
7079,2014-06-09,57.5,24
7079,2014-06-21,34.7,25
7079,2014-07-09,41.65,26
7079,2014-08-28,46.16,27
4653,2013-03-26,17.65,1
4653,2013-05-03,15.11,2
4653,2013-07-25,22.87,3
4653,2013-09-15,13.78,4
4653,2013-11-25,21.24,5
4653,2014-01-11,19.68,6
4653,2014-02-07,25.66,7
4653,2014-08-20,14.01,8
7375,2012-10-25,27.34,1
7375,2012-10-26,23.64,2
7375,2012-12-14,31.14,3
7375,2013-01-18,15.08,4
7375,2013-01-23,20.27,5
7375,2013-07-31,24.59,6
7375,2013-09-08,44.24,7
7375,2013-10-23,28.7,8
7375,2013-10-27,34.85,9
7375,2013-10-31,37.78,10
7375,2013-12-25,22.31,11
7375,2013-12-29,27.62,12
7375,2014-05-12,35.68,13
7375,2014-07-13,20.76,14
709,2012-12-09,76.91,1
709,2013-01-01,53.99,2
709,2013-01-25,78.79,3
709,2013-02-08,59.77,4
709,2013-03-07,60.4,5
709,2013-04-13,94.98,6
709,2013-04-18,49.19,7
709,2013-06-28,65.71,8
709,2013-10-02,67.28,9
709,2013-10-03,75.82,10
709,2013-11-18,75.63,11
709,2013-12-14,73.72,12
709,2014-02-16,73.32,13
709,2014-03-07,51.32,14
709,2014-09-08,54.16,15
460,2012-11-27,124.08,1
460,2013-01-27,98.7,2
460,2013-03-16,149.97,3
460,2013-03-27,132.26,4
460,2013-05-21,90.57,5
460,2013-10-26,158.28,6
460,2013-12-16,63.85,7
460,2014-01-04,97.12,8
460,2014-02-19,99.76,9
460,2014-03-05,93.11,10
460,2014-03-09,130.37,11
460,2014-04-02,104.54,12
460,2014-05-07,125.25,13
460,2014-05-29,100.83,14
460,2014-07-19,100.73,15
460,2014-07-25,66.57,16
3726,2014-02-16,3.96,1
3726,2014-05-14,6.41,2
3726,2014-07-31,6.63,3
6798,2013-03-20,37.42,1
6798,2013-03-26,17.73,2
6798,2013-04-13,31.99,3
6798,2013-06-14,23.61,4
6798,2013-07-01,19.78,5
6798,2013-10-08,23.26,6
6798,2013-11-24,28.49,7
6798,2013-11-25,31.31,8
6798,2014-01-21,34.8,9
6798,2014-04-02,41.34,10
6798,2014-04-03,34.68,11
6798,2014-06-03,21.58,12
6798,2014-06-12,22.6,13
6798,2014-09-05,25.42,14
5341,2013-01-05,177.96,1
5341,2013-02-18,118.16,2
5341,2013-02-27,117.62,3
5341,2013-05-09,117.53,4
5341,2013-08-09,122.01,5
5341,2013-11-13,122.61,6
5341,2013-12-02,139.57,7
5341,2014-03-16,94.65,8
5341,2014-04-16,101.45,9
5341,2014-04-19,117.33,10
5341,2014-05-25,81.24,11
5341,2014-06-13,153.91,12
5341,2014-10-03,96.98,13
1606,2013-05-15,6.63,1
1606,2014-04-22,3.69,2
1606,2014-08-01,8.68,3
9617,2014-04-16,3.72,1
9617,2014-07-02,4.12,2
9617,2014-07-02,4.44,3
9617,2014-08-29,2.71,4
3233,2013-03-23,45.99,1
3233,2013-04-18,35.9,2
3233,2013-04-27,36.93,3
3233,2013-05-10,57.55,4
3233,2013-05-21,33.61,5
3233,2013-06-10,44.76,6
3233,2013-07-09,42.64,7
3233,2013-07-31,57.06,8
3233,2013-08-11,46.94,9
3233,2013-08-29,38.64,10
3233,2013-09-14,26.25,11
3233,2013-09-18,46.74,12
3233,2013-09-24,46.59,13
3233,2013-11-06,40.36,14
3233,2013-12-11,44.48,15
3233,2013-12-13,46.8,16
3233,2013-12-26,34.76,17
3233,2014-01-26,31.01,18
3233,2014-02-05,43.12,19
3233,2014-02-15,59.59,20
3233,2014-02-19,37.6,21
3233,2014-03-19,38.91,22
3233,2014-03-23,33.55,23
3233,2014-04-04,29.89,24
3233,2014-04-17,45.13,25
3233,2014-07-08,40.2,26
89,2013-12-09,6.89,1
89,2014-02-17,11.69,2
89,2014-03-04,8.57,3
89,2014-03-16,6.01,4
89,2014-07-22,6.79,5
89,2014-08-17,8.05,6
2936,2013-12-04,7.08,1
2936,2014-02-25,3.71,2
2936,2014-03-19,5.49,3
2936,2014-08-20,5.72,4
9449,2013-10-04,31.55,1
9449,2013-10-28,48.25,2
9449,2013-11-12,28.51,3
9449,2013-11-29,43.51,4
9449,2013-12-07,21.39,5
9449,2013-12-19,36.96,6
9449,2014-01-06,23.86,7
9449,2014-01-15,34.09,8
9449,2014-01-19,36.95,9
9449,2014-02-10,18.27,10
9449,2014-02-21,24.73,11
9449,2014-02-24,28.91,12
9449,2014-02-26,32.48,13
9449,2014-03-16,32.11,14
9449,2014-04-20,35.68,15
9449,2014-05-04,48.02,16
9449,2014-05-06,33.7,17
9449,2014-09-03,35.03,18
7297,2013-12-26,3.12,1
7297,2014-02-25,5.27,2
7297,2014-05-04,5.74,3
7297,2014-06-09,6.04,4
7297,2014-07-19,4.78,5
7297,2014-07-29,5.81,6
7297,2014-08-12,6.23,7
11004,2014-05-17,7.17,1
11004,2014-07-25,4.83,2
11004,2014-09-12,8.01,3
313,2013-10-28,80.43,1
313,2013-12-07,90.17,2
313,2013-12-20,65.47,3
313,2013-12-21,105.98,4
313,2013-12-30,132.42,5
313,2014-01-13,74.59,6
313,2014-01-18,92.39,7
313,2014-02-03,109.5,8
313,2014-02-09,70.6,9
313,2014-03-17,151.35,10
313,2014-03-19,84.63,11
313,2014-03-25,112.42,12
313,2014-03-31,113.76,13
313,2014-04-01,113.54,14
313,2014-04-13,74.27,15
313,2014-05-04,85.45,16
313,2014-05-16,150.74,17
313,2014-05-20,109.8,18
313,2014-05-28,101.19,19
313,2014-05-29,73.77,20
313,2014-06-29,75.51,21
9940,2012-12-23,98.88,1
9940,2013-01-11,81.47,2
9940,2013-01-24,52.81,3
9940,2013-03-18,65.39,4
9940,2013-04-27,50.1,5
9940,2013-05-10,81.92,6
9940,2013-06-16,54.16,7
9940,2013-07-10,82.08,8
9940,2013-09-29,43.32,9
9940,2013-10-02,79.65,10
9940,2013-11-03,106.15,11
9940,2013-11-10,56.17,12
9940,2014-03-05,81.99,13
9940,2014-06-30,36.9,14
10735,2013-07-31,5.13,1
10735,2013-12-19,7.12,2
10735,2014-01-12,7.68,3
10735,2014-07-22,5.06,4
9529,2013-11-28,64.64,1
9529,2013-12-10,47.55,2
9529,2013-12-12,64.84,3
9529,2013-12-25,92.56,4
9529,2014-01-29,60.88,5
9529,2014-02-07,59.67,6
9529,2014-02-27,110.97,7
9529,2014-02-28,68.55,8
9529,2014-03-04,53.12,9
9529,2014-03-23,73.0,10
9529,2014-03-29,82.47,11
9529,2014-04-22,83.22,12
9529,2014-04-29,65.24,13
9529,2014-05-15,76.97,14
9529,2014-05-16,47.36,15
9529,2014-05-30,65.07,16
9529,2014-06-14,59.16,17
9529,2014-06-14,65.87,18
9529,2014-07-30,51.74,19
9529,2014-08-03,71.19,20
9529,2014-09-27,81.94,21
6439,2012-10-11,42.92,1
6439,2012-10-28,41.51,2
6439,2012-10-31,42.46,3
6439,2012-11-09,35.22,4
6439,2012-11-20,29.17,5
6439,2012-11-23,20.88,6
6439,2012-12-13,38.42,7
6439,2012-12-20,36.07,8
6439,2012-12-30,36.74,9
6439,2013-01-17,39.51,10
6439,2013-01-30,32.69,11
6439,2013-05-19,52.31,12
6439,2013-07-10,33.63,13
6439,2013-07-29,47.55,14
6439,2013-09-15,25.21,15
6439,2013-10-07,39.06,16
6439,2014-01-20,46.47,17
6439,2014-02-19,28.73,18
6439,2014-03-21,32.6,19
6439,2014-04-02,41.7,20
6439,2014-04-14,47.42,21
6439,2014-06-27,53.0,22
6439,2014-07-15,54.56,23
6439,2014-08-29,52.16,24
7411,2014-06-05,4.15,1
7411,2014-08-07,4.23,2
7411,2014-08-24,3.44,3
7411,2014-09-04,4.17,4
2176,2013-05-20,137.34,1
2176,2013-06-12,93.31,2
2176,2013-07-13,106.31,3
2176,2013-08-15,95.81,4
2176,2013-08-24,78.67,5
2176,2013-09-25,105.45,6
2176,2013-12-29,109.36,7
2176,2014-01-01,81.52,8
2176,2014-03-15,251.32,9
2176,2014-04-06,83.08,10
2176,2014-04-18,95.03,11
2176,2014-05-26,131.09,12
2176,2014-06-17,147.79,13
2176,2014-08-26,93.93,14
9265,2013-01-09,48.84,1
9265,2013-02-10,65.49,2
9265,2013-02-24,70.18,3
9265,2013-02-25,115.33,4
9265,2013-03-10,57.32,5
9265,2013-03-14,87.47,6
9265,2013-04-12,41.94,7
9265,2013-05-21,55.82,8
9265,2013-09-09,86.21,9
9265,2013-09-27,81.39,10
9265,2013-11-08,69.78,11
9265,2013-11-13,73.73,12
9265,2014-01-04,63.28,13
9265,2014-01-31,69.18,14
9265,2014-03-13,45.93,15
9265,2014-03-21,62.7,16
9265,2014-04-25,66.85,17
9265,2014-05-23,101.48,18
9265,2014-07-23,50.07,19
8867,2012-10-11,126.84,1
8867,2012-10-11,104.71,2
8867,2012-12-25,97.13,3
8867,2013-02-02,63.27,4
8867,2013-02-28,94.63,5
8867,2013-03-04,204.91,6
8867,2013-03-10,78.4,7
8867,2013-03-19,86.19,8
8867,2013-06-15,110.31,9
8867,2013-07-10,153.6,10
8867,2013-07-23,64.77,11
8867,2013-07-27,109.2,12
8867,2013-08-02,81.26,13
8867,2013-08-02,73.42,14
8867,2013-09-24,87.54,15
8867,2013-09-25,86.6,16
8867,2013-10-24,95.18,17
8867,2014-01-14,84.72,18
8867,2014-07-07,151.32,19
8932,2012-10-29,40.54,1
8932,2012-11-17,103.63,2
8932,2012-12-17,61.13,3
8932,2012-12-23,60.4,4
8932,2013-02-05,47.07,5
8932,2013-05-31,86.75,6
8932,2013-06-16,107.2,7
8932,2013-06-30,57.03,8
8932,2013-09-05,85.74,9
8932,2013-10-15,59.44,10
8932,2013-10-20,69.4,11
8932,2013-10-21,43.59,12
8932,2013-11-02,56.32,13
8932,2014-01-23,52.1,14
8932,2014-02-08,74.02,15
8932,2014-02-27,65.12,16
8932,2014-03-11,83.89,17
8932,2014-04-16,89.97,18
8932,2014-05-09,56.62,19
8932,2014-06-01,103.34,20
8932,2014-08-09,57.72,21
10236,2013-09-16,8.7,1
10236,2013-12-15,13.42,2
10236,2014-03-05,11.15,3
10236,2014-05-29,8.73,4
10236,2014-08-07,9.01,5
6340,2013-10-27,2.81,1
6340,2014-01-20,3.46,2
6340,2014-03-14,4.27,3
6340,2014-08-14,4.46,4
10089,2013-04-05,40.7,1
10089,2013-05-03,26.63,2
10089,2013-05-04,32.34,3
10089,2013-05-08,29.62,4
10089,2013-05-14,23.0,5
10089,2013-05-18,35.2,6
10089,2013-06-23,40.84,7
10089,2013-07-01,31.77,8
10089,2013-08-02,29.64,9
10089,2013-08-04,27.95,10
10089,2013-08-09,34.51,11
10089,2013-08-10,44.23,12
10089,2013-09-10,44.21,13
10089,2013-10-06,21.54,14
10089,2013-12-15,30.15,15
10089,2013-12-21,51.86,16
10089,2014-01-01,24.63,17
10089,2014-01-20,25.13,18
10089,2014-01-22,41.65,19
10089,2014-02-03,34.39,20
10089,2014-04-22,30.86,21
10089,2014-05-01,29.29,22
10089,2014-05-16,29.23,23
10089,2014-06-07,24.92,24
10089,2014-06-09,51.23,25
10089,2014-07-15,47.46,26
10089,2014-08-10,45.3,27
10089,2014-09-30,35.71,28
2227,2012-11-12,18.07,1
2227,2012-11-28,35.02,2
2227,2013-06-15,19.38,3
2227,2013-07-26,17.55,4
2227,2013-10-21,24.06,5
2227,2013-11-19,15.18,6
2227,2013-12-09,20.47,7
2227,2014-01-05,14.62,8
2227,2014-07-05,20.65,9
10992,2012-10-09,47.41,1
10992,2012-10-24,66.14,2
10992,2012-11-09,52.37,3
10992,2012-11-14,44.93,4
10992,2012-11-29,48.07,5
10992,2013-01-06,86.33,6
10992,2013-01-29,43.93,7
10992,2013-02-04,41.02,8
10992,2013-02-28,46.58,9
10992,2013-05-03,43.53,10
10992,2013-05-20,51.74,11
10992,2013-05-29,51.64,12
10992,2013-06-14,54.25,13
10992,2013-07-24,51.02,14
10992,2013-09-09,50.52,15
10992,2013-09-25,54.94,16
10992,2013-09-27,54.42,17
10992,2013-11-09,75.05,18
10992,2014-01-04,53.95,19
10992,2014-04-30,53.09,20
10992,2014-07-20,47.09,21
5304,2012-10-13,5.58,1
5304,2013-03-28,7.19,2
5304,2014-04-03,10.61,3
5304,2014-08-31,8.62,4
3406,2012-10-22,27.07,1
3406,2012-11-18,25.92,2
3406,2013-01-27,16.0,3
3406,2013-02-03,30.47,4
3406,2013-02-23,30.28,5
3406,2013-05-22,30.85,6
3406,2013-10-26,37.73,7
3406,2013-11-03,27.54,8
3406,2013-11-15,13.4,9
3406,2013-11-17,19.23,10
3406,2013-12-23,17.84,11
3406,2014-06-30,33.68,12
2661,2013-06-04,5.45,1
2661,2013-09-07,6.68,2
2661,2013-09-27,8.18,3
2661,2014-01-21,4.78,4
2661,2014-06-09,3.73,5
2661,2014-07-02,5.17,6
3153,2013-12-08,6.42,1
3153,2014-07-21,3.38,2
3153,2014-09-11,5.2,3
10264,2012-10-10,5.76,1
10264,2013-12-06,3.35,2
10264,2013-12-17,4.19,3
10264,2014-08-06,4.7,4
1184,2013-05-22,39.75,1
1184,2013-06-21,41.32,2
1184,2013-07-09,48.14,3
1184,2013-07-13,35.58,4
1184,2013-07-29,34.83,5
1184,2013-08-06,35.31,6
1184,2013-09-08,25.06,7
1184,2013-09-13,25.39,8
1184,2013-10-25,30.61,9
1184,2013-11-09,49.29,10
1184,2013-12-22,32.66,11
1184,2014-01-01,41.76,12
1184,2014-01-04,27.49,13
1184,2014-01-06,32.08,14
1184,2014-01-30,43.03,15
1184,2014-02-11,45.73,16
1184,2014-02-27,19.62,17
1184,2014-03-05,41.8,18
1184,2014-03-28,48.36,19
1184,2014-04-09,37.17,20
1184,2014-04-24,46.1,21
1184,2014-08-20,39.93,22
4200,2014-06-17,32.5,1
4200,2014-06-26,23.64,2
4200,2014-07-11,17.59,3
4200,2014-07-11,22.56,4
4200,2014-07-11,34.12,5
4200,2014-07-11,24.45,6
4200,2014-07-11,28.73,7
4200,2014-07-11,20.3,8
4200,2014-07-11,21.53,9
4200,2014-07-11,18.67,10
4200,2014-07-12,23.91,11
9396,2012-11-23,7.11,1
9396,2014-06-14,9.3,2
9396,2014-09-04,3.59,3
2387,2013-02-03,19.42,1
2387,2013-03-28,15.53,2
2387,2013-08-14,24.57,3
2387,2013-08-27,28.48,4
2387,2013-11-14,19.28,5
2387,2014-01-10,22.9,6
2387,2014-02-22,15.45,7
2387,2014-04-22,18.41,8
2387,2014-05-11,30.97,9
2387,2014-08-30,38.57,10
2387,2014-09-26,21.42,11
6690,2013-03-14,6.78,1
6690,2013-08-22,9.43,2
6690,2013-09-05,9.86,3
6690,2013-10-08,11.25,4
6690,2013-10-12,10.26,5
6690,2014-03-16,14.62,6
6690,2014-09-05,7.8,7
1225,2014-06-26,88.25,1
1225,2014-07-10,51.88,2
1225,2014-07-11,84.94,3
1225,2014-08-11,83.48,4
1225,2014-08-18,59.05,5
1225,2014-08-18,60.01,6
1225,2014-08-18,92.48,7
1225,2014-08-18,70.5,8
1225,2014-08-18,73.1,9
1225,2014-08-18,69.67,10
1225,2014-08-18,64.3,11
1225,2014-08-18,55.09,12
1225,2014-08-18,65.36,13
1225,2014-08-18,61.98,14
1225,2014-08-18,62.53,15
1225,2014-08-18,82.81,16
1225,2014-08-18,56.12,17
1225,2014-08-19,72.45,18
9703,2012-10-15,14.23,1
9703,2012-12-16,10.03,2
9703,2013-05-05,10.98,3
9703,2013-11-06,18.48,4
9703,2013-11-30,19.6,5
9703,2013-12-21,28.03,6
9703,2014-07-27,13.66,7
291,2013-06-19,76.22,1
291,2013-07-20,64.88,2
291,2013-09-09,71.19,3
291,2013-09-26,61.6,4
291,2013-10-05,61.79,5
291,2013-10-18,51.2,6
291,2013-11-15,77.91,7
291,2013-11-28,69.85,8
291,2013-12-31,56.71,9
291,2014-04-25,103.38,10
291,2014-06-16,58.65,11
291,2014-09-22,111.64,12
4557,2013-10-04,6.98,1
4557,2013-12-16,6.84,2
4557,2014-05-01,7.45,3
4557,2014-06-07,7.95,4
4557,2014-06-23,7.37,5
4557,2014-09-24,9.41,6
2379,2012-10-18,118.87,1
2379,2012-10-30,71.39,2
2379,2012-12-06,117.11,3
2379,2013-01-12,110.74,4
2379,2013-01-17,230.08,5
2379,2013-08-20,97.93,6
2379,2013-12-24,156.26,7
2379,2014-03-06,67.76,8
2379,2014-03-13,199.33,9
2379,2014-05-09,78.16,10
2379,2014-05-26,109.24,11
2379,2014-09-04,132.13,12
5726,2014-03-20,7.42,1
5726,2014-07-19,6.88,2
5726,2014-07-26,5.02,3
5726,2014-08-01,12.67,4
5726,2014-08-24,5.75,5
5726,2014-09-08,9.37,6
5726,2014-09-20,6.89,7
3066,2014-02-04,25.75,1
3066,2014-03-30,24.14,2
3066,2014-04-29,12.38,3
3066,2014-05-06,26.8,4
3066,2014-06-10,17.06,5
3066,2014-06-12,30.63,6
3066,2014-07-09,20.25,7
3066,2014-07-20,15.4,8
3066,2014-08-13,26.3,9
3066,2014-10-03,19.27,10
6336,2014-04-06,4.55,1
6336,2014-06-12,7.53,2
6336,2014-06-17,10.08,3
6336,2014-06-17,7.37,4
6336,2014-07-14,7.11,5
6336,2014-08-11,7.35,6
10967,2013-02-06,13.25,1
10967,2013-08-10,14.37,2
10967,2013-09-05,8.78,3
10967,2013-10-31,18.25,4
10967,2014-03-26,15.5,5
10967,2014-08-28,18.84,6
2304,2013-09-16,32.18,1
2304,2013-10-20,25.9,2
2304,2013-10-24,41.17,3
2304,2013-10-29,20.2,4
2304,2013-11-17,48.0,5
2304,2013-11-17,24.05,6
2304,2013-11-27,33.38,7
2304,2013-12-05,38.31,8
2304,2013-12-07,50.05,9
2304,2013-12-15,33.15,10
2304,2013-12-27,33.05,11
2304,2014-01-22,41.38,12
2304,2014-01-24,36.9,13
2304,2014-01-28,32.53,14
2304,2014-02-17,35.96,15
2304,2014-03-20,41.58,16
2304,2014-03-23,29.65,17
2304,2014-04-05,33.58,18
2304,2014-05-01,54.23,19
2304,2014-05-15,49.32,20
2304,2014-07-11,28.44,21
3445,2013-01-17,59.62,1
3445,2013-02-26,36.99,2
3445,2013-03-07,32.32,3
3445,2013-03-17,38.01,4
3445,2013-04-25,26.4,5
3445,2013-05-18,53.89,6
3445,2013-06-12,50.4,7
3445,2013-07-27,34.25,8
3445,2013-08-09,26.76,9
3445,2013-08-26,37.12,10
3445,2013-08-26,28.18,11
3445,2013-10-31,43.94,12
3445,2013-11-01,48.88,13
3445,2013-11-06,34.92,14
3445,2014-01-14,28.68,15
3445,2014-02-10,35.32,16
3445,2014-02-18,28.4,17
3445,2014-03-17,34.1,18
3445,2014-03-21,59.75,19
3445,2014-03-22,30.89,20
3445,2014-08-10,26.2,21
7828,2014-04-30,58.64,1
7828,2014-06-18,48.9,2
7828,2014-07-09,72.63,3
7828,2014-07-10,104.87,4
7828,2014-07-14,88.25,5
7828,2014-07-23,95.79,6
7828,2014-07-24,44.47,7
7828,2014-07-31,58.63,8
7828,2014-08-18,66.44,9
7828,2014-09-03,89.42,10
7828,2014-09-06,74.96,11
3762,2013-04-02,27.65,1
3762,2013-05-02,40.34,2
3762,2013-05-19,45.69,3
3762,2013-06-05,69.88,4
3762,2013-08-11,78.69,5
3762,2013-09-23,81.73,6
3762,2013-10-22,56.69,7
3762,2013-12-20,45.45,8
3762,2014-01-12,38.2,9
3762,2014-02-24,46.49,10
3762,2014-04-01,49.02,11
3762,2014-04-24,49.6,12
3762,2014-06-22,70.06,13
3762,2014-06-24,51.93,14
3762,2014-07-07,50.73,15
3762,2014-09-05,68.85,16
4391,2013-04-21,41.31,1
4391,2013-05-01,35.22,2
4391,2013-05-30,22.97,3
4391,2013-06-06,29.1,4
4391,2013-07-19,54.61,5
4391,2013-08-01,32.24,6
4391,2013-09-05,50.21,7
4391,2013-09-11,48.41,8
4391,2013-09-28,35.05,9
4391,2013-11-25,48.5,10
4391,2013-12-17,34.38,11
4391,2014-01-07,45.11,12
4391,2014-03-27,30.06,13
4391,2014-04-01,27.96,14
4391,2014-04-10,38.03,15
4391,2014-04-16,37.74,16
4391,2014-05-18,32.51,17
4391,2014-06-05,35.47,18
4391,2014-06-23,24.99,19
4391,2014-07-08,34.85,20
4391,2014-08-02,38.28,21
4669,2013-02-11,14.02,1
4669,2013-05-09,6.31,2
4669,2013-06-09,6.48,3
4669,2013-10-06,13.14,4
4669,2013-11-01,11.42,5
4669,2014-02-03,19.53,6
4669,2014-08-20,14.1,7
1672,2014-03-01,16.23,1
1672,2014-03-19,33.48,2
1672,2014-03-31,24.54,3
1672,2014-05-23,27.66,4
1672,2014-05-25,28.69,5
1672,2014-06-01,22.45,6
1672,2014-06-02,21.41,7
1672,2014-06-05,32.51,8
1672,2014-06-06,17.8,9
1672,2014-06-15,32.68,10
1672,2014-07-07,39.02,11
1672,2014-07-09,40.49,12
1672,2014-07-10,23.4,13
1672,2014-07-23,34.62,14
8962,2014-04-17,6.71,1
8962,2014-06-22,9.57,2
8962,2014-06-28,6.48,3
8962,2014-08-13,5.77,4
8962,2014-09-17,5.48,5
9974,2013-07-12,5.05,1
9974,2013-10-19,8.89,2
9974,2013-10-23,9.3,3
9974,2014-02-04,8.39,4
9974,2014-05-03,8.03,5
9974,2014-07-22,10.34,6
10983,2013-01-29,36.87,1
10983,2013-02-18,41.86,2
10983,2013-02-27,40.34,3
10983,2013-03-16,25.7,4
10983,2013-06-16,54.05,5
10983,2013-07-04,38.3,6
10983,2013-07-14,36.77,7
10983,2013-07-23,38.32,8
10983,2013-07-27,55.34,9
10983,2013-08-07,42.86,10
10983,2013-08-21,24.54,11
10983,2013-09-27,33.22,12
10983,2014-02-02,37.85,13
10983,2014-03-05,24.2,14
10983,2014-05-12,72.37,15
10983,2014-05-15,26.99,16
10983,2014-07-18,38.74,17
10983,2014-08-08,26.65,18
10983,2014-08-20,39.06,19
10983,2014-09-02,34.1,20
10983,2014-09-10,52.66,21
10983,2014-09-18,35.21,22
8148,2013-01-08,30.83,1
8148,2013-01-23,28.26,2
8148,2013-02-23,33.65,3
8148,2013-02-26,34.04,4
8148,2013-06-13,30.1,5
8148,2013-08-27,26.21,6
8148,2013-09-02,32.67,7
8148,2013-10-19,37.04,8
8148,2013-10-26,34.79,9
8148,2013-11-04,42.72,10
8148,2013-11-25,41.42,11
8148,2013-12-24,31.31,12
8148,2014-01-12,43.94,13
8148,2014-01-25,40.65,14
8148,2014-02-02,38.54,15
8148,2014-02-11,42.99,16
8148,2014-03-09,34.05,17
8148,2014-03-19,25.69,18
8148,2014-03-29,31.5,19
8148,2014-07-09,63.6,20
10102,2014-05-12,59.21,1
10102,2014-05-23,82.92,2
10102,2014-05-29,89.65,3
10102,2014-07-05,50.26,4
10102,2014-07-14,66.01,5
10102,2014-07-14,53.54,6
10102,2014-07-16,71.03,7
10102,2014-07-25,79.87,8
10102,2014-07-28,59.88,9
10102,2014-08-04,85.22,10
10102,2014-08-04,70.74,11
10102,2014-08-08,71.92,12
10102,2014-08-14,57.96,13
10102,2014-08-17,77.81,14
10102,2014-08-17,70.27,15
10102,2014-08-20,54.51,16
10102,2014-08-25,80.7,17
10102,2014-08-28,62.61,18
10102,2014-09-02,63.83,19
10102,2014-09-08,78.65,20
10102,2014-09-16,63.39,21
4697,2013-06-13,33.18,1
4697,2013-06-26,29.27,2
4697,2013-08-01,20.88,3
4697,2013-08-13,14.08,4
4697,2013-08-16,36.47,5
4697,2013-08-31,25.2,6
4697,2013-09-19,28.08,7
4697,2013-11-28,21.3,8
4697,2014-01-27,18.45,9
4697,2014-04-10,24.12,10
4697,2014-05-06,22.14,11
4697,2014-06-20,42.45,12
4697,2014-08-04,23.38,13
9262,2013-07-04,10.9,1
9262,2013-09-02,7.43,2
9262,2014-01-20,8.11,3
9262,2014-09-24,13.56,4
7254,2013-12-27,11.14,1
7254,2014-03-05,19.5,2
7254,2014-03-24,18.98,3
7254,2014-05-01,22.58,4
7254,2014-05-07,17.46,5
7254,2014-06-27,15.76,6
7254,2014-07-23,17.57,7
4543,2012-10-31,82.7,1
4543,2012-11-28,97.85,2
4543,2012-12-19,103.06,3
4543,2012-12-21,83.11,4
4543,2013-01-18,120.6,5
4543,2013-04-16,80.27,6
4543,2013-05-11,85.34,7
4543,2013-07-21,90.04,8
4543,2013-08-15,124.22,9
4543,2013-08-30,71.75,10
4543,2013-10-17,101.15,11
4543,2014-01-05,84.02,12
4543,2014-01-28,75.75,13
4543,2014-04-08,65.73,14
4543,2014-04-10,103.64,15
4543,2014-06-12,117.3,16
4543,2014-07-02,124.88,17
4543,2014-09-03,104.57,18
4927,2014-01-15,9.2,1
4927,2014-04-02,6.78,2
4927,2014-04-08,13.24,3
4927,2014-04-28,8.89,4
4927,2014-05-14,9.18,5
4927,2014-07-21,7.71,6
10451,2013-03-12,6.1,1
10451,2014-06-23,7.54,2
10451,2014-09-29,3.36,3
2926,2012-10-09,55.54,1
2926,2012-11-11,56.91,2
2926,2012-11-28,73.62,3
2926,2013-02-04,70.01,4
2926,2013-03-02,74.33,5
2926,2013-03-15,86.01,6
2926,2013-03-18,65.33,7
2926,2013-06-21,98.27,8
2926,2013-07-20,78.88,9
2926,2013-08-05,57.59,10
2926,2013-09-10,96.45,11
2926,2013-10-19,72.7,12
2926,2013-11-09,58.61,13
2926,2013-11-24,71.11,14
2926,2013-12-22,54.63,15
2926,2014-01-31,58.55,16
2926,2014-02-26,45.29,17
2926,2014-04-13,61.7,18
2926,2014-04-26,55.96,19
2926,2014-08-04,42.51,20
2874,2013-03-07,6.35,1
2874,2013-06-07,5.19,2
2874,2013-10-05,5.31,3
2874,2014-09-15,7.14,4
9738,2013-01-13,21.0,1
9738,2013-07-18,14.8,2
9738,2013-10-06,13.65,3
9738,2013-12-12,12.49,4
9738,2014-06-09,12.47,5
9738,2014-08-23,14.58,6
7119,2013-01-12,54.27,1
7119,2013-03-02,77.17,2
7119,2013-03-24,53.1,3
7119,2013-03-30,128.41,4
7119,2013-10-11,57.81,5
7119,2013-10-15,46.72,6
7119,2013-11-02,104.72,7
7119,2013-11-10,75.48,8
7119,2013-12-10,42.54,9
7119,2014-03-02,57.99,10
7119,2014-08-21,88.78,11
3924,2014-03-17,40.44,1
3924,2014-03-25,29.66,2
3924,2014-04-04,33.76,3
3924,2014-04-23,36.21,4
3924,2014-05-09,38.7,5
3924,2014-05-19,49.11,6
3924,2014-06-02,31.67,7
3924,2014-06-03,46.85,8
3924,2014-06-03,38.38,9
3924,2014-06-06,43.76,10
3924,2014-06-07,30.3,11
3924,2014-06-09,37.81,12
3924,2014-06-10,25.39,13
3924,2014-06-17,28.85,14
3924,2014-06-19,37.95,15
3924,2014-06-20,46.59,16
3924,2014-07-11,51.6,17
3924,2014-07-22,49.46,18
3924,2014-08-01,37.28,19
3924,2014-08-06,47.41,20
3924,2014-08-09,39.38,21
3924,2014-08-24,22.02,22
3924,2014-09-01,38.42,23
5827,2014-04-16,8.46,1
5827,2014-06-25,4.74,2
5827,2014-06-28,8.06,3
5827,2014-07-24,6.45,4
5827,2014-07-31,10.16,5
5827,2014-08-06,6.18,6
5827,2014-08-13,7.95,7
5596,2013-10-12,30.55,1
5596,2013-10-14,24.33,2
5596,2013-11-10,42.11,3
5596,2013-11-16,51.07,4
5596,2013-12-26,45.19,5
5596,2014-01-21,49.95,6
5596,2014-04-05,36.58,7
5596,2014-05-06,31.1,8
5596,2014-05-08,40.31,9
5596,2014-05-13,30.47,10
5596,2014-05-27,20.49,11
5596,2014-05-29,29.08,12
5596,2014-05-29,29.35,13
5596,2014-06-10,36.4,14
5596,2014-06-19,28.01,15
5596,2014-07-02,30.72,16
5596,2014-07-23,33.25,17
5596,2014-08-10,40.14,18
5596,2014-08-19,48.24,19
5596,2014-08-22,22.66,20
10812,2014-03-01,16.67,1
10812,2014-05-11,13.58,2
10812,2014-05-17,11.54,3
10812,2014-05-28,15.65,4
10812,2014-06-16,18.85,5
10812,2014-07-08,13.72,6
1717,2014-04-13,19.85,1
1717,2014-05-12,17.57,2
1717,2014-06-26,13.89,3
1717,2014-07-02,29.97,4
1717,2014-07-04,25.72,5
1717,2014-07-15,26.76,6
1717,2014-07-20,19.37,7
1717,2014-07-26,15.58,8
1717,2014-07-28,18.97,9
1717,2014-08-23,33.32,10
9491,2013-12-27,4.69,1
9491,2014-04-05,5.59,2
9491,2014-05-15,9.3,3
9491,2014-06-14,6.39,4
9491,2014-06-24,4.78,5
9491,2014-06-26,5.16,6
9491,2014-07-29,5.09,7
9274,2013-03-28,63.58,1
9274,2013-04-08,44.93,2
9274,2013-04-13,58.55,3
9274,2013-05-25,74.27,4
9274,2013-07-03,47.25,5
9274,2013-08-04,42.74,6
9274,2013-08-04,66.58,7
9274,2013-08-19,47.45,8
9274,2013-09-11,38.93,9
9274,2013-09-25,35.74,10
9274,2013-10-04,53.82,11
9274,2013-12-02,42.72,12
9274,2013-12-15,70.07,13
9274,2014-02-03,51.24,14
9274,2014-02-17,49.81,15
9274,2014-02-22,63.26,16
9274,2014-02-26,53.56,17
9274,2014-04-07,23.2,18
9274,2014-05-16,41.91,19
9274,2014-05-20,40.46,20
9274,2014-06-04,56.33,21
9274,2014-08-22,83.6,22
6609,2012-10-05,11.47,1
6609,2013-01-20,16.37,2
6609,2013-03-08,14.54,3
6609,2013-10-07,12.71,4
6609,2014-01-24,19.42,5
6609,2014-08-02,17.48,6
6963,2014-03-05,49.73,1
6963,2014-03-26,64.42,2
6963,2014-04-03,51.24,3
6963,2014-05-04,60.85,4
6963,2014-05-04,72.39,5
6963,2014-05-07,53.06,6
6963,2014-05-13,121.82,7
6963,2014-05-20,80.07,8
6963,2014-05-20,50.99,9
6963,2014-05-21,56.21,10
6963,2014-05-21,92.87,11
6963,2014-05-26,31.56,12
6963,2014-06-16,68.41,13
6963,2014-06-20,40.9,14
6963,2014-06-26,87.49,15
6963,2014-07-01,83.4,16
6963,2014-07-12,80.58,17
4440,2013-09-10,49.76,1
4440,2013-09-14,20.56,2
4440,2013-11-02,29.04,3
4440,2013-11-21,26.94,4
4440,2013-11-30,43.16,5
4440,2013-12-03,35.33,6
4440,2014-01-26,27.51,7
4440,2014-02-18,25.31,8
4440,2014-03-02,23.29,9
4440,2014-03-22,44.99,10
4440,2014-03-30,27.75,11
4440,2014-04-03,17.32,12
4440,2014-05-02,43.39,13
4440,2014-05-05,29.11,14
4440,2014-05-07,27.32,15
4440,2014-05-09,38.1,16
4440,2014-07-04,27.13,17
1379,2013-04-27,15.62,1
1379,2013-05-19,27.02,2
1379,2013-06-30,31.16,3
1379,2013-09-07,18.33,4
1379,2013-10-06,18.36,5
1379,2013-11-18,21.01,6
1379,2014-01-28,20.18,7
1379,2014-04-29,40.06,8
1379,2014-07-29,16.59,9
1379,2014-09-23,17.66,10
10032,2014-01-18,5.8,1
10032,2014-05-19,6.47,2
10032,2014-05-31,5.77,3
10032,2014-06-12,4.32,4
10032,2014-06-12,5.52,5
10032,2014-06-26,4.83,6
10032,2014-07-11,3.3,7
2826,2013-10-28,7.55,1
2826,2014-04-08,8.8,2
2826,2014-04-30,5.33,3
2826,2014-05-23,8.28,4
2826,2014-09-07,5.03,5
2437,2013-06-03,75.32,1
2437,2013-07-01,81.56,2
2437,2013-07-07,75.18,3
2437,2013-07-26,67.45,4
2437,2013-07-29,53.71,5
2437,2013-08-19,44.84,6
2437,2013-08-28,59.67,7
2437,2013-10-18,61.24,8
2437,2013-12-17,74.68,9
2437,2014-01-04,60.98,10
2437,2014-01-09,86.11,11
2437,2014-01-18,60.25,12
2437,2014-02-11,88.58,13
2437,2014-02-21,71.61,14
2437,2014-02-22,55.79,15
2437,2014-04-03,60.55,16
2437,2014-05-26,68.84,17
2437,2014-06-01,69.4,18
2437,2014-06-03,56.31,19
2437,2014-06-18,57.77,20
2437,2014-07-04,89.98,21
2437,2014-07-05,61.59,22
2437,2014-07-28,68.6,23
6320,2013-02-06,75.63,1
6320,2013-02-25,96.75,2
6320,2013-02-28,51.05,3
6320,2013-03-27,73.22,4
6320,2013-05-24,71.79,5
6320,2013-05-24,67.24,6
6320,2013-06-14,49.6,7
6320,2013-08-07,59.79,8
6320,2013-08-19,70.36,9
6320,2013-09-13,72.45,10
6320,2013-09-19,56.99,11
6320,2013-10-01,55.13,12
6320,2013-10-08,64.9,13
6320,2014-01-23,66.78,14
6320,2014-03-05,47.92,15
6320,2014-04-08,66.02,16
6320,2014-04-19,45.7,17
6320,2014-06-10,79.98,18
6320,2014-07-03,98.46,19
6320,2014-07-29,67.5,20
6320,2014-07-29,83.05,21
6320,2014-08-24,73.68,22
3050,2013-12-17,21.47,1
3050,2014-02-02,19.25,2
3050,2014-03-31,16.89,3
3050,2014-05-03,22.76,4
3050,2014-05-20,24.83,5
3050,2014-05-29,27.88,6
3050,2014-05-31,24.88,7
3050,2014-06-23,17.4,8
3050,2014-06-25,18.46,9
3050,2014-09-22,24.18,10
231,2014-03-11,6.77,1
231,2014-05-22,6.0,2
231,2014-06-20,3.03,3
231,2014-06-20,7.25,4
231,2014-07-11,7.95,5
2392,2013-07-29,10.84,1
2392,2013-10-17,11.52,2
2392,2013-11-18,10.13,3
2392,2013-12-30,11.54,4
2392,2014-03-15,16.14,5
2392,2014-08-07,14.83,6
9478,2012-11-23,22.17,1
9478,2012-12-25,20.12,2
9478,2012-12-25,21.92,3
9478,2013-01-14,35.87,4
9478,2013-02-17,22.43,5
9478,2013-02-28,24.61,6
9478,2013-06-07,36.04,7
9478,2013-07-22,25.76,8
9478,2013-09-28,35.63,9
9478,2014-01-09,25.92,10
9478,2014-05-01,25.95,11
9478,2014-08-09,27.82,12
9478,2014-09-05,26.74,13
113,2013-07-16,6.03,1
113,2014-04-15,5.25,2
113,2014-06-28,5.4,3
113,2014-09-02,5.32,4
2863,2013-08-23,76.62,1
2863,2013-09-30,71.33,2
2863,2013-10-12,45.77,3
2863,2013-11-13,77.78,4
2863,2013-12-30,79.42,5
2863,2014-02-12,128.64,6
2863,2014-02-21,72.18,7
2863,2014-03-03,55.84,8
2863,2014-05-14,42.49,9
2863,2014-05-17,87.93,10
2863,2014-05-19,87.49,11
2863,2014-06-13,37.69,12
2863,2014-07-19,53.33,13
2863,2014-07-27,64.25,14
2863,2014-07-30,51.24,15
1802,2013-01-17,29.85,1
1802,2013-02-10,28.56,2
1802,2013-02-14,31.27,3
1802,2013-03-08,34.61,4
1802,2013-03-21,35.61,5
1802,2013-04-28,49.32,6
1802,2013-05-14,52.38,7
1802,2013-07-05,30.93,8
1802,2013-07-20,25.73,9
1802,2013-08-14,44.86,10
1802,2013-09-10,21.99,11
1802,2013-12-11,30.43,12
1802,2014-02-04,24.86,13
1802,2014-02-11,32.58,14
1802,2014-03-06,25.14,15
1802,2014-04-11,40.8,16
1802,2014-06-27,39.19,17
1802,2014-09-12,24.89,18
520,2013-07-01,5.04,1
520,2013-10-16,8.92,2
520,2014-07-16,7.05,3
8275,2014-02-09,4.8,1
8275,2014-08-02,6.4,2
8275,2014-09-29,7.8,3
9750,2013-02-07,43.32,1
9750,2013-02-25,61.36,2
9750,2013-03-12,79.96,3
9750,2013-03-24,64.58,4
9750,2013-05-13,55.0,5
9750,2013-06-12,69.47,6
9750,2013-07-05,58.29,7
9750,2013-08-13,58.96,8
9750,2013-10-26,83.58,9
9750,2014-01-20,66.4,10
9750,2014-02-02,66.92,11
9750,2014-03-21,135.11,12
9750,2014-03-21,44.49,13
9750,2014-04-22,59.97,14
9750,2014-04-23,80.69,15
9750,2014-05-16,65.64,16
9750,2014-06-03,63.72,17
9750,2014-08-25,76.55,18
2607,2013-01-11,33.6,1
2607,2013-02-16,41.89,2
2607,2013-03-07,29.69,3
2607,2013-03-08,23.76,4
2607,2013-03-23,26.73,5
2607,2013-03-31,45.85,6
2607,2013-05-16,31.62,7
2607,2013-06-02,42.9,8
2607,2013-09-09,34.33,9
2607,2013-09-18,22.93,10
2607,2013-09-28,44.42,11
2607,2013-12-20,37.08,12
2607,2014-01-29,35.97,13
2607,2014-02-18,42.88,14
2607,2014-02-26,20.66,15
2607,2014-02-27,22.7,16
2607,2014-03-30,19.04,17
2607,2014-07-19,32.95,18
7214,2013-07-05,47.83,1
7214,2013-07-24,100.62,2
7214,2013-08-02,72.19,3
7214,2013-10-09,86.47,4
7214,2013-12-06,36.82,5
7214,2013-12-13,94.36,6
7214,2013-12-21,71.92,7
7214,2014-01-07,55.38,8
7214,2014-03-07,57.3,9
7214,2014-05-04,76.78,10
7214,2014-05-15,46.67,11
7214,2014-05-16,89.22,12
7214,2014-05-27,95.03,13
7214,2014-06-04,40.59,14
7214,2014-06-17,70.16,15
7214,2014-07-04,49.41,16
7214,2014-08-17,66.23,17
5835,2013-07-02,7.94,1
5835,2013-09-05,7.99,2
5835,2013-10-23,6.6,3
5835,2013-10-27,10.39,4
5835,2014-04-11,9.79,5
5835,2014-08-27,13.29,6
3896,2013-11-07,9.61,1
3896,2014-03-14,9.38,2
3896,2014-04-03,6.06,3
3896,2014-10-02,9.95,4
10350,2013-05-09,8.38,1
10350,2013-12-28,16.31,2
10350,2014-03-24,7.4,3
10350,2014-08-29,5.92,4
7786,2013-02-13,13.3,1
7786,2013-04-12,12.38,2
7786,2013-04-29,23.61,3
7786,2014-02-09,21.34,4
7786,2014-03-27,25.22,5
7786,2014-04-23,22.97,6
7786,2014-05-30,14.95,7
7786,2014-09-13,15.23,8
2861,2013-04-16,6.01,1
2861,2014-01-04,6.59,2
2861,2014-07-18,6.39,3
663,2013-09-11,11.11,1
663,2013-12-13,12.26,2
663,2014-01-21,15.12,3
663,2014-03-13,10.95,4
663,2014-08-20,15.57,5
10675,2013-04-03,57.75,1
10675,2013-04-20,83.91,2
10675,2013-05-14,57.57,3
10675,2013-06-06,80.38,4
10675,2013-06-09,124.12,5
10675,2013-06-14,69.41,6
10675,2013-10-01,62.81,7
10675,2013-11-09,53.61,8
10675,2013-12-07,47.6,9
10675,2013-12-07,84.24,10
10675,2014-01-09,88.74,11
10675,2014-01-15,49.06,12
10675,2014-02-16,41.9,13
10675,2014-02-25,66.84,14
10675,2014-03-02,65.24,15
10675,2014-05-08,42.16,16
10675,2014-07-15,62.67,17
2521,2013-01-10,10.32,1
2521,2013-04-04,11.2,2
2521,2013-11-11,7.86,3
2521,2014-09-25,11.62,4
9592,2013-06-30,5.72,1
9592,2013-12-27,5.18,2
9592,2014-01-30,4.86,3
9592,2014-03-23,3.25,4
9592,2014-08-15,5.99,5
10151,2012-10-06,43.85,1
10151,2012-10-28,37.68,2
10151,2012-10-31,40.54,3
10151,2012-11-19,39.18,4
10151,2012-12-19,28.92,5
10151,2013-02-04,50.31,6
10151,2013-02-12,47.03,7
10151,2013-05-14,46.53,8
10151,2013-05-23,37.2,9
10151,2013-05-24,28.13,10
10151,2013-09-17,28.34,11
10151,2014-01-04,35.35,12
10151,2014-01-20,39.8,13
10151,2014-03-04,53.07,14
10151,2014-03-08,41.58,15
10151,2014-03-31,46.55,16
10151,2014-04-20,16.72,17
10151,2014-05-14,30.23,18
10151,2014-05-28,32.44,19
10151,2014-07-22,43.28,20
10151,2014-08-28,40.27,21
7381,2012-12-06,71.63,1
7381,2012-12-28,35.02,2
7381,2012-12-31,47.53,3
7381,2013-01-18,84.02,4
7381,2013-06-03,41.79,5
7381,2013-06-20,62.51,6
7381,2013-06-28,40.46,7
7381,2013-08-31,86.0,8
7381,2013-10-16,88.04,9
7381,2013-10-20,65.44,10
7381,2013-10-31,87.62,11
7381,2013-11-10,55.41,12
7381,2014-01-31,74.49,13
7381,2014-03-22,80.35,14
7381,2014-04-25,63.26,15
7381,2014-05-01,70.97,16
7381,2014-05-27,63.27,17
7381,2014-08-06,79.63,18
7381,2014-08-09,49.26,19
7381,2014-08-15,97.82,20
7381,2014-09-25,67.45,21
4099,2012-11-12,11.38,1
4099,2013-03-13,10.6,2
4099,2013-08-24,11.31,3
4099,2014-09-21,7.71,4
9560,2013-03-03,50.97,1
9560,2013-03-28,82.26,2
9560,2013-04-10,80.53,3
9560,2013-04-25,68.15,4
9560,2013-06-20,80.39,5
9560,2013-06-29,49.81,6
9560,2013-09-13,54.09,7
9560,2013-09-18,63.32,8
9560,2013-09-29,94.89,9
9560,2013-11-15,58.56,10
9560,2013-11-27,71.36,11
9560,2013-12-04,54.31,12
9560,2014-01-19,99.56,13
9560,2014-02-04,139.89,14
9560,2014-03-16,75.15,15
9560,2014-03-24,55.99,16
9560,2014-04-21,78.48,17
9560,2014-05-18,77.68,18
9560,2014-06-21,56.11,19
9560,2014-07-29,68.09,20
9560,2014-09-17,92.42,21
1150,2013-09-26,85.27,1
1150,2013-11-08,101.74,2
1150,2013-11-21,92.55,3
1150,2013-12-26,130.22,4
1150,2014-01-01,133.18,5
1150,2014-02-23,114.61,6
1150,2014-03-01,129.98,7
1150,2014-04-01,83.11,8
1150,2014-04-10,114.16,9
1150,2014-06-06,204.98,10
1150,2014-07-05,104.98,11
1150,2014-08-20,74.76,12
1150,2014-08-21,146.89,13
1150,2014-08-30,112.58,14
10172,2012-11-05,110.88,1
10172,2012-11-24,54.15,2
10172,2012-12-08,43.75,3
10172,2012-12-12,107.62,4
10172,2012-12-23,93.43,5
10172,2013-02-12,97.79,6
10172,2013-02-27,52.98,7
10172,2013-04-17,82.52,8
10172,2013-05-10,70.66,9
10172,2013-05-17,74.91,10
10172,2013-05-19,74.03,11
10172,2013-07-21,60.98,12
10172,2013-07-27,73.82,13
10172,2013-09-19,70.27,14
10172,2013-10-07,52.8,15
10172,2013-10-30,58.69,16
10172,2013-11-20,46.9,17
10172,2014-01-21,101.97,18
10172,2014-02-15,101.99,19
10172,2014-07-02,69.86,20
11191,2013-12-07,18.52,1
11191,2014-04-07,14.68,2
11191,2014-04-20,14.76,3
11191,2014-05-26,16.32,4
11191,2014-07-30,20.18,5
11191,2014-08-11,19.27,6
11191,2014-09-24,17.26,7
9707,2012-11-23,63.8,1
9707,2012-11-30,57.49,2
9707,2013-01-12,59.42,3
9707,2013-03-01,62.43,4
9707,2013-05-22,45.76,5
9707,2013-07-04,76.66,6
9707,2013-07-11,40.89,7
9707,2013-08-11,109.95,8
9707,2013-08-31,113.42,9
9707,2013-12-22,59.27,10
9707,2014-02-14,88.42,11
9707,2014-04-06,52.1,12
9707,2014-04-11,45.62,13
9707,2014-04-22,82.34,14
9707,2014-04-29,60.32,15
9707,2014-05-12,59.15,16
9707,2014-08-01,70.96,17
6245,2013-06-13,38.75,1
6245,2013-06-23,26.83,2
6245,2013-07-10,28.0,3
6245,2013-08-21,28.8,4
6245,2013-08-27,20.79,5
6245,2013-09-07,22.6,6
6245,2013-10-26,25.89,7
6245,2013-11-26,31.53,8
6245,2013-12-22,38.04,9
6245,2014-02-15,26.87,10
6245,2014-04-11,29.29,11
6245,2014-05-22,20.39,12
6245,2014-06-15,37.22,13
6245,2014-06-18,40.23,14
6245,2014-06-26,35.23,15
6245,2014-07-26,42.56,16
8234,2013-08-15,3.83,1
8234,2014-02-22,3.9,2
8234,2014-09-22,7.27,3
1411,2013-11-10,68.36,1
1411,2013-11-26,66.74,2
1411,2013-12-19,30.61,3
1411,2014-01-12,68.43,4
1411,2014-01-21,56.97,5
1411,2014-02-12,38.41,6
1411,2014-02-18,35.36,7
1411,2014-03-05,41.81,8
1411,2014-04-28,42.49,9
1411,2014-05-07,70.2,10
1411,2014-06-16,43.84,11
1411,2014-06-18,48.05,12
1411,2014-06-20,55.13,13
1411,2014-07-01,54.18,14
1411,2014-08-08,46.41,15
8553,2013-06-23,9.08,1
8553,2013-08-25,9.83,2
8553,2013-09-08,10.18,3
8553,2014-08-01,9.92,4
1826,2014-06-16,70.8,1
1826,2014-07-04,90.4,2
1826,2014-07-09,50.2,3
1826,2014-08-19,64.25,4
1826,2014-08-26,48.05,5
1826,2014-09-05,69.27,6
1826,2014-09-17,73.13,7
1826,2014-09-18,115.11,8
1826,2014-09-19,65.94,9
1826,2014-09-20,47.35,10
1826,2014-09-21,76.36,11
1826,2014-09-21,53.99,12
1826,2014-09-27,56.64,13
1826,2014-10-05,90.5,14
8842,2012-12-25,11.68,1
8842,2013-04-15,6.7,2
8842,2013-09-01,7.74,3
8842,2014-01-06,5.94,4
8842,2014-09-02,4.94,5
11030,2014-01-03,3.61,1
11030,2014-05-09,4.71,2
11030,2014-07-07,3.68,3
2579,2013-12-17,36.02,1
2579,2013-12-22,33.04,2
2579,2013-12-27,37.76,3
2579,2014-01-21,21.76,4
2579,2014-02-23,39.4,5
2579,2014-03-03,33.0,6
2579,2014-03-26,31.47,7
2579,2014-03-30,37.93,8
2579,2014-04-04,36.2,9
2579,2014-04-28,49.5,10
2579,2014-05-03,25.06,11
2579,2014-05-17,39.61,12
2579,2014-05-29,50.92,13
2579,2014-05-29,48.14,14
2579,2014-06-03,39.99,15
2579,2014-06-06,46.54,16
2579,2014-06-15,28.22,17
2579,2014-06-16,51.93,18
2579,2014-06-16,52.06,19
2579,2014-06-18,25.03,20
2579,2014-06-28,29.79,21
2579,2014-07-02,33.64,22
175,2013-01-10,74.2,1
175,2013-01-23,52.99,2
175,2013-02-22,39.76,3
175,2013-03-10,60.83,4
175,2013-04-03,90.04,5
175,2013-04-29,84.1,6
175,2013-05-05,49.92,7
175,2013-05-12,71.65,8
175,2013-06-03,55.48,9
175,2013-07-05,69.07,10
175,2013-08-10,66.07,11
175,2013-09-26,56.24,12
175,2013-12-08,66.44,13
175,2013-12-31,98.24,14
175,2014-02-03,54.16,15
175,2014-02-20,95.02,16
175,2014-02-26,69.93,17
175,2014-02-27,75.38,18
175,2014-04-26,81.89,19
175,2014-07-04,38.57,20
9185,2013-10-28,88.61,1
9185,2013-11-06,55.63,2
9185,2013-11-18,63.6,3
9185,2014-01-29,72.86,4
9185,2014-02-25,68.51,5
9185,2014-03-27,65.84,6
9185,2014-04-09,49.35,7
9185,2014-04-14,43.11,8
9185,2014-05-09,93.8,9
9185,2014-05-19,68.93,10
9185,2014-05-26,64.91,11
9185,2014-06-10,79.27,12
9185,2014-07-08,77.88,13
9185,2014-07-28,55.44,14
9185,2014-08-28,81.25,15
11056,2012-10-27,88.76,1
11056,2012-11-27,40.28,2
11056,2012-12-12,66.21,3
11056,2013-02-09,43.33,4
11056,2013-04-14,80.79,5
11056,2013-05-07,86.75,6
11056,2013-07-21,110.97,7
11056,2013-09-22,64.93,8
11056,2013-10-04,70.25,9
11056,2014-01-23,54.53,10
11056,2014-06-06,69.87,11
11056,2014-06-12,44.44,12
11056,2014-06-26,67.84,13
11056,2014-07-07,63.21,14
11056,2014-08-02,73.09,15
11056,2014-08-22,85.42,16
11056,2014-09-17,55.34,17
9365,2012-12-22,74.31,1
9365,2013-01-04,55.85,2
9365,2013-01-22,61.64,3
9365,2013-01-29,85.18,4
9365,2013-03-01,78.13,5
9365,2013-03-09,37.81,6
9365,2013-04-28,54.39,7
9365,2013-06-01,55.21,8
9365,2013-06-11,102.83,9
9365,2013-06-13,56.64,10
9365,2013-06-21,63.63,11
9365,2013-09-22,100.45,12
9365,2013-09-23,71.79,13
9365,2013-09-24,41.82,14
9365,2013-11-19,76.68,15
9365,2013-12-24,78.07,16
9365,2014-02-15,42.78,17
9365,2014-03-15,52.94,18
9365,2014-08-09,74.86,19
6201,2013-11-29,6.8,1
6201,2014-03-28,7.22,2
6201,2014-04-26,7.57,3
6201,2014-06-17,7.77,4
6201,2014-08-21,9.64,5
2061,2013-05-11,11.83,1
2061,2013-11-23,15.14,2
2061,2014-01-03,21.76,3
2061,2014-05-03,14.42,4
2061,2014-05-14,12.45,5
2061,2014-08-05,13.41,6
6184,2012-12-12,140.28,1
6184,2012-12-18,196.59,2
6184,2013-01-01,86.74,3
6184,2013-02-26,110.03,4
6184,2013-04-12,103.11,5
6184,2013-05-25,96.3,6
6184,2013-11-19,77.91,7
6184,2014-02-03,88.69,8
6184,2014-02-07,85.52,9
6184,2014-03-03,104.96,10
6184,2014-03-16,114.08,11
6184,2014-05-10,145.46,12
6184,2014-07-02,175.44,13
6184,2014-09-29,96.89,14
6142,2013-08-20,91.18,1
6142,2013-09-14,66.32,2
6142,2013-09-19,48.58,3
6142,2014-02-21,85.16,4
6142,2014-03-16,55.76,5
6142,2014-03-26,89.58,6
6142,2014-04-09,81.1,7
6142,2014-04-19,68.65,8
6142,2014-06-07,67.68,9
6142,2014-06-10,81.04,10
6142,2014-06-11,58.12,11
6142,2014-06-18,51.46,12
6142,2014-08-01,47.36,13
4107,2013-10-08,22.61,1
4107,2013-11-06,29.19,2
4107,2013-11-24,27.38,3
4107,2013-12-27,36.02,4
4107,2014-01-03,28.68,5
4107,2014-01-29,34.15,6
4107,2014-02-12,15.55,7
4107,2014-04-04,34.15,8
4107,2014-04-23,32.64,9
4107,2014-05-09,25.49,10
4107,2014-06-17,24.5,11
4107,2014-07-19,24.33,12
4107,2014-08-06,26.44,13
4107,2014-08-14,25.86,14
7274,2012-10-07,84.2,1
7274,2012-10-09,98.5,2
7274,2012-11-20,80.54,3
7274,2012-11-24,76.89,4
7274,2013-04-02,56.84,5
7274,2013-04-03,91.2,6
7274,2013-06-15,106.14,7
7274,2013-07-09,83.6,8
7274,2013-07-23,104.72,9
7274,2013-11-14,118.95,10
7274,2013-11-26,96.81,11
7274,2013-11-30,95.84,12
7274,2013-12-12,76.89,13
7274,2013-12-13,159.25,14
7274,2014-01-30,155.53,15
7274,2014-03-02,114.21,16
7274,2014-03-23,96.82,17
7274,2014-05-04,123.69,18
7274,2014-05-05,98.04,19
7274,2014-06-07,75.02,20
7274,2014-07-10,98.3,21
9336,2014-03-22,37.56,1
9336,2014-04-02,25.03,2
9336,2014-04-21,30.57,3
9336,2014-05-08,32.5,4
9336,2014-05-27,36.16,5
9336,2014-06-04,21.26,6
9336,2014-06-05,51.22,7
9336,2014-06-09,33.29,8
9336,2014-06-15,30.7,9
9336,2014-06-22,38.96,10
9336,2014-06-23,38.73,11
9336,2014-07-06,40.61,12
9336,2014-07-24,30.5,13
9336,2014-07-25,24.41,14
9336,2014-07-25,47.0,15
9336,2014-08-07,25.25,16
9336,2014-08-09,28.04,17
9336,2014-08-28,23.21,18
2958,2014-02-24,5.91,1
2958,2014-04-26,7.33,2
2958,2014-06-13,11.84,3
2958,2014-06-23,4.37,4
2958,2014-07-09,4.51,5
2958,2014-07-24,7.54,6
2958,2014-08-13,9.49,7
5837,2012-12-28,32.58,1
5837,2013-01-31,42.89,2
5837,2013-02-07,27.01,3
5837,2013-02-26,29.49,4
5837,2013-04-29,28.53,5
5837,2013-04-30,25.6,6
5837,2013-05-29,51.99,7
5837,2013-07-16,19.1,8
5837,2013-09-17,18.02,9
5837,2013-09-21,32.07,10
5837,2013-12-06,17.13,11
5837,2013-12-16,28.38,12
5837,2014-02-19,19.9,13
5837,2014-03-04,32.18,14
5837,2014-07-30,24.15,15
10704,2012-10-07,29.41,1
10704,2012-11-16,20.27,2
10704,2012-12-14,35.84,3
10704,2013-06-09,30.63,4
10704,2013-07-19,21.68,5
10704,2013-08-15,28.66,6
10704,2013-08-20,50.59,7
10704,2013-10-18,25.68,8
10704,2013-10-23,28.58,9
10704,2013-10-29,34.47,10
10704,2014-02-06,44.63,11
10704,2014-03-18,35.33,12
10704,2014-03-18,19.12,13
10704,2014-04-10,40.8,14
10704,2014-05-09,41.51,15
10704,2014-06-14,41.65,16
10704,2014-08-01,22.15,17
5125,2013-05-17,38.99,1
5125,2013-05-29,70.54,2
5125,2013-06-06,55.86,3
5125,2013-07-03,59.1,4
5125,2013-07-04,43.52,5
5125,2013-07-22,36.71,6
5125,2013-08-13,38.22,7
5125,2013-09-14,47.43,8
5125,2013-09-25,47.62,9
5125,2013-09-30,73.03,10
5125,2013-11-15,54.99,11
5125,2013-12-06,64.85,12
5125,2014-01-29,48.55,13
5125,2014-02-08,49.8,14
5125,2014-03-23,49.85,15
5125,2014-03-23,52.18,16
5125,2014-03-27,39.23,17
5125,2014-05-04,79.15,18
5125,2014-05-20,39.09,19
5125,2014-06-01,42.46,20
5125,2014-06-11,48.86,21
5125,2014-07-16,57.69,22
5125,2014-07-26,51.31,23
5125,2014-07-29,82.86,24
5125,2014-08-02,47.1,25
4432,2013-03-16,13.5,1
4432,2013-07-09,5.97,2
4432,2013-09-13,8.05,3
4432,2014-06-02,9.49,4
4432,2014-07-15,4.99,5
5955,2012-11-17,108.6,1
5955,2012-11-26,203.38,2
5955,2012-12-21,105.7,3
5955,2013-02-28,116.1,4
5955,2013-03-08,84.28,5
5955,2013-06-05,127.88,6
5955,2013-09-01,145.32,7
5955,2013-09-07,86.48,8
5955,2013-11-05,126.07,9
5955,2013-12-02,90.94,10
5955,2014-01-31,101.92,11
5955,2014-02-20,160.81,12
5955,2014-03-02,70.13,13
5955,2014-06-05,61.38,14
5955,2014-09-08,110.02,15
2928,2012-12-01,60.19,1
2928,2013-01-04,64.04,2
2928,2013-01-19,66.79,3
2928,2013-02-20,47.42,4
2928,2013-03-14,53.97,5
2928,2013-03-24,81.68,6
2928,2013-09-17,56.65,7
2928,2013-10-20,78.89,8
2928,2013-12-06,77.16,9
2928,2013-12-25,92.87,10
2928,2014-01-18,79.67,11
2928,2014-03-02,73.42,12
2928,2014-03-03,56.43,13
2928,2014-08-03,62.82,14
5680,2014-04-22,4.3,1
5680,2014-07-01,7.71,2
5680,2014-07-12,6.57,3
5680,2014-07-31,8.42,4
10313,2012-10-28,24.6,1
10313,2012-12-18,27.11,2
10313,2013-05-02,19.35,3
10313,2013-08-03,18.52,4
10313,2013-10-02,19.02,5
10313,2013-11-14,29.59,6
10313,2013-12-10,18.08,7
10313,2014-01-12,16.08,8
10313,2014-02-16,23.61,9
10313,2014-07-28,20.05,10
2557,2013-08-29,3.98,1
2557,2013-12-07,4.79,2
2557,2014-01-08,3.54,3
2557,2014-08-14,5.7,4
1245,2012-11-11,57.12,1
1245,2012-11-21,42.54,2
1245,2012-12-28,72.47,3
1245,2013-01-02,52.39,4
1245,2013-02-13,43.53,5
1245,2013-02-21,75.81,6
1245,2013-02-28,60.03,7
1245,2013-03-17,57.7,8
1245,2013-03-22,48.82,9
1245,2013-04-13,121.91,10
1245,2013-04-18,67.16,11
1245,2013-07-22,84.74,12
1245,2013-10-05,76.82,13
1245,2013-11-29,54.97,14
1245,2013-12-05,67.39,15
1245,2014-02-03,85.64,16
1245,2014-03-04,52.84,17
1245,2014-03-23,82.72,18
1245,2014-08-21,65.41,19
1726,2013-03-18,13.87,1
1726,2013-11-08,8.27,2
1726,2014-01-20,11.92,3
1726,2014-09-12,7.93,4
4459,2012-12-30,8.82,1
4459,2013-09-21,10.34,2
4459,2014-02-12,6.34,3
4459,2014-09-22,10.5,4
1729,2013-10-02,55.23,1
1729,2013-10-10,97.15,2
1729,2013-10-14,65.13,3
1729,2013-11-07,67.02,4
1729,2013-12-01,71.79,5
1729,2013-12-06,85.03,6
1729,2014-01-17,53.31,7
1729,2014-01-27,103.65,8
1729,2014-03-25,76.64,9
1729,2014-04-06,58.64,10
1729,2014-04-24,61.43,11
1729,2014-05-03,53.35,12
1729,2014-05-26,79.82,13
1729,2014-06-03,64.53,14
1729,2014-06-22,46.41,15
1729,2014-06-22,46.85,16
1729,2014-06-23,86.2,17
1729,2014-09-21,47.82,18
1517,2013-06-14,9.14,1
1517,2013-08-20,10.47,2
1517,2013-12-13,10.14,3
1517,2014-07-05,9.25,4
2098,2013-01-08,6.7,1
2098,2013-06-20,4.27,2
2098,2014-08-28,5.04,3
9543,2013-11-14,5.79,1
9543,2014-02-10,6.18,2
9543,2014-07-23,4.03,3
6878,2012-12-12,25.34,1
6878,2013-02-02,12.6,2
6878,2013-06-12,17.15,3
6878,2013-06-17,29.1,4
6878,2013-08-25,26.68,5
6878,2013-08-25,29.73,6
6878,2013-11-12,31.86,7
6878,2013-12-12,19.8,8
6878,2014-02-12,23.91,9
6878,2014-05-26,31.16,10
6878,2014-09-21,21.69,11
2724,2014-03-30,3.89,1
2724,2014-06-08,4.28,2
2724,2014-09-02,4.83,3
948,2013-05-15,7.74,1
948,2013-09-21,3.78,2
948,2013-12-17,6.95,3
948,2014-02-14,4.81,4
948,2014-09-03,4.71,5
6720,2013-10-16,22.97,1
6720,2013-12-13,21.3,2
6720,2013-12-14,36.48,3
6720,2013-12-30,33.92,4
6720,2014-01-16,16.8,5
6720,2014-02-13,37.67,6
6720,2014-04-03,13.66,7
6720,2014-04-14,34.16,8
6720,2014-05-05,27.7,9
6720,2014-05-07,37.28,10
6720,2014-06-06,16.19,11
6720,2014-08-12,30.88,12
6720,2014-08-18,25.8,13
6720,2014-09-24,30.19,14
6202,2012-10-05,40.2,1
6202,2012-10-17,46.65,2
6202,2012-10-31,40.25,3
6202,2012-11-27,32.17,4
6202,2012-12-06,39.85,5
6202,2012-12-20,43.81,6
6202,2013-01-08,36.75,7
6202,2013-04-01,37.48,8
6202,2013-04-23,26.77,9
6202,2013-05-26,32.67,10
6202,2013-06-24,50.48,11
6202,2013-08-10,46.28,12
6202,2013-08-13,31.88,13
6202,2013-12-03,29.01,14
6202,2013-12-08,40.34,15
6202,2014-01-26,41.62,16
6202,2014-02-09,37.78,17
6202,2014-04-05,38.08,18
6202,2014-04-20,32.72,19
6202,2014-05-16,41.54,20
6202,2014-07-03,36.94,21
6202,2014-07-19,42.72,22
2066,2013-01-10,23.64,1
2066,2013-04-12,14.27,2
2066,2013-04-16,12.72,3
2066,2013-08-06,13.73,4
2066,2014-01-13,10.6,5
2066,2014-08-10,16.05,6
9799,2013-05-08,61.11,1
9799,2013-06-27,77.13,2
9799,2013-07-04,94.47,3
9799,2013-07-23,65.52,4
9799,2013-09-15,49.24,5
9799,2013-10-24,58.35,6
9799,2013-12-16,76.42,7
9799,2013-12-23,92.97,8
9799,2014-01-29,53.17,9
9799,2014-02-15,90.08,10
9799,2014-02-22,49.64,11
9799,2014-02-25,63.99,12
9799,2014-03-20,66.6,13
9799,2014-07-11,52.68,14
9799,2014-08-01,63.04,15
9799,2014-08-09,72.62,16
8318,2014-01-03,94.86,1
8318,2014-01-20,84.13,2
8318,2014-01-24,113.75,3
8318,2014-02-21,94.19,4
8318,2014-03-14,89.18,5
8318,2014-03-30,76.45,6
8318,2014-04-17,72.0,7
8318,2014-04-25,68.49,8
8318,2014-04-30,64.33,9
8318,2014-05-16,96.76,10
8318,2014-06-01,116.89,11
8318,2014-07-06,67.55,12
8318,2014-08-08,127.06,13
8318,2014-08-08,88.25,14
8318,2014-08-19,81.37,15
8318,2014-08-22,83.14,16
8318,2014-08-30,63.8,17
8318,2014-09-22,104.83,18
8318,2014-09-28,93.98,19
5642,2013-12-09,16.25,1
5642,2014-01-26,17.38,2
5642,2014-03-17,39.56,3
5642,2014-04-29,19.53,4
5642,2014-05-28,14.53,5
5642,2014-05-31,20.21,6
5642,2014-06-09,32.71,7
5642,2014-06-16,17.2,8
5642,2014-07-24,13.03,9
5642,2014-10-05,27.6,10
2669,2014-05-04,99.69,1
2669,2014-05-27,35.31,2
2669,2014-06-06,92.65,3
2669,2014-07-05,70.09,4
2669,2014-07-09,125.69,5
2669,2014-07-11,79.09,6
2669,2014-07-13,60.9,7
2669,2014-07-14,60.9,8
2669,2014-07-15,68.33,9
2669,2014-07-16,84.16,10
2669,2014-07-17,62.37,11
2669,2014-07-22,51.81,12
2669,2014-07-23,54.31,13
2669,2014-07-24,43.05,14
2669,2014-07-31,57.66,15
455,2013-04-18,28.0,1
455,2013-05-17,23.93,2
455,2013-08-02,17.4,3
455,2013-09-02,14.11,4
455,2013-09-17,16.28,5
455,2014-03-14,23.16,6
455,2014-04-09,19.75,7
455,2014-05-21,24.41,8
455,2014-07-11,17.95,9
7683,2014-02-25,45.25,1
7683,2014-03-05,24.85,2
7683,2014-03-11,36.49,3
7683,2014-04-08,38.42,4
7683,2014-04-28,25.99,5
7683,2014-05-03,53.59,6
7683,2014-05-09,31.34,7
7683,2014-05-11,42.25,8
7683,2014-05-13,26.26,9
7683,2014-05-17,34.1,10
7683,2014-05-20,38.83,11
7683,2014-05-23,29.43,12
7683,2014-05-23,44.52,13
7683,2014-05-24,23.85,14
7683,2014-06-01,27.15,15
7683,2014-06-04,37.99,16
7683,2014-06-12,23.52,17
7683,2014-06-20,36.77,18
7683,2014-06-24,44.46,19
7683,2014-07-17,43.94,20
3428,2013-10-06,73.03,1
3428,2013-11-07,101.39,2
3428,2013-11-11,110.05,3
3428,2013-11-13,70.23,4
3428,2013-11-25,69.51,5
3428,2013-12-30,43.77,6
3428,2014-01-20,91.51,7
3428,2014-01-23,71.54,8
3428,2014-02-18,59.92,9
3428,2014-02-27,51.46,10
3428,2014-03-25,67.51,11
3428,2014-03-28,67.92,12
3428,2014-04-02,48.68,13
3428,2014-04-08,54.44,14
3428,2014-04-11,72.23,15
3428,2014-04-18,84.58,16
3428,2014-04-24,50.93,17
3428,2014-04-25,60.47,18
3428,2014-05-11,62.24,19
3428,2014-05-23,61.87,20
3428,2014-07-13,90.76,21
3428,2014-07-22,42.98,22
3428,2014-08-10,45.97,23
7414,2012-11-08,14.86,1
7414,2012-11-15,15.33,2
7414,2012-12-05,18.04,3
7414,2013-12-14,19.37,4
7414,2014-01-10,18.11,5
7414,2014-01-26,24.94,6
7414,2014-03-24,20.49,7
7414,2014-09-17,22.87,8
6354,2013-05-19,6.09,1
6354,2013-08-08,6.06,2
6354,2013-08-17,6.76,3
6354,2014-08-15,9.09,4
798,2012-12-24,3.8,1
798,2013-03-17,5.53,2
798,2013-10-29,8.35,3
798,2014-07-26,4.32,4
8213,2012-11-09,6.39,1
8213,2013-07-26,13.1,2
8213,2014-01-02,6.17,3
8213,2014-02-06,8.36,4
8213,2014-03-28,12.75,5
8213,2014-05-28,6.49,6
8213,2014-07-26,7.75,7
2488,2013-03-23,10.04,1
2488,2013-08-15,9.79,2
2488,2013-08-16,7.52,3
2488,2014-01-12,8.25,4
2488,2014-03-06,14.35,5
2488,2014-07-17,7.05,6
9999,2012-10-16,68.43,1
9999,2012-11-12,50.38,2
9999,2012-11-13,30.21,3
9999,2012-11-21,26.15,4
9999,2012-12-09,39.99,5
9999,2013-02-09,59.3,6
9999,2013-03-22,48.43,7
9999,2013-03-29,32.53,8
9999,2013-04-02,52.87,9
9999,2013-06-03,38.95,10
9999,2013-07-28,42.87,11
9999,2013-08-15,33.23,12
9999,2013-09-06,54.96,13
9999,2013-12-20,52.97,14
9999,2014-01-03,43.88,15
9999,2014-05-10,45.1,16
9999,2014-06-11,46.47,17
9999,2014-06-12,81.37,18
9999,2014-07-19,36.83,19
9999,2014-07-22,50.74,20
9999,2014-09-16,41.6,21
9999,2014-10-03,41.77,22
7617,2013-08-15,19.41,1
7617,2013-08-24,20.16,2
7617,2013-11-16,16.3,3
7617,2014-01-12,19.49,4
7617,2014-03-13,16.01,5
7617,2014-03-24,13.8,6
7617,2014-05-19,19.84,7
7617,2014-07-14,19.0,8
615,2013-03-11,29.87,1
615,2013-05-01,24.92,2
615,2013-06-19,16.44,3
615,2013-09-23,24.09,4
615,2013-11-16,16.56,5
615,2013-11-21,26.05,6
615,2014-01-30,29.5,7
615,2014-06-16,24.53,8
615,2014-06-30,18.78,9
615,2014-09-06,22.25,10
2552,2013-10-22,26.36,1
2552,2013-11-23,27.34,2
2552,2013-12-09,24.41,3
2552,2014-01-07,26.45,4
2552,2014-01-15,50.39,5
2552,2014-02-11,41.9,6
2552,2014-02-18,30.46,7
2552,2014-03-29,29.15,8
2552,2014-04-10,22.57,9
2552,2014-04-12,34.91,10
2552,2014-05-12,26.72,11
2552,2014-05-24,31.26,12
2552,2014-06-05,18.62,13
2552,2014-07-19,21.4,14
2552,2014-09-24,30.05,15
194,2014-06-09,11.9,1
194,2014-08-08,12.77,2
194,2014-08-09,8.93,3
194,2014-08-11,5.4,4
3645,2012-12-07,12.29,1
3645,2013-01-14,12.41,2
3645,2013-03-14,11.84,3
3645,2013-11-24,10.01,4
3645,2014-01-11,7.46,5
3645,2014-09-16,12.98,6
8890,2014-05-30,24.68,1
8890,2014-07-28,16.21,2
8890,2014-08-05,18.42,3
8890,2014-08-07,28.96,4
8890,2014-08-14,21.26,5
8890,2014-08-23,19.09,6
8890,2014-09-06,37.29,7
8890,2014-09-22,27.48,8
8890,2014-09-24,21.68,9
8890,2014-09-25,27.08,10
8890,2014-10-04,19.86,11
9973,2012-10-17,28.27,1
9973,2012-11-26,33.92,2
9973,2012-12-14,38.56,3
9973,2012-12-25,26.66,4
9973,2013-04-08,17.16,5
9973,2013-04-27,28.51,6
9973,2013-05-03,26.09,7
9973,2013-06-13,34.39,8
9973,2013-07-05,29.56,9
9973,2013-08-13,25.67,10
9973,2013-11-25,27.12,11
9973,2013-12-01,35.4,12
9973,2013-12-23,21.61,13
9973,2014-03-16,23.9,14
9973,2014-06-06,33.55,15
9973,2014-09-07,55.63,16
7301,2012-11-17,5.24,1
7301,2013-03-28,6.06,2
7301,2013-05-20,7.64,3
7301,2013-06-25,7.75,4
7301,2014-02-12,11.89,5
7301,2014-07-21,8.42,6
10882,2012-11-09,64.83,1
10882,2012-11-27,48.33,2
10882,2012-11-27,66.34,3
10882,2013-03-08,55.13,4
10882,2013-04-01,88.63,5
10882,2013-04-17,54.52,6
10882,2013-05-12,65.06,7
10882,2013-07-12,67.31,8
10882,2013-08-29,78.95,9
10882,2013-11-02,102.16,10
10882,2014-05-27,78.96,11
10882,2014-06-17,50.67,12
10882,2014-08-16,68.09,13
7030,2013-03-30,42.77,1
7030,2013-04-18,39.94,2
7030,2013-04-18,49.77,3
7030,2013-05-03,47.07,4
7030,2013-05-09,63.12,5
7030,2013-05-14,29.56,6
7030,2013-06-11,33.67,7
7030,2013-07-05,37.5,8
7030,2013-07-15,29.63,9
7030,2013-07-20,48.51,10
7030,2013-08-06,45.08,11
7030,2013-08-08,57.29,12
7030,2013-09-08,51.68,13
7030,2013-09-24,33.39,14
7030,2013-10-02,43.23,15
7030,2013-10-05,46.69,16
7030,2013-10-15,43.16,17
7030,2013-11-11,37.09,18
7030,2013-11-30,58.26,19
7030,2013-12-06,68.21,20
7030,2014-01-24,46.65,21
7030,2014-01-28,39.5,22
7030,2014-02-14,57.37,23
7030,2014-05-07,38.62,24
7030,2014-05-13,38.59,25
7030,2014-06-14,38.02,26
7030,2014-07-06,60.97,27
7030,2014-07-27,43.95,28
7030,2014-08-12,57.38,29
7030,2014-08-28,59.07,30
7030,2014-09-03,40.99,31
7030,2014-10-04,44.27,32
7422,2012-10-13,34.87,1
7422,2012-12-05,25.35,2
7422,2012-12-20,20.47,3
7422,2013-01-16,39.03,4
7422,2013-01-20,31.97,5
7422,2013-04-17,19.09,6
7422,2013-05-02,29.34,7
7422,2013-07-02,31.33,8
7422,2013-09-13,18.92,9
7422,2013-10-20,25.56,10
7422,2014-04-16,20.71,11
7422,2014-04-20,31.21,12
7422,2014-07-07,35.15,13
3523,2013-01-23,35.74,1
3523,2013-03-06,46.42,2
3523,2013-03-11,47.7,3
3523,2013-04-01,61.35,4
3523,2013-04-11,40.92,5
3523,2013-04-16,46.92,6
3523,2013-06-02,90.79,7
3523,2013-07-22,42.96,8
3523,2013-08-01,72.06,9
3523,2013-09-17,43.77,10
3523,2013-09-24,53.78,11
3523,2013-10-19,37.86,12
3523,2013-10-27,57.86,13
3523,2014-02-12,71.63,14
3523,2014-03-04,69.25,15
3523,2014-03-21,75.58,16
3523,2014-07-14,53.38,17
7106,2014-03-31,48.29,1
7106,2014-04-12,73.78,2
7106,2014-05-09,50.55,3
7106,2014-05-11,69.74,4
7106,2014-05-31,47.69,5
7106,2014-06-12,61.6,6
7106,2014-06-14,51.85,7
7106,2014-06-16,71.26,8
7106,2014-06-17,79.99,9
7106,2014-06-18,90.21,10
7106,2014-07-03,50.58,11
7106,2014-07-04,115.88,12
7106,2014-07-09,82.83,13
7106,2014-07-11,59.32,14
7106,2014-07-17,71.37,15
7106,2014-07-19,38.61,16
7106,2014-07-21,76.19,17
7106,2014-07-24,90.27,18
6504,2013-11-20,7.65,1
6504,2014-03-20,6.54,2
6504,2014-03-26,9.04,3
6504,2014-04-18,11.36,4
6504,2014-08-05,7.21,5
6504,2014-09-11,8.21,6
5067,2014-02-14,140.85,1
5067,2014-03-03,61.26,2
5067,2014-03-16,40.65,3
5067,2014-04-09,51.82,4
5067,2014-04-18,40.78,5
5067,2014-04-27,111.32,6
5067,2014-05-01,46.63,7
5067,2014-05-17,58.7,8
5067,2014-06-08,64.42,9
5067,2014-07-16,43.87,10
5067,2014-07-17,59.59,11
5067,2014-07-20,56.33,12
5067,2014-08-05,107.1,13
5067,2014-08-10,57.93,14
5067,2014-08-12,93.81,15
5067,2014-08-22,48.82,16
5067,2014-09-12,43.9,17
5067,2014-09-16,94.85,18
5067,2014-09-16,77.18,19
5067,2014-09-24,52.19,20
4216,2013-02-22,44.6,1
4216,2013-03-09,42.47,2
4216,2013-03-13,66.75,3
4216,2013-03-26,59.24,4
4216,2013-04-03,56.55,5
4216,2013-04-23,38.26,6
4216,2013-05-03,42.07,7
4216,2013-07-04,43.06,8
4216,2013-07-04,42.07,9
4216,2013-07-22,46.75,10
4216,2013-08-22,70.22,11
4216,2013-09-06,49.2,12
4216,2013-09-19,48.45,13
4216,2013-11-30,34.54,14
4216,2013-12-02,42.74,15
4216,2013-12-10,68.02,16
4216,2014-01-10,57.2,17
4216,2014-01-21,109.92,18
4216,2014-01-27,90.19,19
4216,2014-02-18,36.76,20
4216,2014-03-15,48.45,21
4216,2014-06-14,42.76,22
4216,2014-06-26,71.2,23
4216,2014-07-09,75.72,24
4216,2014-09-02,32.81,25
8581,2013-03-05,35.69,1
8581,2013-04-01,40.25,2
8581,2013-04-03,23.49,3
8581,2013-04-19,36.74,4
8581,2013-07-03,30.36,5
8581,2013-07-21,48.99,6
8581,2013-07-21,29.43,7
8581,2013-08-27,31.78,8
8581,2013-09-08,32.54,9
8581,2013-09-13,30.16,10
8581,2013-09-28,25.6,11
8581,2013-11-10,45.63,12
8581,2014-01-21,45.15,13
8581,2014-01-27,39.04,14
8581,2014-01-27,42.13,15
8581,2014-02-16,41.45,16
8581,2014-03-04,37.37,17
8581,2014-05-15,42.8,18
8581,2014-05-29,35.05,19
8581,2014-10-01,29.35,20
5929,2014-05-06,13.77,1
5929,2014-07-09,9.29,2
5929,2014-07-12,8.97,3
5929,2014-08-12,5.44,4
5929,2014-09-21,7.53,5
6528,2014-06-05,3.15,1
6528,2014-07-21,3.14,2
6528,2014-07-22,2.71,3
1361,2013-06-04,87.59,1
1361,2013-06-07,85.65,2
1361,2013-07-31,82.84,3
1361,2013-09-04,82.16,4
1361,2013-09-19,88.75,5
1361,2013-10-04,88.35,6
1361,2013-11-11,85.01,7
1361,2013-11-22,167.19,8
1361,2014-01-06,79.45,9
1361,2014-01-27,73.2,10
1361,2014-02-15,88.99,11
1361,2014-02-27,123.46,12
1361,2014-05-12,81.81,13
1361,2014-07-20,61.07,14
1361,2014-09-09,91.48,15
6932,2013-04-13,76.51,1
6932,2013-06-01,101.78,2
6932,2013-06-01,107.4,3
6932,2013-06-03,126.07,4
6932,2013-07-06,143.73,5
6932,2013-07-15,77.09,6
6932,2013-08-12,125.4,7
6932,2013-08-20,66.27,8
6932,2013-09-04,111.19,9
6932,2013-10-10,113.61,10
6932,2013-10-12,86.86,11
6932,2013-11-29,92.53,12
6932,2013-12-02,75.92,13
6932,2013-12-19,91.7,14
6932,2013-12-30,83.94,15
6932,2014-04-02,78.56,16
6932,2014-05-11,96.72,17
6932,2014-05-12,77.2,18
6932,2014-06-09,99.45,19
6932,2014-06-16,72.85,20
6932,2014-06-29,105.18,21
6932,2014-07-20,88.03,22
7284,2013-12-04,7.3,1
7284,2014-02-06,5.68,2
7284,2014-09-27,6.02,3
1340,2014-04-24,71.29,1
1340,2014-05-16,63.9,2
1340,2014-06-13,53.41,3
1340,2014-06-13,55.31,4
1340,2014-06-14,45.01,5
1340,2014-06-25,70.21,6
1340,2014-07-04,75.94,7
1340,2014-07-13,75.37,8
1340,2014-07-19,75.09,9
1340,2014-07-20,59.73,10
1340,2014-07-21,53.99,11
1340,2014-07-23,78.0,12
1340,2014-07-26,56.97,13
1340,2014-07-29,56.32,14
1340,2014-07-29,72.81,15
1340,2014-08-03,84.62,16
1340,2014-08-03,91.31,17
1340,2014-08-06,106.91,18
1340,2014-08-06,76.94,19
1340,2014-08-07,69.66,20
1340,2014-08-10,52.75,21
1340,2014-08-12,74.42,22
1340,2014-08-12,77.29,23
1340,2014-08-17,44.19,24
1340,2014-08-17,59.08,25
1340,2014-08-24,61.48,26
8746,2014-04-05,81.03,1
8746,2014-05-11,54.74,2
8746,2014-06-03,39.25,3
8746,2014-06-11,58.64,4
8746,2014-06-14,38.0,5
8746,2014-06-15,66.08,6
8746,2014-06-23,64.41,7
8746,2014-06-27,115.28,8
8746,2014-06-28,61.22,9
8746,2014-07-02,56.46,10
8746,2014-07-12,62.98,11
8746,2014-07-15,49.53,12
8746,2014-07-30,54.46,13
8746,2014-08-04,46.27,14
8746,2014-08-07,64.4,15
8746,2014-08-11,109.81,16
8746,2014-09-07,108.43,17
5987,2014-05-04,5.21,1
5987,2014-07-17,11.62,2
5987,2014-07-19,5.04,3
5987,2014-08-06,3.89,4
5987,2014-08-14,5.24,5
3767,2013-04-25,36.87,1
3767,2013-06-08,38.62,2
3767,2013-06-10,45.73,3
3767,2013-06-22,31.25,4
3767,2013-07-12,32.07,5
3767,2013-08-03,23.26,6
3767,2013-10-02,46.97,7
3767,2013-10-15,31.91,8
3767,2013-10-24,35.71,9
3767,2013-11-16,40.09,10
3767,2013-11-29,33.87,11
3767,2013-12-23,53.99,12
3767,2014-02-23,35.35,13
3767,2014-03-24,43.63,14
3767,2014-06-20,34.92,15
3767,2014-07-31,34.81,16
3767,2014-08-13,33.23,17
3767,2014-08-21,33.65,18
3767,2014-08-25,57.36,19
3767,2014-09-21,37.32,20
3767,2014-09-27,41.23,21
3767,2014-10-04,34.17,22
3725,2013-05-09,153.65,1
3725,2013-06-06,104.48,2
3725,2013-07-05,148.53,3
3725,2013-10-10,140.14,4
3725,2013-12-12,93.34,5
3725,2013-12-18,120.24,6
3725,2014-01-05,121.63,7
3725,2014-01-28,76.8,8
3725,2014-02-17,101.09,9
3725,2014-03-02,97.56,10
3725,2014-06-28,109.64,11
3725,2014-07-17,85.46,12
3725,2014-08-09,79.53,13
3725,2014-09-07,105.46,14
3725,2014-10-04,134.45,15
4324,2012-10-29,35.86,1
4324,2012-11-22,26.9,2
4324,2012-11-27,28.42,3
4324,2013-01-22,44.18,4
4324,2013-02-03,33.09,5
4324,2013-03-28,25.03,6
4324,2013-09-02,33.86,7
4324,2013-09-26,34.49,8
4324,2013-10-06,44.58,9
4324,2013-11-15,23.95,10
4324,2014-01-30,30.02,11
4324,2014-03-08,32.77,12
4324,2014-04-07,29.24,13
4324,2014-05-11,28.18,14
4324,2014-06-18,18.17,15
4324,2014-08-24,24.26,16
238,2013-01-23,33.53,1
238,2013-02-01,26.54,2
238,2013-02-07,46.8,3
238,2013-02-08,44.43,4
238,2013-03-23,44.09,5
238,2013-07-23,31.18,6
238,2013-09-07,48.82,7
238,2013-09-18,21.72,8
238,2013-09-24,35.71,9
238,2013-09-29,44.48,10
238,2013-11-17,54.55,11
238,2013-11-27,50.28,12
238,2013-12-08,41.65,13
238,2014-01-23,38.41,14
238,2014-02-14,31.55,15
238,2014-02-24,30.25,16
238,2014-03-02,40.51,17
238,2014-03-30,55.22,18
238,2014-04-04,42.15,19
238,2014-04-04,29.79,20
238,2014-05-05,45.16,21
238,2014-05-10,41.47,22
238,2014-05-26,63.05,23
238,2014-07-21,45.66,24
6694,2013-11-25,40.53,1
6694,2013-12-18,33.89,2
6694,2013-12-27,48.84,3
6694,2013-12-28,52.36,4
6694,2014-01-02,37.04,5
6694,2014-01-29,45.73,6
6694,2014-02-01,45.35,7
6694,2014-02-17,86.12,8
6694,2014-02-18,33.02,9
6694,2014-03-03,24.7,10
6694,2014-03-03,34.9,11
6694,2014-03-07,36.01,12
6694,2014-04-12,38.57,13
6694,2014-04-25,29.13,14
6694,2014-05-17,34.14,15
6694,2014-05-23,35.19,16
6694,2014-07-05,37.74,17
6694,2014-07-15,43.26,18
6694,2014-07-16,30.36,19
6694,2014-07-22,35.76,20
6694,2014-07-22,40.04,21
6694,2014-08-10,25.79,22
6694,2014-08-10,44.26,23
6694,2014-09-08,41.28,24
498,2014-02-02,7.61,1
498,2014-04-26,8.52,2
498,2014-05-21,10.29,3
498,2014-07-02,14.59,4
498,2014-09-07,10.99,5
9347,2013-06-21,6.86,1
9347,2014-06-20,6.33,2
9347,2014-07-12,12.42,3
9347,2014-08-17,14.39,4
9699,2013-12-21,43.18,1
9699,2014-01-26,40.5,2
9699,2014-02-02,35.15,3
9699,2014-02-05,24.08,4
9699,2014-02-22,34.33,5
9699,2014-02-24,42.25,6
9699,2014-03-05,42.58,7
9699,2014-04-03,48.41,8
9699,2014-05-06,31.39,9
9699,2014-05-17,58.31,10
9699,2014-05-29,27.77,11
9699,2014-05-31,30.35,12
9699,2014-06-10,41.9,13
9699,2014-06-22,41.45,14
9699,2014-08-18,27.59,15
9699,2014-08-23,33.77,16
9699,2014-08-25,26.34,17
9699,2014-08-28,34.25,18
9699,2014-09-07,23.95,19
9699,2014-09-23,31.45,20
10664,2013-09-07,19.45,1
10664,2013-10-07,17.6,2
10664,2013-10-12,21.5,3
10664,2013-11-06,24.56,4
10664,2013-11-11,41.23,5
10664,2013-12-18,32.79,6
10664,2014-02-02,44.26,7
10664,2014-02-12,24.28,8
10664,2014-02-20,40.47,9
10664,2014-03-01,24.23,10
10664,2014-03-11,36.67,11
10664,2014-03-27,40.49,12
10664,2014-03-28,29.31,13
10664,2014-04-16,27.17,14
10664,2014-09-21,21.0,15
5455,2013-08-22,15.36,1
5455,2014-01-21,13.11,2
5455,2014-02-28,17.35,3
5455,2014-04-06,17.69,4
5455,2014-04-21,13.86,5
5455,2014-04-24,21.76,6
5455,2014-07-08,17.87,7
456,2013-02-07,6.24,1
456,2013-07-04,4.82,2
456,2013-09-27,4.27,3
456,2013-10-11,5.27,4
456,2014-07-01,6.41,5
5012,2013-07-04,6.21,1
5012,2013-09-27,7.69,2
5012,2013-12-07,6.98,3
5012,2014-08-10,9.11,4
7495,2013-12-20,21.37,1
7495,2014-01-30,19.16,2
7495,2014-02-28,18.73,3
7495,2014-03-01,18.69,4
7495,2014-03-04,9.01,5
7495,2014-03-15,18.69,6
7495,2014-05-13,23.94,7
7495,2014-07-25,22.41,8
5029,2013-08-06,5.38,1
5029,2014-02-19,3.5,2
5029,2014-09-21,4.12,3
2106,2014-03-17,5.21,1
2106,2014-06-08,6.22,2
2106,2014-06-24,6.47,3
2106,2014-06-28,4.1,4
10364,2013-07-13,5.27,1
10364,2014-01-11,5.1,2
10364,2014-07-25,4.63,3
5954,2013-10-09,18.03,1
5954,2013-11-28,15.01,2
5954,2014-01-23,23.15,3
5954,2014-01-27,22.11,4
5954,2014-02-20,28.42,5
5954,2014-05-08,17.53,6
5954,2014-06-10,13.41,7
5954,2014-06-25,28.53,8
5954,2014-07-05,15.81,9
1137,2013-12-29,99.75,1
1137,2014-01-30,82.22,2
1137,2014-02-23,82.21,3
1137,2014-03-20,38.12,4
1137,2014-04-01,63.76,5
1137,2014-04-14,145.66,6
1137,2014-05-04,62.07,7
1137,2014-05-18,62.6,8
1137,2014-05-22,88.18,9
1137,2014-05-27,63.48,10
1137,2014-06-03,74.84,11
1137,2014-06-07,55.19,12
1137,2014-06-19,107.42,13
1137,2014-06-21,136.39,14
1137,2014-06-25,114.73,15
1137,2014-07-10,65.38,16
2541,2013-06-09,6.22,1
2541,2013-10-29,10.07,2
2541,2014-02-07,10.16,3
2541,2014-06-13,9.63,4
2541,2014-09-28,6.92,5
1142,2013-12-22,26.56,1
1142,2014-01-06,26.22,2
1142,2014-02-19,26.12,3
1142,2014-02-24,34.4,4
1142,2014-03-06,21.54,5
1142,2014-03-16,33.26,6
1142,2014-04-11,29.44,7
1142,2014-05-04,20.13,8
1142,2014-05-17,32.38,9
1142,2014-05-25,31.7,10
1142,2014-05-27,20.66,11
1142,2014-06-12,21.78,12
1142,2014-06-23,36.7,13
1142,2014-07-06,32.1,14
2276,2013-05-02,65.44,1
2276,2013-05-30,57.69,2
2276,2013-06-15,41.19,3
2276,2013-06-24,35.48,4
2276,2013-07-07,32.54,5
2276,2013-07-11,33.16,6
2276,2013-07-12,62.11,7
2276,2013-08-05,29.86,8
2276,2013-08-09,33.18,9
2276,2013-08-24,36.43,10
2276,2013-08-29,37.7,11
2276,2013-09-26,29.78,12
2276,2013-10-01,38.8,13
2276,2013-10-02,56.77,14
2276,2013-12-18,25.37,15
2276,2014-02-25,34.07,16
2276,2014-02-26,23.77,17
2276,2014-03-19,33.16,18
2276,2014-03-27,28.71,19
2276,2014-06-29,21.61,20
2276,2014-06-29,32.7,21
2276,2014-07-26,45.49,22
2807,2013-02-16,35.72,1
2807,2013-03-01,22.55,2
2807,2013-03-28,49.6,3
2807,2013-04-06,32.12,4
2807,2013-04-10,29.37,5
2807,2013-05-01,61.32,6
2807,2013-05-01,33.75,7
2807,2013-05-05,33.6,8
2807,2013-05-16,29.35,9
2807,2013-06-12,26.41,10
2807,2013-07-23,49.04,11
2807,2013-08-31,51.99,12
2807,2013-09-03,42.74,13
2807,2013-10-09,36.18,14
2807,2013-12-12,37.03,15
2807,2014-01-04,46.47,16
2807,2014-02-02,35.92,17
2807,2014-02-16,65.04,18
2807,2014-02-23,41.85,19
2807,2014-03-10,26.28,20
2807,2014-05-16,30.63,21
2807,2014-06-30,46.34,22
2807,2014-07-27,47.94,23
2807,2014-09-11,52.78,24
6471,2013-10-17,11.38,1
6471,2014-02-10,8.42,2
6471,2014-03-15,9.33,3
6471,2014-05-19,5.97,4
6471,2014-07-20,12.03,5
6471,2014-09-18,8.87,6
6131,2013-12-01,29.99,1
6131,2014-01-15,23.92,2
6131,2014-01-17,37.37,3
6131,2014-02-08,31.7,4
6131,2014-02-13,18.94,5
6131,2014-02-14,33.92,6
6131,2014-03-09,30.42,7
6131,2014-04-05,23.92,8
6131,2014-04-24,40.65,9
6131,2014-04-26,22.56,10
6131,2014-04-26,29.76,11
6131,2014-06-17,29.55,12
6131,2014-06-17,27.38,13
6131,2014-07-10,27.92,14
6233,2012-10-15,27.47,1
6233,2012-10-23,51.03,2
6233,2012-10-24,40.08,3
6233,2012-12-25,56.41,4
6233,2013-01-31,35.2,5
6233,2013-02-19,38.74,6
6233,2013-04-12,28.14,7
6233,2013-06-08,29.19,8
6233,2013-07-09,31.38,9
6233,2013-08-01,47.88,10
6233,2013-08-10,59.84,11
6233,2013-10-09,40.9,12
6233,2013-11-23,41.95,13
6233,2014-01-22,45.1,14
6233,2014-02-03,46.05,15
6233,2014-03-20,43.01,16
6233,2014-04-18,36.67,17
6233,2014-04-28,37.07,18
6233,2014-05-27,50.85,19
6233,2014-07-19,31.62,20
6233,2014-08-01,33.13,21
6233,2014-08-01,36.45,22
6233,2014-08-14,44.37,23
6233,2014-09-14,29.46,24
4148,2012-10-05,33.02,1
4148,2012-11-19,22.9,2
4148,2013-02-01,26.82,3
4148,2013-03-10,30.64,4
4148,2013-03-13,27.25,5
4148,2013-09-30,22.31,6
4148,2013-10-20,24.97,7
4148,2013-11-26,18.29,8
4148,2014-01-29,34.01,9
4148,2014-02-05,22.04,10
4148,2014-02-20,25.47,11
4148,2014-07-07,18.28,12
4947,2012-10-10,95.38,1
4947,2012-10-31,87.28,2
4947,2012-11-13,107.84,3
4947,2013-02-17,76.5,4
4947,2013-04-01,109.85,5
4947,2013-04-01,87.93,6
4947,2013-05-03,76.38,7
4947,2013-05-13,92.98,8
4947,2013-09-15,74.89,9
4947,2013-09-18,53.76,10
4947,2013-10-11,91.76,11
4947,2013-10-23,82.09,12
4947,2013-10-24,92.62,13
4947,2013-11-18,121.19,14
4947,2013-12-22,58.77,15
4947,2014-01-04,67.48,16
4947,2014-01-23,73.06,17
4947,2014-02-25,58.81,18
4947,2014-04-03,103.54,19
4947,2014-04-08,102.25,20
4947,2014-05-01,146.92,21
4947,2014-05-08,81.48,22
4947,2014-08-22,52.25,23
3225,2013-04-01,22.4,1
3225,2013-04-29,20.72,2
3225,2013-08-29,22.45,3
3225,2013-10-13,17.24,4
3225,2013-10-27,33.89,5
3225,2014-01-23,23.83,6
3225,2014-02-12,15.22,7
3225,2014-03-15,19.94,8
3225,2014-03-25,27.03,9
3225,2014-07-26,16.27,10
7540,2014-05-25,27.56,1
7540,2014-06-27,23.54,2
7540,2014-07-24,20.95,3
7540,2014-07-27,17.12,4
7540,2014-07-28,27.29,5
7540,2014-08-03,24.24,6
7540,2014-08-03,25.99,7
7540,2014-08-04,17.42,8
7540,2014-08-07,34.64,9
7540,2014-08-11,23.79,10
7540,2014-08-14,22.45,11
10648,2012-10-14,74.63,1
10648,2012-10-15,71.15,2
10648,2012-11-04,38.52,3
10648,2013-01-09,53.46,4
10648,2013-03-18,55.31,5
10648,2013-06-18,64.51,6
10648,2013-07-16,98.52,7
10648,2013-07-27,39.58,8
10648,2013-07-27,77.39,9
10648,2013-09-20,92.96,10
10648,2013-10-22,59.61,11
10648,2013-11-28,62.3,12
10648,2014-01-11,107.1,13
10648,2014-02-01,80.04,14
10648,2014-02-02,72.94,15
10648,2014-03-26,72.22,16
10648,2014-03-29,58.83,17
10648,2014-07-19,77.92,18
1992,2014-01-01,64.84,1
1992,2014-03-01,40.44,2
1992,2014-04-07,76.08,3
1992,2014-04-23,57.26,4
1992,2014-05-20,63.02,5
1992,2014-06-15,52.66,6
1992,2014-07-08,92.89,7
1992,2014-07-23,63.88,8
1992,2014-07-29,77.76,9
1992,2014-07-31,96.39,10
1992,2014-08-11,56.74,11
1992,2014-10-03,85.04,12
7851,2013-09-22,29.15,1
7851,2013-10-31,36.46,2
7851,2013-11-14,57.96,3
7851,2013-11-18,34.77,4
7851,2013-11-24,28.32,5
7851,2013-12-03,34.88,6
7851,2013-12-07,46.12,7
7851,2013-12-10,50.37,8
7851,2013-12-16,38.01,9
7851,2014-01-25,61.39,10
7851,2014-02-27,36.88,11
7851,2014-03-03,20.93,12
7851,2014-03-18,39.87,13
7851,2014-03-25,39.58,14
7851,2014-03-29,48.1,15
7851,2014-03-30,32.32,16
7851,2014-04-27,22.82,17
7851,2014-05-03,42.46,18
7851,2014-06-30,40.27,19
7851,2014-07-14,39.64,20
7851,2014-08-06,23.7,21
8594,2014-01-28,10.92,1
8594,2014-04-02,22.25,2
8594,2014-04-13,22.15,3
8594,2014-06-04,10.55,4
8594,2014-06-30,18.24,5
8594,2014-07-31,22.71,6
8594,2014-09-10,14.17,7
2815,2014-02-24,12.53,1
2815,2014-05-23,7.53,2
2815,2014-05-24,11.58,3
2815,2014-06-10,17.15,4
2815,2014-07-19,11.55,5
2815,2014-07-24,9.7,6
2815,2014-08-20,12.96,7
2416,2014-03-03,46.86,1
2416,2014-03-27,75.34,2
2416,2014-04-11,59.72,3
2416,2014-04-28,43.77,4
2416,2014-05-02,104.16,5
2416,2014-05-13,77.11,6
2416,2014-05-13,62.71,7
2416,2014-05-16,56.13,8
2416,2014-05-22,60.68,9
2416,2014-05-23,76.63,10
2416,2014-05-24,69.91,11
2416,2014-05-29,59.66,12
2416,2014-06-04,72.41,13
2416,2014-06-09,72.53,14
2416,2014-06-14,94.16,15
2416,2014-06-14,50.88,16
2416,2014-07-04,54.25,17
2416,2014-07-12,63.88,18
2416,2014-07-14,87.22,19
7999,2013-04-23,126.12,1
7999,2013-05-25,94.64,2
7999,2013-06-14,86.95,3
7999,2013-07-09,145.05,4
7999,2013-07-13,155.92,5
7999,2013-09-13,80.55,6
7999,2013-10-22,95.75,7
7999,2013-12-01,68.87,8
7999,2013-12-12,126.11,9
7999,2013-12-22,107.8,10
7999,2014-01-23,129.84,11
7999,2014-03-07,93.26,12
7999,2014-03-09,89.57,13
7999,2014-03-20,75.59,14
7999,2014-05-30,146.08,15
7999,2014-09-18,103.9,16
9213,2012-10-31,3.74,1
9213,2013-06-06,3.66,2
9213,2014-09-22,4.61,3
9697,2014-03-06,32.31,1
9697,2014-04-05,41.74,2
9697,2014-05-01,20.95,3
9697,2014-05-19,32.76,4
9697,2014-05-22,39.31,5
9697,2014-05-24,34.83,6
9697,2014-05-26,42.27,7
9697,2014-05-27,21.87,8
9697,2014-05-31,38.67,9
9697,2014-06-10,25.5,10
9697,2014-06-16,36.2,11
9697,2014-06-20,31.73,12
9697,2014-06-22,30.65,13
9697,2014-06-23,24.89,14
9697,2014-06-26,22.59,15
9697,2014-07-02,30.17,16
9697,2014-07-11,30.58,17
3916,2012-10-10,37.12,1
3916,2012-11-11,29.77,2
3916,2012-11-28,37.71,3
3916,2013-01-02,32.14,4
3916,2013-01-16,40.79,5
3916,2013-03-25,22.61,6
3916,2013-04-20,42.78,7
3916,2013-05-05,38.01,8
3916,2013-05-31,44.26,9
3916,2013-07-25,39.74,10
3916,2013-08-21,48.36,11
3916,2013-10-04,42.2,12
3916,2013-10-11,31.4,13
3916,2013-10-19,28.94,14
3916,2014-01-11,44.62,15
3916,2014-01-16,28.9,16
3916,2014-02-12,40.27,17
3916,2014-03-02,35.84,18
3916,2014-04-27,64.84,19
3916,2014-05-04,26.69,20
3916,2014-05-24,39.49,21
3916,2014-07-05,35.52,22
2021,2013-03-27,37.92,1
2021,2013-04-05,38.54,2
2021,2013-04-16,64.65,3
2021,2013-04-25,40.23,4
2021,2013-04-29,34.38,5
2021,2013-05-01,44.09,6
2021,2013-06-07,65.3,7
2021,2013-06-08,34.0,8
2021,2013-06-19,41.13,9
2021,2013-07-20,58.82,10
2021,2013-07-27,55.57,11
2021,2013-07-29,64.57,12
2021,2013-09-12,42.06,13
2021,2013-09-14,38.75,14
2021,2013-10-20,34.74,15
2021,2013-10-25,61.52,16
2021,2013-11-08,28.13,17
2021,2013-11-13,27.15,18
2021,2013-12-04,57.86,19
2021,2013-12-19,25.83,20
2021,2014-01-01,35.78,21
2021,2014-01-19,41.1,22
2021,2014-02-13,67.91,23
2021,2014-03-03,38.75,24
2021,2014-03-03,42.3,25
2021,2014-04-22,61.28,26
2021,2014-04-23,43.23,27
2021,2014-07-30,38.13,28
2021,2014-08-19,35.29,29
1581,2013-10-10,4.62,1
1581,2014-05-17,4.28,2
1581,2014-09-17,5.09,3
564,2012-11-21,27.2,1
564,2012-11-26,42.33,2
564,2012-12-13,55.62,3
564,2013-02-08,24.81,4
564,2013-02-21,29.83,5
564,2013-02-28,36.24,6
564,2013-05-03,43.73,7
564,2013-09-02,49.89,8
564,2013-09-07,57.24,9
564,2013-09-08,46.98,10
564,2013-09-14,22.58,11
564,2013-10-08,35.36,12
564,2013-11-03,38.95,13
564,2013-11-18,41.2,14
564,2014-01-18,29.71,15
564,2014-02-04,51.53,16
564,2014-03-05,33.54,17
564,2014-03-22,35.38,18
564,2014-04-14,33.72,19
564,2014-05-05,45.17,20
564,2014-06-11,30.32,21
564,2014-06-20,31.87,22
564,2014-07-16,54.81,23
6619,2013-01-02,8.31,1
6619,2013-03-29,10.61,2
6619,2013-05-01,9.62,3
6619,2014-07-06,11.47,4
9081,2014-05-18,3.66,1
9081,2014-07-20,4.52,2
9081,2014-07-22,3.6,3
9081,2014-08-08,4.22,4
178,2013-02-18,34.56,1
178,2013-03-07,60.74,2
178,2013-03-18,56.18,3
178,2013-04-01,45.63,4
178,2013-06-15,30.29,5
178,2013-07-03,31.8,6
178,2013-07-11,40.39,7
178,2013-09-08,46.93,8
178,2013-09-27,35.27,9
178,2013-11-17,39.98,10
178,2013-11-21,41.06,11
178,2014-01-04,29.43,12
178,2014-01-11,32.19,13
178,2014-01-24,38.8,14
178,2014-01-25,36.85,15
178,2014-02-06,35.57,16
178,2014-02-15,20.32,17
178,2014-03-12,31.17,18
178,2014-03-31,37.05,19
178,2014-05-27,37.24,20
178,2014-06-22,38.22,21
178,2014-08-26,56.31,22
916,2014-05-09,6.75,1
916,2014-07-11,6.42,2
916,2014-07-19,8.8,3
916,2014-07-30,7.03,4
5512,2014-05-23,28.58,1
5512,2014-06-24,24.87,2
5512,2014-06-28,30.86,3
5512,2014-07-24,22.28,4
5512,2014-08-12,39.29,5
5512,2014-08-14,28.9,6
5512,2014-08-15,34.81,7
5512,2014-08-17,28.65,8
5512,2014-08-25,19.58,9
5512,2014-08-27,34.27,10
5512,2014-08-27,50.65,11
5512,2014-09-06,36.36,12
5512,2014-09-07,26.64,13
5512,2014-09-12,19.64,14
5512,2014-09-15,31.72,15
5512,2014-09-16,36.89,16
8970,2012-10-23,40.1,1
8970,2012-12-08,24.17,2
8970,2012-12-08,29.46,3
8970,2013-02-02,18.72,4
8970,2013-02-16,29.1,5
8970,2013-04-27,33.36,6
8970,2013-06-01,40.77,7
8970,2013-06-29,24.01,8
8970,2013-08-18,27.67,9
8970,2013-09-26,33.6,10
8970,2014-01-11,22.21,11
8970,2014-05-29,43.32,12
8970,2014-06-15,15.84,13
8970,2014-06-20,35.02,14
8970,2014-07-04,20.63,15
10581,2012-10-31,36.82,1
10581,2012-11-20,30.87,2
10581,2012-12-11,26.86,3
10581,2013-01-11,29.52,4
10581,2013-01-30,22.46,5
10581,2013-02-20,29.56,6
10581,2013-02-26,22.07,7
10581,2013-05-21,19.41,8
10581,2013-09-04,21.48,9
10581,2013-09-20,29.03,10
10581,2014-03-08,30.22,11
10581,2014-03-19,27.02,12
10581,2014-04-18,26.37,13
10581,2014-08-25,35.3,14
5300,2013-12-30,8.35,1
5300,2014-03-05,10.83,2
5300,2014-06-06,7.15,3
5300,2014-06-10,11.25,4
5300,2014-08-06,8.42,5
5154,2013-08-11,8.85,1
5154,2014-01-21,15.4,2
5154,2014-02-05,8.16,3
5154,2014-02-14,8.24,4
5154,2014-08-12,13.36,5
8346,2012-10-26,14.7,1
8346,2012-11-15,26.95,2
8346,2013-05-22,19.08,3
8346,2013-05-28,24.88,4
8346,2013-09-25,19.04,5
8346,2013-10-02,30.09,6
8346,2014-01-10,21.1,7
8346,2014-05-25,14.09,8
8346,2014-06-05,28.88,9
8346,2014-09-09,25.18,10
1676,2013-10-30,22.97,1
1676,2013-12-28,29.72,2
1676,2014-01-01,21.76,3
1676,2014-02-11,26.55,4
1676,2014-03-16,17.46,5
1676,2014-04-12,28.55,6
1676,2014-04-16,20.86,7
1676,2014-05-04,21.79,8
1676,2014-06-13,21.95,9
1676,2014-07-04,26.9,10
1676,2014-09-05,22.5,11
9286,2012-10-10,45.96,1
9286,2012-11-01,36.53,2
9286,2012-11-24,48.06,3
9286,2012-12-03,34.25,4
9286,2013-02-16,35.63,5
9286,2013-02-23,34.44,6
9286,2013-02-25,33.49,7
9286,2013-04-24,50.54,8
9286,2013-04-28,38.64,9
9286,2013-06-29,38.29,10
9286,2013-08-11,36.26,11
9286,2013-08-27,53.11,12
9286,2013-10-04,61.87,13
9286,2013-10-21,33.36,14
9286,2013-11-11,42.61,15
9286,2013-12-09,30.35,16
9286,2014-02-02,44.06,17
9286,2014-07-04,31.54,18
2426,2012-10-07,29.57,1
2426,2012-10-20,32.47,2
2426,2012-10-25,39.84,3
2426,2012-11-06,40.76,4
2426,2012-12-27,54.12,5
2426,2012-12-29,28.73,6
2426,2013-02-05,34.41,7
2426,2013-02-28,23.65,8
2426,2013-04-06,40.2,9
2426,2013-06-04,20.53,10
2426,2013-06-15,28.41,11
2426,2013-06-28,32.44,12
2426,2013-07-22,29.97,13
2426,2013-09-02,31.87,14
2426,2013-09-07,27.34,15
2426,2013-10-06,40.42,16
2426,2013-10-08,23.92,17
2426,2013-10-29,19.49,18
2426,2013-12-05,34.34,19
2426,2013-12-18,34.91,20
2426,2014-02-27,36.1,21
2426,2014-03-03,21.75,22
2426,2014-04-10,24.5,23
2426,2014-05-04,34.69,24
2426,2014-05-15,21.23,25
2426,2014-06-09,23.07,26
2426,2014-07-13,35.24,27
2426,2014-08-31,33.04,28
5562,2013-06-26,47.88,1
5562,2013-07-25,20.91,2
5562,2013-07-28,28.91,3
5562,2013-08-17,49.81,4
5562,2013-09-28,32.1,5
5562,2013-09-29,25.77,6
5562,2013-10-19,34.24,7
5562,2014-01-09,25.78,8
5562,2014-02-12,23.07,9
5562,2014-02-15,35.94,10
5562,2014-03-11,34.62,11
5562,2014-03-11,43.51,12
5562,2014-03-26,24.59,13
5562,2014-04-07,28.57,14
5562,2014-04-17,55.45,15
5562,2014-04-29,29.39,16
5562,2014-05-14,47.27,17
5562,2014-06-11,25.28,18
5562,2014-07-05,31.89,19
3436,2014-01-26,4.7,1
3436,2014-04-22,5.09,2
3436,2014-07-28,4.64,3
3436,2014-09-11,4.58,4
3921,2012-10-28,17.07,1
3921,2012-12-18,18.77,2
3921,2013-07-21,17.3,3
3921,2013-10-01,18.52,4
3921,2013-10-22,18.37,5
3921,2013-12-29,33.9,6
3921,2014-01-15,18.63,7
3921,2014-03-22,28.22,8
3921,2014-07-01,20.22,9
3403,2012-10-24,91.34,1
3403,2012-11-07,83.53,2
3403,2012-11-09,84.36,3
3403,2012-12-24,79.56,4
3403,2012-12-26,90.29,5
3403,2013-03-24,82.45,6
3403,2013-04-06,102.99,7
3403,2013-04-16,92.45,8
3403,2013-04-27,72.42,9
3403,2013-06-28,99.99,10
3403,2013-07-06,88.12,11
3403,2013-07-12,122.51,12
3403,2013-11-08,74.8,13
3403,2013-11-10,112.1,14
3403,2013-11-27,176.66,15
3403,2013-12-11,133.9,16
3403,2013-12-31,165.1,17
3403,2014-08-30,82.28,18
3403,2014-09-24,123.16,19
22,2012-12-03,32.6,1
22,2012-12-22,24.63,2
22,2013-02-04,36.74,3
22,2013-02-11,26.17,4
22,2013-02-13,26.95,5
22,2013-05-22,25.28,6
22,2013-08-22,17.63,7
22,2013-10-20,16.82,8
22,2013-11-17,29.61,9
22,2014-02-22,14.7,10
22,2014-04-23,16.87,11
22,2014-06-28,27.0,12
10965,2013-02-22,51.84,1
10965,2013-03-10,80.22,2
10965,2013-03-11,73.59,3
10965,2013-03-28,76.52,4
10965,2013-05-18,64.88,5
10965,2013-05-29,82.32,6
10965,2013-06-30,138.65,7
10965,2013-07-12,114.8,8
10965,2013-09-14,62.06,9
10965,2013-11-29,93.56,10
10965,2013-12-04,44.8,11
10965,2013-12-28,72.66,12
10965,2014-01-12,97.35,13
10965,2014-02-21,75.11,14
10965,2014-02-22,47.27,15
10965,2014-03-01,72.38,16
10965,2014-03-17,81.69,17
10965,2014-03-27,95.33,18
10965,2014-04-16,91.47,19
10965,2014-04-16,58.37,20
10965,2014-07-25,107.13,21
9426,2013-01-12,70.99,1
9426,2013-03-01,75.47,2
9426,2013-06-16,94.74,3
9426,2013-10-10,79.87,4
9426,2013-11-01,89.56,5
9426,2013-11-17,43.22,6
9426,2013-11-24,55.75,7
9426,2014-01-09,80.12,8
9426,2014-01-20,46.5,9
9426,2014-02-12,67.34,10
9426,2014-07-20,66.43,11
6605,2013-11-27,32.09,1
6605,2013-12-23,28.63,2
6605,2013-12-26,29.64,3
6605,2013-12-26,49.33,4
6605,2014-02-02,41.42,5
6605,2014-02-02,34.97,6
6605,2014-02-18,30.39,7
6605,2014-02-19,27.56,8
6605,2014-02-23,29.21,9
6605,2014-03-23,29.55,10
6605,2014-03-27,31.29,11
6605,2014-05-03,35.5,12
6605,2014-05-04,41.11,13
6605,2014-05-08,43.38,14
6605,2014-05-23,31.75,15
6605,2014-06-21,36.16,16
6605,2014-06-25,37.59,17
6605,2014-07-04,32.34,18
6605,2014-07-12,34.1,19
3136,2013-04-13,25.29,1
3136,2013-05-18,48.63,2
3136,2013-05-23,28.68,3
3136,2013-06-03,41.28,4
3136,2013-06-18,30.19,5
3136,2013-10-18,22.35,6
3136,2013-11-06,32.77,7
3136,2014-02-15,37.21,8
3136,2014-02-26,29.15,9
3136,2014-03-05,23.62,10
3136,2014-03-12,25.46,11
3136,2014-03-15,33.38,12
3136,2014-03-31,49.41,13
3136,2014-04-24,27.66,14
3136,2014-05-01,30.78,15
3136,2014-05-11,38.7,16
3136,2014-05-29,27.68,17
3136,2014-06-02,49.71,18
3136,2014-07-09,49.04,19
8737,2014-04-05,9.48,1
8737,2014-07-09,8.31,2
8737,2014-08-05,8.98,3
8737,2014-08-23,8.61,4
8737,2014-09-13,5.61,5
11088,2013-04-21,60.58,1
11088,2013-05-07,91.93,2
11088,2013-06-18,122.38,3
11088,2013-07-02,86.67,4
11088,2013-07-05,116.21,5
11088,2013-07-09,94.95,6
11088,2013-07-17,84.17,7
11088,2013-07-21,137.74,8
11088,2013-09-04,97.16,9
11088,2013-12-19,105.63,10
11088,2014-01-06,108.28,11
11088,2014-01-28,136.92,12
11088,2014-04-13,80.37,13
11088,2014-05-05,95.93,14
11088,2014-05-27,95.0,15
11088,2014-05-31,138.01,16
11088,2014-07-14,147.08,17
716,2014-05-22,32.26,1
716,2014-06-11,31.67,2
716,2014-07-13,45.74,3
716,2014-07-17,28.28,4
716,2014-07-18,38.91,5
716,2014-07-22,32.02,6
716,2014-07-23,45.22,7
716,2014-07-23,68.85,8
716,2014-07-24,46.21,9
716,2014-07-27,33.02,10
716,2014-07-27,33.97,11
716,2014-07-27,44.21,12
716,2014-07-28,35.19,13
716,2014-07-29,46.15,14
716,2014-07-29,34.37,15
716,2014-07-29,40.67,16
716,2014-07-30,42.96,17
716,2014-07-30,55.25,18
716,2014-07-30,45.08,19
716,2014-07-31,51.95,20
716,2014-08-01,31.93,21
716,2014-08-01,42.29,22
716,2014-08-02,35.59,23
716,2014-08-03,34.18,24
466,2013-04-03,39.75,1
466,2013-05-10,28.06,2
466,2013-05-13,52.51,3
466,2013-05-17,29.72,4
466,2013-07-24,42.38,5
466,2013-08-27,36.53,6
466,2013-09-01,36.82,7
466,2013-10-25,25.17,8
466,2013-11-08,41.8,9
466,2013-12-05,30.19,10
466,2014-02-19,24.19,11
466,2014-03-18,29.86,12
466,2014-03-22,21.44,13
466,2014-04-14,26.82,14
466,2014-06-01,31.96,15
466,2014-06-14,38.85,16
466,2014-06-22,70.19,17
466,2014-07-07,34.28,18
466,2014-07-08,53.59,19
466,2014-09-26,30.87,20
9135,2013-01-04,8.78,1
9135,2013-03-04,11.06,2
9135,2013-04-28,7.47,3
9135,2014-07-05,12.69,4
10623,2013-11-15,9.09,1
10623,2014-07-07,7.22,2
10623,2014-07-10,7.95,3
10623,2014-10-03,7.74,4
8151,2012-12-29,20.64,1
8151,2013-02-23,12.62,2
8151,2013-03-19,20.1,3
8151,2013-07-10,21.86,4
8151,2013-09-08,19.14,5
8151,2014-05-05,18.6,6
8151,2014-06-23,24.89,7
8151,2014-09-29,17.15,8
5140,2012-10-17,102.59,1
5140,2012-10-24,73.92,2
5140,2012-12-01,70.77,3
5140,2013-01-08,57.1,4
5140,2013-02-01,55.02,5
5140,2013-02-08,67.83,6
5140,2013-03-15,68.49,7
5140,2013-04-03,49.66,8
5140,2013-04-20,59.19,9
5140,2013-05-19,55.92,10
5140,2013-05-24,69.59,11
5140,2013-06-21,58.11,12
5140,2013-06-29,69.08,13
5140,2013-10-22,56.64,14
5140,2014-01-21,74.28,15
5140,2014-02-20,66.81,16
5140,2014-03-16,70.06,17
5140,2014-04-26,83.35,18
5140,2014-07-31,83.58,19
4945,2012-11-07,61.69,1
4945,2012-12-14,39.97,2
4945,2012-12-16,34.58,3
4945,2012-12-18,52.97,4
4945,2012-12-25,31.66,5
4945,2013-01-06,48.07,6
4945,2013-01-21,47.9,7
4945,2013-02-07,35.1,8
4945,2013-02-17,46.33,9
4945,2013-03-18,44.38,10
4945,2013-05-05,29.62,11
4945,2013-05-05,45.62,12
4945,2013-05-20,41.6,13
4945,2013-06-18,31.55,14
4945,2013-06-27,40.72,15
4945,2013-07-03,45.39,16
4945,2013-07-04,44.94,17
4945,2013-07-11,58.65,18
4945,2013-07-25,38.99,19
4945,2013-08-20,29.23,20
4945,2013-09-09,35.23,21
4945,2013-10-21,35.89,22
4945,2013-10-24,52.37,23
4945,2014-02-23,39.6,24
4945,2014-06-28,55.7,25
4945,2014-09-06,34.25,26
10584,2013-12-02,35.24,1
10584,2013-12-22,37.45,2
10584,2013-12-27,38.05,3
10584,2014-01-06,41.4,4
10584,2014-01-28,40.53,5
10584,2014-02-03,36.48,6
10584,2014-03-02,24.18,7
10584,2014-03-21,61.31,8
10584,2014-03-26,44.28,9
10584,2014-04-06,29.09,10
10584,2014-04-07,62.48,11
10584,2014-04-13,55.57,12
10584,2014-04-24,28.99,13
10584,2014-05-04,44.3,14
10584,2014-05-07,23.09,15
10584,2014-06-07,36.41,16
10584,2014-06-07,35.8,17
10584,2014-06-09,46.94,18
10584,2014-06-13,27.61,19
10584,2014-06-17,45.36,20
10584,2014-06-25,37.24,21
10584,2014-07-02,56.39,22
10584,2014-07-20,27.81,23
6071,2013-07-19,58.56,1
6071,2013-08-22,62.25,2
6071,2013-08-27,28.08,3
6071,2013-09-13,31.73,4
6071,2013-09-21,72.27,5
6071,2013-10-22,59.04,6
6071,2013-10-31,67.26,7
6071,2013-10-31,40.05,8
6071,2013-11-14,61.78,9
6071,2014-01-01,79.89,10
6071,2014-01-02,86.6,11
6071,2014-02-11,31.87,12
6071,2014-02-14,39.29,13
6071,2014-03-02,35.57,14
6071,2014-03-14,38.2,15
6071,2014-03-27,41.53,16
6071,2014-04-08,63.98,17
6071,2014-04-18,51.57,18
6071,2014-05-10,32.25,19
6071,2014-06-08,48.15,20
6071,2014-07-20,43.09,21
3386,2013-06-21,22.27,1
3386,2013-08-22,17.6,2
3386,2013-10-28,16.24,3
3386,2013-11-19,10.09,4
3386,2013-12-08,17.22,5
3386,2014-04-08,21.58,6
3386,2014-07-26,12.0,7
8939,2012-12-16,21.22,1
8939,2013-01-30,33.09,2
8939,2013-01-31,25.4,3
8939,2013-02-05,30.55,4
8939,2013-03-22,36.24,5
8939,2013-05-13,40.33,6
8939,2013-07-24,29.62,7
8939,2013-09-10,29.66,8
8939,2013-09-25,45.1,9
8939,2014-01-30,34.03,10
8939,2014-02-17,37.48,11
8939,2014-03-07,36.4,12
8939,2014-04-03,37.82,13
8939,2014-04-09,46.82,14
8939,2014-04-15,38.64,15
8939,2014-04-20,46.42,16
8939,2014-06-11,40.08,17
8939,2014-08-06,41.84,18
8939,2014-08-17,20.25,19
9925,2013-05-25,16.99,1
9925,2013-07-11,18.52,2
9925,2013-09-28,21.13,3
9925,2013-11-02,17.67,4
9925,2013-11-23,16.18,5
9925,2014-01-11,25.78,6
9925,2014-02-28,19.59,7
9925,2014-06-08,20.29,8
9925,2014-06-30,28.85,9
4320,2013-03-28,41.82,1
4320,2013-05-03,31.5,2
4320,2013-05-11,71.68,3
4320,2013-05-19,30.69,4
4320,2013-05-29,22.91,5
4320,2013-05-31,28.64,6
4320,2013-07-07,55.8,7
4320,2013-07-09,53.73,8
4320,2013-08-03,33.8,9
4320,2013-11-05,38.82,10
4320,2013-11-17,44.29,11
4320,2013-11-29,27.97,12
4320,2013-12-02,49.81,13
4320,2013-12-23,35.62,14
4320,2014-01-27,28.24,15
4320,2014-02-05,32.28,16
4320,2014-03-10,34.68,17
4320,2014-04-03,29.14,18
4320,2014-06-27,56.78,19
4320,2014-06-27,37.26,20
4320,2014-07-02,41.08,21
4320,2014-09-29,25.44,22
5389,2013-10-20,25.99,1
5389,2013-11-22,24.69,2
5389,2013-12-18,24.36,3
5389,2014-01-09,35.84,4
5389,2014-03-06,25.12,5
5389,2014-03-10,30.16,6
5389,2014-03-26,21.29,7
5389,2014-04-05,19.63,8
5389,2014-05-08,30.77,9
5389,2014-05-12,40.21,10
5389,2014-05-24,26.62,11
5389,2014-06-05,19.14,12
5389,2014-07-04,17.17,13
6036,2014-03-17,56.78,1
6036,2014-03-20,93.01,2
6036,2014-03-21,117.59,3
6036,2014-05-03,107.88,4
6036,2014-05-22,142.15,5
6036,2014-05-30,124.41,6
6036,2014-06-01,120.38,7
6036,2014-06-02,87.49,8
6036,2014-06-05,86.48,9
6036,2014-06-08,105.81,10
6036,2014-06-08,90.42,11
6036,2014-06-17,90.6,12
6036,2014-06-20,148.85,13
6036,2014-06-26,94.21,14
6036,2014-06-26,87.92,15
6036,2014-07-01,114.29,16
6036,2014-07-01,97.72,17
6036,2014-07-19,103.02,18
182,2013-05-11,25.37,1
182,2013-06-09,29.04,2
182,2013-07-09,26.99,3
182,2014-01-03,17.46,4
182,2014-01-04,38.01,5
182,2014-01-06,22.45,6
182,2014-01-19,28.77,7
182,2014-02-11,28.59,8
182,2014-03-14,36.95,9
182,2014-03-16,22.63,10
182,2014-03-18,24.72,11
182,2014-04-27,21.07,12
182,2014-08-04,22.94,13
203,2013-04-14,80.38,1
203,2013-05-23,86.91,2
203,2013-06-11,102.6,3
203,2013-06-12,117.65,4
203,2013-06-21,98.72,5
203,2013-07-19,88.59,6
203,2013-08-01,87.25,7
203,2013-08-06,113.5,8
203,2013-10-12,96.34,9
203,2014-01-17,73.33,10
203,2014-01-18,100.03,11
203,2014-01-21,73.83,12
203,2014-01-27,121.1,13
203,2014-02-13,103.3,14
203,2014-02-14,90.39,15
203,2014-02-14,97.97,16
203,2014-03-10,79.9,17
203,2014-04-03,100.78,18
203,2014-04-16,131.15,19
203,2014-04-16,104.79,20
203,2014-08-19,113.48,21
11025,2013-02-03,13.27,1
11025,2013-05-25,19.55,2
11025,2013-06-14,13.05,3
11025,2013-06-16,16.14,4
11025,2013-10-04,23.35,5
11025,2013-11-25,17.58,6
11025,2014-09-26,15.07,7
10203,2013-06-30,7.42,1
10203,2014-02-10,7.12,2
10203,2014-03-02,8.03,3
10203,2014-07-20,8.44,4
4607,2013-08-23,35.12,1
4607,2013-09-13,48.33,2
4607,2013-10-21,36.81,3
4607,2013-11-29,56.37,4
4607,2013-11-29,34.36,5
4607,2013-12-02,58.91,6
4607,2013-12-13,57.9,7
4607,2014-01-15,52.66,8
4607,2014-01-25,38.73,9
4607,2014-02-06,33.94,10
4607,2014-02-18,27.75,11
4607,2014-03-05,37.41,12
4607,2014-04-26,43.98,13
4607,2014-05-08,35.05,14
4607,2014-06-13,55.94,15
4607,2014-09-11,48.74,16
3711,2014-03-01,124.13,1
3711,2014-03-29,120.79,2
3711,2014-04-13,71.92,3
3711,2014-04-23,77.17,4
3711,2014-05-03,79.71,5
3711,2014-05-28,82.67,6
3711,2014-05-31,90.94,7
3711,2014-06-05,102.38,8
3711,2014-06-08,95.51,9
3711,2014-06-13,78.99,10
3711,2014-07-01,92.77,11
3711,2014-07-02,122.86,12
3711,2014-07-23,134.94,13
3711,2014-08-06,80.22,14
3711,2014-08-15,125.8,15
3711,2014-09-03,124.7,16
3711,2014-09-08,99.96,17
3711,2014-09-10,81.87,18
3711,2014-09-16,114.68,19
3696,2014-01-27,7.79,1
3696,2014-04-28,9.4,2
3696,2014-05-10,6.38,3
3696,2014-05-11,8.97,4
3696,2014-07-30,9.46,5
2532,2014-03-01,129.97,1
2532,2014-04-26,117.41,2
2532,2014-05-11,87.55,3
2532,2014-05-24,148.61,4
2532,2014-05-25,146.71,5
2532,2014-06-05,103.39,6
2532,2014-06-09,162.18,7
2532,2014-06-11,97.05,8
2532,2014-06-12,121.49,9
2532,2014-06-22,143.86,10
2532,2014-06-24,115.79,11
2532,2014-07-02,101.99,12
9214,2013-08-16,27.87,1
9214,2013-10-08,20.28,2
9214,2013-11-11,22.16,3
9214,2013-11-20,33.77,4
9214,2013-11-20,13.65,5
9214,2014-01-26,19.8,6
9214,2014-02-14,31.06,7
9214,2014-04-21,29.19,8
9214,2014-05-22,33.06,9
9214,2014-07-12,23.38,10
9214,2014-07-21,20.23,11
9214,2014-08-18,25.55,12
4943,2012-10-08,125.24,1
4943,2012-11-11,141.6,2
4943,2012-11-16,102.02,3
4943,2013-01-27,99.92,4
4943,2013-01-30,48.47,5
4943,2013-02-18,87.46,6
4943,2013-03-18,120.21,7
4943,2014-01-20,89.97,8
4943,2014-01-30,120.92,9
4943,2014-02-03,110.44,10
4943,2014-02-15,99.0,11
4943,2014-02-27,103.31,12
4943,2014-03-28,123.04,13
4943,2014-05-18,166.49,14
4943,2014-07-24,122.9,15
35,2012-10-21,18.27,1
35,2012-11-09,22.73,2
35,2013-01-05,13.59,3
35,2013-02-16,21.5,4
35,2013-02-27,10.88,5
35,2013-06-07,17.34,6
35,2014-08-31,20.68,7
2258,2012-12-04,11.74,1
2258,2013-06-27,11.04,2
2258,2014-02-19,7.49,3
2258,2014-07-21,9.73,4
4322,2013-11-27,64.31,1
4322,2013-12-12,125.76,2
4322,2013-12-27,45.37,3
4322,2013-12-29,56.49,4
4322,2014-02-17,45.65,5
4322,2014-03-24,68.79,6
4322,2014-03-30,71.89,7
4322,2014-04-04,47.78,8
4322,2014-04-06,52.83,9
4322,2014-04-08,56.19,10
4322,2014-06-09,64.38,11
4322,2014-06-19,86.86,12
4322,2014-07-01,54.07,13
4322,2014-07-01,62.2,14
4322,2014-08-07,86.19,15
4322,2014-08-22,80.17,16
4322,2014-08-30,97.64,17
4322,2014-09-09,69.4,18
4322,2014-09-15,43.02,19
713,2014-06-08,28.91,1
713,2014-06-20,32.45,2
713,2014-07-20,29.2,3
713,2014-07-24,35.96,4
713,2014-07-24,16.36,5
713,2014-07-24,28.12,6
713,2014-07-24,39.88,7
713,2014-07-24,30.9,8
713,2014-07-24,26.17,9
713,2014-07-24,27.2,10
713,2014-07-24,24.67,11
713,2014-07-24,39.66,12
713,2014-07-24,28.97,13
713,2014-07-25,18.54,14
4702,2012-11-12,105.54,1
4702,2012-12-09,122.19,2
4702,2012-12-17,121.45,3
4702,2012-12-28,174.9,4
4702,2013-01-31,159.23,5
4702,2013-04-03,129.84,6
4702,2013-05-19,81.56,7
4702,2013-07-05,58.51,8
4702,2013-08-01,116.41,9
4702,2013-08-05,55.68,10
4702,2013-10-02,157.1,11
4702,2013-10-11,106.98,12
4702,2013-12-23,94.16,13
4702,2014-03-04,106.37,14
4702,2014-05-08,99.99,15
4702,2014-09-15,85.08,16
3281,2013-11-03,28.14,1
3281,2013-11-22,28.91,2
3281,2013-11-28,19.74,3
3281,2014-01-04,24.54,4
3281,2014-03-08,23.77,5
3281,2014-04-01,18.46,6
3281,2014-05-20,25.73,7
3281,2014-05-23,37.93,8
3281,2014-05-29,31.69,9
3281,2014-06-02,28.14,10
3281,2014-06-12,19.89,11
3281,2014-06-13,19.45,12
3281,2014-07-28,33.61,13
702,2013-02-15,32.43,1
702,2013-03-09,30.9,2
702,2013-03-27,32.72,3
702,2013-05-06,30.12,4
702,2013-08-03,18.44,5
702,2013-11-07,42.09,6
702,2013-12-28,34.32,7
702,2014-01-03,25.55,8
702,2014-01-25,22.94,9
702,2014-02-16,39.02,10
702,2014-03-28,35.27,11
702,2014-04-02,42.52,12
702,2014-04-25,17.36,13
702,2014-05-28,34.7,14
702,2014-07-17,21.61,15
2004,2013-09-18,68.31,1
2004,2013-09-21,78.43,2
2004,2013-10-03,85.49,3
2004,2013-12-03,60.96,4
2004,2014-01-04,71.47,5
2004,2014-01-07,57.39,6
2004,2014-02-11,107.06,7
2004,2014-02-15,74.92,8
2004,2014-03-10,69.52,9
2004,2014-03-11,85.15,10
2004,2014-05-27,67.83,11
2004,2014-06-04,76.2,12
2004,2014-06-14,77.35,13
2004,2014-07-01,35.87,14
2004,2014-07-13,50.33,15
2004,2014-08-01,47.7,16
4769,2014-06-18,40.94,1
4769,2014-07-17,30.16,2
4769,2014-08-11,17.05,3
4769,2014-08-13,30.17,4
4769,2014-08-13,21.29,5
4769,2014-08-13,23.82,6
4769,2014-08-13,29.8,7
4769,2014-08-13,24.35,8
4769,2014-08-13,49.25,9
4769,2014-08-13,27.8,10
4769,2014-08-13,30.31,11
4769,2014-08-13,31.42,12
4769,2014-08-13,22.24,13
4769,2014-08-13,39.87,14
4769,2014-08-13,29.66,15
4769,2014-08-14,35.88,16
4437,2013-04-24,29.22,1
4437,2013-06-08,21.27,2
4437,2013-09-11,16.09,3
4437,2013-09-20,27.08,4
4437,2013-10-04,21.6,5
4437,2013-10-31,17.95,6
4437,2013-11-06,13.11,7
4437,2014-04-16,32.42,8
4437,2014-05-11,23.96,9
4437,2014-08-01,19.29,10
8724,2013-06-17,9.41,1
8724,2013-11-19,8.59,2
8724,2014-05-11,7.1,3
8724,2014-05-21,7.32,4
8724,2014-08-09,7.59,5
10741,2013-04-11,29.41,1
10741,2013-04-20,21.28,2
10741,2013-06-15,18.02,3
10741,2013-07-23,24.2,4
10741,2013-08-18,29.41,5
10741,2013-10-19,26.64,6
10741,2013-10-21,28.34,7
10741,2013-10-25,29.48,8
10741,2013-11-04,28.6,9
10741,2014-02-24,22.82,10
10741,2014-05-22,23.9,11
10741,2014-07-27,21.89,12
1991,2014-01-18,8.16,1
1991,2014-03-27,17.44,2
1991,2014-04-04,16.41,3
1991,2014-05-09,14.93,4
1991,2014-05-19,10.38,5
1991,2014-10-05,21.68,6
6931,2014-02-15,73.11,1
6931,2014-03-22,53.93,2
6931,2014-04-07,55.37,3
6931,2014-04-17,52.63,4
6931,2014-04-20,78.55,5
6931,2014-05-12,57.98,6
6931,2014-05-18,142.48,7
6931,2014-05-23,57.77,8
6931,2014-06-22,76.76,9
6931,2014-07-19,52.4,10
6931,2014-08-02,64.32,11
6931,2014-08-10,89.28,12
6931,2014-08-11,61.28,13
6931,2014-08-17,52.95,14
6931,2014-09-16,63.21,15
11096,2013-08-08,18.87,1
11096,2013-09-12,19.33,2
11096,2013-10-31,21.34,3
11096,2014-01-18,23.59,4
11096,2014-05-12,23.44,5
11096,2014-05-15,28.31,6
11096,2014-05-30,26.31,7
11096,2014-06-13,22.6,8
11096,2014-07-31,24.35,9
11096,2014-08-16,17.87,10
304,2013-12-23,9.81,1
304,2014-03-22,7.38,2
304,2014-05-05,8.98,3
304,2014-05-17,6.34,4
304,2014-06-20,9.84,5
304,2014-07-30,7.66,6
3665,2013-11-07,4.47,1
3665,2014-02-20,5.31,2
3665,2014-04-12,6.94,3
3665,2014-06-05,6.61,4
3665,2014-07-09,4.42,5
3665,2014-08-20,4.24,6
10591,2012-11-23,21.53,1
10591,2013-03-15,30.69,2
10591,2013-05-22,17.11,3
10591,2013-05-30,15.91,4
10591,2013-06-22,18.17,5
10591,2013-07-05,19.47,6
10591,2014-02-14,15.58,7
10591,2014-04-27,21.36,8
10591,2014-08-29,22.18,9
5036,2012-11-28,18.97,1
5036,2013-01-20,24.94,2
5036,2013-07-15,21.98,3
5036,2013-08-08,29.07,4
5036,2013-10-06,18.76,5
5036,2013-10-21,24.78,6
5036,2013-11-11,26.47,7
5036,2014-01-17,28.89,8
5036,2014-02-22,10.49,9
5036,2014-03-25,27.6,10
5036,2014-04-22,40.08,11
5036,2014-08-28,31.98,12
5547,2013-08-07,74.54,1
5547,2013-09-03,124.88,2
5547,2013-09-17,91.22,3
5547,2013-09-18,104.74,4
5547,2013-11-15,89.16,5
5547,2013-11-23,96.83,6
5547,2013-11-30,83.4,7
5547,2013-12-11,175.43,8
5547,2013-12-12,111.27,9
5547,2013-12-28,74.73,10
5547,2014-01-25,95.59,11
5547,2014-01-27,123.03,12
5547,2014-02-12,66.68,13
5547,2014-05-31,115.34,14
5547,2014-06-11,68.06,15
5547,2014-06-18,105.82,16
5547,2014-06-28,69.23,17
5547,2014-07-03,133.36,18
5547,2014-09-26,115.69,19
7822,2013-06-04,29.95,1
7822,2013-06-23,34.11,2
7822,2013-06-23,30.58,3
7822,2013-06-30,42.34,4
7822,2013-08-13,33.12,5
7822,2013-08-14,24.88,6
7822,2013-08-27,23.97,7
7822,2013-10-25,33.57,8
7822,2013-12-17,39.88,9
7822,2013-12-23,30.81,10
7822,2014-02-09,39.55,11
7822,2014-02-11,30.44,12
7822,2014-04-04,44.46,13
7822,2014-05-07,29.73,14
7822,2014-05-08,33.49,15
7822,2014-05-08,41.38,16
7822,2014-06-02,28.72,17
7822,2014-08-10,37.02,18
8541,2014-03-08,7.13,1
8541,2014-05-22,4.98,2
8541,2014-05-26,6.9,3
8541,2014-06-16,7.85,4
8541,2014-06-23,4.21,5
8541,2014-06-29,3.93,6
10955,2014-01-07,113.4,1
10955,2014-01-26,164.44,2
10955,2014-02-18,127.46,3
10955,2014-03-19,113.49,4
10955,2014-04-26,133.78,5
10955,2014-05-02,101.69,6
10955,2014-05-12,101.39,7
10955,2014-06-16,104.69,8
10955,2014-07-01,112.85,9
10955,2014-07-02,134.31,10
10955,2014-07-03,99.97,11
10955,2014-07-24,105.01,12
10955,2014-07-29,141.52,13
4368,2013-12-03,14.95,1
4368,2014-02-01,14.25,2
4368,2014-02-09,21.18,3
4368,2014-03-02,16.12,4
4368,2014-04-05,14.88,5
4368,2014-05-08,27.78,6
4368,2014-07-25,14.86,7
2256,2014-03-29,5.58,1
2256,2014-06-29,4.88,2
2256,2014-07-27,4.48,3
2256,2014-09-02,5.05,4
4279,2014-03-31,7.9,1
4279,2014-06-02,7.02,2
4279,2014-06-17,6.96,3
4279,2014-07-03,6.43,4
4279,2014-07-10,7.69,5
5371,2014-04-08,11.01,1
5371,2014-06-25,8.64,2
5371,2014-07-05,9.25,3
5371,2014-07-23,8.89,4
5371,2014-09-07,10.59,5
5371,2014-10-05,8.63,6
9240,2014-02-07,29.52,1
9240,2014-02-18,31.08,2
9240,2014-03-31,37.97,3
9240,2014-04-12,34.99,4
9240,2014-04-25,51.26,5
9240,2014-04-30,30.86,6
9240,2014-05-05,22.34,7
9240,2014-05-17,27.16,8
9240,2014-05-23,22.88,9
9240,2014-05-23,23.88,10
9240,2014-05-30,40.91,11
9240,2014-06-08,25.49,12
9240,2014-06-14,25.53,13
9240,2014-06-25,21.82,14
9240,2014-07-11,41.8,15
9240,2014-07-24,24.51,16
9460,2013-04-18,16.12,1
9460,2013-06-29,13.09,2
9460,2013-09-22,18.36,3
9460,2013-10-03,22.92,4
9460,2014-03-14,14.5,5
9460,2014-04-06,16.65,6
9460,2014-07-23,18.35,7
9504,2013-11-06,36.12,1
9504,2013-11-11,59.95,2
9504,2013-11-26,26.43,3
9504,2013-12-17,38.85,4
9504,2013-12-29,47.33,5
9504,2014-01-06,24.36,6
9504,2014-01-27,35.64,7
9504,2014-01-30,58.7,8
9504,2014-02-02,48.63,9
9504,2014-03-26,27.07,10
9504,2014-03-28,67.84,11
9504,2014-04-04,47.84,12
9504,2014-04-09,37.72,13
9504,2014-04-24,48.14,14
9504,2014-05-09,36.55,15
9504,2014-05-18,45.3,16
9504,2014-05-30,28.66,17
9504,2014-06-23,34.37,18
9504,2014-07-16,42.91,19
9504,2014-07-21,36.34,20
9504,2014-08-18,42.1,21
9504,2014-09-06,21.15,22
9504,2014-09-14,36.57,23
9504,2014-10-01,32.45,24
8692,2012-11-02,25.75,1
8692,2012-12-02,23.3,2
8692,2013-01-11,24.01,3
8692,2013-08-02,20.6,4
8692,2013-08-18,15.69,5
8692,2013-08-25,18.54,6
8692,2014-01-21,25.6,7
8692,2014-02-17,31.07,8
8692,2014-06-15,19.82,9
8692,2014-08-16,20.62,10
448,2013-03-01,43.38,1
448,2013-04-15,37.51,2
448,2013-04-25,32.24,3
448,2013-04-29,24.19,4
448,2013-06-06,36.52,5
448,2013-08-21,35.11,6
448,2013-08-23,40.78,7
448,2013-08-27,42.77,8
448,2013-09-03,24.79,9
448,2013-09-07,25.04,10
448,2013-09-26,47.45,11
448,2013-10-10,30.05,12
448,2013-11-06,24.8,13
448,2013-12-18,44.14,14
448,2013-12-29,39.63,15
448,2014-03-03,36.22,16
448,2014-03-03,59.87,17
448,2014-03-07,29.15,18
448,2014-08-09,23.37,19
8314,2013-04-05,80.03,1
8314,2013-05-13,72.43,2
8314,2013-05-19,79.4,3
8314,2013-05-31,121.03,4
8314,2013-06-26,93.41,5
8314,2013-09-14,76.19,6
8314,2013-09-29,112.22,7
8314,2013-11-17,114.36,8
8314,2014-01-06,58.24,9
8314,2014-03-09,92.4,10
8314,2014-05-09,117.63,11
8314,2014-05-24,95.09,12
8314,2014-06-21,66.82,13
8314,2014-08-11,96.92,14
8314,2014-08-12,90.76,15
8314,2014-08-18,92.09,16
8314,2014-08-23,72.74,17
8314,2014-09-05,129.23,18
8420,2013-08-03,6.68,1
8420,2013-10-14,4.92,2
8420,2014-06-15,6.49,3
8420,2014-06-29,9.6,4
8420,2014-07-01,10.97,5
8420,2014-09-08,8.35,6
3174,2013-05-22,69.6,1
3174,2013-06-16,101.13,2
3174,2013-06-21,57.0,3
3174,2013-07-16,113.94,4
3174,2013-08-07,106.3,5
3174,2013-08-19,97.79,6
3174,2013-09-26,103.94,7
3174,2013-10-16,179.06,8
3174,2013-11-18,83.5,9
3174,2013-12-23,102.24,10
3174,2013-12-29,115.52,11
3174,2014-01-27,150.51,12
3174,2014-02-13,102.81,13
3174,2014-04-29,106.84,14
3174,2014-04-30,87.86,15
3174,2014-05-03,83.29,16
3174,2014-05-31,104.38,17
3174,2014-07-25,96.24,18
3174,2014-08-05,62.04,19
7685,2013-09-09,10.57,1
7685,2013-11-25,11.2,2
7685,2013-12-11,13.41,3
7685,2014-01-07,14.3,4
7685,2014-05-27,9.03,5
7685,2014-10-01,7.49,6
3179,2013-06-16,93.49,1
3179,2013-07-30,82.53,2
3179,2013-08-02,96.05,3
3179,2013-08-09,83.91,4
3179,2013-09-02,87.17,5
3179,2013-10-16,104.05,6
3179,2013-11-03,70.18,7
3179,2013-11-15,67.39,8
3179,2013-12-19,75.77,9
3179,2014-01-17,70.32,10
3179,2014-02-09,47.3,11
3179,2014-02-16,55.85,12
3179,2014-04-15,76.63,13
3179,2014-05-07,107.14,14
3179,2014-05-19,97.32,15
3179,2014-05-24,58.24,16
3179,2014-06-19,99.01,17
3179,2014-06-24,83.68,18
3179,2014-07-22,77.96,19
9780,2013-06-25,29.32,1
9780,2013-07-30,32.12,2
9780,2013-08-06,26.11,3
9780,2013-08-09,33.7,4
9780,2013-08-21,19.53,5
9780,2013-09-03,49.04,6
9780,2013-09-05,38.43,7
9780,2013-11-19,39.73,8
9780,2013-12-30,29.31,9
9780,2014-01-22,19.78,10
9780,2014-03-14,25.49,11
9780,2014-04-28,42.29,12
9780,2014-05-07,26.78,13
9780,2014-05-12,34.72,14
9780,2014-06-06,29.67,15
9780,2014-06-10,25.3,16
9780,2014-07-03,28.85,17
9780,2014-07-20,29.02,18
9780,2014-07-25,25.3,19
9780,2014-08-02,48.45,20
9780,2014-08-04,33.77,21
9780,2014-09-02,27.12,22
9780,2014-09-03,28.96,23
9780,2014-09-23,35.22,24
10681,2014-01-15,34.01,1
10681,2014-02-13,32.74,2
10681,2014-02-18,55.77,3
10681,2014-03-13,34.39,4
10681,2014-04-15,37.28,5
10681,2014-04-26,35.62,6
10681,2014-05-04,39.38,7
10681,2014-05-14,46.41,8
10681,2014-05-17,40.75,9
10681,2014-05-19,30.88,10
10681,2014-05-27,47.19,11
10681,2014-06-27,34.8,12
10681,2014-06-28,29.95,13
10681,2014-07-07,38.9,14
10681,2014-07-30,34.95,15
10681,2014-08-02,37.51,16
10681,2014-08-07,28.61,17
10681,2014-08-19,45.44,18
10681,2014-08-22,39.99,19
10681,2014-09-02,36.31,20
10681,2014-09-22,45.14,21
10232,2013-11-05,21.61,1
10232,2013-11-15,25.68,2
10232,2014-01-07,31.11,3
10232,2014-02-04,27.87,4
10232,2014-03-03,35.74,5
10232,2014-03-17,24.79,6
10232,2014-03-22,23.53,7
10232,2014-04-23,28.85,8
10232,2014-06-07,14.39,9
10232,2014-07-31,30.23,10
10232,2014-08-07,25.67,11
10232,2014-09-26,17.52,12
4184,2014-06-07,12.22,1
4184,2014-07-31,16.7,2
4184,2014-08-06,23.46,3
4184,2014-08-07,25.62,4
4184,2014-08-10,29.01,5
4184,2014-08-12,26.57,6
4184,2014-08-13,25.1,7
4184,2014-08-15,16.68,8
4184,2014-08-15,31.91,9
4184,2014-08-18,17.72,10
9120,2012-12-05,52.48,1
9120,2013-01-03,72.96,2
9120,2013-01-05,69.54,3
9120,2013-04-16,71.22,4
9120,2013-04-16,72.9,5
9120,2013-06-29,60.63,6
9120,2013-10-03,73.52,7
9120,2013-10-07,50.89,8
9120,2013-12-16,72.49,9
9120,2014-03-18,52.87,10
9120,2014-03-25,60.64,11
9120,2014-04-20,86.73,12
9120,2014-05-01,58.87,13
9120,2014-06-20,105.56,14
9120,2014-07-17,61.71,15
891,2013-09-07,3.72,1
891,2013-11-22,2.32,2
891,2014-08-06,3.96,3
10381,2013-07-05,3.32,1
10381,2013-12-11,6.57,2
10381,2014-08-23,7.12,3
3525,2012-12-07,5.09,1
3525,2013-02-23,4.06,2
3525,2014-09-16,6.85,3
6818,2012-10-29,28.93,1
6818,2013-02-09,24.12,2
6818,2013-02-11,20.18,3
6818,2013-02-22,22.35,4
6818,2013-03-18,26.73,5
6818,2013-08-26,33.96,6
6818,2013-11-19,17.71,7
6818,2013-12-08,17.38,8
6818,2014-01-22,24.34,9
6818,2014-05-01,30.05,10
6818,2014-09-09,17.27,11
3526,2014-01-27,10.88,1
3526,2014-03-28,11.42,2
3526,2014-04-25,7.62,3
3526,2014-08-08,7.08,4
8181,2013-09-13,27.36,1
8181,2013-09-25,18.91,2
8181,2013-11-28,18.36,3
8181,2014-04-08,14.56,4
8181,2014-05-07,15.35,5
8181,2014-06-16,15.73,6
8181,2014-06-20,18.22,7
8181,2014-08-24,24.51,8
1029,2013-08-01,18.11,1
1029,2013-09-12,20.76,2
1029,2013-10-14,33.16,3
1029,2014-02-12,19.11,4
1029,2014-02-28,24.97,5
1029,2014-05-11,27.2,6
1029,2014-05-14,26.3,7
1029,2014-06-10,20.67,8
1029,2014-07-20,22.58,9
1029,2014-08-22,16.97,10
1029,2014-09-08,29.16,11
7369,2013-10-02,13.87,1
7369,2013-12-22,13.85,2
7369,2014-04-09,8.47,3
7369,2014-06-04,11.74,4
7369,2014-08-10,14.06,5
2574,2013-01-31,47.21,1
2574,2013-03-04,68.3,2
2574,2013-03-06,59.7,3
2574,2013-03-22,50.38,4
2574,2013-05-25,83.33,5
2574,2013-06-21,48.66,6
2574,2013-06-25,71.46,7
2574,2013-07-18,77.48,8
2574,2013-08-10,67.88,9
2574,2013-08-20,62.74,10
2574,2013-12-02,81.73,11
2574,2013-12-07,123.45,12
2574,2013-12-22,56.5,13
2574,2014-03-15,50.81,14
2574,2014-03-20,80.64,15
2574,2014-05-15,63.69,16
2574,2014-08-07,65.63,17
2574,2014-09-08,46.4,18
8159,2014-04-01,18.02,1
8159,2014-05-12,27.78,2
8159,2014-06-13,16.95,3
8159,2014-06-17,11.43,4
8159,2014-07-04,19.16,5
8159,2014-08-07,16.32,6
8159,2014-09-05,14.97,7
8159,2014-09-25,27.36,8
1160,2013-08-23,9.19,1
1160,2013-10-23,6.53,2
1160,2013-12-23,6.69,3
1160,2014-01-02,6.44,4
1160,2014-01-23,6.15,5
1160,2014-08-18,7.0,6
10242,2013-09-16,14.56,1
10242,2013-12-12,13.04,2
10242,2014-03-11,8.86,3
10242,2014-03-25,10.04,4
10242,2014-04-07,10.78,5
10242,2014-08-27,9.72,6
5253,2013-07-09,30.66,1
5253,2013-08-19,26.04,2
5253,2013-09-30,16.27,3
5253,2013-12-19,27.69,4
5253,2014-01-05,16.82,5
5253,2014-01-16,23.55,6
5253,2014-01-27,18.41,7
5253,2014-01-28,25.78,8
5253,2014-03-16,17.45,9
5253,2014-07-12,20.33,10
5966,2012-11-10,23.18,1
5966,2012-12-09,21.65,2
5966,2013-08-10,17.25,3
5966,2013-08-12,31.51,4
5966,2013-08-20,21.82,5
5966,2013-09-01,20.48,6
5966,2013-10-20,21.49,7
5966,2013-11-06,23.68,8
5966,2014-02-07,11.3,9
5966,2014-08-02,20.63,10
5081,2013-10-20,9.34,1
5081,2014-02-25,10.91,2
5081,2014-07-18,7.98,3
5081,2014-08-12,8.78,4
5123,2013-04-15,14.82,1
5123,2013-08-23,10.86,2
5123,2013-10-27,9.56,3
5123,2013-12-10,15.67,4
5123,2014-05-28,16.11,5
5123,2014-08-09,23.98,6
5756,2014-04-03,7.85,1
5756,2014-06-29,7.83,2
5756,2014-07-11,9.89,3
5756,2014-07-19,15.62,4
5756,2014-08-02,11.82,5
8036,2014-04-18,6.07,1
8036,2014-06-23,8.39,2
8036,2014-07-08,6.2,3
8036,2014-07-10,10.97,4
8036,2014-08-06,6.27,5
8036,2014-08-11,9.04,6
8036,2014-09-25,7.06,7
9058,2012-10-22,79.56,1
9058,2012-11-12,53.06,2
9058,2012-11-18,101.59,3
9058,2013-03-01,76.33,4
9058,2013-05-02,62.71,5
9058,2013-05-08,44.52,6
9058,2013-06-06,75.87,7
9058,2013-06-10,63.93,8
9058,2013-07-19,73.32,9
9058,2013-07-24,77.6,10
9058,2013-09-06,110.42,11
9058,2013-09-25,85.5,12
9058,2013-10-02,83.0,13
9058,2013-10-03,79.01,14
9058,2013-10-23,65.14,15
9058,2014-01-10,66.81,16
9058,2014-01-14,90.83,17
9058,2014-04-16,89.65,18
9058,2014-06-20,93.45,19
9058,2014-06-24,76.29,20
9058,2014-08-01,94.41,21
5057,2013-09-14,35.11,1
5057,2013-10-02,28.12,2
5057,2013-11-02,27.16,3
5057,2013-11-08,32.83,4
5057,2013-11-23,29.68,5
5057,2013-11-24,32.22,6
5057,2013-12-14,31.6,7
5057,2013-12-29,39.47,8
5057,2014-01-20,41.46,9
5057,2014-01-20,37.37,10
5057,2014-03-19,33.47,11
5057,2014-03-22,28.57,12
5057,2014-04-14,33.64,13
5057,2014-04-28,35.05,14
5057,2014-06-02,24.68,15
5057,2014-06-10,32.98,16
5057,2014-06-26,35.06,17
5057,2014-07-23,41.52,18
254,2014-05-17,23.7,1
254,2014-06-27,29.47,2
254,2014-07-10,30.81,3
254,2014-07-24,26.78,4
254,2014-07-26,24.39,5
254,2014-08-01,21.5,6
254,2014-08-02,28.07,7
254,2014-08-06,37.95,8
254,2014-08-10,38.44,9
254,2014-08-14,31.17,10
254,2014-08-25,43.37,11
254,2014-08-29,25.13,12
254,2014-09-07,24.36,13
254,2014-09-13,29.75,14
254,2014-10-01,28.13,15
4179,2013-08-20,6.66,1
4179,2013-11-11,5.06,2
4179,2013-12-20,9.34,3
4179,2014-02-09,6.76,4
4179,2014-07-03,5.18,5
3710,2012-10-12,13.36,1
3710,2013-01-15,12.74,2
3710,2013-04-09,14.14,3
3710,2014-04-27,11.3,4
3710,2014-08-25,12.46,5
7627,2012-12-12,71.27,1
7627,2013-01-19,99.66,2
7627,2013-01-26,103.81,3
7627,2013-01-27,121.59,4
7627,2013-02-25,118.88,5
7627,2013-03-22,121.77,6
7627,2013-04-16,78.46,7
7627,2013-05-30,91.92,8
7627,2013-06-06,82.93,9
7627,2013-06-20,99.42,10
7627,2013-07-23,88.45,11
7627,2013-08-25,74.31,12
7627,2013-09-24,128.44,13
7627,2013-11-24,121.95,14
7627,2014-02-26,127.0,15
7627,2014-03-11,101.7,16
7627,2014-05-14,76.74,17
7627,2014-06-23,112.44,18
7627,2014-07-11,61.39,19
7627,2014-08-10,71.27,20
7627,2014-09-10,112.61,21
4501,2013-11-10,60.3,1
4501,2013-12-05,95.34,2
4501,2013-12-08,94.46,3
4501,2013-12-21,72.85,4
4501,2014-01-20,59.38,5
4501,2014-01-23,98.19,6
4501,2014-02-06,70.99,7
4501,2014-02-14,79.44,8
4501,2014-02-20,45.37,9
4501,2014-03-22,61.33,10
4501,2014-03-22,42.79,11
4501,2014-04-05,56.8,12
4501,2014-04-07,76.2,13
4501,2014-04-07,69.17,14
4501,2014-04-10,73.92,15
4501,2014-05-10,76.13,16
4501,2014-05-26,63.36,17
4501,2014-05-28,39.56,18
4501,2014-07-03,77.43,19
6424,2014-01-30,8.77,1
6424,2014-05-03,6.15,2
6424,2014-07-08,10.6,3
6424,2014-09-26,7.48,4
3075,2013-09-11,27.91,1
3075,2013-10-01,32.14,2
3075,2013-10-10,19.26,3
3075,2013-12-03,19.55,4
3075,2014-04-05,19.82,5
3075,2014-04-27,29.22,6
3075,2014-05-14,14.81,7
3075,2014-07-06,26.46,8
3075,2014-07-07,26.72,9
3075,2014-07-15,34.65,10
3075,2014-07-23,35.43,11
3075,2014-08-12,31.15,12
3075,2014-08-14,31.23,13
3075,2014-08-19,33.65,14
4992,2013-09-19,7.96,1
4992,2013-11-25,4.71,2
4992,2013-12-28,6.97,3
4992,2014-01-14,5.95,4
4992,2014-02-23,6.05,5
4992,2014-09-23,7.36,6
5252,2012-10-26,10.67,1
5252,2013-01-08,11.77,2
5252,2013-05-02,11.75,3
5252,2013-08-17,10.33,4
5252,2014-07-17,9.49,5
7444,2013-10-19,6.22,1
7444,2014-02-08,8.49,2
7444,2014-02-15,7.86,3
7444,2014-09-15,5.43,4
6919,2013-06-04,8.92,1
6919,2013-08-03,7.16,2
6919,2013-09-02,12.08,3
6919,2013-09-19,6.04,4
6919,2014-07-18,6.69,5
6919,2014-08-27,7.11,6
3537,2013-05-07,10.47,1
3537,2013-06-19,10.04,2
3537,2013-06-26,8.45,3
3537,2013-12-03,8.98,4
3537,2014-03-12,9.28,5
3537,2014-05-20,10.39,6
3537,2014-08-09,17.39,7
10277,2013-02-21,11.88,1
10277,2013-08-11,10.72,2
10277,2014-04-09,9.01,3
10277,2014-09-08,6.39,4
2453,2012-10-25,39.72,1
2453,2012-10-26,42.02,2
2453,2012-11-15,36.75,3
2453,2012-12-09,30.83,4
2453,2013-01-08,41.24,5
2453,2013-04-12,30.04,6
2453,2013-04-18,34.06,7
2453,2013-05-22,32.22,8
2453,2013-05-26,39.55,9
2453,2013-06-07,36.12,10
2453,2013-07-08,31.36,11
2453,2013-08-14,53.14,12
2453,2013-09-19,31.42,13
2453,2013-11-03,29.88,14
2453,2013-11-05,26.85,15
2453,2014-03-03,37.88,16
2453,2014-03-25,24.71,17
2453,2014-04-07,38.85,18
2453,2014-05-29,37.94,19
2453,2014-07-14,45.42,20
7972,2013-09-17,55.92,1
7972,2013-11-01,72.17,2
7972,2013-11-09,76.71,3
7972,2014-01-01,72.7,4
7972,2014-01-22,61.35,5
7972,2014-01-25,47.12,6
7972,2014-02-04,61.94,7
7972,2014-02-10,62.39,8
7972,2014-02-13,76.31,9
7972,2014-02-25,111.67,10
7972,2014-03-03,69.82,11
7972,2014-03-10,47.33,12
7972,2014-03-18,60.14,13
7972,2014-03-23,74.93,14
7972,2014-04-15,56.06,15
7972,2014-07-18,90.45,16
895,2012-12-09,29.36,1
895,2013-01-23,24.0,2
895,2013-02-06,31.66,3
895,2013-02-08,38.61,4
895,2013-04-07,32.78,5
895,2013-07-22,21.44,6
895,2013-08-27,38.77,7
895,2013-09-18,34.55,8
895,2013-09-26,26.37,9
895,2013-09-30,39.44,10
895,2013-11-08,23.58,11
895,2013-12-02,30.03,12
895,2013-12-15,26.2,13
895,2014-04-06,43.65,14
895,2014-04-23,40.57,15
895,2014-05-11,36.79,16
895,2014-07-28,27.2,17
1177,2013-01-26,13.05,1
1177,2013-07-04,15.62,2
1177,2013-08-28,16.98,3
1177,2014-01-20,17.62,4
1177,2014-04-12,22.37,5
1177,2014-05-28,17.69,6
1177,2014-07-20,11.66,7
7141,2012-12-29,22.9,1
7141,2013-02-18,22.93,2
7141,2013-09-04,13.39,3
7141,2013-10-02,11.76,4
7141,2013-10-05,19.89,5
7141,2013-11-27,16.86,6
7141,2014-01-18,16.52,7
7141,2014-09-20,24.75,8
8477,2013-03-11,7.21,1
8477,2013-05-26,5.48,2
8477,2013-09-01,5.65,3
8477,2014-08-05,8.66,4
2457,2012-10-26,8.28,1
2457,2013-02-02,7.32,2
2457,2013-08-07,10.72,3
2457,2014-09-12,7.69,4
988,2014-05-07,61.62,1
988,2014-05-13,55.45,2
988,2014-05-19,71.69,3
988,2014-07-06,61.86,4
988,2014-07-07,61.46,5
988,2014-07-08,49.34,6
988,2014-07-08,88.36,7
988,2014-07-08,75.79,8
988,2014-07-09,72.53,9
988,2014-07-09,87.19,10
988,2014-07-10,82.84,11
988,2014-07-10,36.38,12
988,2014-07-11,60.62,13
988,2014-07-11,111.29,14
988,2014-07-11,63.03,15
988,2014-07-11,64.73,16
988,2014-07-13,66.81,17
7930,2013-08-19,18.44,1
7930,2013-10-03,36.04,2
7930,2013-11-21,23.85,3
7930,2013-12-25,16.25,4
7930,2014-03-04,18.77,5
7930,2014-03-28,21.66,6
7930,2014-06-02,19.95,7
7930,2014-07-05,32.38,8
7930,2014-07-16,19.86,9
7930,2014-07-23,20.8,10
4587,2013-07-18,26.48,1
4587,2013-09-13,19.03,2
4587,2013-10-29,19.79,3
4587,2013-11-09,20.91,4
4587,2013-11-27,25.12,5
4587,2013-12-28,40.45,6
4587,2014-01-02,17.25,7
4587,2014-03-09,25.73,8
4587,2014-04-14,14.42,9
4587,2014-04-16,22.93,10
4587,2014-07-07,23.9,11
6682,2012-12-11,6.19,1
6682,2013-06-14,6.48,2
6682,2013-08-16,4.65,3
6682,2014-08-25,4.68,4
10299,2012-11-09,39.1,1
10299,2012-11-20,30.72,2
10299,2012-12-25,34.52,3
10299,2012-12-26,46.75,4
10299,2013-04-03,52.47,5
10299,2013-04-07,30.91,6
10299,2013-04-08,36.87,7
10299,2013-04-27,45.36,8
10299,2013-05-18,25.34,9
10299,2013-05-29,31.52,10
10299,2013-07-27,30.24,11
10299,2013-08-15,29.21,12
10299,2013-08-25,58.44,13
10299,2013-09-28,36.42,14
10299,2013-12-28,44.23,15
10299,2014-01-22,37.67,16
10299,2014-01-27,43.02,17
10299,2014-04-01,33.57,18
10299,2014-05-10,45.15,19
10299,2014-06-07,53.74,20
10299,2014-06-10,24.69,21
10299,2014-07-24,31.04,22
3083,2013-07-26,29.66,1
3083,2013-09-09,18.39,2
3083,2013-09-22,22.38,3
3083,2013-10-15,21.75,4
3083,2013-10-29,34.95,5
3083,2013-11-02,30.21,6
3083,2013-11-16,27.6,7
3083,2013-11-17,21.78,8
3083,2014-02-21,20.24,9
3083,2014-02-23,28.79,10
3083,2014-03-12,20.67,11
3083,2014-04-05,50.04,12
3083,2014-07-09,22.54,13
8953,2013-05-06,8.51,1
8953,2014-02-17,8.55,2
8953,2014-05-27,7.86,3
8953,2014-07-03,7.08,4
1503,2014-09-04,105.0,1
8650,2013-03-18,5.74,1
8650,2013-07-20,8.63,2
8650,2013-12-09,9.82,3
8650,2014-09-04,7.81,4
10862,2012-11-12,26.59,1
10862,2012-12-23,23.28,2
10862,2013-01-01,13.99,3
10862,2013-03-14,15.95,4
10862,2013-06-16,31.31,5
10862,2013-07-31,32.14,6
10862,2013-09-14,18.64,7
10862,2014-03-30,29.5,8
10862,2014-05-12,29.03,9
10862,2014-06-08,26.63,10
10862,2014-06-30,21.73,11
10862,2014-09-29,31.21,12
2782,2013-07-11,21.72,1
2782,2013-07-29,31.9,2
2782,2013-08-04,44.86,3
2782,2013-11-07,24.8,4
2782,2013-12-25,28.22,5
2782,2014-03-01,29.41,6
2782,2014-03-14,32.19,7
2782,2014-04-03,17.53,8
2782,2014-04-09,32.6,9
2782,2014-04-12,28.38,10
2782,2014-06-09,24.78,11
2782,2014-07-16,25.22,12
2782,2014-08-04,23.83,13
2782,2014-09-12,23.58,14
6941,2013-07-14,13.21,1
6941,2013-11-01,10.36,2
6941,2013-11-29,15.17,3
6941,2014-03-05,13.79,4
6941,2014-07-05,10.47,5
10972,2014-03-10,73.27,1
10972,2014-03-26,44.38,2
10972,2014-05-02,72.12,3
10972,2014-05-09,79.4,4
10972,2014-05-26,92.46,5
10972,2014-06-13,67.98,6
10972,2014-06-21,94.56,7
10972,2014-06-24,89.72,8
10972,2014-06-30,49.04,9
10972,2014-07-02,58.56,10
10972,2014-07-10,68.67,11
10972,2014-07-27,64.18,12
10972,2014-08-14,49.67,13
10708,2013-12-28,5.84,1
10708,2014-04-04,6.12,2
10708,2014-07-14,10.1,3
10708,2014-08-16,8.94,4
6583,2013-06-03,30.08,1
6583,2013-06-28,41.22,2
6583,2013-07-28,35.85,3
6583,2013-08-01,56.51,4
6583,2013-09-09,51.01,5
6583,2013-10-24,44.14,6
6583,2013-10-31,41.28,7
6583,2013-11-16,56.23,8
6583,2013-12-05,30.18,9
6583,2014-01-09,53.58,10
6583,2014-01-10,41.37,11
6583,2014-01-26,36.57,12
6583,2014-04-01,46.4,13
6583,2014-04-12,32.76,14
6583,2014-04-13,37.18,15
6583,2014-05-14,54.98,16
6583,2014-05-24,44.29,17
6583,2014-06-30,60.72,18
6583,2014-07-16,40.51,19
6583,2014-08-12,39.14,20
3641,2013-01-20,7.01,1
3641,2013-07-10,6.95,2
3641,2013-08-19,6.88,3
3641,2014-02-11,5.26,4
3641,2014-07-04,3.9,5
10156,2013-06-03,67.66,1
10156,2013-06-09,48.15,2
10156,2013-06-24,50.94,3
10156,2013-07-16,78.76,4
10156,2013-08-30,57.03,5
10156,2013-09-28,50.19,6
10156,2013-10-09,37.68,7
10156,2013-10-21,54.52,8
10156,2013-11-11,48.95,9
10156,2013-11-17,50.07,10
10156,2014-03-29,59.12,11
10156,2014-04-07,53.95,12
10156,2014-05-03,89.63,13
10156,2014-05-09,50.93,14
10156,2014-06-02,47.31,15
10156,2014-06-02,56.4,16
10156,2014-07-31,36.59,17
10156,2014-08-05,51.66,18
10156,2014-08-10,57.47,19
4299,2012-10-05,55.4,1
4299,2012-10-20,85.92,2
4299,2012-11-02,64.25,3
4299,2012-11-07,63.74,4
4299,2013-01-05,81.78,5
4299,2013-02-08,41.55,6
4299,2013-03-07,107.83,7
4299,2013-04-07,56.98,8
4299,2013-04-25,72.9,9
4299,2013-05-06,83.82,10
4299,2013-06-29,72.94,11
4299,2013-07-04,49.6,12
4299,2013-07-20,49.37,13
4299,2013-07-24,55.11,14
4299,2013-07-30,50.47,15
4299,2013-10-28,72.64,16
4299,2013-10-28,72.38,17
4299,2013-12-13,85.38,18
4299,2013-12-20,84.06,19
4299,2013-12-22,66.0,20
4299,2014-01-18,43.79,21
4299,2014-02-28,71.46,22
4299,2014-05-06,62.56,23
4299,2014-06-04,67.08,24
4299,2014-07-04,53.43,25
4299,2014-07-04,90.02,26
4299,2014-09-07,47.54,27
3469,2012-11-04,13.46,1
3469,2013-03-28,18.22,2
3469,2013-11-05,12.76,3
3469,2013-11-19,15.88,4
3469,2014-03-02,18.88,5
3469,2014-07-03,15.79,6
5063,2012-12-18,16.15,1
5063,2013-02-02,17.31,2
5063,2013-03-17,23.17,3
5063,2013-03-18,13.84,4
5063,2013-09-21,19.46,5
5063,2013-10-22,31.75,6
5063,2013-12-16,20.19,7
5063,2014-01-13,26.28,8
5063,2014-07-21,19.84,9
10727,2013-11-19,39.93,1
10727,2013-12-09,77.8,2
10727,2014-01-02,49.82,3
10727,2014-01-05,68.69,4
10727,2014-01-14,54.56,5
10727,2014-01-20,57.87,6
10727,2014-01-22,45.55,7
10727,2014-02-04,73.48,8
10727,2014-02-17,67.91,9
10727,2014-02-22,76.11,10
10727,2014-02-25,59.94,11
10727,2014-04-13,68.56,12
10727,2014-04-23,51.1,13
10727,2014-05-22,50.17,14
10727,2014-05-28,70.79,15
10727,2014-05-31,119.71,16
10727,2014-06-07,60.78,17
10727,2014-06-16,72.7,18
10727,2014-06-19,82.28,19
10727,2014-07-04,67.19,20
10727,2014-07-06,98.64,21
10727,2014-08-16,91.74,22
10727,2014-08-23,50.65,23
9624,2014-06-13,45.55,1
9624,2014-06-22,105.85,2
9624,2014-07-16,49.08,3
9624,2014-08-12,50.67,4
9624,2014-08-12,73.12,5
9624,2014-08-12,66.88,6
9624,2014-08-13,123.7,7
9624,2014-08-13,49.15,8
9624,2014-08-15,81.56,9
9624,2014-08-15,85.88,10
9624,2014-08-15,64.73,11
9624,2014-08-17,66.29,12
9624,2014-08-20,46.53,13
4376,2014-02-15,9.53,1
4376,2014-04-17,10.86,2
4376,2014-05-30,9.59,3
4376,2014-06-11,10.57,4
4376,2014-06-12,9.99,5
4376,2014-09-08,12.46,6
8923,2013-04-18,98.53,1
8923,2013-06-02,63.79,2
8923,2013-06-04,60.59,3
8923,2013-06-12,81.5,4
8923,2013-07-10,58.24,5
8923,2013-07-28,76.57,6
8923,2013-08-10,94.89,7
8923,2013-08-21,56.51,8
8923,2013-11-27,55.28,9
8923,2014-01-24,64.9,10
8923,2014-01-28,65.95,11
8923,2014-02-05,101.04,12
8923,2014-02-25,88.14,13
8923,2014-03-13,58.1,14
8923,2014-04-04,87.48,15
8923,2014-04-10,141.06,16
8923,2014-05-07,86.46,17
8923,2014-05-08,54.19,18
8923,2014-05-31,57.91,19
8923,2014-09-23,56.89,20
8461,2014-03-10,5.81,1
8461,2014-07-15,5.09,2
8461,2014-10-02,4.11,3
6945,2013-06-04,38.51,1
6945,2013-06-15,35.11,2
6945,2013-06-18,41.42,3
6945,2013-07-11,35.69,4
6945,2013-07-16,33.8,5
6945,2013-07-31,50.97,6
6945,2013-08-07,50.52,7
6945,2013-08-16,41.51,8
6945,2013-08-24,41.02,9
6945,2013-09-25,37.36,10
6945,2013-09-28,47.02,11
6945,2013-10-04,39.37,12
6945,2013-10-20,31.43,13
6945,2013-10-30,50.12,14
6945,2013-11-11,38.27,15
6945,2013-11-11,23.51,16
6945,2013-11-20,42.34,17
6945,2013-11-26,47.79,18
6945,2013-11-29,28.18,19
6945,2013-12-03,48.23,20
6945,2014-01-11,37.72,21
6945,2014-02-14,30.5,22
6945,2014-02-20,45.38,23
6945,2014-02-20,30.79,24
6945,2014-03-05,36.72,25
6945,2014-04-04,49.86,26
6945,2014-04-26,39.31,27
6945,2014-05-12,39.35,28
6945,2014-06-14,46.53,29
6945,2014-06-20,26.23,30
6945,2014-07-25,27.44,31
944,2013-01-08,21.09,1
944,2013-01-21,29.13,2
944,2013-02-21,25.81,3
944,2013-04-19,23.72,4
944,2013-05-13,37.23,5
944,2013-06-02,23.57,6
944,2013-06-25,30.21,7
944,2013-07-08,30.99,8
944,2013-11-05,22.43,9
944,2014-02-13,25.82,10
944,2014-07-12,17.93,11
944,2014-07-16,27.14,12
944,2014-09-29,29.91,13
1907,2012-10-08,78.35,1
1907,2012-10-16,85.28,2
1907,2012-10-31,51.6,3
1907,2012-11-22,72.97,4
1907,2013-03-16,61.85,5
1907,2013-04-08,59.95,6
1907,2013-04-30,75.53,7
1907,2013-05-29,57.62,8
1907,2013-06-30,85.75,9
1907,2013-07-09,66.11,10
1907,2013-07-14,53.05,11
1907,2013-10-03,67.65,12
1907,2014-03-07,80.65,13
1907,2014-03-08,67.6,14
1907,2014-05-11,63.75,15
1907,2014-05-11,74.6,16
1907,2014-05-18,49.04,17
1907,2014-06-03,66.09,18
1907,2014-06-16,56.11,19
1907,2014-08-01,52.57,20
1907,2014-08-13,81.87,21
701,2013-11-06,59.93,1
701,2013-11-12,128.48,2
701,2014-01-01,72.67,3
701,2014-01-12,92.92,4
701,2014-01-26,71.83,5
701,2014-02-05,88.51,6
701,2014-02-18,33.75,7
701,2014-05-02,66.15,8
701,2014-05-17,78.55,9
701,2014-05-19,70.75,10
701,2014-05-23,55.4,11
701,2014-05-23,70.69,12
701,2014-06-18,65.49,13
701,2014-06-25,37.2,14
701,2014-07-12,45.68,15
701,2014-08-08,68.0,16
4149,2014-05-13,62.89,1
4149,2014-05-26,50.39,2
4149,2014-05-31,69.7,3
4149,2014-06-24,64.78,4
4149,2014-07-14,92.5,5
4149,2014-07-14,70.3,6
4149,2014-07-16,78.26,7
4149,2014-07-18,33.01,8
4149,2014-07-19,68.77,9
4149,2014-07-20,52.74,10
4149,2014-07-21,45.22,11
4149,2014-07-23,73.12,12
4149,2014-07-24,64.84,13
4149,2014-07-24,66.42,14
4149,2014-07-29,92.02,15
4149,2014-07-30,80.46,16
4149,2014-07-31,69.28,17
4149,2014-08-01,53.58,18
4149,2014-08-07,56.0,19
4149,2014-08-09,77.72,20
2131,2012-12-30,69.07,1
2131,2013-01-02,70.97,2
2131,2013-02-21,43.6,3
2131,2013-02-22,41.16,4
2131,2013-03-03,47.44,5
2131,2013-05-02,56.66,6
2131,2013-05-22,49.77,7
2131,2013-08-09,48.81,8
2131,2013-10-18,58.03,9
2131,2013-12-10,51.1,10
2131,2014-01-13,72.43,11
2131,2014-01-17,87.88,12
2131,2014-02-01,91.63,13
2131,2014-02-06,66.42,14
2131,2014-02-26,70.05,15
2131,2014-03-03,75.57,16
2131,2014-04-19,115.67,17
2131,2014-05-17,109.66,18
2131,2014-08-29,56.08,19
2942,2013-05-07,22.29,1
2942,2013-06-30,22.5,2
2942,2013-07-01,22.85,3
2942,2013-08-20,31.97,4
2942,2013-10-08,17.53,5
2942,2013-10-15,26.58,6
2942,2013-10-30,38.07,7
2942,2013-10-30,28.74,8
2942,2014-02-24,33.89,9
2942,2014-05-10,28.06,10
2942,2014-05-12,19.33,11
2942,2014-07-07,30.0,12
2942,2014-09-15,20.18,13
1173,2013-03-10,234.81,1
1173,2013-05-07,140.1,2
1173,2013-09-21,103.86,3
1173,2013-10-16,227.44,4
1173,2013-10-29,149.6,5
1173,2013-11-30,131.7,6
1173,2014-04-05,129.17,7
1173,2014-04-15,145.31,8
1173,2014-04-17,330.56,9
1173,2014-05-16,145.54,10
1173,2014-05-25,78.23,11
1173,2014-07-24,288.67,12
4381,2013-08-18,22.6,1
4381,2013-09-02,21.51,2
4381,2013-10-24,29.22,3
4381,2014-02-12,22.28,4
4381,2014-02-24,14.03,5
4381,2014-03-05,23.77,6
4381,2014-04-04,22.86,7
4381,2014-05-10,28.89,8
4381,2014-05-18,20.87,9
4381,2014-08-10,17.95,10
4611,2013-01-21,71.09,1
4611,2013-02-11,59.46,2
4611,2013-02-11,36.2,3
4611,2013-02-13,76.62,4
4611,2013-02-21,38.44,5
4611,2013-03-19,39.22,6
4611,2013-03-28,34.88,7
4611,2013-04-02,64.1,8
4611,2013-06-25,45.8,9
4611,2013-09-24,47.88,10
4611,2013-09-25,41.26,11
4611,2013-10-20,60.16,12
4611,2013-11-13,33.13,13
4611,2013-12-07,76.06,14
4611,2013-12-20,51.16,15
4611,2013-12-22,50.52,16
4611,2013-12-30,42.35,17
4611,2014-01-09,38.03,18
4611,2014-01-26,40.86,19
4611,2014-01-29,44.74,20
4611,2014-03-29,79.12,21
4611,2014-04-09,41.22,22
4611,2014-05-03,46.27,23
4611,2014-07-17,37.91,24
4611,2014-08-01,45.27,25
4611,2014-08-18,39.74,26
4611,2014-08-21,49.23,27
4611,2014-08-22,71.21,28
4611,2014-08-28,56.25,29
4611,2014-08-30,58.81,30
3376,2013-12-13,20.59,1
3376,2014-01-13,20.41,2
3376,2014-02-17,18.68,3
3376,2014-03-14,23.37,4
3376,2014-04-20,23.23,5
3376,2014-06-07,19.24,6
3376,2014-06-30,20.78,7
3376,2014-07-25,35.0,8
3376,2014-07-29,19.08,9
3376,2014-09-26,15.61,10
4679,2014-05-23,42.64,1
4679,2014-06-30,59.04,2
4679,2014-07-07,42.1,3
4679,2014-07-19,37.68,4
4679,2014-07-21,38.54,5
4679,2014-07-22,39.67,6
4679,2014-07-22,38.21,7
4679,2014-07-23,46.99,8
4679,2014-07-23,37.84,9
4679,2014-07-26,44.8,10
4679,2014-07-28,33.67,11
4679,2014-08-01,29.25,12
4679,2014-08-02,43.66,13
4679,2014-08-05,52.06,14
4679,2014-08-07,58.65,15
4679,2014-08-07,45.33,16
4679,2014-08-08,33.18,17
4679,2014-08-08,40.96,18
4679,2014-08-10,38.21,19
4679,2014-08-15,41.67,20
4679,2014-08-16,50.71,21
4679,2014-08-16,44.65,22
4679,2014-08-19,29.4,23
4679,2014-08-22,29.32,24
4679,2014-08-24,43.76,25
10928,2013-09-16,25.96,1
10928,2013-10-21,27.84,2
10928,2013-10-26,32.39,3
10928,2013-12-19,19.89,4
10928,2014-01-01,19.9,5
10928,2014-01-04,42.4,6
10928,2014-02-05,25.06,7
10928,2014-03-19,36.15,8
10928,2014-04-25,29.48,9
10928,2014-05-20,24.34,10
10928,2014-05-29,31.53,11
10928,2014-06-06,41.93,12
10928,2014-06-29,39.83,13
10928,2014-08-05,28.18,14
10928,2014-09-07,28.12,15
4248,2014-02-17,109.97,1
4248,2014-03-03,121.5,2
4248,2014-03-25,112.16,3
4248,2014-04-08,78.35,4
4248,2014-04-22,128.95,5
4248,2014-04-30,94.67,6
4248,2014-06-05,55.7,7
4248,2014-06-21,136.35,8
4248,2014-06-23,63.61,9
4248,2014-06-23,96.12,10
4248,2014-06-24,77.7,11
4248,2014-06-25,154.09,12
4248,2014-06-30,106.6,13
4248,2014-07-01,82.11,14
4248,2014-08-11,116.54,15
4248,2014-08-18,147.03,16
4248,2014-08-28,109.88,17
4248,2014-09-03,93.54,18
4248,2014-09-12,85.14,19
6728,2013-03-27,9.4,1
6728,2013-04-20,7.82,2
6728,2013-09-18,15.88,3
6728,2014-08-28,8.9,4
6661,2012-10-05,44.16,1
6661,2012-10-24,50.96,2
6661,2012-11-21,41.1,3
6661,2012-12-03,76.75,4
6661,2012-12-06,34.08,5
6661,2012-12-18,36.29,6
6661,2013-01-02,28.34,7
6661,2013-01-26,45.17,8
6661,2013-01-30,33.38,9
6661,2013-04-27,60.83,10
6661,2013-05-30,59.28,11
6661,2013-06-10,45.88,12
6661,2013-06-18,41.4,13
6661,2013-07-17,51.51,14
6661,2013-08-08,45.5,15
6661,2013-08-14,40.52,16
6661,2013-10-28,50.46,17
6661,2013-11-25,36.96,18
6661,2013-12-10,30.46,19
6661,2014-01-29,40.47,20
6661,2014-01-31,23.68,21
6661,2014-05-03,38.62,22
6661,2014-05-27,44.5,23
6661,2014-06-11,36.07,24
6661,2014-06-12,53.29,25
6661,2014-06-24,45.15,26
6661,2014-08-03,28.18,27
4725,2014-04-13,13.8,1
4725,2014-06-12,6.62,2
4725,2014-06-17,11.32,3
4725,2014-06-30,6.52,4
4725,2014-07-13,10.71,5
4725,2014-07-26,9.03,6
3277,2012-11-07,24.87,1
3277,2012-11-20,25.84,2
3277,2012-12-28,40.42,3
3277,2013-02-06,28.7,4
3277,2013-04-16,23.96,5
3277,2013-04-29,31.06,6
3277,2013-04-29,23.66,7
3277,2013-05-14,16.17,8
3277,2013-06-28,28.08,9
3277,2013-07-27,25.0,10
3277,2013-10-27,35.72,11
3277,2013-12-29,18.42,12
3277,2014-09-26,26.1,13
2564,2014-01-04,14.15,1
2564,2014-02-28,13.53,2
2564,2014-03-15,27.08,3
2564,2014-03-27,17.34,4
2564,2014-04-23,19.51,5
2564,2014-04-23,17.49,6
2564,2014-04-29,19.88,7
2564,2014-07-10,21.02,8
3867,2013-08-31,47.2,1
3867,2013-09-23,43.58,2
3867,2013-09-28,29.7,3
3867,2013-10-01,35.11,4
3867,2013-10-04,48.76,5
3867,2013-11-15,42.74,6
3867,2013-11-16,35.48,7
3867,2013-12-04,44.25,8
3867,2013-12-10,37.74,9
3867,2014-01-14,42.62,10
3867,2014-02-02,40.87,11
3867,2014-02-13,30.05,12
3867,2014-02-17,65.92,13
3867,2014-03-05,50.29,14
3867,2014-04-07,44.29,15
3867,2014-05-09,42.14,16
3867,2014-06-07,32.46,17
3867,2014-06-11,32.01,18
3867,2014-06-12,45.93,19
3867,2014-06-12,41.28,20
3867,2014-06-20,42.47,21
3867,2014-07-19,42.99,22
3867,2014-07-24,37.24,23
3867,2014-08-13,33.68,24
3867,2014-08-30,35.22,25
6940,2013-10-21,20.66,1
6940,2013-12-09,20.77,2
6940,2014-01-12,17.51,3
6940,2014-03-08,14.88,4
6940,2014-05-15,19.8,5
6940,2014-06-05,15.58,6
6940,2014-06-08,13.94,7
6940,2014-07-11,23.86,8
55,2012-12-07,31.12,1
55,2012-12-30,24.9,2
55,2013-01-03,24.69,3
55,2013-01-24,41.09,4
55,2013-02-07,37.99,5
55,2013-03-13,49.77,6
55,2013-06-06,28.14,7
55,2013-07-03,39.53,8
55,2013-07-14,31.16,9
55,2013-07-28,20.11,10
55,2013-09-10,40.29,11
55,2013-09-21,34.24,12
55,2013-12-28,32.12,13
55,2014-01-09,26.8,14
55,2014-02-15,21.49,15
55,2014-03-11,39.83,16
55,2014-04-05,35.26,17
55,2014-07-14,33.47,18
5084,2013-12-25,27.97,1
5084,2014-01-29,28.22,2
5084,2014-02-08,42.26,3
5084,2014-02-09,52.76,4
5084,2014-02-18,43.73,5
5084,2014-02-28,36.25,6
5084,2014-03-03,32.16,7
5084,2014-03-07,21.63,8
5084,2014-03-28,39.54,9
5084,2014-04-24,41.74,10
5084,2014-04-26,34.05,11
5084,2014-04-27,44.13,12
5084,2014-05-01,50.32,13
5084,2014-05-08,30.48,14
5084,2014-05-16,41.26,15
5084,2014-05-26,42.38,16
5084,2014-06-14,35.86,17
5084,2014-06-20,44.32,18
5084,2014-06-21,34.01,19
5084,2014-06-22,30.91,20
5084,2014-06-24,69.03,21
5084,2014-06-26,40.05,22
5084,2014-07-10,49.92,23
1777,2012-10-16,13.15,1
1777,2013-06-11,15.76,2
1777,2013-06-17,6.4,3
1777,2013-12-04,15.01,4
1777,2014-09-06,12.69,5
8162,2013-01-01,5.77,1
8162,2013-06-17,5.39,2
8162,2013-12-31,6.91,3
8162,2014-07-09,5.93,4
10826,2012-12-28,8.04,1
10826,2013-04-08,13.96,2
10826,2013-05-06,9.19,3
10826,2014-07-20,9.82,4
8754,2013-05-16,4.99,1
8754,2014-06-01,6.12,2
8754,2014-09-10,5.89,3
1987,2013-09-25,8.37,1
1987,2014-01-15,11.3,2
1987,2014-03-25,9.3,3
1987,2014-06-02,7.3,4
1987,2014-09-01,7.74,5
11007,2013-05-09,8.3,1
11007,2013-11-04,6.18,2
11007,2014-04-11,10.26,3
11007,2014-08-23,7.26,4
7426,2013-11-07,17.99,1
7426,2013-12-22,16.21,2
7426,2014-02-07,17.05,3
7426,2014-02-17,14.31,4
7426,2014-02-24,26.87,5
7426,2014-02-24,23.08,6
7426,2014-05-31,19.42,7
7426,2014-06-08,16.32,8
7426,2014-07-21,28.74,9
9153,2013-07-29,35.37,1
9153,2013-09-06,27.55,2
9153,2013-09-06,52.35,3
9153,2013-09-09,62.11,4
9153,2013-09-11,27.56,5
9153,2013-09-30,34.43,6
9153,2013-11-18,25.76,7
9153,2013-11-29,60.49,8
9153,2014-01-02,71.09,9
9153,2014-02-04,37.93,10
9153,2014-02-07,52.96,11
9153,2014-03-17,33.67,12
9153,2014-03-24,37.72,13
9153,2014-03-24,48.32,14
9153,2014-04-06,40.94,15
9153,2014-04-19,56.06,16
9153,2014-04-30,36.01,17
9153,2014-05-07,58.51,18
9153,2014-05-25,25.2,19
9153,2014-06-02,29.51,20
9153,2014-06-08,28.22,21
9153,2014-06-14,38.84,22
9153,2014-06-21,47.36,23
9153,2014-06-28,28.04,24
9153,2014-07-16,42.01,25
10379,2013-11-08,29.77,1
10379,2013-12-14,35.79,2
10379,2013-12-21,31.63,3
10379,2014-01-07,33.71,4
10379,2014-02-13,41.73,5
10379,2014-02-27,32.73,6
10379,2014-04-09,21.07,7
10379,2014-04-23,38.95,8
10379,2014-04-25,22.19,9
10379,2014-05-17,31.45,10
10379,2014-05-29,28.51,11
10379,2014-05-30,25.88,12
10379,2014-06-08,23.17,13
10379,2014-07-05,30.08,14
10379,2014-07-09,28.89,15
10379,2014-07-10,35.47,16
9204,2012-10-15,84.87,1
9204,2012-10-24,77.91,2
9204,2013-04-28,61.59,3
9204,2013-06-29,73.59,4
9204,2013-07-07,80.06,5
9204,2013-10-12,58.33,6
9204,2013-10-13,56.08,7
9204,2013-12-11,52.69,8
9204,2014-02-27,70.16,9
9204,2014-06-15,84.87,10
9204,2014-07-24,57.55,11
9204,2014-08-03,81.21,12
9204,2014-09-02,49.1,13
3197,2013-12-16,28.0,1
3197,2014-01-06,20.17,2
3197,2014-01-08,24.79,3
3197,2014-01-19,32.19,4
3197,2014-03-08,26.0,5
3197,2014-04-22,47.78,6
3197,2014-05-04,46.83,7
3197,2014-05-09,41.83,8
3197,2014-05-30,27.53,9
3197,2014-06-02,37.61,10
3197,2014-06-27,31.19,11
3197,2014-06-28,24.53,12
3197,2014-07-10,28.82,13
3197,2014-07-14,32.66,14
3197,2014-07-19,49.05,15
3197,2014-07-22,32.66,16
3197,2014-07-30,28.11,17
3197,2014-08-28,51.27,18
6961,2014-05-22,3.15,1
6961,2014-08-07,3.36,2
6961,2014-09-09,3.49,3
4673,2012-10-30,81.21,1
4673,2012-11-12,72.05,2
4673,2012-11-26,81.05,3
4673,2012-12-13,70.92,4
4673,2012-12-29,70.12,5
4673,2013-03-01,39.56,6
4673,2013-04-14,76.7,7
4673,2013-05-31,51.86,8
4673,2013-07-23,52.41,9
4673,2013-09-05,100.99,10
4673,2013-09-18,69.61,11
4673,2013-10-22,83.68,12
4673,2013-12-12,32.46,13
4673,2014-01-17,68.16,14
4673,2014-02-19,64.86,15
4673,2014-02-23,74.71,16
4673,2014-06-27,75.44,17
4673,2014-09-18,39.22,18
9937,2014-01-02,48.67,1
9937,2014-01-26,36.81,2
9937,2014-02-21,27.51,3
9937,2014-03-04,21.21,4
9937,2014-03-04,28.15,5
9937,2014-04-12,24.54,6
9937,2014-04-12,21.6,7
9937,2014-05-05,28.39,8
9937,2014-05-12,22.96,9
9937,2014-05-14,36.16,10
9937,2014-05-18,41.8,11
9937,2014-06-07,28.95,12
9937,2014-06-22,32.54,13
9937,2014-06-24,23.18,14
9937,2014-07-08,36.95,15
9937,2014-07-22,25.57,16
8779,2013-06-16,26.82,1
8779,2013-07-03,13.14,2
8779,2013-09-25,18.43,3
8779,2013-10-19,17.41,4
8779,2013-10-25,17.92,5
8779,2013-11-01,19.8,6
8779,2014-02-19,21.75,7
8779,2014-09-22,18.74,8
9596,2013-12-23,31.28,1
9596,2014-01-13,34.0,2
9596,2014-01-28,37.68,3
9596,2014-02-07,32.45,4
9596,2014-03-15,30.94,5
9596,2014-03-19,39.0,6
9596,2014-03-23,39.04,7
9596,2014-03-27,48.75,8
9596,2014-04-10,35.74,9
9596,2014-04-24,24.08,10
9596,2014-04-29,21.95,11
9596,2014-05-22,38.12,12
9596,2014-05-25,37.5,13
9596,2014-06-14,37.91,14
9596,2014-06-20,44.32,15
9596,2014-07-01,24.91,16
9596,2014-07-05,27.11,17
9596,2014-07-29,41.41,18
9596,2014-09-16,31.79,19
2891,2013-10-18,27.66,1
2891,2013-11-19,31.05,2
2891,2013-11-30,22.84,3
2891,2013-12-08,34.09,4
2891,2014-01-06,35.88,5
2891,2014-01-13,43.51,6
2891,2014-01-18,34.21,7
2891,2014-02-08,29.07,8
2891,2014-02-09,24.04,9
2891,2014-02-16,34.73,10
2891,2014-02-20,42.6,11
2891,2014-02-20,26.53,12
2891,2014-02-22,45.82,13
2891,2014-02-28,50.7,14
2891,2014-03-10,46.57,15
2891,2014-04-19,45.35,16
2891,2014-04-25,49.33,17
2891,2014-05-09,32.87,18
2891,2014-05-14,29.54,19
2891,2014-05-27,33.14,20
2891,2014-08-15,54.45,21
4910,2012-10-10,63.89,1
4910,2012-10-21,66.31,2
4910,2012-11-17,73.56,3
4910,2012-12-13,68.12,4
4910,2012-12-17,77.54,5
4910,2012-12-20,51.69,6
4910,2013-01-20,48.34,7
4910,2013-03-12,77.27,8
4910,2013-03-27,72.61,9
4910,2013-04-15,57.89,10
4910,2013-04-20,59.87,11
4910,2013-04-28,86.76,12
4910,2013-06-01,69.24,13
4910,2013-06-25,80.06,14
4910,2013-07-05,62.02,15
4910,2013-07-11,45.77,16
4910,2013-07-26,36.19,17
4910,2013-07-29,51.24,18
4910,2013-10-06,78.59,19
4910,2013-10-29,65.25,20
4910,2013-12-08,76.36,21
4910,2014-02-10,79.29,22
4910,2014-04-06,79.6,23
4910,2014-04-07,78.58,24
4910,2014-04-07,64.84,25
4910,2014-05-23,81.16,26
4910,2014-05-30,51.78,27
4910,2014-06-08,82.1,28
4910,2014-07-16,73.07,29
75,2013-07-25,28.19,1
75,2013-09-14,37.07,2
75,2013-09-16,34.65,3
75,2013-10-09,26.75,4
75,2013-11-08,25.64,5
75,2013-11-26,30.38,6
75,2013-12-11,23.12,7
75,2014-01-03,37.71,8
75,2014-02-27,27.08,9
75,2014-03-09,21.27,10
75,2014-04-30,35.46,11
75,2014-06-25,33.65,12
75,2014-07-26,31.89,13
75,2014-09-03,29.14,14
10120,2013-10-24,28.48,1
10120,2013-12-01,26.11,2
10120,2014-01-10,23.77,3
10120,2014-01-26,13.51,4
10120,2014-02-06,31.08,5
10120,2014-02-14,21.48,6
10120,2014-03-03,17.17,7
10120,2014-04-02,19.04,8
10120,2014-04-09,19.86,9
10120,2014-07-13,15.52,10
6327,2013-12-19,87.04,1
6327,2013-12-29,56.89,2
6327,2013-12-31,70.64,3
6327,2014-03-02,59.48,4
6327,2014-03-08,36.0,5
6327,2014-03-15,67.22,6
6327,2014-03-16,63.39,7
6327,2014-03-25,82.82,8
6327,2014-04-03,96.87,9
6327,2014-04-08,85.69,10
6327,2014-05-06,68.19,11
6327,2014-05-17,72.38,12
6327,2014-06-17,46.43,13
6327,2014-06-17,62.75,14
6327,2014-06-24,47.53,15
6327,2014-07-10,88.67,16
10142,2013-03-07,30.73,1
10142,2013-03-27,36.4,2
10142,2013-04-07,19.81,3
10142,2013-05-01,35.46,4
10142,2013-05-28,33.07,5
10142,2013-07-02,33.35,6
10142,2013-07-09,47.26,7
10142,2013-08-04,20.07,8
10142,2013-09-10,31.44,9
10142,2013-10-20,32.37,10
10142,2013-11-04,29.87,11
10142,2013-11-14,36.14,12
10142,2014-02-05,19.78,13
10142,2014-02-11,56.23,14
10142,2014-02-26,30.31,15
10142,2014-05-26,45.88,16
10142,2014-06-05,35.79,17
10142,2014-06-28,37.05,18
9826,2012-10-08,100.81,1
9826,2012-10-17,52.84,2
9826,2012-10-20,99.3,3
9826,2012-12-06,127.27,4
9826,2012-12-28,103.52,5
9826,2013-02-01,72.21,6
9826,2013-03-02,102.56,7
9826,2013-03-22,79.43,8
9826,2013-03-24,84.58,9
9826,2013-05-21,117.23,10
9826,2013-06-19,104.2,11
9826,2013-07-27,93.39,12
9826,2013-07-27,83.88,13
9826,2013-08-11,104.75,14
9826,2013-09-04,90.6,15
9826,2013-10-28,94.01,16
9826,2013-12-11,106.98,17
9826,2014-01-15,99.24,18
9826,2014-02-27,133.29,19
9826,2014-03-05,107.95,20
9826,2014-07-01,115.97,21
1501,2012-10-12,52.46,1
1501,2012-10-19,56.65,2
1501,2012-11-30,42.55,3
1501,2012-12-23,29.4,4
1501,2013-03-03,66.5,5
1501,2013-03-14,42.68,6
1501,2013-05-09,75.05,7
1501,2013-05-27,64.26,8
1501,2013-07-03,68.86,9
1501,2013-08-23,88.42,10
1501,2013-09-11,67.14,11
1501,2013-10-28,63.76,12
1501,2013-10-28,31.63,13
1501,2013-11-25,81.76,14
1501,2013-12-05,60.91,15
1501,2013-12-10,49.5,16
1501,2014-01-16,72.31,17
1501,2014-01-17,67.08,18
1501,2014-02-04,58.11,19
1501,2014-02-12,62.27,20
1501,2014-02-20,66.25,21
1501,2014-03-12,45.89,22
1501,2014-03-14,48.33,23
1501,2014-04-03,46.78,24
1501,2014-04-18,79.04,25
1501,2014-04-21,60.36,26
1501,2014-06-03,70.13,27
1501,2014-06-17,37.69,28
1501,2014-09-14,57.24,29
10767,2014-05-16,53.06,1
10767,2014-06-01,76.85,2
10767,2014-06-08,70.08,3
10767,2014-06-12,57.25,4
10767,2014-07-15,62.39,5
10767,2014-07-19,51.17,6
10767,2014-07-20,58.2,7
10767,2014-07-28,82.53,8
10767,2014-07-31,61.79,9
10767,2014-07-31,88.79,10
10767,2014-08-04,75.78,11
10767,2014-08-05,45.21,12
10767,2014-08-11,66.76,13
10767,2014-08-11,74.53,14
10767,2014-08-18,58.06,15
10767,2014-08-19,68.33,16
10767,2014-08-19,76.24,17
10767,2014-08-21,43.41,18
10767,2014-08-25,97.95,19
10767,2014-08-26,51.64,20
7279,2013-09-30,72.31,1
7279,2013-10-29,73.67,2
7279,2013-11-23,53.68,3
7279,2013-12-18,74.24,4
7279,2013-12-18,120.41,5
7279,2014-01-08,64.29,6
7279,2014-03-09,72.73,7
7279,2014-04-05,56.83,8
7279,2014-06-16,53.77,9
7279,2014-06-23,84.31,10
7279,2014-07-19,84.6,11
7279,2014-08-09,64.35,12
7279,2014-09-23,54.0,13
7279,2014-10-02,47.81,14
143,2013-08-25,92.16,1
143,2013-09-25,93.19,2
143,2013-11-01,43.75,3
143,2013-11-14,59.76,4
143,2014-01-10,79.8,5
143,2014-01-16,53.12,6
143,2014-02-22,93.58,7
143,2014-04-01,66.35,8
143,2014-04-04,54.91,9
143,2014-05-26,72.02,10
143,2014-06-17,79.88,11
143,2014-07-24,69.48,12
450,2013-07-12,15.36,1
450,2013-09-08,20.62,2
450,2013-09-23,23.03,3
450,2013-10-31,11.57,4
450,2013-11-12,12.62,5
450,2013-12-29,19.44,6
450,2013-12-29,17.94,7
450,2014-02-06,34.19,8
450,2014-07-07,35.24,9
9316,2013-11-02,6.07,1
9316,2014-03-23,3.5,2
9316,2014-05-11,4.47,3
9316,2014-09-06,4.96,4
6379,2013-05-29,11.86,1
6379,2014-02-06,15.24,2
6379,2014-04-01,14.98,3
6379,2014-07-28,17.71,4
6379,2014-09-18,13.49,5
6379,2014-10-02,16.71,6
9239,2013-07-26,16.42,1
9239,2014-01-06,18.21,2
9239,2014-01-06,10.98,3
9239,2014-03-02,29.05,4
9239,2014-05-06,11.04,5
9239,2014-05-07,13.63,6
9239,2014-07-03,20.67,7
8315,2014-03-26,7.09,1
8315,2014-06-13,6.64,2
8315,2014-08-01,5.27,3
2868,2013-04-08,12.27,1
2868,2013-08-12,9.49,2
2868,2013-12-11,8.95,3
2868,2014-01-24,16.48,4
2868,2014-09-02,7.81,5
10888,2013-11-03,35.9,1
10888,2013-11-20,23.75,2
10888,2013-11-23,18.87,3
10888,2013-12-05,37.47,4
10888,2014-01-06,37.3,5
10888,2014-01-27,32.4,6
10888,2014-02-04,30.3,7
10888,2014-02-18,27.54,8
10888,2014-04-11,54.96,9
10888,2014-04-18,30.88,10
10888,2014-04-25,18.87,11
10888,2014-05-25,36.31,12
10888,2014-05-27,42.76,13
10888,2014-05-30,31.49,14
10888,2014-06-15,26.95,15
10888,2014-07-20,44.17,16
10888,2014-07-31,35.72,17
10888,2014-08-20,41.36,18
1277,2014-04-09,33.91,1
1277,2014-04-26,23.28,2
1277,2014-05-06,38.58,3
1277,2014-05-07,30.75,4
1277,2014-06-01,38.89,5
1277,2014-06-09,35.48,6
1277,2014-06-10,35.18,7
1277,2014-06-28,56.4,8
1277,2014-06-28,37.57,9
1277,2014-07-11,35.12,10
1277,2014-07-14,38.35,11
1277,2014-07-22,32.6,12
1277,2014-07-23,39.43,13
1277,2014-07-24,34.93,14
1277,2014-07-24,40.31,15
1277,2014-07-25,28.84,16
1277,2014-07-30,24.65,17
1277,2014-08-02,25.06,18
1277,2014-08-05,52.15,19
1277,2014-08-09,26.81,20
1277,2014-08-14,29.94,21
1277,2014-08-17,37.42,22
1277,2014-08-18,50.7,23
1277,2014-08-21,34.22,24
1277,2014-08-24,33.04,25
1277,2014-09-03,46.51,26
1277,2014-09-06,29.88,27
9977,2013-09-17,40.74,1
9977,2013-11-03,35.19,2
9977,2013-11-13,35.28,3
9977,2013-11-30,55.24,4
9977,2013-12-18,32.55,5
9977,2013-12-27,35.34,6
9977,2014-01-05,48.17,7
9977,2014-01-17,38.39,8
9977,2014-01-22,28.64,9
9977,2014-02-15,42.85,10
9977,2014-03-09,52.38,11
9977,2014-03-27,54.1,12
9977,2014-05-13,47.5,13
9977,2014-05-19,37.02,14
9977,2014-05-23,41.88,15
9977,2014-06-03,39.8,16
9977,2014-06-28,34.95,17
10196,2014-03-12,17.84,1
10196,2014-04-24,43.6,2
10196,2014-04-28,30.45,3
10196,2014-04-30,21.28,4
10196,2014-05-20,27.16,5
10196,2014-05-30,25.72,6
10196,2014-06-05,48.07,7
10196,2014-06-17,42.02,8
10196,2014-06-23,40.07,9
10196,2014-07-04,30.83,10
10196,2014-07-09,38.46,11
10196,2014-08-07,25.35,12
10196,2014-08-12,31.38,13
10196,2014-08-26,29.7,14
10196,2014-09-04,34.66,15
10196,2014-09-04,41.03,16
10196,2014-09-06,30.16,17
10196,2014-09-09,33.24,18
6384,2014-02-11,63.79,1
6384,2014-02-28,73.11,2
6384,2014-03-10,57.84,3
6384,2014-03-18,69.09,4
6384,2014-04-23,59.13,5
6384,2014-05-25,68.31,6
6384,2014-05-26,62.33,7
6384,2014-05-27,60.04,8
6384,2014-05-29,52.57,9
6384,2014-05-30,64.41,10
6384,2014-06-12,97.28,11
6384,2014-07-21,87.08,12
6384,2014-08-08,87.96,13
6384,2014-08-10,61.68,14
6384,2014-08-10,52.2,15
6384,2014-08-11,64.62,16
6384,2014-08-12,77.12,17
6384,2014-09-05,52.46,18
8029,2014-04-29,152.25,1
8029,2014-05-19,103.89,2
8029,2014-06-21,108.15,3
8029,2014-07-07,168.18,4
8029,2014-07-13,94.67,5
8029,2014-07-20,200.91,6
8029,2014-07-25,84.5,7
8029,2014-07-25,116.09,8
8029,2014-07-29,114.97,9
8029,2014-08-10,85.78,10
8029,2014-08-10,89.7,11
8029,2014-08-14,92.93,12
8029,2014-08-15,84.38,13
8029,2014-09-08,108.61,14
968,2013-12-26,18.7,1
968,2014-02-17,16.0,2
968,2014-03-13,19.76,3
968,2014-03-15,19.89,4
968,2014-04-13,12.7,5
968,2014-04-15,20.13,6
968,2014-04-23,29.69,7
968,2014-05-04,15.88,8
968,2014-09-11,29.24,9
4472,2014-06-27,10.71,1
4472,2014-08-28,5.35,2
4472,2014-08-28,7.81,3
4472,2014-08-28,7.02,4
4472,2014-09-01,8.12,5
6991,2013-04-10,28.46,1
6991,2013-05-06,28.29,2
6991,2013-05-06,42.47,3
6991,2013-05-29,38.26,4
6991,2013-07-04,23.85,5
6991,2013-09-01,39.61,6
6991,2013-10-02,38.59,7
6991,2013-10-22,43.27,8
6991,2013-12-01,31.1,9
6991,2013-12-29,29.81,10
6991,2014-01-01,31.28,11
6991,2014-01-13,37.0,12
6991,2014-04-30,24.21,13
6991,2014-05-06,32.81,14
6991,2014-05-22,33.81,15
6991,2014-05-26,33.14,16
6991,2014-06-03,31.65,17
6991,2014-07-09,39.4,18
3336,2013-11-21,59.88,1
3336,2014-01-06,79.04,2
3336,2014-02-07,71.72,3
3336,2014-02-20,47.47,4
3336,2014-03-22,76.36,5
3336,2014-03-24,88.41,6
3336,2014-03-26,57.89,7
3336,2014-04-16,75.89,8
3336,2014-04-30,68.69,9
3336,2014-06-10,77.99,10
3336,2014-07-01,53.66,11
1940,2013-07-12,4.24,1
1940,2013-10-01,4.91,2
1940,2014-09-09,2.85,3
1272,2012-10-21,36.31,1
1272,2012-12-01,45.25,2
1272,2012-12-04,33.42,3
1272,2012-12-04,26.18,4
1272,2013-01-26,49.29,5
1272,2013-02-05,32.7,6
1272,2013-02-11,29.85,7
1272,2013-02-11,44.82,8
1272,2013-03-12,54.53,9
1272,2013-03-29,53.26,10
1272,2013-04-05,30.45,11
1272,2013-05-25,33.53,12
1272,2013-07-13,35.5,13
1272,2013-10-04,34.11,14
1272,2013-10-20,52.37,15
1272,2014-01-05,39.71,16
1272,2014-01-17,37.46,17
1272,2014-03-04,31.27,18
1272,2014-03-07,38.35,19
1272,2014-03-17,45.05,20
1272,2014-07-13,24.44,21
1272,2014-08-17,29.16,22
1388,2013-02-20,10.09,1
1388,2013-05-16,12.19,2
1388,2013-09-09,10.19,3
1388,2014-01-08,12.46,4
1388,2014-01-28,13.28,5
1388,2014-09-24,11.79,6
1044,2013-05-14,31.98,1
1044,2013-06-18,35.43,2
1044,2013-06-29,36.93,3
1044,2013-07-30,17.45,4
1044,2013-08-24,27.19,5
1044,2013-09-03,26.34,6
1044,2013-09-16,34.02,7
1044,2013-09-18,30.18,8
1044,2013-10-12,33.06,9
1044,2013-10-19,19.04,10
1044,2013-12-21,31.06,11
1044,2014-01-12,42.96,12
1044,2014-03-07,51.92,13
1044,2014-03-10,24.53,14
1044,2014-03-19,33.84,15
1044,2014-04-27,54.61,16
1044,2014-08-22,16.46,17
6969,2013-08-07,34.32,1
6969,2013-10-03,16.24,2
6969,2013-10-21,21.33,3
6969,2013-11-18,21.0,4
6969,2014-03-08,17.77,5
6969,2014-04-16,37.06,6
6969,2014-05-06,26.72,7
6969,2014-05-23,16.28,8
6969,2014-07-08,16.93,9
6969,2014-07-22,21.34,10
10479,2012-12-07,237.8,1
10479,2013-01-31,129.41,2
10479,2013-05-05,174.21,3
10479,2013-07-10,103.6,4
10479,2013-07-19,105.75,5
10479,2013-10-28,76.89,6
10479,2014-02-03,126.5,7
10479,2014-02-11,152.58,8
10479,2014-05-18,120.38,9
10479,2014-08-02,136.89,10
3619,2012-10-13,89.05,1
3619,2012-11-16,70.61,2
3619,2012-11-18,64.1,3
3619,2012-12-11,64.08,4
3619,2012-12-14,83.31,5
3619,2013-04-02,58.63,6
3619,2013-05-19,47.26,7
3619,2013-07-31,59.54,8
3619,2013-08-17,36.69,9
3619,2013-10-08,65.12,10
3619,2013-10-22,90.19,11
3619,2014-01-28,76.85,12
3619,2014-02-08,62.45,13
3619,2014-07-10,52.32,14
3619,2014-07-13,80.15,15
3619,2014-09-16,71.65,16
1715,2013-02-11,5.22,1
1715,2013-05-29,10.63,2
1715,2013-09-24,6.64,3
1715,2013-12-08,8.02,4
1715,2014-08-21,12.49,5
10159,2013-03-31,30.95,1
10159,2013-04-22,39.62,2
10159,2013-05-06,36.86,3
10159,2013-05-18,33.75,4
10159,2013-05-22,44.98,5
10159,2013-05-30,43.64,6
10159,2013-06-17,51.45,7
10159,2013-06-19,49.64,8
10159,2013-07-11,31.95,9
10159,2013-07-21,46.54,10
10159,2013-09-16,29.58,11
10159,2013-09-21,50.28,12
10159,2013-10-05,55.18,13
10159,2014-01-06,56.11,14
10159,2014-01-22,42.34,15
10159,2014-01-29,32.03,16
10159,2014-02-01,36.79,17
10159,2014-03-17,36.49,18
10159,2014-03-17,36.41,19
10159,2014-04-06,34.84,20
10159,2014-05-10,26.71,21
10159,2014-06-23,29.41,22
10159,2014-06-28,48.75,23
10159,2014-07-06,41.0,24
10159,2014-07-20,45.72,25
1463,2014-03-29,6.5,1
1463,2014-09-18,5.41,2
1463,2014-09-26,6.09,3
5114,2012-12-19,63.55,1
5114,2012-12-27,75.86,2
5114,2013-01-04,86.41,3
5114,2013-03-31,76.1,4
5114,2013-05-15,42.86,5
5114,2013-07-14,70.8,6
5114,2013-11-04,79.09,7
5114,2014-06-09,50.09,8
5114,2014-06-10,66.85,9
5114,2014-06-18,42.06,10
5114,2014-08-06,53.45,11
5114,2014-09-01,124.38,12
5114,2014-09-19,72.74,13
5114,2014-10-04,51.77,14
4990,2013-05-02,31.78,1
4990,2013-05-18,42.72,2
4990,2013-05-30,48.2,3
4990,2013-06-06,19.45,4
4990,2013-07-12,30.25,5
4990,2013-07-18,34.14,6
4990,2013-08-07,40.79,7
4990,2013-08-16,36.22,8
4990,2013-08-21,41.01,9
4990,2013-08-24,30.37,10
4990,2013-08-29,49.3,11
4990,2013-09-06,29.25,12
4990,2013-10-04,23.51,13
4990,2013-10-19,35.8,14
4990,2013-11-13,26.46,15
4990,2013-11-27,33.28,16
4990,2013-11-27,41.18,17
4990,2013-12-11,27.0,18
4990,2014-04-23,46.34,19
4990,2014-07-07,46.95,20
4329,2014-05-23,3.55,1
4329,2014-07-22,4.64,2
4329,2014-07-23,3.58,3
4329,2014-08-23,3.23,4
10936,2013-02-13,102.7,1
10936,2013-03-05,141.48,2
10936,2013-03-26,145.94,3
10936,2013-06-18,131.07,4
10936,2013-08-06,88.48,5
10936,2013-09-24,76.74,6
10936,2013-11-26,141.04,7
10936,2014-01-15,84.11,8
10936,2014-01-16,136.88,9
10936,2014-02-25,122.77,10
10936,2014-03-22,112.63,11
10936,2014-04-23,86.63,12
10936,2014-07-02,91.17,13
10936,2014-07-04,125.78,14
10936,2014-07-18,110.57,15
4692,2012-12-13,3.29,1
4692,2013-05-01,6.21,2
4692,2013-06-21,5.2,3
4692,2013-07-17,5.97,4
4692,2014-01-31,7.15,5
4692,2014-04-23,5.65,6
4692,2014-09-16,5.52,7
6086,2013-11-23,82.88,1
6086,2013-12-21,41.34,2
6086,2013-12-28,70.18,3
6086,2014-01-12,46.3,4
6086,2014-01-14,51.61,5
6086,2014-01-30,53.07,6
6086,2014-02-03,54.55,7
6086,2014-02-09,41.34,8
6086,2014-03-02,56.24,9
6086,2014-03-06,122.13,10
6086,2014-03-15,32.68,11
6086,2014-03-27,46.1,12
6086,2014-04-01,53.76,13
6086,2014-04-09,71.72,14
6086,2014-04-17,65.73,15
6086,2014-04-29,81.61,16
6086,2014-05-22,56.88,17
6086,2014-06-06,49.5,18
6086,2014-07-05,50.27,19
6086,2014-07-08,59.06,20
6086,2014-07-15,61.74,21
6086,2014-07-31,37.31,22
6086,2014-08-04,46.01,23
437,2014-01-25,40.96,1
437,2014-02-03,33.21,2
437,2014-02-05,44.76,3
437,2014-02-22,48.01,4
437,2014-03-27,34.34,5
437,2014-04-02,24.55,6
437,2014-04-09,44.39,7
437,2014-04-19,41.24,8
437,2014-04-23,36.01,9
437,2014-05-06,24.97,10
437,2014-05-11,66.78,11
437,2014-05-19,31.02,12
437,2014-05-23,41.84,13
437,2014-05-27,44.22,14
437,2014-06-04,26.64,15
437,2014-06-09,43.02,16
437,2014-06-24,30.06,17
437,2014-07-31,43.88,18
437,2014-08-01,42.26,19
437,2014-08-05,35.88,20
437,2014-08-13,45.64,21
437,2014-08-25,52.3,22
11171,2013-10-11,29.73,1
11171,2013-11-12,18.04,2
11171,2013-11-16,26.83,3
11171,2013-12-28,27.85,4
11171,2014-02-25,30.78,5
11171,2014-03-23,24.46,6
11171,2014-04-24,22.4,7
11171,2014-05-01,48.08,8
11171,2014-05-10,25.27,9
11171,2014-05-18,26.28,10
11171,2014-06-26,19.37,11
11171,2014-07-20,23.57,12
11171,2014-07-21,41.58,13
11171,2014-08-06,20.77,14
11101,2013-04-15,27.23,1
11101,2013-05-08,19.81,2
11101,2013-05-15,43.17,3
11101,2013-05-21,23.24,4
11101,2013-05-30,30.13,5
11101,2013-06-28,21.74,6
11101,2013-07-01,25.67,7
11101,2013-08-28,24.0,8
11101,2013-10-03,28.46,9
11101,2013-10-22,30.45,10
11101,2013-10-30,32.97,11
11101,2013-12-09,20.3,12
11101,2013-12-13,20.46,13
11101,2014-01-03,22.55,14
11101,2014-01-07,23.28,15
11101,2014-01-12,17.71,16
11101,2014-01-13,20.75,17
11101,2014-02-02,22.69,18
11101,2014-02-17,25.21,19
11101,2014-04-04,33.62,20
11101,2014-05-19,34.31,21
11101,2014-05-19,19.3,22
11101,2014-06-09,31.81,23
11101,2014-09-07,29.59,24
11101,2014-09-18,24.54,25
5329,2013-09-27,3.44,1
5329,2014-06-07,4.3,2
5329,2014-09-11,3.26,3
610,2012-11-12,19.7,1
610,2012-12-13,35.46,2
610,2013-04-06,35.07,3
610,2013-05-30,34.82,4
610,2013-05-31,27.13,5
610,2013-06-12,17.18,6
610,2013-06-21,24.23,7
610,2013-07-06,39.29,8
610,2013-08-20,29.88,9
610,2013-10-04,21.65,10
610,2013-11-05,22.77,11
610,2013-11-10,29.97,12
610,2014-04-30,27.91,13
610,2014-05-20,39.35,14
610,2014-08-06,32.6,15
5956,2013-10-16,27.71,1
5956,2013-12-04,25.68,2
5956,2013-12-16,21.1,3
5956,2013-12-17,19.6,4
5956,2014-01-03,19.28,5
5956,2014-03-10,23.5,6
5956,2014-05-12,22.95,7
5956,2014-05-26,20.15,8
5956,2014-06-13,12.68,9
5956,2014-06-28,37.01,10
5956,2014-07-23,24.33,11
10430,2013-10-09,65.17,1
10430,2013-11-27,203.04,2
10430,2013-12-29,158.46,3
10430,2014-01-03,190.01,4
10430,2014-02-13,116.76,5
10430,2014-02-26,99.25,6
10430,2014-04-09,81.11,7
10430,2014-05-19,133.15,8
10430,2014-05-25,97.86,9
10430,2014-06-02,99.28,10
10430,2014-09-13,185.91,11
7875,2014-04-29,59.18,1
7875,2014-06-05,46.4,2
7875,2014-06-09,44.58,3
7875,2014-06-12,64.94,4
7875,2014-06-20,56.37,5
7875,2014-06-29,48.39,6
7875,2014-07-03,67.09,7
7875,2014-07-07,92.72,8
7875,2014-07-10,48.05,9
7875,2014-07-12,65.09,10
7875,2014-07-12,62.01,11
7875,2014-07-14,51.09,12
7875,2014-07-18,68.45,13
7875,2014-07-22,67.14,14
7875,2014-07-22,64.31,15
7875,2014-07-24,52.79,16
7875,2014-07-27,79.07,17
7875,2014-07-27,52.03,18
7875,2014-07-27,61.78,19
7875,2014-08-05,129.62,20
7875,2014-08-07,125.15,21
7875,2014-08-10,75.64,22
7875,2014-08-13,108.03,23
7875,2014-08-19,39.03,24
7875,2014-08-20,48.06,25
7072,2013-03-29,86.09,1
7072,2013-04-09,54.05,2
7072,2013-05-01,112.82,3
7072,2013-06-30,58.67,4
7072,2013-07-25,49.04,5
7072,2013-09-16,80.55,6
7072,2013-10-02,63.84,7
7072,2013-10-21,84.09,8
7072,2013-11-18,104.54,9
7072,2014-01-17,58.59,10
7072,2014-01-31,42.2,11
7072,2014-03-11,55.19,12
7072,2014-04-03,67.39,13
7072,2014-04-28,66.76,14
7072,2014-06-17,57.15,15
7072,2014-06-17,53.24,16
7072,2014-07-28,70.8,17
6255,2014-06-03,22.47,1
6255,2014-07-01,21.88,2
6255,2014-08-04,35.13,3
6255,2014-08-05,31.04,4
6255,2014-08-05,34.03,5
6255,2014-08-11,17.94,6
6255,2014-08-12,16.64,7
6255,2014-08-17,25.77,8
6255,2014-08-19,24.08,9
6255,2014-08-27,21.32,10
6255,2014-09-03,34.02,11
6255,2014-09-06,28.66,12
6516,2013-03-18,4.74,1
6516,2014-01-24,3.59,2
6516,2014-08-29,3.67,3
5564,2012-10-14,64.61,1
5564,2012-10-30,77.45,2
5564,2012-12-02,77.0,3
5564,2013-02-01,45.47,4
5564,2013-06-08,57.18,5
5564,2013-09-05,104.94,6
5564,2013-09-22,36.03,7
5564,2013-11-20,81.04,8
5564,2013-12-03,66.37,9
5564,2013-12-14,78.67,10
5564,2013-12-21,60.61,11
5564,2013-12-24,66.1,12
5564,2013-12-25,84.07,13
5564,2014-05-30,62.52,14
5564,2014-07-01,64.32,15
5564,2014-07-03,81.42,16
5564,2014-07-11,76.2,17
5564,2014-09-09,57.01,18
5682,2013-03-23,37.1,1
5682,2013-04-24,38.67,2
5682,2013-05-12,34.44,3
5682,2013-05-17,20.5,4
5682,2013-05-18,38.73,5
5682,2013-06-03,28.95,6
5682,2013-06-14,36.05,7
5682,2013-07-17,40.23,8
5682,2013-09-11,43.22,9
5682,2013-09-27,32.55,10
5682,2013-09-29,70.18,11
5682,2013-11-02,52.12,12
5682,2013-12-05,35.69,13
5682,2013-12-08,61.74,14
5682,2013-12-12,46.12,15
5682,2014-03-25,30.25,16
5682,2014-04-16,34.1,17
5682,2014-04-22,42.16,18
5682,2014-05-11,36.73,19
5682,2014-05-14,49.14,20
5682,2014-05-16,45.0,21
5682,2014-07-02,30.03,22
5682,2014-07-31,54.03,23
5682,2014-08-22,53.53,24
5682,2014-09-05,34.07,25
5682,2014-09-27,52.68,26
7458,2013-03-06,11.87,1
7458,2013-09-25,17.54,2
7458,2013-10-07,10.39,3
7458,2014-03-16,10.06,4
7458,2014-05-05,11.2,5
7458,2014-09-09,11.93,6
5237,2014-01-01,7.19,1
5237,2014-03-20,7.2,2
5237,2014-04-24,8.94,3
5237,2014-05-10,11.61,4
5237,2014-05-27,8.89,5
5237,2014-07-18,9.17,6
7761,2013-08-01,11.65,1
7761,2013-11-18,7.63,2
7761,2013-12-23,8.42,3
7761,2014-01-13,6.22,4
7761,2014-04-04,16.23,5
7761,2014-06-19,9.71,6
7761,2014-07-26,9.13,7
5278,2014-01-25,43.53,1
5278,2014-03-07,37.65,2
5278,2014-03-20,34.79,3
5278,2014-03-23,30.99,4
5278,2014-04-05,43.42,5
5278,2014-04-17,55.16,6
5278,2014-04-18,33.69,7
5278,2014-04-19,45.42,8
5278,2014-04-23,36.58,9
5278,2014-04-26,47.12,10
5278,2014-04-26,42.92,11
5278,2014-04-29,50.59,12
5278,2014-06-04,46.29,13
5278,2014-06-06,34.97,14
5278,2014-06-11,67.71,15
5278,2014-06-25,35.23,16
5278,2014-06-27,33.74,17
5278,2014-06-29,54.81,18
5278,2014-07-01,32.08,19
5278,2014-07-14,55.27,20
3560,2013-05-12,64.09,1
3560,2013-05-17,80.64,2
3560,2013-05-20,59.82,3
3560,2013-05-30,58.49,4
3560,2013-07-22,87.72,5
3560,2013-08-12,56.56,6
3560,2013-08-12,57.21,7
3560,2013-10-21,81.59,8
3560,2013-12-28,74.87,9
3560,2013-12-31,87.82,10
3560,2014-02-07,67.93,11
3560,2014-03-18,58.59,12
3560,2014-03-21,72.11,13
3560,2014-03-31,54.98,14
3560,2014-04-17,126.94,15
3560,2014-06-30,55.81,16
3560,2014-07-17,63.76,17
3560,2014-07-18,80.76,18
3560,2014-08-09,93.31,19
7235,2013-12-09,6.75,1
7235,2014-02-18,6.88,2
7235,2014-06-27,4.05,3
7235,2014-07-19,2.89,4
7235,2014-08-02,5.6,5
7235,2014-08-29,4.84,6
10548,2014-03-09,36.26,1
10548,2014-03-28,36.47,2
10548,2014-03-30,29.02,3
10548,2014-04-04,34.19,4
10548,2014-05-05,32.13,5
10548,2014-05-11,31.28,6
10548,2014-05-14,74.67,7
10548,2014-06-03,37.39,8
10548,2014-06-20,59.01,9
10548,2014-06-22,28.12,10
10548,2014-06-26,29.06,11
10548,2014-06-27,37.01,12
10548,2014-06-28,40.6,13
10548,2014-07-08,30.63,14
10548,2014-07-24,39.22,15
10548,2014-07-25,49.26,16
10548,2014-07-25,32.95,17
10548,2014-07-30,32.52,18
10548,2014-07-31,27.33,19
10548,2014-08-14,34.33,20
10548,2014-08-23,60.34,21
10548,2014-08-25,62.16,22
10548,2014-09-05,42.04,23
2281,2013-09-15,5.76,1
2281,2014-03-16,5.27,2
2281,2014-09-01,5.97,3
4073,2014-01-29,37.17,1
4073,2014-02-17,67.47,2
4073,2014-03-01,45.9,3
4073,2014-03-17,38.02,4
4073,2014-03-21,50.88,5
4073,2014-03-30,37.43,6
4073,2014-04-12,48.46,7
4073,2014-04-15,40.4,8
4073,2014-04-15,62.95,9
4073,2014-04-16,44.32,10
4073,2014-04-23,43.7,11
4073,2014-05-09,30.65,12
4073,2014-05-13,46.01,13
4073,2014-05-27,38.01,14
4073,2014-06-18,30.78,15
4073,2014-06-18,34.2,16
4073,2014-06-20,52.46,17
4073,2014-06-23,34.07,18
4073,2014-06-24,26.44,19
4073,2014-07-05,27.56,20
4073,2014-07-08,49.5,21
4073,2014-08-07,28.48,22
4073,2014-08-07,55.55,23
4073,2014-08-29,34.97,24
4073,2014-09-08,33.45,25
4073,2014-09-12,58.27,26
4073,2014-10-05,52.91,27
6974,2013-12-31,54.77,1
6974,2014-02-02,61.34,2
6974,2014-02-14,52.49,3
6974,2014-02-24,53.02,4
6974,2014-03-10,49.24,5
6974,2014-03-15,65.33,6
6974,2014-03-15,65.77,7
6974,2014-04-06,68.73,8
6974,2014-04-11,61.47,9
6974,2014-04-11,53.11,10
6974,2014-04-11,97.32,11
6974,2014-04-12,62.72,12
6974,2014-04-27,70.2,13
6974,2014-04-27,77.59,14
6974,2014-05-04,62.28,15
6974,2014-05-19,53.88,16
6974,2014-06-04,85.04,17
6974,2014-06-09,100.12,18
6974,2014-06-11,90.65,19
6974,2014-06-24,68.79,20
6974,2014-07-08,59.13,21
7938,2013-10-03,36.81,1
7938,2013-10-20,13.87,2
7938,2013-10-31,50.18,3
7938,2013-12-25,18.98,4
7938,2013-12-29,39.54,5
7938,2014-01-02,33.39,6
7938,2014-01-12,16.09,7
7938,2014-02-22,22.74,8
7938,2014-03-11,30.33,9
7938,2014-03-13,32.73,10
7938,2014-03-14,25.89,11
7938,2014-03-29,27.41,12
7938,2014-05-08,27.12,13
7938,2014-05-21,28.73,14
7938,2014-07-05,41.19,15
3667,2013-02-28,38.37,1
3667,2013-03-15,54.53,2
3667,2013-03-18,68.06,3
3667,2013-04-01,97.06,4
3667,2013-04-10,83.46,5
3667,2013-07-28,86.11,6
3667,2013-09-01,50.54,7
3667,2013-09-07,68.26,8
3667,2013-09-18,81.5,9
3667,2013-09-26,66.22,10
3667,2013-11-26,106.59,11
3667,2013-12-10,83.21,12
3667,2013-12-20,52.34,13
3667,2013-12-27,67.52,14
3667,2014-01-07,80.7,15
3667,2014-03-08,80.21,16
3667,2014-04-19,65.92,17
3667,2014-05-18,95.89,18
3667,2014-06-03,69.19,19
3667,2014-06-16,54.8,20
3667,2014-06-23,69.34,21
3667,2014-07-02,62.61,22
3667,2014-08-17,68.8,23
3667,2014-09-15,61.77,24
7723,2014-05-02,43.62,1
7723,2014-05-22,42.05,2
7723,2014-05-29,57.88,3
7723,2014-06-28,59.06,4
7723,2014-07-01,95.18,5
7723,2014-07-02,73.56,6
7723,2014-07-02,59.25,7
7723,2014-07-05,81.9,8
7723,2014-07-09,60.58,9
7723,2014-07-09,79.06,10
7723,2014-07-10,58.48,11
7723,2014-07-10,81.9,12
7723,2014-07-13,123.96,13
7723,2014-07-14,45.98,14
7723,2014-07-25,47.24,15
7723,2014-07-29,64.85,16
7723,2014-07-29,71.19,17
7723,2014-07-30,70.82,18
7723,2014-08-01,75.29,19
7723,2014-08-10,68.17,20
3870,2013-02-09,32.6,1
3870,2013-03-11,37.59,2
3870,2013-03-18,48.26,3
3870,2013-03-23,39.37,4
3870,2013-03-31,35.91,5
3870,2013-04-11,44.71,6
3870,2013-04-16,42.52,7
3870,2013-08-03,45.94,8
3870,2013-08-03,42.49,9
3870,2013-08-11,41.07,10
3870,2013-09-14,35.98,11
3870,2013-09-25,34.17,12
3870,2013-10-04,33.12,13
3870,2013-10-17,37.68,14
3870,2013-12-10,43.5,15
3870,2014-03-03,31.75,16
3870,2014-03-25,49.86,17
3870,2014-03-25,32.9,18
3870,2014-04-03,27.46,19
3870,2014-04-29,37.82,20
3870,2014-05-15,32.45,21
3870,2014-05-20,64.52,22
3870,2014-09-07,45.35,23
4012,2012-10-14,72.37,1
4012,2012-11-03,47.25,2
4012,2012-12-04,60.47,3
4012,2012-12-07,57.25,4
4012,2013-02-05,61.9,5
4012,2013-07-02,48.08,6
4012,2013-09-01,76.0,7
4012,2013-10-11,93.74,8
4012,2013-10-21,65.12,9
4012,2013-10-27,63.62,10
4012,2014-02-11,94.54,11
4012,2014-02-17,68.08,12
4012,2014-04-03,63.97,13
4012,2014-04-13,60.18,14
4012,2014-05-26,63.33,15
4012,2014-07-02,65.43,16
4012,2014-07-29,74.46,17
4012,2014-08-11,78.2,18
5909,2013-09-19,54.68,1
5909,2013-10-04,44.22,2
5909,2013-10-17,64.04,3
5909,2013-12-02,55.89,4
5909,2013-12-09,74.58,5
5909,2013-12-24,56.84,6
5909,2014-01-10,67.55,7
5909,2014-02-22,72.55,8
5909,2014-03-02,74.81,9
5909,2014-03-17,41.4,10
5909,2014-04-15,65.88,11
5909,2014-06-30,91.27,12
5909,2014-07-23,71.37,13
5909,2014-07-23,93.67,14
5909,2014-09-10,90.27,15
10470,2013-03-15,13.95,1
10470,2013-06-12,13.1,2
10470,2013-06-16,7.52,3
10470,2013-11-22,9.76,4
10470,2014-05-26,13.69,5
10470,2014-10-05,10.99,6
6488,2014-04-06,10.3,1
6488,2014-06-06,10.04,2
6488,2014-06-06,11.86,3
6488,2014-06-13,9.44,4
6488,2014-06-26,17.15,5
6488,2014-07-03,10.04,6
6488,2014-07-11,14.17,7
10270,2013-10-03,7.8,1
10270,2013-12-02,6.34,2
10270,2013-12-06,12.01,3
10270,2014-04-03,7.14,4
10270,2014-06-17,7.22,5
10270,2014-09-27,14.48,6
6887,2014-04-24,21.38,1
6887,2014-05-29,23.13,2
6887,2014-05-31,31.37,3
6887,2014-06-24,26.23,4
6887,2014-06-29,24.56,5
6887,2014-06-29,21.07,6
6887,2014-07-02,22.77,7
6887,2014-07-04,39.05,8
6887,2014-07-11,24.04,9
6887,2014-07-19,32.95,10
6887,2014-07-25,28.88,11
6887,2014-07-25,36.78,12
6887,2014-07-30,48.97,13
6887,2014-08-05,46.91,14
6887,2014-08-20,28.71,15
6887,2014-08-24,34.21,16
6887,2014-09-02,56.98,17
6406,2013-10-28,54.46,1
6406,2013-11-05,86.3,2
6406,2013-11-19,44.13,3
6406,2013-11-29,50.84,4
6406,2014-01-10,103.67,5
6406,2014-01-20,44.86,6
6406,2014-03-06,63.03,7
6406,2014-03-19,56.45,8
6406,2014-03-22,75.94,9
6406,2014-04-11,104.21,10
6406,2014-04-14,43.82,11
6406,2014-04-17,64.43,12
6406,2014-05-19,141.89,13
6406,2014-05-27,54.62,14
6406,2014-05-28,59.31,15
6406,2014-07-14,49.28,16
6406,2014-08-13,54.94,17
6406,2014-08-14,81.4,18
6406,2014-09-02,79.73,19
6406,2014-09-22,73.68,20
7573,2013-05-10,13.93,1
7573,2013-10-10,13.51,2
7573,2013-11-12,7.49,3
7573,2013-12-14,11.21,4
7573,2014-09-23,5.86,5
4508,2014-05-22,29.78,1
4508,2014-05-29,29.85,2
4508,2014-06-09,46.18,3
4508,2014-06-13,21.4,4
4508,2014-07-04,39.96,5
4508,2014-07-04,31.66,6
4508,2014-07-04,38.72,7
4508,2014-07-04,33.67,8
4508,2014-07-04,37.94,9
4508,2014-07-04,23.03,10
4508,2014-07-04,43.17,11
4508,2014-07-04,20.74,12
4508,2014-07-04,20.82,13
4508,2014-07-04,46.64,14
4508,2014-07-04,25.62,15
4508,2014-07-04,48.32,16
4508,2014-07-04,28.33,17
4508,2014-07-05,40.19,18
221,2013-04-27,21.96,1
221,2013-05-22,22.81,2
221,2013-10-20,22.74,3
221,2013-10-27,18.2,4
221,2014-01-30,20.31,5
221,2014-03-10,15.31,6
221,2014-05-11,20.01,7
221,2014-06-23,17.85,8
221,2014-07-07,23.82,9
5331,2012-10-27,130.27,1
5331,2012-11-04,162.11,2
5331,2013-03-13,151.5,3
5331,2013-04-23,138.85,4
5331,2013-04-29,82.83,5
5331,2013-09-12,143.36,6
5331,2013-09-16,84.89,7
5331,2013-10-28,67.03,8
5331,2014-01-02,114.23,9
5331,2014-01-02,81.21,10
5331,2014-01-18,140.67,11
5331,2014-03-02,144.31,12
5331,2014-04-09,76.56,13
5331,2014-05-04,107.7,14
5331,2014-05-28,63.78,15
5331,2014-09-27,93.72,16
1911,2012-10-08,30.74,1
1911,2012-10-17,71.7,2
1911,2012-10-28,52.92,3
1911,2012-11-08,43.95,4
1911,2012-12-03,47.45,5
1911,2012-12-21,52.22,6
1911,2013-02-18,63.41,7
1911,2013-04-08,24.6,8
1911,2013-04-08,41.39,9
1911,2013-05-11,37.51,10
1911,2013-05-16,38.73,11
1911,2013-06-28,23.73,12
1911,2013-07-08,38.53,13
1911,2013-08-08,65.76,14
1911,2013-08-10,57.88,15
1911,2013-11-12,29.61,16
1911,2013-11-20,51.15,17
1911,2013-11-28,53.48,18
1911,2014-02-01,33.42,19
1911,2014-02-05,50.03,20
1911,2014-02-14,41.76,21
1911,2014-03-01,32.75,22
1911,2014-04-21,69.46,23
1911,2014-05-20,40.99,24
1911,2014-05-25,37.55,25
1911,2014-06-28,38.57,26
1911,2014-09-07,39.18,27
1911,2014-09-29,34.52,28
20,2013-09-01,19.8,1
20,2013-12-24,19.97,2
20,2013-12-27,18.44,3
20,2014-01-23,20.9,4
20,2014-02-12,15.47,5
20,2014-03-09,15.27,6
20,2014-07-06,12.15,7
8786,2013-05-26,34.5,1
8786,2013-06-25,43.29,2
8786,2013-07-14,19.46,3
8786,2013-09-09,31.77,4
8786,2014-01-07,29.82,5
8786,2014-02-17,28.23,6
8786,2014-03-19,30.25,7
8786,2014-03-23,19.03,8
8786,2014-04-11,24.28,9
8786,2014-04-17,19.03,10
8786,2014-05-01,32.43,11
8786,2014-05-02,21.99,12
8786,2014-05-29,17.87,13
8786,2014-08-14,40.06,14
10582,2013-07-03,16.42,1
10582,2013-07-19,32.76,2
10582,2013-07-22,30.26,3
10582,2013-07-28,42.87,4
10582,2013-10-13,46.81,5
10582,2013-11-10,26.93,6
10582,2013-11-24,33.99,7
10582,2014-01-13,32.84,8
10582,2014-02-15,36.37,9
10582,2014-02-23,30.81,10
10582,2014-03-07,34.36,11
10582,2014-03-23,44.73,12
10582,2014-04-03,26.51,13
10582,2014-05-11,31.59,14
10582,2014-05-24,47.4,15
10582,2014-06-20,34.03,16
10582,2014-07-31,41.19,17
10582,2014-09-17,26.93,18
10582,2014-10-02,51.22,19
1915,2013-12-12,55.21,1
1915,2013-12-25,68.9,2
1915,2014-01-18,50.67,3
1915,2014-01-25,65.16,4
1915,2014-03-02,51.63,5
1915,2014-03-16,55.74,6
1915,2014-03-26,55.48,7
1915,2014-03-27,119.78,8
1915,2014-04-16,95.34,9
1915,2014-04-24,52.56,10
1915,2014-05-15,58.64,11
1915,2014-05-28,41.15,12
1915,2014-06-02,88.9,13
1915,2014-06-04,95.32,14
1915,2014-06-08,72.08,15
1915,2014-06-09,90.45,16
1915,2014-06-10,56.42,17
1915,2014-07-09,72.88,18
1915,2014-08-09,55.68,19
8897,2013-04-24,33.16,1
8897,2013-05-25,29.67,2
8897,2013-06-05,36.73,3
8897,2013-07-28,34.46,4
8897,2013-07-31,41.36,5
8897,2013-08-20,23.19,6
8897,2013-12-15,22.5,7
8897,2013-12-18,36.29,8
8897,2013-12-28,31.53,9
8897,2014-02-09,30.6,10
8897,2014-03-24,26.44,11
8897,2014-05-04,32.95,12
8897,2014-05-24,24.04,13
8897,2014-07-03,33.9,14
8897,2014-07-12,44.3,15
8897,2014-07-27,33.2,16
8897,2014-09-26,27.68,17
2371,2013-04-13,13.85,1
2371,2013-10-22,10.71,2
2371,2014-01-27,13.21,3
2371,2014-01-28,11.62,4
2371,2014-08-08,12.52,5
2371,2014-09-13,7.08,6
4303,2014-07-21,125.0,1
6825,2013-03-06,3.79,1
6825,2013-08-17,4.72,2
6825,2014-07-11,7.49,3
1072,2013-08-30,12.18,1
1072,2014-01-10,17.67,2
1072,2014-01-27,14.43,3
1072,2014-02-25,12.01,4
1072,2014-06-19,11.02,5
1072,2014-08-02,19.69,6
4964,2014-01-26,123.52,1
4964,2014-02-22,70.32,2
4964,2014-03-12,63.07,3
4964,2014-04-06,68.16,4
4964,2014-04-06,45.58,5
4964,2014-04-11,61.55,6
4964,2014-04-16,88.74,7
4964,2014-04-23,33.63,8
4964,2014-04-26,67.28,9
4964,2014-06-05,78.87,10
4964,2014-06-09,50.32,11
4964,2014-06-10,65.91,12
4964,2014-06-10,64.8,13
4964,2014-06-18,62.3,14
4964,2014-06-23,53.56,15
4964,2014-06-26,82.52,16
4964,2014-07-07,77.89,17
2461,2013-12-18,9.46,1
2461,2014-03-09,10.16,2
2461,2014-04-01,9.38,3
2461,2014-07-18,10.0,4
10736,2013-09-12,48.43,1
10736,2013-10-12,52.52,2
10736,2013-10-25,102.03,3
10736,2013-10-28,62.95,4
10736,2013-11-23,61.51,5
10736,2013-12-11,67.44,6
10736,2014-01-04,41.73,7
10736,2014-02-10,59.94,8
10736,2014-03-15,84.05,9
10736,2014-03-18,67.23,10
10736,2014-04-02,66.99,11
10736,2014-05-04,101.55,12
10736,2014-05-24,103.39,13
10736,2014-06-18,80.96,14
10736,2014-06-21,57.99,15
10736,2014-07-12,63.71,16
10736,2014-07-16,85.06,17
10736,2014-08-01,52.08,18
10736,2014-08-22,55.89,19
10736,2014-09-07,75.56,20
3194,2014-04-05,47.71,1
3194,2014-05-11,47.6,2
3194,2014-05-19,86.16,3
3194,2014-05-19,76.45,4
3194,2014-06-04,49.24,5
3194,2014-06-17,100.76,6
3194,2014-06-23,62.97,7
3194,2014-06-24,74.08,8
3194,2014-06-25,63.58,9
3194,2014-06-26,76.6,10
3194,2014-06-26,60.31,11
3194,2014-06-29,64.52,12
3194,2014-06-30,60.05,13
3194,2014-07-03,62.16,14
3194,2014-07-05,47.97,15
3194,2014-07-06,105.77,16
3194,2014-07-07,65.08,17
3194,2014-07-11,78.98,18
10839,2014-04-14,8.18,1
10839,2014-07-06,5.72,2
10839,2014-07-30,4.68,3
10839,2014-08-24,5.42,4
49,2014-05-11,4.45,1
49,2014-07-28,3.49,2
49,2014-08-06,4.73,3
49,2014-08-27,3.33,4
4290,2014-03-19,6.08,1
4290,2014-05-18,5.87,2
4290,2014-09-27,7.06,3
10219,2013-06-18,11.38,1
10219,2013-12-26,11.54,2
10219,2014-03-07,7.03,3
10219,2014-08-26,5.05,4
4211,2012-10-29,9.02,1
4211,2013-03-26,5.69,2
4211,2013-08-14,12.09,3
4211,2013-10-27,7.7,4
4211,2014-09-30,5.49,5
1135,2014-02-15,3.7,1
1135,2014-04-16,7.46,2
1135,2014-05-15,6.76,3
1135,2014-05-27,5.05,4
1135,2014-06-01,5.93,5
1135,2014-06-13,3.87,6
1135,2014-07-01,8.23,7
6299,2013-01-02,38.38,1
6299,2013-01-27,36.89,2
6299,2013-02-04,25.86,3
6299,2013-02-06,25.6,4
6299,2013-03-20,45.24,5
6299,2013-05-20,36.75,6
6299,2013-07-07,24.58,7
6299,2013-08-10,35.47,8
6299,2013-09-12,32.08,9
6299,2013-10-08,49.86,10
6299,2013-12-11,29.78,11
6299,2014-01-07,44.98,12
6299,2014-05-02,20.29,13
6299,2014-05-16,41.52,14
6299,2014-06-17,24.54,15
6299,2014-07-27,43.9,16
6299,2014-07-29,24.66,17
6299,2014-09-07,34.62,18
10846,2014-05-29,24.03,1
10846,2014-06-12,20.94,2
10846,2014-07-05,33.08,3
10846,2014-07-28,32.91,4
10846,2014-07-29,26.36,5
10846,2014-07-31,39.48,6
10846,2014-08-08,26.61,7
10846,2014-08-09,21.33,8
10846,2014-08-17,39.26,9
10846,2014-08-18,23.22,10
10846,2014-08-22,28.27,11
10846,2014-08-25,35.83,12
10846,2014-08-26,45.05,13
10846,2014-08-26,50.72,14
10846,2014-08-28,22.67,15
10846,2014-09-13,20.23,16
347,2012-10-07,20.22,1
347,2013-03-03,27.86,2
347,2013-05-06,19.08,3
347,2013-06-19,20.42,4
347,2013-06-19,26.55,5
347,2013-07-13,29.89,6
347,2013-07-30,21.56,7
347,2013-10-17,21.32,8
347,2013-12-04,39.64,9
347,2014-02-19,26.74,10
347,2014-03-24,35.7,11
347,2014-04-26,23.07,12
347,2014-09-05,30.94,13
6543,2013-01-15,109.31,1
6543,2013-02-17,126.14,2
6543,2013-03-14,134.63,3
6543,2013-05-23,159.35,4
6543,2013-06-28,99.9,5
6543,2013-07-03,96.98,6
6543,2013-07-05,117.31,7
6543,2013-09-04,107.34,8
6543,2013-09-16,95.0,9
6543,2013-10-14,146.27,10
6543,2014-04-18,127.47,11
6543,2014-06-19,129.96,12
6543,2014-08-21,101.34,13
10446,2012-11-07,41.08,1
10446,2012-11-22,42.2,2
10446,2012-12-28,34.61,3
10446,2013-01-21,34.96,4
10446,2013-03-23,72.97,5
10446,2013-04-22,52.36,6
10446,2013-07-02,43.89,7
10446,2013-07-03,44.81,8
10446,2013-10-14,65.87,9
10446,2013-10-27,34.43,10
10446,2013-12-23,65.82,11
10446,2014-02-05,38.57,12
10446,2014-03-16,30.77,13
10446,2014-06-12,32.4,14
10446,2014-06-17,34.09,15
10446,2014-08-08,37.18,16
3479,2013-07-19,9.56,1
3479,2013-12-10,8.25,2
3479,2014-01-06,6.1,3
3479,2014-06-09,7.43,4
3479,2014-08-17,5.66,5
11075,2013-10-29,24.55,1
11075,2013-12-04,21.02,2
11075,2014-02-19,26.31,3
11075,2014-04-01,23.05,4
11075,2014-04-15,16.43,5
11075,2014-04-26,25.81,6
11075,2014-04-26,20.41,7
11075,2014-05-13,23.18,8
11075,2014-06-09,14.43,9
11075,2014-06-22,37.73,10
11075,2014-08-29,25.08,11
4442,2013-04-05,18.5,1
4442,2013-09-07,21.03,2
4442,2013-09-26,15.73,3
4442,2014-01-01,16.17,4
4442,2014-01-24,17.79,5
4442,2014-03-01,17.46,6
4442,2014-07-27,18.33,7
199,2013-01-20,26.22,1
199,2013-02-09,20.98,2
199,2013-07-22,20.19,3
199,2013-11-29,22.59,4
199,2014-01-14,14.77,5
199,2014-01-23,27.95,6
199,2014-02-04,19.22,7
199,2014-03-06,14.28,8
199,2014-05-01,24.12,9
199,2014-05-11,31.47,10
199,2014-06-05,40.05,11
199,2014-09-02,41.16,12
6722,2014-06-28,27.43,1
6722,2014-06-28,37.9,2
6722,2014-06-28,24.93,3
6722,2014-06-28,18.35,4
6722,2014-06-28,47.1,5
6722,2014-06-28,37.64,6
6722,2014-06-28,46.65,7
6722,2014-06-28,50.85,8
6722,2014-06-28,43.67,9
6722,2014-06-28,30.86,10
6722,2014-06-28,50.83,11
6722,2014-06-28,38.8,12
6722,2014-06-28,39.2,13
6722,2014-06-28,33.05,14
6722,2014-06-28,61.61,15
6722,2014-06-28,36.96,16
6722,2014-06-28,26.17,17
6722,2014-06-28,22.6,18
6722,2014-06-28,35.91,19
6722,2014-06-29,21.5,20
796,2012-10-23,46.3,1
796,2012-11-09,50.85,2
796,2012-11-15,32.36,3
796,2012-11-26,41.7,4
796,2012-12-18,34.06,5
796,2012-12-29,35.26,6
796,2013-01-05,39.62,7
796,2013-01-28,44.28,8
796,2013-02-04,30.34,9
796,2013-03-02,35.97,10
796,2013-03-14,42.13,11
796,2013-08-25,37.52,12
796,2013-09-06,39.14,13
796,2013-09-25,44.55,14
796,2013-10-12,38.83,15
796,2013-11-06,71.61,16
796,2014-01-01,35.84,17
796,2014-01-15,21.24,18
796,2014-03-10,34.98,19
796,2014-03-14,38.26,20
796,2014-03-29,34.85,21
796,2014-04-27,23.63,22
796,2014-09-18,40.68,23
3749,2013-03-02,50.06,1
3749,2013-03-29,49.23,2
3749,2013-04-02,66.59,3
3749,2013-04-10,58.31,4
3749,2013-04-24,61.76,5
3749,2013-05-03,103.33,6
3749,2013-05-08,58.62,7
3749,2013-05-11,92.04,8
3749,2013-05-31,64.24,9
3749,2013-06-01,71.85,10
3749,2013-06-07,43.28,11
3749,2013-07-08,57.8,12
3749,2013-08-25,47.72,13
3749,2013-09-21,98.27,14
3749,2013-12-03,80.84,15
3749,2013-12-04,63.29,16
3749,2013-12-17,75.1,17
3749,2013-12-20,90.26,18
3749,2014-04-27,66.16,19
3749,2014-05-02,78.41,20
3749,2014-06-09,60.42,21
3749,2014-07-21,46.07,22
3749,2014-08-12,81.33,23
8523,2013-12-14,6.95,1
8523,2014-02-20,8.59,2
8523,2014-03-12,7.45,3
8523,2014-03-29,10.09,4
8523,2014-07-03,6.87,5
8523,2014-08-10,10.03,6
8523,2014-08-27,5.02,7
310,2013-12-13,37.07,1
310,2014-01-13,35.4,2
310,2014-01-14,30.03,3
310,2014-02-12,24.09,4
310,2014-02-17,21.07,5
310,2014-02-20,31.78,6
310,2014-03-05,45.18,7
310,2014-03-07,29.28,8
310,2014-03-08,31.9,9
310,2014-04-11,37.44,10
310,2014-05-22,21.03,11
310,2014-05-26,38.07,12
310,2014-05-31,40.44,13
310,2014-06-03,28.61,14
310,2014-06-04,40.99,15
310,2014-06-07,26.44,16
310,2014-07-16,38.18,17
8629,2013-03-26,8.46,1
8629,2014-01-16,7.83,2
8629,2014-02-20,8.08,3
8629,2014-07-26,8.64,4
236,2013-01-19,18.55,1
236,2013-04-04,18.59,2
236,2013-06-16,11.34,3
236,2013-07-26,22.14,4
236,2013-11-25,26.21,5
236,2013-12-25,10.18,6
236,2014-08-04,15.98,7
9930,2013-11-05,57.33,1
9930,2013-11-24,38.63,2
9930,2013-12-06,37.96,3
9930,2013-12-08,50.17,4
9930,2013-12-14,35.8,5
9930,2014-01-06,38.32,6
9930,2014-01-19,41.7,7
9930,2014-01-28,32.89,8
9930,2014-02-09,34.28,9
9930,2014-03-23,30.64,10
9930,2014-03-24,51.23,11
9930,2014-04-03,22.52,12
9930,2014-04-22,35.79,13
9930,2014-05-22,33.58,14
9930,2014-06-12,44.51,15
9930,2014-06-21,52.89,16
9930,2014-06-24,54.5,17
9930,2014-06-25,43.41,18
9930,2014-07-03,59.6,19
9930,2014-07-07,50.02,20
9930,2014-07-11,46.11,21
9930,2014-07-27,36.91,22
9930,2014-07-28,48.48,23
9930,2014-08-17,38.82,24
9930,2014-08-23,34.71,25
9930,2014-09-01,39.8,26
9930,2014-09-27,54.39,27
3483,2013-04-06,55.53,1
3483,2013-04-30,62.49,2
3483,2013-05-31,83.15,3
3483,2013-06-03,54.04,4
3483,2013-06-10,47.48,5
3483,2013-06-25,75.56,6
3483,2013-07-19,53.38,7
3483,2013-08-02,101.87,8
3483,2013-09-21,74.41,9
3483,2013-10-18,90.88,10
3483,2013-10-22,63.06,11
3483,2013-10-27,73.47,12
3483,2013-11-07,38.03,13
3483,2013-11-12,63.9,14
3483,2013-12-04,40.97,15
3483,2013-12-31,37.68,16
3483,2014-01-11,84.28,17
3483,2014-05-07,123.49,18
3483,2014-06-06,49.0,19
3483,2014-06-07,76.88,20
3483,2014-06-19,84.42,21
3483,2014-07-21,63.03,22
4599,2013-11-04,31.78,1
4599,2013-11-30,21.85,2
4599,2013-12-15,26.23,3
4599,2014-01-10,23.65,4
4599,2014-02-18,24.54,5
4599,2014-02-18,43.58,6
4599,2014-02-26,31.66,7
4599,2014-03-23,23.88,8
4599,2014-03-31,28.87,9
4599,2014-04-21,30.82,10
4599,2014-04-22,29.9,11
4599,2014-05-11,30.06,12
4599,2014-05-13,34.73,13
4599,2014-06-29,16.83,14
4599,2014-07-31,38.63,15
7326,2014-03-23,10.94,1
7326,2014-05-27,10.98,2
7326,2014-07-02,11.08,3
7326,2014-07-07,12.87,4
7326,2014-07-14,17.13,5
7352,2013-10-21,29.21,1
7352,2013-11-06,24.37,2
7352,2013-11-11,25.58,3
7352,2013-12-22,35.83,4
7352,2014-01-08,42.81,5
7352,2014-03-02,31.01,6
7352,2014-03-05,24.26,7
7352,2014-03-13,19.48,8
7352,2014-04-08,29.09,9
7352,2014-05-17,22.73,10
7352,2014-06-07,29.24,11
7352,2014-06-08,19.37,12
7352,2014-09-07,27.02,13
2350,2013-03-22,66.25,1
2350,2013-04-13,86.05,2
2350,2013-05-17,56.46,3
2350,2013-06-11,51.89,4
2350,2013-07-14,46.38,5
2350,2013-08-15,77.2,6
2350,2013-08-27,83.52,7
2350,2013-09-11,70.36,8
2350,2013-09-17,54.07,9
2350,2013-10-23,53.8,10
2350,2014-01-17,73.39,11
2350,2014-02-11,89.56,12
2350,2014-07-10,85.08,13
9145,2013-04-06,86.34,1
9145,2013-05-11,45.4,2
9145,2013-05-19,62.0,3
9145,2013-05-25,88.6,4
9145,2013-06-16,77.86,5
9145,2013-07-30,55.0,6
9145,2013-08-20,91.51,7
9145,2013-08-27,61.61,8
9145,2013-10-20,72.31,9
9145,2013-10-26,72.33,10
9145,2013-12-20,53.56,11
9145,2014-01-06,61.73,12
9145,2014-02-03,55.6,13
9145,2014-03-15,60.99,14
9145,2014-03-26,65.56,15
9145,2014-04-11,79.7,16
9145,2014-04-20,108.4,17
9145,2014-06-03,66.79,18
9145,2014-07-24,50.55,19
9145,2014-08-23,68.16,20
2964,2013-10-16,9.13,1
2964,2014-01-23,9.01,2
2964,2014-08-11,12.73,3
2964,2014-10-05,9.13,4
5585,2013-04-20,7.83,1
5585,2014-02-08,8.32,2
5585,2014-03-30,7.93,3
5585,2014-07-07,4.53,4
5585,2014-10-04,9.39,5
9687,2014-05-31,50.19,1
9687,2014-07-21,47.08,2
9687,2014-07-23,38.75,3
9687,2014-08-02,64.32,4
9687,2014-08-11,41.41,5
9687,2014-08-16,54.6,6
9687,2014-08-24,47.86,7
9687,2014-08-27,46.55,8
9687,2014-08-29,48.56,9
9687,2014-08-29,50.83,10
9687,2014-09-04,45.72,11
9687,2014-09-13,25.2,12
9687,2014-09-14,42.51,13
9687,2014-09-18,55.52,14
9687,2014-10-04,34.89,15
3732,2013-02-04,47.58,1
3732,2013-03-12,31.8,2
3732,2013-03-22,37.77,3
3732,2013-03-27,35.43,4
3732,2013-05-17,48.14,5
3732,2013-06-04,49.46,6
3732,2013-06-18,42.24,7
3732,2013-06-23,22.32,8
3732,2013-07-05,35.38,9
3732,2013-08-11,54.09,10
3732,2013-11-03,27.12,11
3732,2013-12-10,42.32,12
3732,2013-12-12,30.39,13
3732,2014-01-15,37.09,14
3732,2014-01-29,35.01,15
3732,2014-03-17,43.35,16
3732,2014-04-06,41.96,17
3732,2014-05-26,37.96,18
3732,2014-06-07,34.15,19
3732,2014-06-14,21.46,20
3732,2014-07-25,35.97,21
6303,2013-11-23,56.96,1
6303,2013-12-26,70.85,2
6303,2013-12-31,82.81,3
6303,2014-01-18,76.41,4
6303,2014-02-01,38.79,5
6303,2014-02-03,56.29,6
6303,2014-02-08,57.91,7
6303,2014-02-10,93.33,8
6303,2014-03-13,61.85,9
6303,2014-03-15,70.16,10
6303,2014-03-16,65.06,11
6303,2014-03-17,76.93,12
6303,2014-03-18,61.71,13
6303,2014-03-25,69.81,14
6303,2014-03-29,39.17,15
6303,2014-04-15,53.25,16
6303,2014-04-23,67.21,17
6303,2014-05-18,84.21,18
6303,2014-06-01,83.8,19
6303,2014-06-09,69.57,20
6303,2014-06-15,69.48,21
6303,2014-07-25,61.45,22
11176,2014-05-12,30.63,1
11176,2014-05-27,32.55,2
11176,2014-06-17,33.24,3
11176,2014-07-13,39.0,4
11176,2014-07-13,23.25,5
11176,2014-07-26,24.05,6
11176,2014-07-31,24.31,7
11176,2014-08-05,21.91,8
11176,2014-08-09,35.8,9
11176,2014-08-16,21.52,10
11176,2014-08-18,25.41,11
11176,2014-08-18,37.77,12
11176,2014-09-01,29.24,13
11176,2014-09-03,32.67,14
11176,2014-09-06,50.83,15
11176,2014-09-23,28.81,16
2986,2014-03-12,6.42,1
2986,2014-05-21,5.31,2
2986,2014-07-08,4.27,3
7462,2012-11-24,24.15,1
7462,2012-12-21,18.13,2
7462,2013-01-11,34.67,3
7462,2013-02-11,28.2,4
7462,2013-03-24,44.14,5
7462,2013-05-18,29.89,6
7462,2013-05-22,46.37,7
7462,2013-06-16,36.23,8
7462,2013-06-28,23.2,9
7462,2013-08-24,26.83,10
7462,2013-12-07,29.02,11
7462,2014-01-19,36.02,12
7462,2014-02-13,32.56,13
7462,2014-03-11,28.64,14
7462,2014-04-16,28.29,15
7462,2014-07-30,35.67,16
3900,2014-03-29,38.14,1
3900,2014-05-14,32.71,2
3900,2014-05-22,40.39,3
3900,2014-05-27,28.37,4
3900,2014-05-28,34.45,5
3900,2014-05-28,40.81,6
3900,2014-05-29,29.52,7
3900,2014-06-11,29.6,8
3900,2014-06-18,28.36,9
3900,2014-06-26,41.68,10
3900,2014-06-28,24.53,11
3900,2014-07-03,39.32,12
3900,2014-07-03,48.1,13
3900,2014-07-13,36.25,14
3900,2014-07-15,31.36,15
3900,2014-07-18,48.55,16
3900,2014-07-20,24.51,17
3900,2014-07-21,23.99,18
3900,2014-07-21,53.01,19
3900,2014-08-12,38.37,20
7034,2013-09-01,9.78,1
7034,2013-12-03,8.53,2
7034,2014-06-27,6.04,3
7034,2014-07-14,10.38,4
7034,2014-09-01,8.27,5
9493,2013-05-05,134.66,1
9493,2013-05-27,100.74,2
9493,2013-06-06,78.51,3
9493,2013-07-17,94.86,4
9493,2013-08-18,106.7,5
9493,2013-10-14,73.31,6
9493,2013-11-25,101.61,7
9493,2013-12-22,97.93,8
9493,2013-12-26,129.2,9
9493,2013-12-30,164.18,10
9493,2014-01-13,74.16,11
9493,2014-03-11,71.73,12
9493,2014-04-04,109.77,13
9493,2014-05-01,104.5,14
9493,2014-05-25,77.39,15
9493,2014-07-14,133.92,16
9493,2014-09-20,137.83,17
1143,2013-08-08,10.38,1
1143,2013-12-28,7.03,2
1143,2014-06-02,9.44,3
1143,2014-08-08,10.04,4
1143,2014-08-23,7.11,5
1,2014-06-15,29.27,1
1,2014-07-07,32.6,2
1,2014-07-25,26.79,3
1,2014-08-14,23.32,4
1,2014-08-15,26.66,5
1,2014-08-22,40.46,6
1,2014-08-23,34.57,7
1,2014-08-26,32.62,8
1,2014-08-26,42.62,9
1,2014-08-29,33.89,10
1,2014-08-29,35.12,11
1,2014-08-30,24.7,12
1,2014-09-20,28.91,13
1,2014-09-22,28.82,14
1,2014-09-28,26.49,15
1,2014-09-29,33.65,16
1,2014-10-05,39.52,17
5989,2013-04-16,87.39,1
5989,2013-04-23,119.85,2
5989,2013-04-28,60.99,3
5989,2013-05-04,44.53,4
5989,2013-05-16,64.02,5
5989,2013-07-11,73.62,6
5989,2013-08-13,68.56,7
5989,2013-08-21,57.4,8
5989,2013-09-12,54.43,9
5989,2013-09-25,64.26,10
5989,2013-10-14,62.54,11
5989,2013-10-21,41.83,12
5989,2013-11-02,58.46,13
5989,2013-12-01,80.23,14
5989,2013-12-15,60.16,15
5989,2013-12-28,80.69,16
5989,2014-01-22,62.42,17
5989,2014-01-31,64.07,18
5989,2014-02-20,63.35,19
5989,2014-02-24,62.96,20
5989,2014-02-27,65.71,21
5989,2014-03-10,74.08,22
5989,2014-08-15,70.43,23
9499,2013-05-07,117.11,1
9499,2013-06-15,157.87,2
9499,2013-07-03,125.97,3
9499,2013-08-27,148.79,4
9499,2013-09-30,95.05,5
9499,2013-10-05,127.87,6
9499,2013-10-13,58.56,7
9499,2013-10-29,88.56,8
9499,2013-11-20,75.83,9
9499,2014-01-20,153.29,10
9499,2014-02-05,137.47,11
9499,2014-03-22,141.46,12
9499,2014-03-26,84.74,13
9499,2014-06-30,88.43,14
6768,2013-01-12,9.9,1
6768,2013-05-30,6.49,2
6768,2013-12-05,7.42,3
6768,2014-07-22,10.19,4
2150,2013-05-11,100.7,1
2150,2013-06-10,76.07,2
2150,2013-06-15,77.85,3
2150,2013-06-21,56.84,4
2150,2013-07-16,56.95,5
2150,2013-07-17,70.51,6
2150,2013-09-23,61.95,7
2150,2013-10-15,50.72,8
2150,2013-10-30,128.59,9
2150,2013-11-07,70.34,10
2150,2013-12-04,54.49,11
2150,2013-12-05,71.74,12
2150,2013-12-13,70.28,13
2150,2014-01-22,81.48,14
2150,2014-02-20,48.65,15
2150,2014-03-03,67.59,16
2150,2014-03-08,56.34,17
2150,2014-05-13,61.99,18
2150,2014-06-09,43.66,19
2150,2014-06-14,57.97,20
2150,2014-07-14,61.3,21
6646,2014-03-01,8.93,1
6646,2014-05-11,4.3,2
6646,2014-07-14,3.52,3
6646,2014-09-12,4.25,4
4887,2013-11-22,10.85,1
4887,2014-03-07,13.34,2
4887,2014-03-15,8.65,3
4887,2014-06-12,13.08,4
4887,2014-08-01,9.08,5
8560,2012-11-03,24.47,1
8560,2012-11-04,20.0,2
8560,2012-12-02,33.98,3
8560,2012-12-06,50.63,4
8560,2012-12-21,19.78,5
8560,2013-03-07,45.97,6
8560,2013-04-11,36.61,7
8560,2013-06-01,37.46,8
8560,2013-06-09,40.1,9
8560,2013-08-29,21.72,10
8560,2013-09-01,19.75,11
8560,2013-09-30,30.89,12
8560,2013-12-06,23.78,13
8560,2013-12-28,29.51,14
8560,2014-01-09,48.13,15
8560,2014-03-05,27.46,16
8560,2014-07-03,24.77,17
3321,2013-05-05,25.75,1
3321,2013-06-21,38.59,2
3321,2013-06-25,22.3,3
3321,2013-07-17,29.67,4
3321,2013-08-26,17.97,5
3321,2013-08-27,20.39,6
3321,2013-09-01,25.92,7
3321,2013-10-08,26.41,8
3321,2013-10-25,50.21,9
3321,2013-11-12,34.55,10
3321,2013-11-18,37.97,11
3321,2014-01-03,49.34,12
3321,2014-03-04,27.1,13
3321,2014-06-02,27.69,14
3321,2014-06-15,29.92,15
3321,2014-07-04,26.72,16
3321,2014-08-24,41.49,17
11003,2013-10-02,5.75,1
11003,2014-06-24,5.74,2
11003,2014-08-14,9.14,3
11003,2014-08-28,6.01,4
11003,2014-09-25,5.36,5
10402,2013-02-14,5.42,1
10402,2013-11-26,11.06,2
10402,2013-12-20,11.96,3
10402,2014-07-03,9.56,4
9904,2013-03-29,36.98,1
9904,2013-04-03,37.42,2
9904,2013-04-19,36.37,3
9904,2013-04-23,46.03,4
9904,2013-05-06,41.03,5
9904,2013-06-21,28.48,6
9904,2013-06-25,40.89,7
9904,2013-09-03,60.09,8
9904,2013-10-15,25.39,9
9904,2013-11-07,53.81,10
9904,2013-12-26,31.19,11
9904,2014-02-06,52.64,12
9904,2014-02-16,24.75,13
9904,2014-03-21,36.24,14
9904,2014-04-09,39.65,15
9904,2014-05-19,31.14,16
9904,2014-05-23,49.28,17
9904,2014-06-01,47.09,18
9904,2014-06-14,34.25,19
9904,2014-06-23,45.45,20
9904,2014-07-14,26.79,21
9904,2014-07-18,33.74,22
9904,2014-08-16,43.29,23
6141,2013-04-25,27.06,1
6141,2013-06-01,28.89,2
6141,2013-07-05,24.99,3
6141,2013-07-27,29.09,4
6141,2013-08-12,20.78,5
6141,2013-11-12,24.03,6
6141,2013-11-26,37.94,7
6141,2014-01-14,18.46,8
6141,2014-04-28,27.7,9
6141,2014-07-03,23.07,10
6141,2014-07-04,25.67,11
6141,2014-08-20,15.31,12
5687,2012-10-08,61.97,1
5687,2012-10-31,39.87,2
5687,2012-11-02,82.28,3
5687,2012-11-10,48.16,4
5687,2013-01-09,32.01,5
5687,2013-01-20,89.45,6
5687,2013-02-01,52.76,7
5687,2013-03-19,62.85,8
5687,2013-03-29,70.33,9
5687,2013-03-30,56.89,10
5687,2013-05-17,63.63,11
5687,2013-05-21,45.0,12
5687,2013-07-16,41.86,13
5687,2013-09-12,45.12,14
5687,2013-10-26,44.0,15
5687,2013-11-13,57.2,16
5687,2013-11-20,54.03,17
5687,2014-01-02,60.07,18
5687,2014-02-10,68.15,19
5687,2014-02-23,56.93,20
5687,2014-03-03,49.65,21
5687,2014-03-19,43.62,22
5687,2014-04-02,57.99,23
5687,2014-04-21,63.56,24
5687,2014-05-12,51.74,25
5687,2014-06-29,46.86,26
10856,2013-07-02,6.91,1
10856,2013-09-05,11.87,2
10856,2013-10-21,11.26,3
10856,2014-08-24,7.96,4
5121,2014-03-21,52.07,1
5121,2014-04-11,36.52,2
5121,2014-04-22,29.32,3
5121,2014-04-28,38.22,4
5121,2014-05-26,31.31,5
5121,2014-05-29,24.36,6
5121,2014-06-06,20.32,7
5121,2014-06-22,24.0,8
5121,2014-06-29,38.21,9
5121,2014-07-02,29.87,10
5121,2014-07-06,28.18,11
5121,2014-07-14,27.5,12
5121,2014-07-16,34.51,13
5121,2014-07-21,43.93,14
5121,2014-08-08,38.01,15
5121,2014-08-09,34.54,16
5121,2014-08-10,36.56,17
5121,2014-09-05,22.59,18
4186,2013-08-05,5.64,1
4186,2014-02-07,8.03,2
4186,2014-05-20,14.2,3
4186,2014-05-22,9.24,4
4186,2014-05-30,9.5,5
4186,2014-09-24,12.38,6
368,2012-11-29,27.9,1
368,2012-12-24,29.38,2
368,2013-03-13,20.26,3
368,2013-08-23,15.83,4
368,2013-09-04,18.88,5
368,2013-10-10,34.58,6
368,2013-12-11,23.97,7
368,2014-04-29,27.43,8
368,2014-06-10,19.96,9
368,2014-06-14,21.57,10
368,2014-08-05,22.25,11
3312,2014-05-12,11.44,1
3312,2014-07-13,8.19,2
3312,2014-07-14,15.17,3
3312,2014-08-01,10.43,4
3312,2014-08-18,8.76,5
3312,2014-08-28,6.53,6
3312,2014-09-23,8.48,7
11121,2012-11-10,8.02,1
11121,2013-06-20,6.15,2
11121,2013-08-19,9.42,3
11121,2013-08-19,9.02,4
11121,2013-09-11,11.33,5
11121,2014-01-07,7.03,6
11121,2014-07-21,12.03,7
5332,2013-07-27,53.01,1
5332,2013-08-29,69.82,2
5332,2013-09-07,58.72,3
5332,2013-11-25,74.91,4
5332,2013-11-26,58.29,5
5332,2014-01-02,74.76,6
5332,2014-01-12,67.86,7
5332,2014-01-26,71.47,8
5332,2014-03-08,78.28,9
5332,2014-03-11,39.11,10
5332,2014-05-02,44.09,11
5332,2014-06-05,64.91,12
5332,2014-07-04,71.23,13
5332,2014-07-22,60.94,14
5332,2014-08-21,70.25,15
5332,2014-10-03,54.33,16
5848,2014-01-13,108.09,1
5848,2014-01-29,141.49,2
5848,2014-01-29,88.84,3
5848,2014-02-18,182.82,4
5848,2014-03-15,80.78,5
5848,2014-03-22,82.23,6
5848,2014-04-07,140.44,7
5848,2014-05-10,140.58,8
5848,2014-05-20,59.62,9
5848,2014-05-25,111.67,10
5848,2014-06-02,48.18,11
5848,2014-06-10,115.19,12
5848,2014-06-20,86.64,13
5848,2014-06-21,78.12,14
5848,2014-07-13,95.69,15
5848,2014-07-16,105.43,16
5848,2014-07-21,68.84,17
5848,2014-08-23,144.36,18
10343,2012-11-08,85.12,1
10343,2012-11-15,67.57,2
10343,2012-11-20,39.87,3
10343,2013-01-12,75.3,4
10343,2013-02-13,53.73,5
10343,2013-02-23,60.99,6
10343,2013-03-28,83.98,7
10343,2013-04-29,79.96,8
10343,2013-05-16,69.09,9
10343,2013-06-25,61.01,10
10343,2013-09-12,62.36,11
10343,2013-10-31,54.93,12
10343,2013-11-23,68.77,13
10343,2013-12-08,60.18,14
10343,2013-12-11,62.34,15
10343,2014-01-02,88.65,16
10343,2014-09-08,66.15,17
5935,2012-12-24,28.73,1
5935,2013-01-02,29.89,2
5935,2013-02-15,56.45,3
5935,2013-02-21,43.26,4
5935,2013-08-15,25.5,5
5935,2013-08-17,42.86,6
5935,2013-09-07,20.47,7
5935,2013-09-18,25.98,8
5935,2013-09-30,20.25,9
5935,2013-10-19,56.06,10
5935,2013-10-26,40.84,11
5935,2013-11-11,55.33,12
5935,2013-11-30,30.24,13
5935,2013-12-05,44.66,14
5935,2014-01-01,26.8,15
5935,2014-02-20,19.94,16
5935,2014-03-21,27.02,17
5935,2014-04-29,27.12,18
5935,2014-05-24,49.36,19
5935,2014-08-06,30.22,20
2895,2013-10-23,22.66,1
2895,2013-11-09,17.29,2
2895,2014-02-04,18.19,3
2895,2014-03-17,12.19,4
2895,2014-03-25,22.91,5
2895,2014-06-09,17.7,6
2895,2014-06-10,24.32,7
2895,2014-06-22,21.41,8
2895,2014-07-18,24.34,9
10262,2013-05-10,4.52,1
10262,2013-09-10,3.96,2
10262,2013-11-13,3.96,3
10262,2014-01-06,6.96,4
10262,2014-03-06,4.14,5
10262,2014-04-26,4.34,6
10262,2014-07-01,7.11,7
7848,2013-06-13,17.7,1
7848,2013-07-18,31.44,2
7848,2013-09-08,26.78,3
7848,2013-09-29,29.34,4
7848,2013-10-16,14.97,5
7848,2013-11-24,22.99,6
7848,2014-01-26,21.91,7
7848,2014-02-16,23.25,8
7848,2014-03-22,17.78,9
7848,2014-06-24,24.31,10
7848,2014-09-18,27.53,11
7186,2014-05-26,3.7,1
7186,2014-07-29,7.8,2
7186,2014-07-30,5.06,3
7186,2014-08-23,9.44,4
5794,2014-03-17,25.41,1
5794,2014-04-19,29.12,2
5794,2014-05-04,40.69,3
5794,2014-05-23,34.33,4
5794,2014-05-24,19.48,5
5794,2014-05-26,44.11,6
5794,2014-06-01,24.27,7
5794,2014-06-03,20.43,8
5794,2014-06-03,20.81,9
5794,2014-06-11,23.8,10
5794,2014-06-14,24.58,11
5794,2014-07-11,37.6,12
5794,2014-07-30,29.13,13
5794,2014-08-09,34.08,14
5794,2014-10-04,21.15,15
1456,2013-04-01,32.45,1
1456,2013-04-22,46.04,2
1456,2013-04-26,41.53,3
1456,2013-05-15,51.3,4
1456,2013-05-16,58.27,5
1456,2013-06-21,35.55,6
1456,2013-09-24,56.79,7
1456,2013-10-09,55.07,8
1456,2013-10-16,44.14,9
1456,2013-11-18,40.23,10
1456,2013-12-09,41.58,11
1456,2013-12-15,33.87,12
1456,2013-12-16,28.83,13
1456,2013-12-29,32.55,14
1456,2014-01-02,39.66,15
1456,2014-01-19,39.28,16
1456,2014-03-10,48.76,17
1456,2014-03-19,35.91,18
1456,2014-04-07,40.75,19
1456,2014-04-19,35.63,20
1456,2014-05-24,43.61,21
1456,2014-06-04,50.0,22
1456,2014-07-04,47.39,23
1456,2014-09-10,30.81,24
4877,2014-03-04,11.52,1
4877,2014-06-11,8.24,2
4877,2014-07-09,9.92,3
4877,2014-10-03,11.32,4
425,2013-02-19,39.79,1
425,2013-03-03,32.39,2
425,2013-03-07,39.82,3
425,2013-04-02,27.8,4
425,2013-04-27,23.5,5
425,2013-05-07,22.69,6
425,2013-05-17,46.79,7
425,2013-07-14,20.67,8
425,2013-07-27,27.56,9
425,2013-09-02,43.08,10
425,2013-09-19,47.5,11
425,2013-09-20,34.93,12
425,2013-12-22,49.4,13
425,2013-12-30,21.19,14
425,2014-02-24,35.92,15
425,2014-05-25,39.71,16
425,2014-05-28,33.89,17
425,2014-06-06,41.77,18
425,2014-07-31,34.61,19
3007,2012-11-22,7.33,1
3007,2013-10-10,10.87,2
3007,2014-01-25,11.26,3
3007,2014-08-17,9.54,4
1031,2013-05-05,42.18,1
1031,2013-05-08,46.35,2
1031,2013-05-09,29.59,3
1031,2013-05-11,36.21,4
1031,2013-07-01,39.8,5
1031,2013-07-23,43.27,6
1031,2013-08-17,62.65,7
1031,2013-08-31,34.78,8
1031,2013-10-15,31.73,9
1031,2013-10-29,40.34,10
1031,2013-11-13,48.47,11
1031,2013-12-02,46.34,12
1031,2013-12-26,45.36,13
1031,2014-01-13,56.81,14
1031,2014-02-13,34.96,15
1031,2014-03-10,65.54,16
1031,2014-04-14,27.45,17
1031,2014-04-22,31.46,18
1031,2014-05-01,41.12,19
1031,2014-05-21,48.34,20
1031,2014-06-06,26.5,21
1031,2014-07-28,42.14,22
1031,2014-08-15,42.03,23
1031,2014-08-31,23.75,24
1031,2014-09-30,41.83,25
4297,2014-01-26,5.28,1
4297,2014-03-28,6.46,2
4297,2014-04-04,6.52,3
4297,2014-05-21,8.27,4
4297,2014-07-26,13.47,5
807,2014-02-15,17.78,1
807,2014-04-02,35.07,2
807,2014-04-17,25.66,3
807,2014-04-27,31.8,4
807,2014-05-17,22.33,5
807,2014-05-24,19.66,6
807,2014-06-16,19.31,7
807,2014-07-12,18.86,8
807,2014-07-21,16.64,9
807,2014-08-04,33.62,10
807,2014-08-31,17.28,11
9553,2013-01-09,3.58,1
9553,2013-04-07,3.74,2
9553,2014-07-03,2.68,3
4271,2012-10-19,32.43,1
4271,2012-11-03,27.82,2
4271,2013-02-03,24.03,3
4271,2013-03-10,32.1,4
4271,2013-05-09,24.72,5
4271,2013-06-16,18.94,6
4271,2013-06-17,18.77,7
4271,2013-08-08,19.61,8
4271,2013-09-09,36.21,9
4271,2013-09-15,20.07,10
4271,2014-07-17,20.29,11
4120,2013-12-17,25.72,1
4120,2014-01-14,26.02,2
4120,2014-02-21,26.1,3
4120,2014-02-28,22.77,4
4120,2014-04-09,19.33,5
4120,2014-05-07,27.4,6
4120,2014-05-12,26.8,7
4120,2014-06-06,28.39,8
4120,2014-06-10,24.62,9
4120,2014-07-10,12.44,10
4120,2014-08-05,36.43,11
2036,2013-06-11,27.91,1
2036,2013-07-16,28.86,2
2036,2013-07-30,23.44,3
2036,2013-09-18,25.8,4
2036,2013-09-28,22.38,5
2036,2013-11-22,28.73,6
2036,2014-02-04,49.19,7
2036,2014-05-02,28.59,8
2036,2014-05-16,22.65,9
2036,2014-06-07,22.26,10
2036,2014-06-14,30.16,11
2036,2014-06-28,25.64,12
2036,2014-06-30,24.22,13
2036,2014-09-06,26.18,14
115,2013-03-26,22.11,1
115,2013-05-02,30.61,2
115,2013-05-20,36.59,3
115,2013-05-28,23.28,4
115,2013-08-12,21.93,5
115,2013-10-30,16.09,6
115,2014-01-07,40.35,7
115,2014-02-09,24.89,8
115,2014-03-07,27.12,9
115,2014-03-07,37.85,10
115,2014-03-25,24.14,11
115,2014-04-01,31.33,12
115,2014-04-07,29.65,13
115,2014-10-05,20.06,14
4259,2013-09-24,4.09,1
4259,2013-12-10,4.01,2
4259,2014-07-17,1.9,3
8687,2013-05-06,18.31,1
8687,2013-06-27,26.89,2
8687,2013-06-28,32.77,3
8687,2013-09-05,21.87,4
8687,2013-09-17,26.77,5
8687,2013-10-26,34.42,6
8687,2013-10-28,45.14,7
8687,2014-02-01,27.53,8
8687,2014-03-09,32.23,9
8687,2014-03-09,25.44,10
8687,2014-03-24,27.04,11
8687,2014-05-12,17.57,12
8687,2014-08-12,25.02,13
2447,2012-10-17,13.69,1
2447,2013-01-17,8.03,2
2447,2013-12-18,10.61,3
2447,2014-03-28,15.94,4
2447,2014-07-26,8.72,5
10140,2013-09-28,128.44,1
10140,2013-10-31,102.19,2
10140,2013-11-01,99.96,3
10140,2013-12-18,98.04,4
10140,2014-02-09,118.02,5
10140,2014-04-21,58.0,6
10140,2014-05-10,94.09,7
10140,2014-05-12,75.19,8
10140,2014-05-29,105.07,9
10140,2014-06-07,138.79,10
10140,2014-06-19,154.69,11
10140,2014-06-20,113.67,12
10140,2014-06-29,162.87,13
10140,2014-07-25,119.33,14
10140,2014-08-13,72.69,15
10140,2014-09-08,85.95,16
9353,2014-01-06,57.0,1
9353,2014-01-20,74.55,2
9353,2014-02-23,56.97,3
9353,2014-04-03,66.99,4
9353,2014-04-07,69.82,5
9353,2014-05-12,63.06,6
9353,2014-05-19,81.67,7
9353,2014-05-24,44.43,8
9353,2014-06-06,61.91,9
9353,2014-06-09,60.97,10
9353,2014-06-10,77.93,11
9353,2014-06-25,105.82,12
9353,2014-06-28,72.81,13
9353,2014-08-05,63.06,14
3623,2014-06-11,5.2,1
3623,2014-08-10,6.01,2
3623,2014-08-10,3.57,3
3623,2014-08-10,6.99,4
3623,2014-08-10,7.83,5
3623,2014-08-10,6.4,6
3623,2014-08-11,4.99,7
738,2014-04-04,17.11,1
738,2014-05-18,27.31,2
738,2014-07-13,20.39,3
738,2014-07-23,14.11,4
738,2014-07-24,18.07,5
738,2014-07-29,18.8,6
738,2014-08-02,20.52,7
738,2014-08-31,20.69,8
7631,2013-10-06,44.25,1
7631,2013-11-22,28.86,2
7631,2013-11-28,40.18,3
7631,2013-11-29,45.96,4
7631,2013-12-08,34.92,5
7631,2014-01-02,31.24,6
7631,2014-01-23,30.01,7
7631,2014-02-01,37.58,8
7631,2014-02-13,26.88,9
7631,2014-03-02,35.73,10
7631,2014-03-10,35.9,11
7631,2014-03-26,34.26,12
7631,2014-04-20,46.46,13
7631,2014-06-03,35.21,14
7631,2014-06-07,46.08,15
7631,2014-06-22,47.69,16
7631,2014-06-23,33.08,17
7631,2014-06-25,29.79,18
7631,2014-07-20,32.67,19
7631,2014-07-23,35.85,20
7631,2014-07-25,63.56,21
7631,2014-09-01,50.86,22
4789,2013-09-17,107.16,1
4789,2013-10-06,105.22,2
4789,2013-10-29,145.22,3
4789,2013-11-19,155.3,4
4789,2013-12-09,75.79,5
4789,2013-12-14,102.8,6
4789,2013-12-16,69.81,7
4789,2014-01-06,123.9,8
4789,2014-01-08,73.69,9
4789,2014-01-13,82.01,10
4789,2014-01-29,55.17,11
4789,2014-02-12,103.3,12
4789,2014-02-25,72.09,13
4789,2014-04-05,117.57,14
4789,2014-04-25,80.94,15
4789,2014-05-25,90.02,16
4789,2014-07-02,84.02,17
773,2013-06-30,27.11,1
773,2013-08-01,26.91,2
773,2013-08-21,38.12,3
773,2013-09-20,23.55,4
773,2013-10-03,54.13,5
773,2013-10-15,25.39,6
773,2013-11-17,31.75,7
773,2013-12-27,29.73,8
773,2014-01-31,18.06,9
773,2014-02-10,32.97,10
773,2014-02-21,30.75,11
773,2014-03-25,35.8,12
773,2014-04-07,23.79,13
773,2014-05-06,21.39,14
773,2014-06-01,45.7,15
773,2014-08-02,31.85,16
10602,2013-02-14,20.92,1
10602,2013-04-26,15.95,2
10602,2013-05-16,26.67,3
10602,2013-08-02,15.6,4
10602,2014-02-28,14.64,5
10602,2014-03-31,11.42,6
10602,2014-09-05,14.79,7
1446,2014-04-05,48.32,1
1446,2014-04-29,42.56,2
1446,2014-05-15,30.86,3
1446,2014-05-25,29.87,4
1446,2014-05-30,53.87,5
1446,2014-06-13,35.13,6
1446,2014-06-15,38.28,7
1446,2014-07-06,43.16,8
1446,2014-07-10,35.71,9
1446,2014-07-13,50.44,10
1446,2014-07-15,54.5,11
1446,2014-07-23,36.59,12
1446,2014-07-25,33.85,13
1446,2014-07-30,42.89,14
1446,2014-08-04,62.54,15
1446,2014-08-06,30.04,16
1446,2014-08-11,45.66,17
1446,2014-08-14,59.96,18
1446,2014-08-21,39.69,19
1446,2014-08-25,53.1,20
1446,2014-09-03,39.01,21
1446,2014-09-03,50.77,22
1446,2014-09-06,39.83,23
1446,2014-09-09,37.68,24
1446,2014-09-16,36.82,25
1446,2014-09-17,26.91,26
1446,2014-09-23,59.96,27
3270,2013-01-17,18.6,1
3270,2013-08-19,16.99,2
3270,2013-10-20,16.73,3
3270,2013-11-10,19.16,4
3270,2013-11-11,15.26,5
3270,2014-01-08,18.08,6
3270,2014-07-01,16.18,7
8443,2014-02-10,5.71,1
8443,2014-04-21,7.87,2
8443,2014-05-01,7.58,3
8443,2014-06-16,10.44,4
8443,2014-07-12,7.17,5
8443,2014-09-19,7.23,6
9653,2012-10-16,11.38,1
9653,2013-03-05,10.49,2
9653,2014-01-02,10.67,3
9653,2014-04-09,6.87,4
9653,2014-09-19,7.59,5
8916,2013-07-23,3.65,1
8916,2013-11-07,7.31,2
8916,2014-07-19,4.04,3
8017,2014-06-19,11.15,1
8017,2014-07-13,12.37,2
8017,2014-07-13,12.7,3
8017,2014-07-13,7.37,4
8017,2014-07-14,8.41,5
4597,2013-07-02,115.15,1
4597,2013-08-08,87.85,2
4597,2013-08-21,95.73,3
4597,2013-08-25,97.13,4
4597,2013-09-16,80.54,5
4597,2013-09-24,141.59,6
4597,2013-09-29,128.29,7
4597,2014-02-05,111.53,8
4597,2014-02-28,63.97,9
4597,2014-03-17,126.94,10
4597,2014-04-10,81.99,11
4597,2014-05-23,90.78,12
4597,2014-05-27,121.78,13
4597,2014-06-09,123.45,14
4597,2014-06-23,119.12,15
4597,2014-06-23,77.29,16
4597,2014-07-10,121.45,17
4597,2014-07-30,104.41,18
7023,2012-11-26,22.89,1
7023,2013-01-18,15.99,2
7023,2013-05-17,26.35,3
7023,2013-07-21,29.75,4
7023,2013-08-01,32.18,5
7023,2013-09-01,18.75,6
7023,2013-09-27,15.16,7
7023,2013-10-15,20.4,8
7023,2013-11-19,26.32,9
7023,2013-12-19,18.68,10
7023,2014-07-10,24.54,11
8086,2013-12-11,9.77,1
8086,2014-05-07,8.84,2
8086,2014-06-15,10.31,3
8086,2014-08-05,12.26,4
8086,2014-09-01,8.81,5
8825,2013-04-01,34.78,1
8825,2013-04-06,32.53,2
8825,2013-05-02,30.26,3
8825,2013-06-20,34.08,4
8825,2013-07-01,33.18,5
8825,2013-07-14,23.43,6
8825,2013-09-17,41.7,7
8825,2013-09-24,27.78,8
8825,2013-10-22,30.48,9
8825,2014-01-02,37.63,10
8825,2014-02-10,46.66,11
8825,2014-04-11,32.85,12
8825,2014-04-27,29.15,13
8825,2014-05-06,22.18,14
8825,2014-06-14,23.77,15
8825,2014-08-20,25.56,16
2930,2013-12-16,57.32,1
2930,2013-12-19,55.45,2
2930,2014-01-02,59.18,3
2930,2014-02-13,72.7,4
2930,2014-02-18,61.22,5
2930,2014-02-21,70.89,6
2930,2014-04-07,82.27,7
2930,2014-04-09,58.17,8
2930,2014-04-13,75.53,9
2930,2014-04-16,72.53,10
2930,2014-04-26,96.85,11
2930,2014-05-21,58.57,12
2930,2014-05-28,88.02,13
2930,2014-05-29,62.01,14
2930,2014-06-15,79.98,15
2930,2014-06-29,79.76,16
2930,2014-07-13,52.38,17
2930,2014-09-28,50.19,18
1928,2013-02-09,17.93,1
1928,2013-06-14,9.08,2
1928,2013-08-19,13.97,3
1928,2013-08-25,11.78,4
1928,2014-07-24,10.23,5
7108,2012-11-03,33.2,1
7108,2012-12-28,13.37,2
7108,2013-02-15,39.35,3
7108,2013-04-18,21.34,4
7108,2013-05-16,35.54,5
7108,2013-05-26,16.25,6
7108,2013-06-04,32.39,7
7108,2013-06-28,26.17,8
7108,2013-08-19,20.68,9
7108,2013-12-24,18.82,10
7108,2013-12-25,25.23,11
7108,2014-08-12,14.66,12
10925,2014-01-14,27.34,1
10925,2014-01-24,35.44,2
10925,2014-01-26,33.5,3
10925,2014-02-25,41.07,4
10925,2014-03-04,35.52,5
10925,2014-03-26,26.0,6
10925,2014-03-28,22.11,7
10925,2014-03-29,26.3,8
10925,2014-04-01,36.74,9
10925,2014-04-02,34.37,10
10925,2014-04-05,37.13,11
10925,2014-04-07,24.59,12
10925,2014-04-25,33.6,13
10925,2014-04-30,49.54,14
10925,2014-05-01,35.56,15
10925,2014-05-06,44.39,16
10925,2014-05-12,24.64,17
10925,2014-06-02,32.76,18
10925,2014-06-07,41.36,19
10925,2014-06-08,36.04,20
10925,2014-06-10,32.73,21
10925,2014-06-13,41.59,22
10925,2014-06-16,26.28,23
10925,2014-07-04,49.38,24
9960,2014-04-30,2.96,1
9960,2014-06-30,4.15,2
9960,2014-08-14,4.89,3
9224,2012-12-12,43.24,1
9224,2013-01-24,25.25,2
9224,2013-01-26,48.4,3
9224,2013-01-30,53.8,4
9224,2013-02-05,42.18,5
9224,2013-03-11,37.89,6
9224,2013-03-15,46.31,7
9224,2013-05-03,28.69,8
9224,2013-08-14,29.7,9
9224,2013-08-19,34.02,10
9224,2013-08-21,62.22,11
9224,2013-10-19,36.59,12
9224,2013-11-11,32.1,13
9224,2013-11-12,31.0,14
9224,2013-11-24,60.72,15
9224,2013-12-07,34.98,16
9224,2014-02-12,41.7,17
9224,2014-02-17,34.44,18
9224,2014-03-23,67.13,19
9224,2014-03-25,29.0,20
9224,2014-04-03,24.95,21
9224,2014-06-10,28.81,22
9224,2014-07-16,23.87,23
5519,2013-08-07,47.75,1
5519,2013-08-24,38.14,2
5519,2013-09-10,22.25,3
5519,2013-09-16,45.35,4
5519,2013-10-20,45.72,5
5519,2013-11-17,29.43,6
5519,2013-12-26,38.46,7
5519,2014-01-03,63.29,8
5519,2014-01-04,24.19,9
5519,2014-02-04,29.76,10
5519,2014-02-10,43.24,11
5519,2014-04-01,24.23,12
5519,2014-04-02,31.16,13
5519,2014-05-19,38.2,14
5519,2014-05-21,30.27,15
5519,2014-07-18,23.93,16
5519,2014-07-24,35.89,17
5519,2014-08-19,22.83,18
5519,2014-09-27,27.93,19
5046,2014-01-23,53.17,1
5046,2014-02-04,79.32,2
5046,2014-02-19,56.75,3
5046,2014-03-17,85.34,4
5046,2014-03-18,72.68,5
5046,2014-03-27,48.42,6
5046,2014-04-27,62.51,7
5046,2014-04-28,52.86,8
5046,2014-05-03,65.24,9
5046,2014-05-11,48.46,10
5046,2014-05-11,62.58,11
5046,2014-05-16,97.35,12
5046,2014-05-17,42.52,13
5046,2014-05-21,84.72,14
5046,2014-05-22,66.81,15
5046,2014-06-02,85.43,16
5046,2014-06-03,65.03,17
5046,2014-06-05,82.3,18
5046,2014-06-10,93.55,19
5046,2014-06-16,68.17,20
5046,2014-06-17,66.19,21
5046,2014-06-19,63.26,22
5046,2014-06-30,74.33,23
7037,2013-08-11,25.64,1
7037,2013-08-28,23.51,2
7037,2013-10-09,31.86,3
7037,2013-11-02,22.4,4
7037,2013-11-06,27.31,5
7037,2013-11-08,23.9,6
7037,2013-12-16,28.21,7
7037,2013-12-19,35.52,8
7037,2014-02-10,24.25,9
7037,2014-02-20,26.19,10
7037,2014-04-05,24.61,11
7037,2014-04-16,36.81,12
7037,2014-04-28,28.31,13
7037,2014-08-16,39.48,14
905,2013-10-22,9.24,1
905,2013-12-25,7.65,2
905,2014-03-14,7.1,3
905,2014-03-28,11.13,4
905,2014-05-30,7.4,5
905,2014-06-26,9.0,6
905,2014-08-28,6.48,7
8624,2013-02-06,35.7,1
8624,2013-03-11,36.47,2
8624,2013-04-06,39.41,3
8624,2013-05-05,59.48,4
8624,2013-07-15,54.79,5
8624,2013-07-23,44.99,6
8624,2013-08-04,52.56,7
8624,2013-10-14,66.92,8
8624,2013-10-30,50.41,9
8624,2013-12-18,51.65,10
8624,2014-01-09,49.07,11
8624,2014-02-05,37.46,12
8624,2014-04-11,57.45,13
8624,2014-04-17,61.27,14
8624,2014-04-20,70.63,15
8624,2014-05-09,68.94,16
8624,2014-08-05,33.81,17
8945,2013-08-16,24.84,1
8945,2013-09-19,17.73,2
8945,2013-11-10,30.61,3
8945,2014-03-11,21.12,4
8945,2014-03-20,19.11,5
8945,2014-06-09,17.55,6
8945,2014-07-24,20.47,7
8945,2014-08-06,15.41,8
8945,2014-08-20,16.15,9
6445,2013-07-14,47.62,1
6445,2013-08-01,39.84,2
6445,2013-09-11,60.03,3
6445,2013-10-19,50.88,4
6445,2013-10-31,75.74,5
6445,2013-12-29,69.46,6
6445,2014-01-10,59.41,7
6445,2014-03-05,55.11,8
6445,2014-04-30,36.41,9
6445,2014-05-18,66.47,10
6445,2014-05-19,43.61,11
6445,2014-06-05,58.42,12
6445,2014-06-20,67.35,13
6445,2014-07-08,45.1,14
6445,2014-07-24,42.55,15
2727,2013-12-04,17.87,1
2727,2014-01-12,33.33,2
2727,2014-03-16,22.6,3
2727,2014-04-10,28.35,4
2727,2014-04-30,23.64,5
2727,2014-05-24,28.42,6
2727,2014-05-27,28.91,7
2727,2014-06-08,28.58,8
2727,2014-06-29,29.42,9
2727,2014-07-01,23.66,10
2727,2014-09-04,23.3,11
2727,2014-09-16,24.93,12
6404,2013-03-24,27.54,1
6404,2013-05-09,31.47,2
6404,2013-06-24,14.91,3
6404,2013-06-24,29.52,4
6404,2013-08-11,19.05,5
6404,2013-09-02,21.57,6
6404,2013-09-16,17.68,7
6404,2014-01-08,15.84,8
6404,2014-02-03,31.61,9
6404,2014-02-10,15.58,10
6404,2014-09-25,29.24,11
11074,2014-04-09,92.69,1
11074,2014-05-30,75.74,2
11074,2014-05-31,66.51,3
11074,2014-06-08,88.89,4
11074,2014-06-11,64.46,5
11074,2014-06-17,72.7,6
11074,2014-06-17,51.36,7
11074,2014-06-18,51.41,8
11074,2014-06-19,64.2,9
11074,2014-06-23,70.79,10
11074,2014-06-24,64.94,11
11074,2014-06-25,78.67,12
11074,2014-06-27,95.49,13
11074,2014-06-27,53.58,14
11074,2014-06-28,50.56,15
11074,2014-06-29,64.57,16
11074,2014-07-03,75.43,17
10150,2013-11-21,61.79,1
10150,2013-12-11,69.08,2
10150,2013-12-20,93.71,3
10150,2014-01-13,81.92,4
10150,2014-01-28,75.12,5
10150,2014-02-08,52.15,6
10150,2014-02-10,92.75,7
10150,2014-03-24,74.09,8
10150,2014-03-29,48.42,9
10150,2014-03-31,103.93,10
10150,2014-04-06,92.81,11
10150,2014-04-27,74.7,12
10150,2014-05-24,89.88,13
10150,2014-07-02,97.3,14
10150,2014-08-01,84.88,15
10150,2014-08-04,81.46,16
10150,2014-08-11,59.9,17
10150,2014-09-25,78.11,18
1968,2013-12-02,6.83,1
1968,2014-02-19,6.97,2
1968,2014-08-29,7.2,3
6534,2014-01-04,12.47,1
6534,2014-03-28,9.53,2
6534,2014-06-10,12.35,3
6534,2014-06-18,11.29,4
6534,2014-07-03,17.37,5
9485,2014-03-10,25.22,1
9485,2014-04-01,15.93,2
9485,2014-05-18,31.26,3
9485,2014-06-09,24.45,4
9485,2014-07-20,16.88,5
9485,2014-07-26,15.75,6
9485,2014-08-13,17.79,7
9485,2014-08-19,18.78,8
9485,2014-09-12,20.94,9
7053,2013-06-29,44.95,1
7053,2013-07-26,59.71,2
7053,2013-08-10,90.79,3
7053,2013-08-11,86.96,4
7053,2013-09-22,61.81,5
7053,2013-10-03,93.97,6
7053,2013-10-28,103.4,7
7053,2013-11-11,41.14,8
7053,2013-11-19,56.8,9
7053,2013-11-25,75.04,10
7053,2013-11-28,53.84,11
7053,2013-12-04,59.19,12
7053,2013-12-19,69.43,13
7053,2013-12-25,69.65,14
7053,2014-01-01,46.7,15
7053,2014-01-19,68.74,16
7053,2014-02-14,73.05,17
7053,2014-05-07,53.18,18
7053,2014-06-21,49.34,19
7053,2014-06-26,95.66,20
7053,2014-07-22,71.65,21
4654,2013-11-07,72.23,1
4654,2013-11-26,81.96,2
4654,2013-12-03,60.09,3
4654,2013-12-08,81.56,4
4654,2014-01-21,61.97,5
4654,2014-02-06,62.12,6
4654,2014-02-23,85.76,7
4654,2014-02-28,71.44,8
4654,2014-03-17,54.9,9
4654,2014-03-19,67.51,10
4654,2014-03-28,49.21,11
4654,2014-05-08,72.23,12
4654,2014-05-18,54.42,13
4654,2014-06-06,63.02,14
4654,2014-06-12,83.43,15
4654,2014-06-26,88.43,16
4654,2014-07-10,59.0,17
4654,2014-08-26,59.72,18
1048,2013-07-14,29.64,1
1048,2013-09-04,17.65,2
1048,2013-09-21,16.14,3
1048,2013-10-22,17.02,4
1048,2014-01-23,17.99,5
1048,2014-06-17,17.15,6
1048,2014-08-27,22.98,7
1048,2014-09-24,11.42,8
10619,2012-12-03,125.27,1
10619,2013-01-11,126.18,2
10619,2013-01-21,128.13,3
10619,2013-03-29,116.37,4
10619,2013-05-17,142.79,5
10619,2013-05-29,96.22,6
10619,2013-07-18,83.66,7
10619,2013-09-05,100.16,8
10619,2013-09-07,109.73,9
10619,2013-11-11,109.47,10
10619,2013-11-15,120.82,11
10619,2013-11-23,98.97,12
10619,2014-03-06,153.42,13
10619,2014-03-30,143.55,14
10619,2014-04-02,94.23,15
10619,2014-04-23,117.98,16
10619,2014-09-06,99.03,17
9308,2013-05-11,65.04,1
9308,2013-05-23,84.86,2
9308,2013-06-20,69.22,3
9308,2013-08-03,79.48,4
9308,2013-09-13,69.47,5
9308,2013-10-07,58.13,6
9308,2013-10-21,50.85,7
9308,2013-11-15,106.94,8
9308,2013-11-22,54.12,9
9308,2013-12-11,52.24,10
9308,2013-12-18,88.67,11
9308,2013-12-21,88.77,12
9308,2014-08-15,55.2,13
10505,2013-12-26,90.17,1
10505,2014-02-03,59.23,2
10505,2014-02-06,86.35,3
10505,2014-03-02,44.28,4
10505,2014-03-11,40.36,5
10505,2014-03-16,74.82,6
10505,2014-03-19,67.86,7
10505,2014-03-19,66.19,8
10505,2014-03-29,70.38,9
10505,2014-04-14,76.03,10
10505,2014-04-22,60.94,11
10505,2014-05-08,52.5,12
10505,2014-05-27,106.58,13
10505,2014-07-11,77.31,14
2625,2013-11-17,19.83,1
2625,2013-12-24,25.76,2
2625,2014-03-05,49.82,3
2625,2014-03-07,16.99,4
2625,2014-04-23,30.49,5
2625,2014-05-21,18.11,6
2625,2014-06-28,36.92,7
2625,2014-07-06,18.31,8
2625,2014-07-08,25.96,9
2625,2014-07-31,23.09,10
2625,2014-08-04,20.37,11
2625,2014-09-05,17.36,12
4637,2013-05-18,71.16,1
4637,2013-05-27,88.17,2
4637,2013-06-12,84.81,3
4637,2013-06-21,62.58,4
4637,2013-07-08,73.55,5
4637,2013-08-05,61.22,6
4637,2013-08-11,80.07,7
4637,2013-08-17,62.05,8
4637,2013-08-29,88.1,9
4637,2013-09-10,55.38,10
4637,2013-09-25,89.14,11
4637,2013-10-07,56.7,12
4637,2013-11-04,42.46,13
4637,2013-11-08,74.13,14
4637,2013-11-30,65.67,15
4637,2014-01-08,73.61,16
4637,2014-02-04,88.21,17
4637,2014-02-21,53.66,18
4637,2014-04-02,49.92,19
4637,2014-04-19,54.51,20
4637,2014-05-05,89.06,21
4637,2014-05-11,44.07,22
4637,2014-06-18,69.72,23
4637,2014-07-24,56.03,24
9972,2014-04-13,9.06,1
9972,2014-08-11,8.34,2
9972,2014-08-13,12.64,3
9972,2014-09-10,9.96,4
4483,2013-04-17,64.07,1
4483,2013-05-16,76.69,2
4483,2013-05-19,69.03,3
4483,2013-06-06,49.89,4
4483,2013-06-24,36.74,5
4483,2013-06-30,51.61,6
4483,2013-07-06,58.58,7
4483,2013-07-21,56.36,8
4483,2013-09-20,54.59,9
4483,2013-11-15,95.64,10
4483,2013-11-24,50.68,11
4483,2013-12-15,45.64,12
4483,2014-01-08,51.19,13
4483,2014-02-22,62.76,14
4483,2014-05-16,58.66,15
4483,2014-05-26,49.45,16
4483,2014-06-18,58.67,17
4483,2014-07-30,55.75,18
4487,2013-01-24,11.2,1
4487,2013-06-20,9.71,2
4487,2013-08-17,11.73,3
4487,2013-12-13,10.64,4
4487,2014-03-11,10.41,5
4487,2014-07-30,15.31,6
4988,2014-05-04,10.64,1
4988,2014-07-14,6.72,2
4988,2014-07-20,9.88,3
4988,2014-07-24,6.61,4
4988,2014-07-27,8.55,5
4988,2014-08-08,7.6,6
8931,2014-05-18,78.38,1
8931,2014-06-06,79.23,2
8931,2014-06-08,77.77,3
8931,2014-06-09,75.14,4
8931,2014-06-15,126.71,5
8931,2014-07-14,45.75,6
8931,2014-07-14,54.26,7
8931,2014-07-14,87.44,8
8931,2014-07-14,61.97,9
8931,2014-07-14,80.6,10
8931,2014-07-14,37.12,11
8931,2014-07-14,58.78,12
8931,2014-07-14,66.3,13
8931,2014-07-14,54.93,14
8931,2014-07-14,42.5,15
8931,2014-07-14,65.16,16
8931,2014-07-14,55.09,17
8931,2014-07-14,70.42,18
8931,2014-07-14,85.35,19
8931,2014-07-14,64.39,20
8931,2014-07-14,90.64,21
8931,2014-07-14,39.86,22
8931,2014-07-14,90.74,23
8931,2014-07-14,60.41,24
8931,2014-07-15,79.06,25
5871,2012-10-05,18.52,1
5871,2013-02-26,30.38,2
5871,2013-03-27,24.46,3
5871,2013-05-17,16.37,4
5871,2013-06-08,31.27,5
5871,2013-07-03,26.12,6
5871,2013-09-13,35.33,7
5871,2013-09-30,28.36,8
5871,2013-10-06,27.65,9
5871,2013-11-07,21.4,10
5871,2014-02-21,34.18,11
5871,2014-04-15,26.82,12
5871,2014-06-29,31.15,13
2008,2014-02-10,48.68,1
2008,2014-03-15,58.96,2
2008,2014-03-23,46.46,3
2008,2014-03-29,61.55,4
2008,2014-04-26,49.28,5
2008,2014-05-02,61.75,6
2008,2014-05-02,69.79,7
2008,2014-05-05,64.51,8
2008,2014-05-13,62.16,9
2008,2014-05-22,40.71,10
2008,2014-05-23,72.05,11
2008,2014-05-24,55.56,12
2008,2014-05-27,64.2,13
2008,2014-06-03,59.28,14
2008,2014-06-15,62.89,15
2008,2014-06-15,48.81,16
2008,2014-06-24,40.79,17
2008,2014-07-04,73.56,18
3139,2013-12-30,98.53,1
3139,2014-01-17,100.97,2
3139,2014-02-10,85.89,3
3139,2014-02-21,119.69,4
3139,2014-03-02,95.05,5
3139,2014-03-20,91.0,6
3139,2014-04-01,117.59,7
3139,2014-04-23,97.37,8
3139,2014-05-09,102.58,9
3139,2014-05-13,106.2,10
3139,2014-05-25,123.74,11
3139,2014-06-13,120.75,12
3139,2014-06-15,82.83,13
3139,2014-06-19,105.8,14
3139,2014-06-24,86.39,15
3139,2014-06-28,110.49,16
3139,2014-07-24,106.28,17
3139,2014-08-13,134.85,18
10673,2013-11-17,102.4,1
10673,2013-12-04,60.64,2
10673,2013-12-10,46.06,3
10673,2013-12-25,42.59,4
10673,2014-01-24,70.86,5
10673,2014-02-03,61.2,6
10673,2014-02-07,103.54,7
10673,2014-02-10,73.93,8
10673,2014-02-11,48.11,9
10673,2014-02-27,63.26,10
10673,2014-03-08,56.95,11
10673,2014-04-11,56.3,12
10673,2014-04-12,78.34,13
10673,2014-04-24,54.91,14
10673,2014-05-14,76.8,15
10673,2014-05-18,72.35,16
10673,2014-05-29,55.45,17
10673,2014-08-16,81.73,18
10673,2014-08-30,59.95,19
10673,2014-09-29,70.63,20
5303,2014-04-08,41.66,1
5303,2014-04-26,71.19,2
5303,2014-05-01,55.22,3
5303,2014-05-26,64.19,4
5303,2014-06-07,41.9,5
5303,2014-06-09,61.81,6
5303,2014-06-19,72.45,7
5303,2014-06-24,66.04,8
5303,2014-06-28,43.71,9
5303,2014-07-02,36.29,10
5303,2014-07-08,68.35,11
5303,2014-07-24,60.19,12
5303,2014-08-01,64.19,13
5303,2014-08-01,44.36,14
5303,2014-08-03,88.5,15
5303,2014-08-14,47.55,16
5303,2014-08-17,48.95,17
5303,2014-08-17,65.08,18
5303,2014-08-24,59.38,19
538,2014-02-10,17.69,1
538,2014-05-10,11.09,2
538,2014-05-12,15.92,3
538,2014-06-07,16.87,4
538,2014-06-24,16.77,5
538,2014-07-19,13.65,6
7922,2013-01-01,34.21,1
7922,2013-02-04,58.19,2
7922,2013-02-12,42.03,3
7922,2013-04-19,37.75,4
7922,2013-04-23,36.32,5
7922,2013-05-17,25.73,6
7922,2013-05-19,42.82,7
7922,2013-07-12,23.27,8
7922,2013-09-11,37.12,9
7922,2013-09-18,26.82,10
7922,2013-09-24,40.14,11
7922,2013-10-03,50.65,12
7922,2013-10-04,36.03,13
7922,2014-01-07,21.96,14
7922,2014-01-09,44.66,15
7922,2014-01-18,40.97,16
7922,2014-01-30,42.43,17
7922,2014-01-31,52.89,18
7922,2014-03-06,49.76,19
7922,2014-04-08,33.04,20
7922,2014-04-16,45.44,21
7922,2014-06-15,44.2,22
7922,2014-09-06,36.56,23
5692,2012-12-22,4.75,1
5692,2013-05-01,6.95,2
5692,2013-06-13,6.16,3
5692,2014-07-15,7.14,4
6383,2014-05-25,10.87,1
6383,2014-07-18,5.3,2
6383,2014-07-18,5.58,3
6383,2014-07-18,7.8,4
6383,2014-07-18,8.28,5
6383,2014-07-19,6.18,6
1628,2013-10-24,71.72,1
1628,2013-11-21,39.8,2
1628,2013-11-29,48.26,3
1628,2013-12-24,55.63,4
1628,2014-01-06,39.87,5
1628,2014-02-07,76.22,6
1628,2014-04-05,53.05,7
1628,2014-04-12,47.09,8
1628,2014-04-23,53.02,9
1628,2014-05-10,71.97,10
1628,2014-05-23,79.26,11
1628,2014-05-26,63.37,12
1628,2014-06-17,56.1,13
1628,2014-07-03,75.45,14
1628,2014-07-16,53.29,15
1628,2014-08-12,43.89,16
1204,2013-05-22,71.77,1
1204,2013-06-05,46.63,2
1204,2013-06-16,76.81,3
1204,2013-07-04,50.26,4
1204,2013-07-17,72.37,5
1204,2013-07-24,61.31,6
1204,2013-08-29,73.3,7
1204,2013-09-28,100.29,8
1204,2013-10-05,58.18,9
1204,2013-11-21,67.77,10
1204,2013-12-07,58.34,11
1204,2013-12-15,39.89,12
1204,2014-01-13,36.9,13
1204,2014-01-29,45.38,14
1204,2014-03-26,94.84,15
1204,2014-03-29,49.56,16
1204,2014-04-19,81.58,17
1204,2014-04-23,84.92,18
1204,2014-05-21,59.23,19
1204,2014-06-11,74.23,20
1204,2014-06-13,80.89,21
1204,2014-06-18,66.42,22
1204,2014-07-05,69.72,23
1204,2014-07-05,81.86,24
1204,2014-07-30,42.16,25
1204,2014-08-13,84.47,26
1204,2014-08-21,64.91,27
3673,2013-07-14,44.72,1
3673,2013-08-23,24.06,2
3673,2013-08-25,39.67,3
3673,2013-09-02,19.07,4
3673,2013-09-06,15.86,5
3673,2013-09-20,25.39,6
3673,2013-09-23,27.48,7
3673,2013-09-24,35.93,8
3673,2013-09-30,21.27,9
3673,2013-11-07,19.66,10
3673,2013-11-15,34.26,11
3673,2013-11-19,22.78,12
3673,2013-12-05,39.74,13
3673,2014-01-04,30.72,14
3673,2014-01-26,31.42,15
3673,2014-02-02,20.06,16
3673,2014-02-10,42.17,17
3673,2014-03-01,21.46,18
3673,2014-03-24,29.42,19
3673,2014-04-12,37.59,20
3673,2014-04-19,26.29,21
3673,2014-06-08,31.33,22
3673,2014-08-07,32.63,23
760,2013-08-09,29.25,1
760,2013-08-15,33.65,2
760,2013-09-02,62.23,3
760,2013-09-07,34.45,4
760,2013-10-11,26.58,5
760,2013-10-19,37.84,6
760,2013-10-21,24.33,7
760,2013-12-18,37.08,8
760,2013-12-24,40.98,9
760,2014-01-06,34.51,10
760,2014-01-14,33.55,11
760,2014-01-28,37.86,12
760,2014-03-04,64.38,13
760,2014-03-30,28.17,14
760,2014-04-05,33.68,15
760,2014-05-23,45.79,16
760,2014-06-04,39.5,17
760,2014-06-15,43.51,18
760,2014-07-24,25.23,19
760,2014-08-06,31.47,20
760,2014-09-27,51.98,21
8957,2013-06-10,57.22,1
8957,2013-07-15,64.78,2
8957,2013-07-26,86.69,3
8957,2013-08-09,68.01,4
8957,2013-09-24,44.04,5
8957,2013-10-28,96.79,6
8957,2013-11-13,62.37,7
8957,2013-12-02,58.69,8
8957,2013-12-08,73.57,9
8957,2013-12-10,48.85,10
8957,2013-12-31,64.89,11
8957,2014-03-05,88.89,12
8957,2014-04-19,89.3,13
8957,2014-08-15,71.9,14
4128,2013-07-20,46.16,1
4128,2013-08-08,30.6,2
4128,2013-08-09,43.46,3
4128,2013-08-19,24.31,4
4128,2013-10-05,44.33,5
4128,2013-12-03,20.26,6
4128,2013-12-25,38.8,7
4128,2014-01-29,45.0,8
4128,2014-01-29,36.58,9
4128,2014-01-31,23.37,10
4128,2014-02-03,36.17,11
4128,2014-02-11,30.41,12
4128,2014-02-12,27.62,13
4128,2014-04-10,26.06,14
4128,2014-04-13,27.29,15
4128,2014-04-19,35.18,16
4128,2014-07-19,27.6,17
4128,2014-08-15,41.82,18
6810,2013-05-28,88.49,1
6810,2013-07-07,157.08,2
6810,2013-07-30,110.53,3
6810,2013-10-25,145.42,4
6810,2014-01-11,99.23,5
6810,2014-01-28,81.7,6
6810,2014-04-06,59.3,7
6810,2014-04-09,97.88,8
6810,2014-04-16,79.99,9
6810,2014-05-11,62.31,10
6810,2014-07-21,107.09,11
5386,2013-03-04,132.84,1
5386,2013-03-19,142.66,2
5386,2013-04-13,139.54,3
5386,2013-05-01,110.56,4
5386,2013-05-14,137.52,5
5386,2013-07-02,119.3,6
5386,2013-08-07,170.92,7
5386,2013-08-09,99.34,8
5386,2013-08-15,104.56,9
5386,2013-09-20,121.72,10
5386,2013-10-09,94.45,11
5386,2013-10-23,68.48,12
5386,2013-12-14,83.33,13
5386,2013-12-29,136.73,14
5386,2014-01-15,113.65,15
5386,2014-04-11,157.32,16
5386,2014-05-21,100.47,17
5386,2014-08-04,96.61,18
8700,2012-12-22,5.69,1
8700,2013-12-19,5.45,2
8700,2013-12-30,15.53,3
8700,2014-01-03,10.57,4
8700,2014-06-05,5.4,5
8700,2014-07-11,8.35,6
3202,2012-10-14,48.18,1
3202,2012-10-22,87.32,2
3202,2012-11-12,76.79,3
3202,2013-04-01,53.54,4
3202,2013-04-02,72.31,5
3202,2013-05-04,88.34,6
3202,2013-11-04,66.93,7
3202,2013-12-23,84.24,8
3202,2014-01-14,78.84,9
3202,2014-01-15,62.42,10
3202,2014-01-23,85.41,11
3202,2014-02-22,90.5,12
3202,2014-04-15,52.69,13
3202,2014-04-17,50.65,14
3202,2014-04-27,52.29,15
3202,2014-05-17,57.09,16
3202,2014-06-29,52.57,17
3202,2014-08-06,53.87,18
1328,2014-02-16,28.46,1
1328,2014-03-03,28.57,2
1328,2014-04-12,25.27,3
1328,2014-04-24,37.28,4
1328,2014-04-25,32.77,5
1328,2014-05-06,38.53,6
1328,2014-05-13,30.98,7
1328,2014-05-15,43.62,8
1328,2014-05-23,35.69,9
1328,2014-05-26,23.59,10
1328,2014-05-28,29.02,11
1328,2014-06-02,26.35,12
1328,2014-06-25,28.18,13
1328,2014-06-28,49.6,14
1328,2014-07-02,30.58,15
1328,2014-07-20,32.7,16
1328,2014-08-10,28.79,17
8405,2013-09-30,22.95,1
8405,2013-11-15,20.82,2
8405,2013-12-12,22.69,3
8405,2013-12-15,21.23,4
8405,2014-01-22,26.65,5
8405,2014-02-17,24.46,6
8405,2014-03-23,23.23,7
8405,2014-03-29,31.06,8
8405,2014-03-30,22.04,9
8405,2014-05-24,18.38,10
8405,2014-07-14,25.5,11
6515,2013-12-06,8.17,1
6515,2014-05-09,5.43,2
6515,2014-05-13,6.4,3
6515,2014-05-22,10.85,4
6515,2014-07-05,5.15,5
2882,2012-10-05,78.22,1
2882,2012-10-31,71.99,2
2882,2012-11-06,51.77,3
2882,2012-12-28,50.81,4
2882,2013-01-26,48.77,5
2882,2013-08-03,62.78,6
2882,2013-09-21,79.0,7
2882,2013-11-07,75.62,8
2882,2013-11-16,60.94,9
2882,2014-01-15,61.6,10
2882,2014-03-05,50.01,11
2882,2014-07-19,59.75,12
2882,2014-08-07,111.85,13
2882,2014-09-04,84.88,14
7574,2014-05-10,5.46,1
7574,2014-07-09,6.06,2
7574,2014-07-15,5.89,3
7574,2014-07-15,9.78,4
7574,2014-07-17,2.81,5
6387,2014-05-08,9.17,1
6387,2014-07-21,12.74,2
6387,2014-07-26,9.52,3
6387,2014-08-02,9.62,4
6387,2014-08-20,9.09,5
6387,2014-08-27,8.87,6
5320,2013-01-29,16.8,1
5320,2013-03-11,29.39,2
5320,2013-06-08,14.51,3
5320,2013-06-29,21.0,4
5320,2013-12-14,21.31,5
5320,2014-01-29,19.82,6
5320,2014-06-09,10.54,7
5320,2014-09-15,19.63,8
5048,2013-05-11,19.82,1
5048,2013-07-23,12.62,2
5048,2013-10-24,19.36,3
5048,2013-11-16,18.39,4
5048,2014-01-23,15.43,5
5048,2014-08-13,7.39,6
8146,2014-05-11,11.98,1
8146,2014-07-10,7.77,2
8146,2014-07-11,9.65,3
8146,2014-07-13,10.59,4
10031,2013-02-10,6.46,1
10031,2013-04-25,6.9,2
10031,2013-08-09,5.38,3
10031,2013-11-21,7.92,4
10031,2013-12-01,6.22,5
10031,2013-12-08,5.7,6
10031,2014-08-16,10.43,7
5748,2012-12-01,17.48,1
5748,2012-12-14,31.39,2
5748,2013-01-08,20.84,3
5748,2013-04-16,31.13,4
5748,2013-05-21,22.38,5
5748,2013-08-20,23.4,6
5748,2013-09-11,30.05,7
5748,2013-10-17,17.11,8
5748,2013-11-09,21.78,9
5748,2013-11-27,34.9,10
5748,2014-02-08,24.52,11
5748,2014-04-02,35.72,12
5748,2014-07-01,25.3,13
2134,2012-10-15,37.06,1
2134,2012-11-27,40.01,2
2134,2012-12-04,25.08,3
2134,2012-12-16,22.81,4
2134,2013-01-01,29.18,5
2134,2013-02-21,20.44,6
2134,2013-03-23,40.41,7
2134,2013-03-28,31.71,8
2134,2013-06-17,38.93,9
2134,2013-06-29,24.57,10
2134,2013-08-20,31.72,11
2134,2013-08-28,22.74,12
2134,2013-10-07,48.25,13
2134,2013-10-30,39.04,14
2134,2013-11-13,23.47,15
2134,2013-11-19,48.35,16
2134,2014-02-28,50.13,17
2134,2014-07-03,37.09,18
1523,2014-05-07,16.7,1
1523,2014-07-19,11.89,2
1523,2014-08-15,13.62,3
1523,2014-08-16,16.78,4
1523,2014-08-20,14.59,5
1523,2014-09-10,16.42,6
9665,2013-04-27,37.16,1
9665,2013-05-22,20.68,2
9665,2013-08-16,22.54,3
9665,2013-08-18,23.4,4
9665,2013-08-24,19.34,5
9665,2013-10-04,17.57,6
9665,2013-11-08,25.97,7
9665,2013-12-06,24.77,8
9665,2013-12-14,34.86,9
9665,2014-01-29,32.66,10
9665,2014-05-07,19.47,11
9665,2014-08-18,25.58,12
4640,2012-10-20,42.3,1
4640,2012-10-30,39.71,2
4640,2012-10-30,39.98,3
4640,2012-11-05,38.55,4
4640,2012-11-20,36.73,5
4640,2012-11-22,31.96,6
4640,2012-12-08,46.93,7
4640,2012-12-23,28.15,8
4640,2013-01-17,53.69,9
4640,2013-03-05,27.5,10
4640,2013-03-15,43.63,11
4640,2013-05-07,49.11,12
4640,2013-05-16,46.78,13
4640,2013-08-05,53.86,14
4640,2013-08-07,32.27,15
4640,2013-08-12,42.4,16
4640,2013-08-21,33.73,17
4640,2013-10-07,31.97,18
4640,2013-11-15,41.91,19
4640,2014-01-26,41.44,20
4640,2014-04-29,37.1,21
4640,2014-06-15,32.57,22
4640,2014-06-26,50.76,23
4640,2014-08-01,41.98,24
3635,2014-05-07,30.31,1
3635,2014-06-03,40.1,2
3635,2014-07-01,30.07,3
3635,2014-07-08,28.38,4
3635,2014-07-11,37.89,5
3635,2014-07-12,22.48,6
3635,2014-07-13,28.85,7
3635,2014-07-13,28.89,8
3635,2014-07-13,48.67,9
3635,2014-07-16,22.42,10
3635,2014-07-18,28.12,11
3635,2014-07-20,43.17,12
3635,2014-07-24,32.1,13
3635,2014-07-24,29.02,14
3635,2014-07-25,25.3,15
3635,2014-07-26,31.65,16
3635,2014-07-28,28.59,17
3547,2012-12-30,9.26,1
3547,2013-05-25,11.71,2
3547,2013-07-19,11.96,3
3547,2013-11-17,11.2,4
3547,2014-09-23,7.86,5
2456,2013-10-14,21.76,1
2456,2013-12-02,19.37,2
2456,2014-03-29,15.36,3
2456,2014-04-01,18.64,4
2456,2014-04-20,20.41,5
2456,2014-06-06,20.07,6
2456,2014-06-15,13.6,7
2456,2014-07-13,17.78,8
5633,2014-06-25,21.57,1
5633,2014-08-16,24.95,2
5633,2014-08-18,24.97,3
5633,2014-08-18,25.58,4
5633,2014-08-18,14.75,5
5633,2014-08-18,23.73,6
5633,2014-08-18,15.91,7
5633,2014-08-18,15.7,8
5633,2014-08-18,24.21,9
5633,2014-08-19,24.62,10
7801,2013-09-12,36.33,1
7801,2013-10-02,21.61,2
7801,2013-10-24,26.62,3
7801,2013-10-28,34.21,4
7801,2013-11-17,52.61,5
7801,2013-12-19,25.2,6
7801,2013-12-28,30.19,7
7801,2014-01-01,32.4,8
7801,2014-01-21,21.63,9
7801,2014-01-30,31.54,10
7801,2014-02-08,26.55,11
7801,2014-02-20,25.26,12
7801,2014-03-03,37.02,13
7801,2014-03-24,32.28,14
7801,2014-05-02,56.74,15
7801,2014-05-10,31.32,16
7801,2014-06-06,33.51,17
7801,2014-07-10,41.98,18
10489,2013-08-19,82.62,1
10489,2013-08-31,95.8,2
10489,2013-09-14,58.23,3
10489,2013-09-22,84.04,4
10489,2013-10-30,66.87,5
10489,2013-11-18,71.96,6
10489,2013-11-28,94.2,7
10489,2013-12-02,74.89,8
10489,2013-12-26,124.99,9
10489,2014-01-02,55.84,10
10489,2014-02-15,73.15,11
10489,2014-02-15,78.48,12
10489,2014-03-20,87.13,13
10489,2014-03-26,101.72,14
10489,2014-03-26,72.85,15
10489,2014-03-30,72.54,16
10489,2014-04-15,61.25,17
10489,2014-04-29,81.65,18
10489,2014-06-12,60.7,19
10489,2014-06-20,75.73,20
10489,2014-08-16,84.64,21
10489,2014-08-31,34.74,22
7011,2012-10-12,16.41,1
7011,2013-02-22,6.4,2
7011,2013-05-22,9.84,3
7011,2013-09-27,13.68,4
7011,2014-02-09,12.32,5
7011,2014-03-19,10.61,6
7011,2014-08-19,11.73,7
3933,2012-10-13,39.76,1
3933,2012-10-31,21.19,2
3933,2012-11-09,28.8,3
3933,2012-12-11,41.44,4
3933,2013-02-04,22.67,5
3933,2013-02-09,49.61,6
3933,2013-02-16,37.4,7
3933,2013-02-22,38.73,8
3933,2013-05-26,37.23,9
3933,2013-11-08,25.69,10
3933,2013-11-20,52.29,11
3933,2013-11-29,36.31,12
3933,2013-12-14,35.47,13
3933,2014-03-28,29.08,14
3933,2014-04-28,33.06,15
3933,2014-06-02,26.21,16
3933,2014-07-01,37.36,17
3933,2014-08-20,21.7,18
10981,2014-02-02,77.78,1
10981,2014-03-24,55.82,2
10981,2014-03-24,52.46,3
10981,2014-04-08,69.68,4
10981,2014-04-12,55.3,5
10981,2014-04-30,73.44,6
10981,2014-05-01,52.19,7
10981,2014-05-05,49.64,8
10981,2014-05-20,91.51,9
10981,2014-05-27,76.85,10
10981,2014-06-14,62.6,11
10981,2014-06-24,68.7,12
10981,2014-07-07,70.31,13
10981,2014-07-10,71.34,14
10981,2014-08-01,62.69,15
10981,2014-09-06,92.73,16
10981,2014-09-08,69.96,17
1734,2013-01-17,10.35,1
1734,2013-09-13,7.58,2
1734,2013-10-03,11.96,3
1734,2014-02-24,13.58,4
1734,2014-06-18,10.3,5
1734,2014-06-30,10.49,6
1734,2014-08-29,11.74,7
10995,2012-11-12,10.91,1
10995,2013-03-08,10.45,2
10995,2013-04-28,7.39,3
10995,2013-09-08,7.94,4
10995,2013-10-11,7.38,5
10995,2014-03-30,9.23,6
10995,2014-09-27,12.69,7
6357,2013-11-17,27.71,1
6357,2013-12-04,33.61,2
6357,2013-12-12,24.67,3
6357,2014-02-18,36.69,4
6357,2014-03-16,31.97,5
6357,2014-03-16,23.39,6
6357,2014-04-01,37.75,7
6357,2014-04-05,33.63,8
6357,2014-04-05,20.96,9
6357,2014-05-31,27.72,10
6357,2014-06-17,39.54,11
6357,2014-07-17,20.02,12
6357,2014-08-03,34.81,13
6357,2014-08-28,37.54,14
6357,2014-09-06,29.97,15
9209,2012-10-14,72.24,1
9209,2012-10-24,40.79,2
9209,2012-10-29,73.38,3
9209,2012-11-23,58.36,4
9209,2012-12-07,77.97,5
9209,2012-12-17,91.68,6
9209,2013-03-10,72.1,7
9209,2013-03-15,89.0,8
9209,2013-04-09,43.22,9
9209,2013-05-26,101.56,10
9209,2013-06-17,80.26,11
9209,2013-06-23,57.98,12
9209,2013-08-26,52.55,13
9209,2013-09-05,48.8,14
9209,2013-10-04,54.68,15
9209,2013-10-16,53.75,16
9209,2013-12-12,65.2,17
9209,2014-04-09,101.4,18
9209,2014-05-09,58.81,19
9209,2014-05-26,50.37,20
9209,2014-05-28,63.95,21
9209,2014-06-05,77.69,22
9209,2014-07-12,63.27,23
10286,2014-02-03,36.42,1
10286,2014-02-23,46.83,2
10286,2014-03-10,36.63,3
10286,2014-03-11,54.04,4
10286,2014-04-02,31.38,5
10286,2014-04-09,51.27,6
10286,2014-04-18,45.2,7
10286,2014-04-27,47.09,8
10286,2014-05-03,44.14,9
10286,2014-05-18,47.06,10
10286,2014-05-20,36.19,11
10286,2014-05-31,45.84,12
10286,2014-07-13,52.81,13
10286,2014-07-14,26.29,14
10286,2014-07-24,38.26,15
10286,2014-08-04,34.05,16
10286,2014-08-13,32.17,17
10286,2014-08-19,27.85,18
10286,2014-08-29,44.89,19
10286,2014-08-31,28.24,20
10286,2014-09-12,52.45,21
10286,2014-09-20,33.83,22
10286,2014-10-03,25.06,23
2611,2012-12-18,141.68,1
2611,2013-01-15,132.0,2
2611,2013-06-10,86.8,3
2611,2013-07-13,104.45,4
2611,2013-08-22,106.15,5
2611,2013-09-16,123.08,6
2611,2013-10-16,103.51,7
2611,2013-10-25,92.6,8
2611,2013-11-24,86.97,9
2611,2013-12-28,117.6,10
2611,2013-12-30,91.63,11
2611,2014-01-01,100.67,12
2611,2014-02-13,83.17,13
2611,2014-04-28,88.39,14
2611,2014-05-02,110.71,15
2611,2014-06-17,135.69,16
2611,2014-07-04,101.53,17
2611,2014-07-31,85.38,18
3308,2014-01-03,9.35,1
3308,2014-04-03,9.3,2
3308,2014-04-29,16.4,3
3308,2014-05-06,11.83,4
3308,2014-06-18,10.29,5
3308,2014-08-12,6.84,6
5407,2013-09-12,60.2,1
5407,2013-09-20,27.52,2
5407,2013-09-29,39.26,3
5407,2013-10-11,31.01,4
5407,2013-11-06,50.59,5
5407,2013-11-16,29.82,6
5407,2013-12-04,25.21,7
5407,2013-12-06,48.55,8
5407,2013-12-11,35.83,9
5407,2013-12-29,47.44,10
5407,2014-01-31,31.38,11
5407,2014-02-24,34.8,12
5407,2014-03-02,25.16,13
5407,2014-03-04,57.67,14
5407,2014-03-12,39.72,15
5407,2014-03-23,55.92,16
5407,2014-03-25,43.2,17
5407,2014-04-17,32.45,18
5407,2014-04-25,26.59,19
5407,2014-05-09,44.49,20
5407,2014-05-10,29.32,21
5407,2014-05-28,45.05,22
5407,2014-07-27,28.83,23
2166,2013-07-12,5.46,1
2166,2014-01-04,7.03,2
2166,2014-08-11,3.52,3
6634,2013-08-07,6.61,1
6634,2013-10-20,10.2,2
6634,2014-02-24,9.49,3
6634,2014-05-24,8.44,4
6634,2014-07-19,8.27,5
5718,2013-08-15,61.03,1
5718,2013-08-31,38.42,2
5718,2013-09-14,41.5,3
5718,2013-09-17,48.53,4
5718,2013-10-24,38.32,5
5718,2013-11-10,36.65,6
5718,2013-11-19,53.27,7
5718,2013-12-01,57.25,8
5718,2013-12-14,37.72,9
5718,2013-12-18,64.83,10
5718,2014-01-22,46.38,11
5718,2014-02-18,72.39,12
5718,2014-04-06,58.35,13
5718,2014-04-08,52.67,14
5718,2014-04-15,47.46,15
5718,2014-04-24,54.23,16
5718,2014-05-04,52.47,17
5718,2014-05-05,60.53,18
5718,2014-05-11,55.64,19
5718,2014-06-21,68.83,20
5718,2014-09-01,44.99,21
5718,2014-09-18,92.54,22
6872,2013-08-21,21.7,1
6872,2013-10-04,23.44,2
6872,2013-10-08,27.3,3
6872,2013-12-05,21.52,4
6872,2014-01-12,28.13,5
6872,2014-01-12,24.63,6
6872,2014-04-14,14.94,7
6872,2014-05-02,38.62,8
6872,2014-05-03,21.36,9
6872,2014-05-19,35.73,10
6872,2014-05-19,22.26,11
6872,2014-05-27,30.42,12
6872,2014-06-10,44.84,13
6872,2014-08-23,27.11,14
8164,2013-11-25,109.03,1
8164,2013-12-02,151.56,2
8164,2013-12-03,110.71,3
8164,2013-12-30,78.78,4
8164,2014-02-18,124.21,5
8164,2014-03-12,119.62,6
8164,2014-04-08,66.27,7
8164,2014-05-29,90.04,8
8164,2014-06-10,102.48,9
8164,2014-06-26,78.92,10
8164,2014-07-16,105.62,11
8164,2014-07-23,88.26,12
8164,2014-07-29,106.47,13
8164,2014-08-06,94.34,14
8164,2014-08-12,107.23,15
8164,2014-08-15,95.68,16
8164,2014-08-20,143.15,17
8164,2014-09-22,98.63,18
4580,2013-10-25,134.4,1
4580,2013-11-27,84.25,2
4580,2013-11-28,161.62,3
4580,2013-11-30,62.76,4
4580,2013-12-17,63.84,5
4580,2013-12-28,72.78,6
4580,2013-12-29,110.34,7
4580,2014-01-17,113.19,8
4580,2014-02-01,73.72,9
4580,2014-02-10,77.75,10
4580,2014-02-23,133.46,11
4580,2014-03-01,86.4,12
4580,2014-03-06,66.52,13
4580,2014-03-12,89.11,14
4580,2014-03-16,115.62,15
4580,2014-03-17,72.16,16
4580,2014-03-20,85.33,17
4580,2014-04-04,65.77,18
4580,2014-06-03,78.02,19
4580,2014-06-17,95.66,20
4580,2014-07-08,127.49,21
4580,2014-07-24,77.7,22
4580,2014-08-07,71.94,23
4580,2014-08-19,70.1,24
4580,2014-08-20,114.05,25
9305,2013-05-12,43.75,1
9305,2013-05-24,65.76,2
9305,2013-06-05,56.7,3
9305,2013-06-11,57.17,4
9305,2013-06-11,40.35,5
9305,2013-07-26,66.81,6
9305,2013-07-28,57.83,7
9305,2013-08-07,35.05,8
9305,2013-08-29,35.47,9
9305,2013-09-14,37.02,10
9305,2013-12-07,36.92,11
9305,2013-12-21,38.57,12
9305,2013-12-29,38.42,13
9305,2013-12-30,48.51,14
9305,2013-12-31,42.71,15
9305,2014-01-10,32.46,16
9305,2014-02-10,40.64,17
9305,2014-03-12,37.19,18
9305,2014-03-18,37.43,19
9305,2014-03-24,46.77,20
9305,2014-04-08,41.18,21
9305,2014-04-19,53.39,22
9305,2014-04-27,39.33,23
9305,2014-06-13,81.92,24
9305,2014-07-07,50.08,25
9305,2014-08-01,32.53,26
453,2014-06-29,7.4,1
453,2014-08-30,9.48,2
453,2014-09-02,10.79,3
453,2014-09-18,6.18,4
453,2014-10-04,6.14,5
8545,2014-03-21,97.25,1
8545,2014-04-29,131.21,2
8545,2014-05-09,97.64,3
8545,2014-05-25,86.96,4
8545,2014-05-28,109.97,5
8545,2014-06-29,87.89,6
8545,2014-07-30,105.28,7
8545,2014-08-17,110.17,8
8545,2014-08-19,166.4,9
8545,2014-08-20,103.85,10
8545,2014-08-21,120.03,11
8545,2014-08-25,85.74,12
8545,2014-08-30,105.87,13
8545,2014-09-05,90.62,14
8545,2014-09-06,113.67,15
8545,2014-09-29,125.44,16
9850,2012-11-29,5.43,1
9850,2013-07-07,5.17,2
9850,2014-09-03,5.4,3
7378,2012-10-10,47.13,1
7378,2013-01-15,27.22,2
7378,2013-02-03,19.07,3
7378,2013-02-28,28.48,4
7378,2013-03-12,37.83,5
7378,2013-04-23,27.77,6
7378,2013-05-04,31.01,7
7378,2013-05-06,32.99,8
7378,2013-07-22,40.84,9
7378,2013-07-30,27.31,10
7378,2013-08-06,17.82,11
7378,2013-10-14,27.0,12
7378,2013-10-30,40.47,13
7378,2014-02-08,31.12,14
7378,2014-04-08,38.74,15
7378,2014-06-18,36.03,16
7378,2014-09-01,35.17,17
7646,2014-02-18,43.44,1
7646,2014-03-22,46.03,2
7646,2014-04-04,31.22,3
7646,2014-04-06,42.27,4
7646,2014-04-22,42.05,5
7646,2014-04-28,37.45,6
7646,2014-05-07,31.55,7
7646,2014-05-12,42.58,8
7646,2014-05-22,29.8,9
7646,2014-06-08,32.75,10
7646,2014-06-14,36.02,11
7646,2014-06-28,37.51,12
7646,2014-07-03,31.72,13
7646,2014-07-07,35.66,14
7646,2014-07-08,40.31,15
7646,2014-07-08,43.56,16
7646,2014-07-09,34.22,17
7646,2014-07-11,26.84,18
7646,2014-07-13,40.12,19
7646,2014-07-27,29.9,20
1640,2014-06-22,15.51,1
1640,2014-08-16,18.78,2
1640,2014-08-16,14.53,3
1640,2014-08-16,12.08,4
1640,2014-08-16,11.83,5
1640,2014-08-17,15.27,6
8492,2013-11-09,71.02,1
8492,2013-12-09,72.12,2
8492,2013-12-13,59.46,3
8492,2013-12-24,35.25,4
8492,2014-01-15,57.4,5
8492,2014-02-15,90.52,6
8492,2014-02-20,78.55,7
8492,2014-03-31,77.76,8
8492,2014-04-16,74.77,9
8492,2014-04-19,86.58,10
8492,2014-05-09,37.02,11
8492,2014-05-10,47.35,12
8492,2014-05-12,68.05,13
8492,2014-05-20,51.01,14
8492,2014-05-26,59.8,15
8492,2014-06-15,86.14,16
8492,2014-07-05,65.47,17
8492,2014-07-20,74.28,18
8492,2014-08-20,64.85,19
8492,2014-08-24,72.91,20
8492,2014-08-27,72.84,21
8492,2014-09-10,89.84,22
1212,2013-08-13,52.95,1
1212,2013-09-10,41.68,2
1212,2013-09-27,35.82,3
1212,2013-10-06,39.73,4
1212,2013-10-14,31.05,5
1212,2013-11-02,32.22,6
1212,2013-11-20,49.99,7
1212,2014-01-04,52.97,8
1212,2014-02-11,29.03,9
1212,2014-02-26,25.0,10
1212,2014-03-19,30.52,11
1212,2014-04-17,33.99,12
1212,2014-04-24,34.53,13
1212,2014-04-28,48.51,14
1212,2014-05-05,45.61,15
1212,2014-05-22,46.24,16
1212,2014-07-06,30.01,17
1212,2014-07-15,40.43,18
1212,2014-07-18,33.71,19
1212,2014-07-24,70.19,20
1212,2014-08-22,33.21,21
1212,2014-09-28,34.61,22
9097,2013-11-03,22.48,1
9097,2013-11-25,22.68,2
9097,2014-01-13,21.19,3
9097,2014-01-26,23.69,4
9097,2014-01-30,17.04,5
9097,2014-02-28,31.42,6
9097,2014-03-20,26.76,7
9097,2014-04-22,31.71,8
9097,2014-06-27,23.15,9
9097,2014-07-14,15.07,10
9097,2014-08-05,35.27,11
9097,2014-09-01,22.53,12
10473,2012-10-14,32.85,1
10473,2012-11-02,20.8,2
10473,2012-11-22,33.5,3
10473,2012-11-24,30.87,4
10473,2012-12-06,24.65,5
10473,2013-02-02,22.57,6
10473,2013-02-03,23.3,7
10473,2013-03-27,57.8,8
10473,2013-06-18,22.06,9
10473,2013-09-25,29.53,10
10473,2013-09-30,25.39,11
10473,2014-01-05,16.64,12
10473,2014-05-03,22.92,13
10473,2014-06-02,19.02,14
10473,2014-07-02,15.97,15
10473,2014-07-03,16.17,16
10473,2014-07-10,24.41,17
10473,2014-08-11,28.58,18
10473,2014-08-28,22.96,19
7962,2013-10-09,171.95,1
7962,2013-11-20,146.18,2
7962,2013-12-13,122.58,3
7962,2014-02-28,225.67,4
7962,2014-03-27,150.65,5
7962,2014-05-12,306.8,6
7962,2014-06-06,151.88,7
7962,2014-06-16,123.63,8
7962,2014-06-18,148.35,9
7962,2014-07-07,129.44,10
7962,2014-10-04,203.86,11
9984,2013-03-27,36.9,1
9984,2013-05-04,32.89,2
9984,2013-05-08,42.96,3
9984,2013-07-06,25.45,4
9984,2013-08-14,24.0,5
9984,2013-11-04,45.18,6
9984,2013-11-17,40.45,7
9984,2013-12-06,29.23,8
9984,2013-12-20,28.38,9
9984,2013-12-21,27.47,10
9984,2013-12-31,23.69,11
9984,2014-03-17,45.03,12
9984,2014-04-27,29.55,13
9984,2014-05-31,27.1,14
9984,2014-06-27,20.82,15
9984,2014-07-28,43.97,16
9984,2014-09-10,18.94,17
5527,2013-02-13,9.0,1
5527,2013-08-28,8.14,2
5527,2014-02-27,7.38,3
5527,2014-06-25,11.3,4
5527,2014-09-10,7.19,5
6374,2013-05-17,20.86,1
6374,2013-05-20,27.47,2
6374,2013-07-24,22.87,3
6374,2013-07-31,28.65,4
6374,2013-12-04,20.91,5
6374,2014-03-26,18.88,6
6374,2014-04-17,29.41,7
6374,2014-04-18,18.57,8
6374,2014-06-17,24.18,9
6374,2014-06-21,19.25,10
6374,2014-08-16,26.94,11
7453,2013-02-02,29.1,1
7453,2013-03-08,22.09,2
7453,2013-03-25,35.57,3
7453,2013-08-11,23.93,4
7453,2013-09-05,39.0,5
7453,2013-09-12,30.48,6
7453,2013-09-15,25.01,7
7453,2013-09-25,37.36,8
7453,2013-10-04,33.6,9
7453,2013-10-15,28.25,10
7453,2013-10-31,22.61,11
7453,2013-11-08,27.79,12
7453,2014-01-08,27.48,13
7453,2014-03-21,42.17,14
7453,2014-08-20,26.56,15
8952,2012-11-05,39.73,1
8952,2012-11-09,35.87,2
8952,2012-11-11,43.48,3
8952,2012-12-08,33.89,4
8952,2013-02-16,47.29,5
8952,2013-03-02,30.62,6
8952,2013-06-01,36.46,7
8952,2013-06-06,27.48,8
8952,2013-06-09,39.15,9
8952,2013-10-04,41.24,10
8952,2013-11-26,40.97,11
8952,2013-12-03,34.91,12
8952,2014-01-08,51.93,13
8952,2014-01-09,49.44,14
8952,2014-01-13,29.36,15
8952,2014-02-08,25.02,16
8952,2014-03-10,56.35,17
8952,2014-04-15,29.46,18
8952,2014-04-18,48.26,19
8952,2014-04-18,21.27,20
8952,2014-07-01,26.82,21
6119,2013-05-10,3.87,1
6119,2013-12-11,4.31,2
6119,2014-08-14,4.82,3
5236,2012-10-21,73.65,1
5236,2012-12-25,110.9,2
5236,2012-12-31,73.64,3
5236,2013-02-19,84.38,4
5236,2013-02-25,79.45,5
5236,2013-02-26,140.8,6
5236,2013-05-05,153.96,7
5236,2013-06-12,119.18,8
5236,2013-06-20,80.59,9
5236,2013-08-03,104.63,10
5236,2013-09-15,84.26,11
5236,2013-11-29,99.57,12
5236,2013-12-17,96.24,13
5236,2013-12-29,103.71,14
5236,2013-12-29,102.68,15
5236,2014-03-06,136.94,16
5236,2014-04-24,106.18,17
5236,2014-06-21,116.31,18
5236,2014-06-25,90.34,19
5236,2014-09-05,78.58,20
5723,2014-01-11,20.17,1
5723,2014-04-02,15.66,2
5723,2014-05-04,15.14,3
5723,2014-06-04,13.99,4
5723,2014-06-05,17.65,5
5723,2014-07-13,20.35,6
5723,2014-08-03,13.03,7
1710,2013-03-07,26.55,1
1710,2013-05-04,22.31,2
1710,2013-07-26,14.68,3
1710,2013-08-28,27.44,4
1710,2013-10-19,40.18,5
1710,2014-02-16,20.28,6
1710,2014-02-19,16.62,7
1710,2014-04-25,18.57,8
1710,2014-05-07,19.37,9
1710,2014-07-10,13.87,10
1710,2014-08-15,32.11,11
1970,2012-10-28,14.55,1
1970,2012-12-20,16.03,2
1970,2013-05-02,11.78,3
1970,2014-01-06,17.23,4
1970,2014-03-05,20.07,5
1970,2014-09-21,11.34,6
5313,2014-04-18,11.38,1
5313,2014-07-04,7.18,2
5313,2014-07-06,6.21,3
5313,2014-08-28,5.1,4
5313,2014-08-29,5.18,5
5313,2014-09-15,5.95,6
10634,2014-04-19,46.02,1
10634,2014-05-29,25.55,2
10634,2014-06-02,26.29,3
10634,2014-06-24,28.41,4
10634,2014-07-06,27.84,5
10634,2014-07-07,34.97,6
10634,2014-07-10,31.8,7
10634,2014-07-27,11.11,8
10634,2014-07-28,29.39,9
10634,2014-07-29,18.13,10
10634,2014-08-01,31.13,11
10634,2014-08-02,26.1,12
10634,2014-08-04,34.5,13
10634,2014-08-10,23.75,14
7010,2014-04-07,56.89,1
7010,2014-05-01,91.52,2
7010,2014-05-03,55.31,3
7010,2014-05-08,64.61,4
7010,2014-06-09,56.39,5
7010,2014-06-13,82.3,6
7010,2014-06-17,77.16,7
7010,2014-06-18,86.44,8
7010,2014-06-25,48.62,9
7010,2014-06-28,97.96,10
7010,2014-07-02,75.24,11
7010,2014-07-02,65.72,12
7010,2014-07-19,57.81,13
7010,2014-07-20,77.95,14
7010,2014-07-22,58.53,15
7010,2014-08-03,46.74,16
7010,2014-08-10,42.78,17
7010,2014-08-18,79.2,18
7010,2014-08-25,65.84,19
8562,2013-05-28,19.44,1
8562,2013-06-21,17.79,2
8562,2013-09-12,23.01,3
8562,2013-10-14,23.47,4
8562,2013-11-07,23.13,5
8562,2013-12-12,19.67,6
8562,2013-12-14,21.5,7
8562,2014-04-14,27.61,8
8562,2014-06-10,21.63,9
8562,2014-07-25,27.74,10
3158,2013-01-03,7.9,1
3158,2013-11-28,7.84,2
3158,2013-12-13,8.91,3
3158,2014-10-04,8.34,4
4436,2013-02-20,13.86,1
4436,2013-05-27,13.48,2
4436,2013-08-21,12.56,3
4436,2013-10-08,15.57,4
4436,2014-03-07,24.5,5
4436,2014-05-16,26.24,6
4436,2014-09-08,12.79,7
5287,2014-06-19,10.82,1
5287,2014-07-19,7.98,2
5287,2014-07-19,11.09,3
5287,2014-07-19,11.6,4
5287,2014-07-19,12.68,5
5287,2014-07-19,10.46,6
5287,2014-07-20,13.38,7
2445,2013-07-07,11.08,1
2445,2013-12-09,12.8,2
2445,2014-04-14,8.85,3
2445,2014-04-26,16.6,4
2445,2014-07-10,13.66,5
6059,2013-03-04,84.89,1
6059,2013-03-30,42.32,2
6059,2013-04-05,55.08,3
6059,2013-04-06,48.38,4
6059,2013-06-13,49.68,5
6059,2013-07-01,61.57,6
6059,2013-08-12,52.65,7
6059,2013-09-13,76.14,8
6059,2013-10-04,94.25,9
6059,2013-10-08,59.69,10
6059,2013-10-08,61.11,11
6059,2013-12-13,77.01,12
6059,2013-12-29,80.57,13
6059,2014-01-01,74.15,14
6059,2014-01-03,61.68,15
6059,2014-02-19,82.45,16
6059,2014-06-17,76.27,17
6059,2014-07-16,68.13,18
4550,2014-06-24,14.24,1
4550,2014-08-14,12.87,2
4550,2014-08-14,15.32,3
4550,2014-08-14,9.84,4
4550,2014-08-15,11.73,5
4240,2012-11-03,11.99,1
4240,2013-05-21,8.32,2
4240,2013-05-22,8.0,3
4240,2013-10-17,10.51,4
4240,2014-07-18,7.18,5
8911,2013-04-08,45.49,1
8911,2013-04-16,25.83,2
8911,2013-04-18,33.02,3
8911,2013-04-27,28.92,4
8911,2013-06-20,46.59,5
8911,2013-11-02,34.43,6
8911,2013-11-10,41.0,7
8911,2013-12-20,31.45,8
8911,2013-12-24,34.79,9
8911,2014-02-09,29.07,10
8911,2014-03-31,31.76,11
8911,2014-04-04,24.98,12
8911,2014-05-01,24.97,13
8911,2014-05-15,53.97,14
8911,2014-06-26,34.76,15
8911,2014-07-23,33.16,16
8911,2014-09-11,33.57,17
8911,2014-09-24,31.24,18
3706,2013-08-21,10.13,1
3706,2014-01-07,13.46,2
3706,2014-01-09,10.96,3
3706,2014-01-17,15.69,4
3706,2014-06-04,7.17,5
3706,2014-08-12,10.59,6
3628,2013-01-29,11.5,1
3628,2013-08-30,12.43,2
3628,2013-11-08,9.98,3
3628,2014-04-09,9.56,4
3628,2014-07-04,10.52,5
10175,2013-08-01,5.32,1
10175,2014-03-22,4.47,2
10175,2014-08-11,5.96,3
10175,2014-10-05,4.25,4
8985,2012-11-04,28.22,1
8985,2012-11-14,50.25,2
8985,2012-11-17,34.36,3
8985,2012-12-07,51.59,4
8985,2012-12-19,41.84,5
8985,2013-02-01,37.39,6
8985,2013-02-04,40.57,7
8985,2013-02-16,43.08,8
8985,2013-03-11,42.51,9
8985,2013-04-05,38.05,10
8985,2013-04-28,45.98,11
8985,2013-06-26,32.01,12
8985,2013-07-31,28.53,13
8985,2013-08-25,50.53,14
8985,2013-10-08,43.42,15
8985,2013-10-16,30.42,16
8985,2013-11-27,46.04,17
8985,2013-12-02,66.61,18
8985,2014-01-22,37.94,19
8985,2014-01-31,67.46,20
8985,2014-02-12,50.97,21
8985,2014-04-20,51.49,22
8985,2014-04-28,54.08,23
8985,2014-05-01,31.65,24
8985,2014-07-08,40.27,25
8985,2014-07-27,50.24,26
8985,2014-08-12,42.5,27
5204,2013-06-29,85.07,1
5204,2013-07-27,61.97,2
5204,2013-08-03,107.57,3
5204,2013-08-12,61.83,4
5204,2013-10-04,68.66,5
5204,2013-10-14,101.39,6
5204,2013-10-21,50.2,7
5204,2013-10-28,48.28,8
5204,2013-12-02,71.78,9
5204,2013-12-06,52.11,10
5204,2014-01-02,65.9,11
5204,2014-01-21,64.91,12
5204,2014-02-26,79.38,13
5204,2014-03-16,73.79,14
5204,2014-05-30,50.04,15
5204,2014-06-05,43.1,16
5204,2014-07-03,50.03,17
5204,2014-07-19,72.75,18
5204,2014-07-24,90.94,19
5204,2014-07-25,58.58,20
5204,2014-09-14,74.72,21
9220,2013-01-17,116.97,1
9220,2013-02-24,107.9,2
9220,2013-02-28,66.43,3
9220,2013-03-08,112.53,4
9220,2013-07-14,147.22,5
9220,2013-10-29,133.84,6
9220,2013-11-30,106.85,7
9220,2013-12-02,114.81,8
9220,2013-12-05,85.91,9
9220,2014-01-01,82.45,10
9220,2014-01-27,82.44,11
9220,2014-01-29,89.91,12
9220,2014-03-30,113.75,13
9220,2014-04-02,128.61,14
9220,2014-05-12,72.54,15
9220,2014-05-25,122.42,16
9220,2014-05-26,89.78,17
9220,2014-05-26,74.74,18
9220,2014-08-08,99.89,19
9888,2014-06-25,62.47,1
9888,2014-07-16,86.24,2
9888,2014-08-02,70.33,3
9888,2014-08-28,64.29,4
9888,2014-08-28,79.19,5
9888,2014-09-03,58.0,6
9888,2014-09-03,35.86,7
9888,2014-09-07,68.34,8
9888,2014-09-11,63.55,9
9888,2014-09-17,69.7,10
9888,2014-09-18,47.54,11
9888,2014-09-22,86.53,12
9888,2014-09-24,84.59,13
9888,2014-09-29,102.53,14
9888,2014-10-02,71.85,15
5263,2013-01-22,6.44,1
5263,2013-04-04,5.84,2
5263,2013-09-25,15.12,3
5263,2014-06-28,11.6,4
9503,2012-10-12,25.91,1
9503,2012-12-24,28.81,2
9503,2013-03-22,28.56,3
9503,2013-04-11,28.26,4
9503,2013-08-02,20.55,5
9503,2013-09-16,18.58,6
9503,2013-10-15,24.05,7
9503,2013-11-09,24.69,8
9503,2013-11-30,24.53,9
9503,2014-02-24,24.12,10
9503,2014-08-01,20.95,11
10613,2014-02-26,5.93,1
10613,2014-05-21,6.69,2
10613,2014-06-24,4.97,3
10613,2014-07-16,6.55,4
10613,2014-07-26,7.37,5
10613,2014-08-13,8.36,6
10613,2014-08-22,7.12,7
67,2013-09-18,14.9,1
67,2014-06-16,16.49,2
67,2014-06-17,12.91,3
67,2014-06-17,15.18,4
67,2014-07-14,11.56,5
67,2014-09-29,12.96,6
6019,2014-03-30,12.18,1
6019,2014-07-14,9.16,2
6019,2014-08-27,12.95,3
6019,2014-08-29,16.43,4
6019,2014-09-26,14.28,5
5863,2013-05-29,28.4,1
5863,2013-07-15,36.8,2
5863,2013-07-19,32.4,3
5863,2013-08-12,34.51,4
5863,2013-09-02,24.96,5
5863,2013-09-05,51.75,6
5863,2013-09-11,34.75,7
5863,2013-09-16,28.64,8
5863,2013-10-02,28.31,9
5863,2013-12-24,30.62,10
5863,2013-12-29,40.44,11
5863,2014-01-12,34.03,12
5863,2014-01-14,24.2,13
5863,2014-04-15,26.14,14
5863,2014-05-07,25.84,15
5863,2014-06-05,20.53,16
5863,2014-07-02,29.67,17
3717,2014-04-23,31.03,1
3717,2014-05-13,23.3,2
3717,2014-05-31,25.01,3
3717,2014-06-25,19.14,4
3717,2014-07-04,43.18,5
3717,2014-07-07,27.07,6
3717,2014-07-09,21.18,7
3717,2014-07-10,37.79,8
3717,2014-07-11,29.26,9
3717,2014-07-11,47.49,10
3717,2014-07-11,37.12,11
3717,2014-07-12,22.91,12
3717,2014-07-16,27.29,13
3717,2014-07-18,24.52,14
3717,2014-07-21,30.83,15
3717,2014-07-27,38.9,16
6730,2012-11-03,8.78,1
6730,2013-03-28,8.23,2
6730,2013-06-18,10.89,3
6730,2013-11-19,6.56,4
6730,2014-07-05,14.54,5
4998,2014-05-23,94.17,1
4998,2014-06-18,67.09,2
4998,2014-07-04,51.18,3
4998,2014-07-11,71.13,4
4998,2014-07-11,56.16,5
4998,2014-07-11,50.75,6
4998,2014-07-11,51.11,7
4998,2014-07-11,73.3,8
4998,2014-07-11,56.77,9
4998,2014-07-11,75.15,10
4998,2014-07-11,50.91,11
4998,2014-07-11,60.44,12
4998,2014-07-12,74.82,13
6287,2013-07-30,8.42,1
6287,2013-10-25,10.1,2
6287,2014-03-25,5.82,3
6287,2014-10-03,5.66,4
5985,2012-10-13,13.03,1
5985,2013-01-25,18.71,2
5985,2013-04-16,9.68,3
5985,2013-08-01,20.93,4
5985,2014-05-01,26.72,5
5985,2014-06-18,12.99,6
5985,2014-10-05,16.94,7
4754,2013-09-25,15.37,1
4754,2013-12-18,15.63,2
4754,2014-02-23,12.47,3
4754,2014-03-01,19.8,4
4754,2014-05-20,20.7,5
4754,2014-07-06,9.03,6
4002,2013-10-13,58.41,1
4002,2013-11-19,38.34,2
4002,2013-11-25,31.99,3
4002,2013-11-30,22.63,4
4002,2013-12-09,39.39,5
4002,2013-12-31,39.12,6
4002,2014-02-03,41.54,7
4002,2014-03-30,39.1,8
4002,2014-04-01,63.24,9
4002,2014-04-03,43.73,10
4002,2014-04-13,46.23,11
4002,2014-05-10,36.26,12
4002,2014-05-16,29.98,13
4002,2014-05-22,56.67,14
4002,2014-05-28,51.67,15
4002,2014-06-06,44.25,16
4002,2014-06-21,34.91,17
4002,2014-06-23,32.45,18
4002,2014-07-04,38.32,19
4002,2014-07-20,74.74,20
4002,2014-07-26,52.56,21
4002,2014-07-28,42.07,22
4002,2014-07-29,41.12,23
4002,2014-09-05,41.82,24
4002,2014-09-22,33.35,25
4002,2014-10-02,39.09,26
966,2013-07-05,34.51,1
966,2013-07-11,37.58,2
966,2013-07-21,33.33,3
966,2013-08-04,29.53,4
966,2013-09-27,37.95,5
966,2013-10-02,34.73,6
966,2013-11-20,37.84,7
966,2013-11-25,33.03,8
966,2013-11-30,36.34,9
966,2013-12-09,20.08,10
966,2013-12-19,31.78,11
966,2014-01-09,38.63,12
966,2014-01-29,45.37,13
966,2014-02-22,39.24,14
966,2014-03-11,44.44,15
966,2014-04-05,37.27,16
966,2014-05-20,43.42,17
966,2014-06-12,26.75,18
966,2014-06-29,23.17,19
9725,2014-06-05,3.33,1
9725,2014-08-17,3.0,2
9725,2014-09-19,4.67,3
4475,2013-02-16,106.96,1
4475,2013-03-14,121.61,2
4475,2013-03-22,95.34,3
4475,2013-04-01,78.81,4
4475,2013-04-03,72.9,5
4475,2013-04-22,96.42,6
4475,2013-05-16,87.56,7
4475,2013-07-04,90.33,8
4475,2013-07-11,113.87,9
4475,2013-08-31,89.9,10
4475,2013-09-19,104.88,11
4475,2013-09-22,123.3,12
4475,2013-09-24,90.72,13
4475,2013-09-25,77.89,14
4475,2013-10-25,98.32,15
4475,2013-10-30,65.94,16
4475,2013-11-14,86.41,17
4475,2013-12-20,76.05,18
4475,2014-01-01,106.7,19
4475,2014-01-13,87.44,20
4475,2014-01-18,88.87,21
4475,2014-01-29,122.43,22
4475,2014-03-18,75.94,23
4475,2014-07-15,103.41,24
5740,2013-02-14,7.92,1
5740,2013-06-26,5.58,2
5740,2013-08-15,5.76,3
5740,2013-08-20,5.35,4
5740,2014-10-04,5.39,5
5731,2013-04-05,10.93,1
5731,2013-11-13,5.78,2
5731,2014-01-18,4.79,3
5731,2014-08-02,5.49,4
7290,2012-10-05,52.03,1
7290,2012-10-22,51.23,2
7290,2012-11-16,26.19,3
7290,2012-11-20,45.8,4
7290,2012-12-26,40.88,5
7290,2013-01-09,38.11,6
7290,2013-01-14,38.8,7
7290,2013-01-22,62.38,8
7290,2013-02-18,62.49,9
7290,2013-05-05,50.96,10
7290,2013-05-08,37.75,11
7290,2013-05-28,42.95,12
7290,2013-10-20,64.1,13
7290,2014-01-26,50.3,14
7290,2014-02-11,52.95,15
7290,2014-02-19,37.31,16
7290,2014-03-06,39.54,17
7290,2014-06-07,55.85,18
7290,2014-07-02,39.62,19
7290,2014-07-29,52.74,20
3846,2012-10-21,24.88,1
3846,2013-05-04,26.44,2
3846,2013-05-29,20.35,3
3846,2013-08-17,34.01,4
3846,2013-09-04,24.66,5
3846,2013-11-14,18.35,6
3846,2013-11-17,22.99,7
3846,2013-11-22,19.73,8
3846,2013-12-11,26.53,9
3846,2014-03-21,16.71,10
3846,2014-06-29,20.35,11
8104,2013-08-09,16.68,1
8104,2013-09-03,24.25,2
8104,2013-10-09,27.59,3
8104,2013-11-07,24.76,4
8104,2014-01-17,33.82,5
8104,2014-01-20,15.66,6
8104,2014-01-27,23.44,7
8104,2014-04-25,18.13,8
8104,2014-04-28,14.64,9
8104,2014-06-07,24.69,10
8104,2014-09-03,29.35,11
4507,2012-11-27,77.04,1
4507,2012-12-25,56.53,2
4507,2012-12-25,52.5,3
4507,2013-01-11,68.88,4
4507,2013-01-26,66.84,5
4507,2013-01-29,59.01,6
4507,2013-02-01,54.43,7
4507,2013-02-16,36.44,8
4507,2013-03-19,62.47,9
4507,2013-04-14,57.58,10
4507,2013-05-21,57.11,11
4507,2013-05-28,44.23,12
4507,2013-10-14,60.15,13
4507,2013-10-24,46.2,14
4507,2013-10-25,40.25,15
4507,2013-11-09,65.48,16
4507,2013-12-15,50.56,17
4507,2013-12-23,43.75,18
4507,2014-02-27,63.97,19
4507,2014-04-28,52.99,20
4507,2014-07-10,77.59,21
11013,2013-03-31,48.68,1
11013,2013-04-04,68.91,2
11013,2013-05-01,56.97,3
11013,2013-06-07,55.68,4
11013,2013-06-30,46.43,5
11013,2013-08-02,47.75,6
11013,2013-08-03,58.5,7
11013,2013-09-09,58.65,8
11013,2013-10-02,61.58,9
11013,2013-10-28,71.66,10
11013,2013-12-05,60.14,11
11013,2013-12-26,75.84,12
11013,2013-12-29,50.26,13
11013,2014-01-30,36.3,14
11013,2014-02-16,47.59,15
11013,2014-07-13,39.06,16
3759,2013-07-25,31.01,1
3759,2013-08-12,38.18,2
3759,2013-08-15,28.82,3
3759,2013-09-05,36.04,4
3759,2013-09-11,46.03,5
3759,2013-10-31,44.75,6
3759,2013-11-17,40.78,7
3759,2013-12-02,46.63,8
3759,2013-12-09,34.69,9
3759,2013-12-25,37.8,10
3759,2014-01-09,38.3,11
3759,2014-01-13,41.85,12
3759,2014-01-15,39.84,13
3759,2014-02-04,48.2,14
3759,2014-03-13,55.62,15
3759,2014-03-30,31.33,16
3759,2014-04-04,60.07,17
3759,2014-04-10,43.17,18
3759,2014-04-14,34.6,19
3759,2014-04-14,22.87,20
3759,2014-05-06,40.52,21
3759,2014-06-18,37.02,22
3759,2014-06-29,28.52,23
3759,2014-09-01,48.38,24
1162,2013-01-10,38.39,1
1162,2013-02-08,36.44,2
1162,2013-02-22,21.34,3
1162,2013-02-22,36.14,4
1162,2013-05-13,35.74,5
1162,2013-07-10,40.18,6
1162,2013-08-20,26.96,7
1162,2013-09-25,35.42,8
1162,2013-10-30,43.72,9
1162,2013-12-23,25.43,10
1162,2014-01-04,56.49,11
1162,2014-01-10,30.64,12
1162,2014-02-04,25.72,13
1162,2014-02-21,25.04,14
1162,2014-02-27,27.84,15
1162,2014-05-16,45.26,16
1162,2014-08-01,30.15,17
1162,2014-09-12,37.1,18
10766,2014-04-11,24.78,1
10766,2014-05-19,34.28,2
10766,2014-06-04,28.04,3
10766,2014-06-16,25.33,4
10766,2014-06-18,53.83,5
10766,2014-06-24,25.62,6
10766,2014-07-05,35.49,7
10766,2014-07-10,25.99,8
10766,2014-07-19,25.1,9
10766,2014-08-09,30.55,10
10766,2014-08-14,31.47,11
10766,2014-08-18,27.16,12
10766,2014-08-19,39.1,13
10766,2014-09-06,36.35,14
10766,2014-09-07,29.21,15
10766,2014-09-13,24.71,16
4415,2012-10-24,3.86,1
4415,2013-03-31,5.65,2
4415,2013-10-01,2.78,3
4415,2014-06-17,6.19,4
4415,2014-09-16,5.51,5
3005,2014-05-01,62.19,1
3005,2014-05-11,77.3,2
3005,2014-05-20,62.97,3
3005,2014-06-08,101.31,4
3005,2014-07-08,67.86,5
3005,2014-07-10,100.79,6
3005,2014-08-01,93.96,7
3005,2014-08-04,60.73,8
3005,2014-08-06,88.81,9
3005,2014-08-06,56.35,10
3005,2014-08-09,55.38,11
3005,2014-08-19,83.01,12
3005,2014-08-25,47.69,13
3005,2014-09-12,68.91,14
3005,2014-09-13,67.7,15
3005,2014-09-15,61.11,16
3005,2014-09-15,73.7,17
3005,2014-09-15,41.93,18
3005,2014-09-22,47.77,19
3005,2014-09-23,49.28,20
3005,2014-09-25,57.11,21
3005,2014-09-28,77.11,22
2223,2013-02-06,59.92,1
2223,2013-02-25,66.93,2
2223,2013-03-04,69.79,3
2223,2013-04-01,67.61,4
2223,2013-05-03,56.07,5
2223,2013-05-07,54.9,6
2223,2013-06-18,66.15,7
2223,2013-07-09,57.21,8
2223,2013-10-13,71.67,9
2223,2013-10-18,54.43,10
2223,2013-11-01,56.96,11
2223,2013-11-22,95.87,12
2223,2013-12-26,63.77,13
2223,2014-01-14,82.76,14
2223,2014-01-19,55.34,15
2223,2014-02-03,89.83,16
2223,2014-02-14,49.54,17
2223,2014-03-28,72.96,18
2223,2014-04-18,89.09,19
2223,2014-04-23,54.97,20
2223,2014-05-28,62.69,21
2223,2014-05-28,59.63,22
2223,2014-06-15,93.63,23
2223,2014-06-19,71.44,24
2223,2014-08-14,53.85,25
4817,2012-12-20,4.86,1
4817,2013-06-17,6.28,2
4817,2014-07-06,4.86,3
2875,2014-03-04,41.17,1
2875,2014-03-23,29.55,2
2875,2014-03-24,31.76,3
2875,2014-04-13,32.77,4
2875,2014-04-28,46.03,5
2875,2014-05-09,29.49,6
2875,2014-05-11,29.48,7
2875,2014-05-11,41.97,8
2875,2014-05-17,37.5,9
2875,2014-05-18,44.34,10
2875,2014-05-18,50.6,11
2875,2014-05-27,38.64,12
2875,2014-05-27,33.99,13
2875,2014-06-01,33.28,14
2875,2014-06-02,29.25,15
2875,2014-06-12,49.79,16
2875,2014-06-23,36.97,17
2875,2014-06-23,34.94,18
2875,2014-06-23,20.57,19
2875,2014-07-01,52.16,20
2875,2014-07-02,59.11,21
2875,2014-07-02,33.47,22
2875,2014-07-04,52.17,23
11112,2012-12-03,68.45,1
11112,2013-01-09,67.49,2
11112,2013-01-24,83.85,3
11112,2013-01-31,61.41,4
11112,2013-04-17,87.83,5
11112,2013-04-17,74.77,6
11112,2013-05-14,84.0,7
11112,2013-05-25,66.04,8
11112,2013-06-12,66.62,9
11112,2013-06-29,58.67,10
11112,2013-07-28,111.75,11
11112,2013-09-05,66.26,12
11112,2013-10-04,78.23,13
11112,2013-11-23,45.2,14
11112,2013-12-22,50.37,15
11112,2014-01-16,43.11,16
11112,2014-02-19,69.64,17
11112,2014-06-01,48.42,18
11112,2014-09-12,54.91,19
3807,2012-11-30,22.5,1
3807,2013-01-05,36.28,2
3807,2013-01-11,25.04,3
3807,2013-01-20,31.44,4
3807,2013-02-25,42.5,5
3807,2013-03-08,40.05,6
3807,2013-05-30,42.55,7
3807,2013-08-01,40.68,8
3807,2013-08-07,35.3,9
3807,2013-09-17,22.56,10
3807,2013-12-11,46.8,11
3807,2014-01-14,56.47,12
3807,2014-02-18,29.87,13
3807,2014-02-28,37.53,14
3807,2014-03-23,40.74,15
3807,2014-04-24,34.15,16
3807,2014-05-02,35.23,17
3807,2014-05-29,30.82,18
3807,2014-06-17,30.34,19
3807,2014-07-14,29.14,20
9197,2014-02-24,5.85,1
9197,2014-05-03,6.31,2
9197,2014-05-06,11.14,3
9197,2014-06-01,9.26,4
9197,2014-07-05,6.44,5
10832,2013-07-18,29.35,1
10832,2013-08-07,33.16,2
10832,2013-08-31,15.9,3
10832,2013-10-07,31.39,4
10832,2013-12-01,22.02,5
10832,2014-01-10,26.62,6
10832,2014-03-10,29.66,7
10832,2014-03-22,26.02,8
10832,2014-03-25,21.61,9
10832,2014-05-21,14.11,10
10832,2014-06-06,18.5,11
10832,2014-07-21,20.74,12
10832,2014-10-01,52.93,13
6421,2013-07-03,71.05,1
6421,2013-07-04,120.54,2
6421,2013-08-04,86.76,3
6421,2013-08-28,107.05,4
6421,2013-09-22,75.02,5
6421,2013-09-30,70.03,6
6421,2013-12-15,121.39,7
6421,2013-12-21,142.32,8
6421,2014-01-20,121.66,9
6421,2014-02-01,115.76,10
6421,2014-02-03,87.35,11
6421,2014-02-24,65.54,12
6421,2014-03-10,96.19,13
6421,2014-03-15,91.09,14
6421,2014-03-25,143.45,15
6421,2014-05-01,50.49,16
6421,2014-05-06,164.01,17
6421,2014-06-02,98.77,18
6421,2014-07-08,69.91,19
6421,2014-09-03,99.61,20
4207,2013-05-01,29.98,1
4207,2013-05-19,56.3,2
4207,2013-05-26,53.99,3
4207,2013-05-27,69.02,4
4207,2013-06-27,56.73,5
4207,2013-07-31,45.06,6
4207,2013-08-10,54.05,7
4207,2013-08-15,51.87,8
4207,2013-08-28,38.72,9
4207,2013-09-23,58.52,10
4207,2013-11-09,50.53,11
4207,2013-11-14,38.83,12
4207,2013-11-27,54.25,13
4207,2013-12-31,47.65,14
4207,2014-02-20,46.8,15
4207,2014-03-09,62.85,16
4207,2014-04-10,36.78,17
4207,2014-04-12,58.81,18
4207,2014-05-07,54.28,19
4207,2014-05-16,81.43,20
4207,2014-06-03,62.3,21
4207,2014-06-23,40.69,22
4207,2014-08-09,60.89,23
4207,2014-09-08,43.66,24
577,2013-08-20,6.08,1
577,2013-10-25,3.69,2
577,2013-12-16,5.47,3
577,2014-09-25,4.76,4
10855,2014-01-22,40.81,1
10855,2014-02-15,38.24,2
10855,2014-03-20,21.23,3
10855,2014-03-24,32.66,4
10855,2014-04-04,23.17,5
10855,2014-04-23,22.26,6
10855,2014-05-05,19.28,7
10855,2014-05-13,20.35,8
10855,2014-07-09,41.39,9
10855,2014-08-11,22.87,10
10855,2014-08-19,19.88,11
10855,2014-09-01,29.49,12
10855,2014-09-26,22.36,13
3081,2013-04-22,6.41,1
3081,2013-07-21,4.72,2
3081,2014-08-01,5.87,3
3535,2014-03-17,74.55,1
3535,2014-04-13,55.29,2
3535,2014-05-24,56.43,3
3535,2014-05-29,66.79,4
3535,2014-05-31,95.06,5
3535,2014-06-05,53.43,6
3535,2014-06-12,96.71,7
3535,2014-06-15,57.35,8
3535,2014-06-22,92.1,9
3535,2014-07-10,47.63,10
3535,2014-07-11,83.94,11
3535,2014-07-29,70.72,12
247,2012-11-17,33.22,1
247,2012-12-26,33.26,2
247,2013-01-03,22.49,3
247,2013-02-10,29.54,4
247,2013-03-16,26.02,5
247,2013-09-20,33.43,6
247,2013-10-11,23.41,7
247,2014-04-08,22.56,8
247,2014-04-28,24.8,9
247,2014-05-08,21.18,10
247,2014-05-15,29.18,11
247,2014-08-01,22.38,12
247,2014-09-19,19.54,13
8707,2012-10-14,82.95,1
8707,2012-12-16,68.19,2
8707,2012-12-20,54.84,3
8707,2013-02-09,112.37,4
8707,2013-05-27,109.05,5
8707,2013-06-18,114.0,6
8707,2013-08-17,89.81,7
8707,2013-09-05,60.86,8
8707,2014-02-13,66.54,9
8707,2014-02-14,114.96,10
8707,2014-03-02,72.45,11
8707,2014-05-10,91.88,12
8707,2014-06-22,54.83,13
8707,2014-08-10,110.58,14
8707,2014-09-23,98.71,15
9523,2013-08-17,5.9,1
9523,2013-12-06,3.45,2
9523,2014-07-02,5.65,3
6072,2013-02-02,199.03,1
6072,2013-03-13,89.02,2
6072,2013-03-13,103.18,3
6072,2013-03-29,110.13,4
6072,2013-05-12,89.44,5
6072,2013-06-28,103.11,6
6072,2013-06-29,111.45,7
6072,2013-08-01,125.07,8
6072,2013-11-10,82.68,9
6072,2014-02-20,78.22,10
6072,2014-03-25,99.62,11
6072,2014-04-06,93.52,12
6072,2014-04-27,91.62,13
6072,2014-05-17,107.0,14
6072,2014-05-26,76.4,15
6072,2014-08-01,97.45,16
6072,2014-08-12,106.49,17
6072,2014-08-26,96.63,18
6072,2014-09-19,93.91,19
6295,2013-02-04,36.67,1
6295,2013-02-17,24.2,2
6295,2013-03-02,47.33,3
6295,2013-03-31,40.03,4
6295,2013-04-07,41.16,5
6295,2013-05-19,59.2,6
6295,2013-07-15,41.13,7
6295,2013-08-09,47.89,8
6295,2013-08-12,28.79,9
6295,2013-10-26,25.76,10
6295,2014-01-12,36.06,11
6295,2014-01-16,27.84,12
6295,2014-01-27,43.27,13
6295,2014-02-17,36.29,14
6295,2014-02-18,40.49,15
6295,2014-03-17,45.15,16
6295,2014-05-03,44.84,17
6295,2014-05-04,38.03,18
6295,2014-06-25,30.19,19
6295,2014-06-26,32.72,20
6295,2014-07-08,29.13,21
6295,2014-08-20,42.83,22
10914,2013-10-12,4.83,1
10914,2014-02-17,2.56,2
10914,2014-07-08,3.37,3
10914,2014-10-02,4.24,4
1509,2013-01-04,18.48,1
1509,2013-02-05,22.76,2
1509,2013-02-07,27.74,3
1509,2013-02-18,17.27,4
1509,2013-04-18,24.79,5
1509,2013-04-29,19.6,6
1509,2013-05-24,17.51,7
1509,2013-06-17,13.01,8
1509,2013-07-09,20.36,9
1509,2013-12-12,38.01,10
1509,2013-12-17,19.58,11
1509,2013-12-21,22.21,12
1509,2014-01-08,15.81,13
1509,2014-01-12,15.0,14
1509,2014-01-23,22.4,15
1509,2014-02-03,20.7,16
1509,2014-03-07,16.86,17
1509,2014-03-14,13.76,18
1509,2014-03-24,19.26,19
1509,2014-03-27,18.78,20
1509,2014-05-20,19.38,21
1509,2014-07-17,18.74,22
5577,2014-05-03,6.89,1
5577,2014-07-12,6.61,2
5577,2014-07-20,6.5,3
7348,2014-03-17,80.19,1
7348,2014-04-09,86.0,2
7348,2014-05-14,64.13,3
7348,2014-05-21,97.09,4
7348,2014-05-31,81.95,5
7348,2014-06-01,50.97,6
7348,2014-06-02,73.15,7
7348,2014-06-12,38.61,8
7348,2014-07-14,88.46,9
7348,2014-07-27,101.73,10
7348,2014-08-02,84.87,11
7348,2014-08-09,67.87,12
7348,2014-09-06,50.51,13
7348,2014-09-15,58.55,14
7348,2014-09-17,77.91,15
7348,2014-10-05,47.02,16
1127,2014-05-29,110.64,1
1127,2014-06-05,65.81,2
1127,2014-06-13,123.66,3
1127,2014-07-11,128.36,4
1127,2014-07-28,131.33,5
1127,2014-07-29,68.86,6
1127,2014-07-29,91.44,7
1127,2014-07-29,56.67,8
1127,2014-07-30,105.52,9
1127,2014-07-30,80.84,10
1127,2014-07-31,88.5,11
1127,2014-07-31,114.91,12
1127,2014-07-31,107.19,13
1127,2014-08-01,85.93,14
1127,2014-08-02,114.41,15
1127,2014-08-02,88.34,16
1127,2014-08-02,107.98,17
1127,2014-08-02,160.2,18
1127,2014-08-04,89.4,19
1833,2014-04-26,13.77,1
1833,2014-06-29,24.44,2
1833,2014-06-29,17.3,3
1833,2014-06-30,14.35,4
1833,2014-06-30,12.2,5
1833,2014-07-01,18.77,6
1833,2014-07-06,20.18,7
6466,2014-03-12,21.49,1
6466,2014-05-28,14.93,2
6466,2014-06-19,22.55,3
6466,2014-08-13,10.88,4
6466,2014-08-14,15.44,5
6466,2014-08-19,17.0,6
6466,2014-09-13,14.71,7
9964,2013-08-07,19.25,1
9964,2013-09-21,44.59,2
9964,2013-09-27,21.48,3
9964,2013-10-10,24.34,4
9964,2013-10-21,29.59,5
9964,2013-12-18,24.13,6
9964,2013-12-22,18.93,7
9964,2014-01-11,34.96,8
9964,2014-02-15,26.85,9
9964,2014-03-31,39.28,10
9964,2014-04-11,27.16,11
9964,2014-05-04,25.55,12
9964,2014-06-28,38.72,13
9964,2014-08-10,22.18,14
4790,2014-06-02,82.78,1
4790,2014-07-26,60.38,2
4790,2014-08-02,81.11,3
4790,2014-08-02,40.65,4
4790,2014-08-03,50.53,5
4790,2014-08-05,82.96,6
4790,2014-08-05,74.25,7
4790,2014-08-06,68.2,8
4790,2014-08-06,62.73,9
4790,2014-08-08,73.54,10
4790,2014-08-08,90.47,11
4790,2014-08-12,67.4,12
10245,2012-10-31,44.97,1
10245,2012-12-04,43.02,2
10245,2012-12-21,45.78,3
10245,2013-01-05,43.29,4
10245,2013-01-25,45.64,5
10245,2013-03-21,79.41,6
10245,2013-03-30,54.85,7
10245,2013-04-21,41.4,8
10245,2013-06-20,59.52,9
10245,2013-07-07,58.65,10
10245,2013-08-12,46.8,11
10245,2013-08-15,44.44,12
10245,2013-11-14,48.0,13
10245,2014-07-26,59.23,14
1109,2013-04-23,4.27,1
1109,2013-08-22,3.63,2
1109,2014-08-28,3.11,3
6001,2013-01-02,43.48,1
6001,2013-02-02,33.71,2
6001,2013-02-12,39.18,3
6001,2013-02-19,48.27,4
6001,2013-02-28,41.99,5
6001,2013-03-04,30.9,6
6001,2013-03-11,42.01,7
6001,2013-04-08,44.08,8
6001,2013-04-28,46.07,9
6001,2013-05-01,42.23,10
6001,2013-05-25,21.47,11
6001,2013-09-03,38.87,12
6001,2013-09-04,29.01,13
6001,2013-11-03,25.89,14
6001,2013-12-05,34.45,15
6001,2013-12-06,48.7,16
6001,2013-12-07,36.85,17
6001,2013-12-21,26.5,18
6001,2014-03-20,45.98,19
6001,2014-04-28,43.74,20
6001,2014-05-03,45.65,21
6001,2014-05-03,45.69,22
6001,2014-08-04,47.28,23
5538,2013-10-08,58.91,1
5538,2013-11-17,104.82,2
5538,2013-11-30,78.31,3
5538,2013-12-08,120.93,4
5538,2014-01-29,118.49,5
5538,2014-02-08,150.09,6
5538,2014-02-11,129.66,7
5538,2014-02-12,98.2,8
5538,2014-03-12,128.38,9
5538,2014-03-15,76.27,10
5538,2014-03-16,115.73,11
5538,2014-03-16,108.99,12
5538,2014-04-27,137.77,13
5538,2014-04-28,114.98,14
5538,2014-05-10,74.36,15
5538,2014-06-08,85.69,16
5538,2014-07-19,133.42,17
10552,2013-05-20,29.85,1
10552,2013-06-19,22.14,2
10552,2013-07-20,14.52,3
10552,2013-07-26,17.86,4
10552,2013-10-05,50.73,5
10552,2013-10-23,29.48,6
10552,2014-01-25,22.84,7
10552,2014-02-16,26.3,8
10552,2014-03-13,23.18,9
10552,2014-06-26,23.38,10
10552,2014-08-06,15.44,11
10552,2014-09-17,46.29,12
1545,2013-08-02,26.63,1
1545,2013-09-12,29.78,2
1545,2013-09-15,30.85,3
1545,2014-01-03,26.73,4
1545,2014-01-03,28.87,5
1545,2014-01-09,14.68,6
1545,2014-02-28,24.89,7
1545,2014-04-26,28.13,8
1545,2014-05-08,25.3,9
1545,2014-05-20,22.39,10
1545,2014-05-26,37.76,11
1545,2014-05-31,37.8,12
1545,2014-06-08,30.2,13
1545,2014-07-02,24.98,14
7409,2013-10-26,17.14,1
7409,2013-12-04,22.27,2
7409,2014-01-02,16.55,3
7409,2014-02-20,27.08,4
7409,2014-03-12,25.8,5
7409,2014-04-08,30.63,6
7409,2014-04-11,30.26,7
7409,2014-05-14,22.7,8
7409,2014-06-10,17.37,9
7409,2014-06-14,24.08,10
7409,2014-07-31,23.1,11
4444,2014-03-24,8.98,1
4444,2014-06-05,7.99,2
4444,2014-08-12,6.51,3
4444,2014-08-16,9.11,4
4444,2014-09-07,7.41,5
146,2013-11-15,84.57,1
146,2013-11-29,97.65,2
146,2013-12-10,86.75,3
146,2013-12-21,62.41,4
146,2014-01-16,61.36,5
146,2014-02-02,67.18,6
146,2014-02-22,69.45,7
146,2014-02-26,59.24,8
146,2014-03-21,63.88,9
146,2014-03-26,76.34,10
146,2014-05-02,50.37,11
146,2014-06-06,71.14,12
146,2014-06-10,66.69,13
146,2014-06-19,53.25,14
146,2014-06-19,38.84,15
146,2014-06-30,67.0,16
146,2014-07-02,69.69,17
146,2014-07-03,64.45,18
146,2014-07-05,42.45,19
146,2014-07-19,70.28,20
6271,2014-06-19,18.6,1
6271,2014-08-28,7.62,2
6271,2014-08-29,11.6,3
6271,2014-09-17,11.43,4
6271,2014-09-22,11.75,5
4741,2014-01-30,31.2,1
4741,2014-02-19,38.88,2
4741,2014-03-18,36.9,3
4741,2014-04-15,31.1,4
4741,2014-05-13,34.04,5
4741,2014-05-15,29.76,6
4741,2014-06-07,30.34,7
4741,2014-06-19,42.25,8
4741,2014-06-27,23.43,9
4741,2014-07-05,23.55,10
4741,2014-07-09,22.88,11
4741,2014-07-13,32.31,12
4741,2014-07-20,30.57,13
4741,2014-07-26,46.21,14
4741,2014-07-30,30.38,15
4741,2014-08-29,36.86,16
4741,2014-09-18,25.35,17
246,2014-05-31,20.16,1
246,2014-07-10,33.59,2
246,2014-07-25,25.11,3
246,2014-07-25,18.4,4
246,2014-07-25,34.19,5
246,2014-07-25,39.11,6
246,2014-07-25,16.01,7
246,2014-07-25,19.84,8
246,2014-07-25,22.55,9
246,2014-07-25,28.01,10
246,2014-07-25,21.77,11
246,2014-07-26,27.26,12
375,2013-02-25,76.21,1
375,2013-04-21,58.23,2
375,2013-04-22,100.03,3
375,2013-05-04,123.7,4
375,2013-07-29,77.39,5
375,2013-08-11,90.73,6
375,2013-10-28,56.62,7
375,2014-01-12,83.65,8
375,2014-02-04,80.75,9
375,2014-03-06,76.63,10
375,2014-03-22,65.46,11
375,2014-05-05,62.78,12
375,2014-05-09,57.98,13
375,2014-06-12,61.13,14
375,2014-07-18,68.71,15
1524,2013-03-01,55.98,1
1524,2013-03-13,58.58,2
1524,2013-04-26,52.67,3
1524,2013-06-11,65.26,4
1524,2013-07-05,83.2,5
1524,2013-07-28,53.86,6
1524,2013-12-24,68.7,7
1524,2013-12-30,69.5,8
1524,2014-01-01,103.4,9
1524,2014-04-01,84.98,10
1524,2014-05-19,87.81,11
1524,2014-06-22,88.03,12
1524,2014-08-08,68.61,13
1524,2014-08-21,51.52,14
1524,2014-10-04,66.9,15
10022,2014-02-09,5.15,1
10022,2014-04-26,4.99,2
10022,2014-07-19,5.87,3
11010,2013-08-30,6.39,1
11010,2014-01-20,8.52,2
11010,2014-02-02,5.48,3
11010,2014-02-02,7.23,4
11010,2014-02-17,8.69,5
11010,2014-07-22,7.69,6
4356,2013-08-28,189.2,1
4356,2013-09-19,128.4,2
4356,2013-12-07,107.84,3
4356,2014-01-03,72.06,4
4356,2014-04-03,114.32,5
4356,2014-04-10,158.16,6
4356,2014-04-30,124.75,7
4356,2014-05-14,151.74,8
4356,2014-06-18,125.78,9
4356,2014-06-20,106.17,10
4356,2014-07-27,127.59,11
3885,2013-10-16,10.4,1
3885,2013-12-21,6.55,2
3885,2014-05-15,10.22,3
3885,2014-09-25,11.83,4
1175,2013-09-20,21.53,1
1175,2013-10-27,19.43,2
1175,2013-12-10,27.54,3
1175,2014-01-26,25.68,4
1175,2014-01-30,21.05,5
1175,2014-02-02,29.01,6
1175,2014-02-26,24.46,7
1175,2014-03-13,25.85,8
1175,2014-03-19,30.04,9
1175,2014-04-14,25.58,10
1175,2014-09-11,22.82,11
880,2013-01-16,9.33,1
880,2013-07-12,9.2,2
880,2013-10-12,8.57,3
880,2014-05-31,12.86,4
880,2014-08-19,10.04,5
2320,2013-09-12,29.3,1
2320,2013-09-17,34.19,2
2320,2013-10-07,31.91,3
2320,2013-10-10,34.95,4
2320,2013-11-13,30.47,5
2320,2013-12-02,27.83,6
2320,2013-12-06,29.11,7
2320,2013-12-06,34.98,8
2320,2013-12-31,32.2,9
2320,2014-01-03,55.3,10
2320,2014-01-04,29.06,11
2320,2014-01-14,34.46,12
2320,2014-01-23,24.05,13
2320,2014-02-14,22.23,14
2320,2014-02-25,28.8,15
2320,2014-05-11,40.39,16
2320,2014-05-19,56.52,17
2320,2014-06-29,30.26,18
850,2013-10-06,36.72,1
850,2013-11-15,46.0,2
850,2013-11-18,37.91,3
850,2013-11-20,29.01,4
850,2014-01-18,30.53,5
850,2014-01-24,17.97,6
850,2014-01-25,37.44,7
850,2014-02-07,45.14,8
850,2014-02-09,34.81,9
850,2014-02-18,28.89,10
850,2014-02-21,33.72,11
850,2014-03-04,32.55,12
850,2014-04-05,34.76,13
850,2014-04-12,67.79,14
850,2014-05-04,50.87,15
850,2014-06-03,22.98,16
850,2014-06-29,37.94,17
850,2014-07-09,41.88,18
850,2014-07-16,37.7,19
850,2014-10-01,31.4,20
4713,2012-11-22,23.34,1
4713,2013-03-25,19.64,2
4713,2013-04-02,23.66,3
4713,2013-04-10,10.44,4
4713,2014-03-02,12.1,5
4713,2014-04-26,14.44,6
4713,2014-09-20,15.39,7
675,2013-05-17,18.07,1
675,2013-06-29,22.22,2
675,2013-07-29,27.8,3
675,2013-12-26,27.79,4
675,2014-01-17,28.22,5
675,2014-02-03,20.6,6
675,2014-03-06,27.04,7
675,2014-03-23,15.33,8
675,2014-05-28,13.83,9
675,2014-06-03,27.3,10
675,2014-07-30,30.79,11
5025,2013-12-24,21.41,1
5025,2014-02-28,11.24,2
5025,2014-03-15,31.82,3
5025,2014-03-18,17.43,4
5025,2014-07-11,18.47,5
5025,2014-07-21,11.24,6
5025,2014-09-03,14.39,7
2308,2012-11-18,24.85,1
2308,2012-11-23,23.88,2
2308,2013-04-22,36.94,3
2308,2013-06-19,23.54,4
2308,2013-07-05,19.91,5
2308,2013-09-17,22.13,6
2308,2014-02-27,31.43,7
2308,2014-04-29,25.78,8
2308,2014-05-02,29.88,9
2308,2014-06-16,23.72,10
2308,2014-08-22,20.54,11
2308,2014-08-26,18.39,12
5995,2012-12-18,31.43,1
5995,2013-01-29,29.34,2
5995,2013-02-10,29.12,3
5995,2013-03-08,31.42,4
5995,2013-07-12,14.55,5
5995,2013-08-10,29.33,6
5995,2013-10-29,20.17,7
5995,2013-11-11,34.55,8
5995,2014-01-02,38.53,9
5995,2014-03-30,26.66,10
5995,2014-04-20,24.67,11
5995,2014-07-13,16.38,12
5995,2014-08-12,16.86,13
6749,2012-10-09,85.97,1
6749,2012-12-19,137.21,2
6749,2013-01-13,109.31,3
6749,2013-05-14,101.55,4
6749,2013-07-26,121.5,5
6749,2013-11-16,92.98,6
6749,2013-12-08,106.35,7
6749,2014-01-22,153.59,8
6749,2014-01-23,159.54,9
6749,2014-02-22,127.77,10
6749,2014-03-08,128.07,11
6749,2014-04-26,87.01,12
6749,2014-06-21,145.28,13
6749,2014-07-19,70.87,14
1010,2014-04-24,9.65,1
1010,2014-06-29,13.01,2
1010,2014-06-29,17.14,3
1010,2014-06-30,7.62,4
1010,2014-07-03,14.59,5
8977,2013-01-12,4.82,1
8977,2013-05-24,4.36,2
8977,2014-08-15,3.82,3
4756,2013-12-20,40.5,1
4756,2014-01-12,35.69,2
4756,2014-01-28,41.36,3
4756,2014-02-03,49.32,4
4756,2014-02-16,27.32,5
4756,2014-02-19,40.27,6
4756,2014-03-04,56.03,7
4756,2014-04-13,47.43,8
4756,2014-04-25,51.84,9
4756,2014-04-26,24.85,10
4756,2014-04-27,51.06,11
4756,2014-05-12,27.76,12
4756,2014-05-18,45.21,13
4756,2014-05-30,51.15,14
4756,2014-06-03,49.7,15
4756,2014-06-11,51.98,16
4756,2014-06-14,49.43,17
4756,2014-06-19,66.23,18
4756,2014-06-21,56.88,19
4756,2014-07-19,43.88,20
4756,2014-07-26,30.27,21
4756,2014-07-27,42.27,22
4756,2014-08-08,22.11,23
4756,2014-08-24,53.44,24
3412,2013-01-15,54.41,1
3412,2013-01-22,124.18,2
3412,2013-02-14,60.72,3
3412,2013-05-04,75.61,4
3412,2013-05-27,70.63,5
3412,2013-07-17,64.52,6
3412,2013-08-05,63.08,7
3412,2013-08-07,53.06,8
3412,2013-08-16,53.7,9
3412,2013-11-06,49.61,10
3412,2013-12-01,57.14,11
3412,2013-12-01,62.78,12
3412,2014-07-30,97.55,13
606,2013-10-10,4.44,1
606,2014-03-13,3.42,2
606,2014-07-10,3.14,3
5961,2014-06-07,8.02,1
5961,2014-08-18,8.3,2
5961,2014-08-29,10.12,3
5961,2014-09-06,14.55,4
2975,2012-11-12,75.83,1
2975,2012-12-06,117.36,2
2975,2012-12-18,62.59,3
2975,2012-12-23,50.26,4
2975,2013-03-20,73.97,5
2975,2013-04-18,61.24,6
2975,2013-05-16,113.96,7
2975,2013-05-28,68.71,8
2975,2013-06-13,105.19,9
2975,2013-08-19,85.23,10
2975,2013-10-10,66.1,11
2975,2013-11-02,105.64,12
2975,2013-11-16,74.2,13
2975,2013-12-04,106.09,14
2975,2013-12-12,78.47,15
2975,2013-12-26,79.27,16
2975,2014-01-31,89.73,17
2975,2014-02-03,84.39,18
2975,2014-03-11,81.04,19
2975,2014-03-26,74.66,20
2975,2014-04-27,143.4,21
2975,2014-07-08,74.68,22
2894,2013-10-29,103.89,1
2894,2013-10-29,120.29,2
2894,2013-11-15,146.56,3
2894,2013-11-20,71.77,4
2894,2014-01-03,70.3,5
2894,2014-01-05,74.12,6
2894,2014-01-09,84.26,7
2894,2014-01-10,89.17,8
2894,2014-02-20,86.84,9
2894,2014-03-22,72.09,10
2894,2014-04-23,80.52,11
2894,2014-05-10,113.24,12
2894,2014-05-15,157.11,13
2894,2014-06-06,102.38,14
2894,2014-06-08,91.43,15
2894,2014-06-15,116.32,16
2894,2014-06-19,98.54,17
2894,2014-06-19,84.49,18
2894,2014-06-28,120.61,19
2894,2014-07-23,90.08,20
7613,2014-05-24,32.88,1
7613,2014-05-31,16.18,2
7613,2014-06-29,28.69,3
7613,2014-06-29,19.89,4
7613,2014-06-29,30.35,5
7613,2014-06-29,15.08,6
7613,2014-06-29,18.43,7
7613,2014-06-29,32.84,8
7613,2014-06-29,22.06,9
7613,2014-06-29,14.43,10
7613,2014-06-29,28.46,11
7613,2014-06-30,37.72,12
10542,2013-02-25,13.15,1
10542,2013-04-13,8.17,2
10542,2013-05-20,15.45,3
10542,2013-08-02,16.65,4
10542,2014-03-10,8.06,5
10542,2014-08-03,11.52,6
8015,2013-05-03,54.54,1
8015,2013-06-22,97.73,2
8015,2013-06-23,56.3,3
8015,2013-06-27,83.57,4
8015,2013-07-19,82.83,5
8015,2013-10-10,82.9,6
8015,2013-10-11,62.43,7
8015,2013-11-23,68.29,8
8015,2014-03-04,76.34,9
8015,2014-03-06,97.37,10
8015,2014-03-10,69.51,11
8015,2014-03-20,56.45,12
8015,2014-03-26,48.21,13
8015,2014-03-29,68.09,14
8015,2014-04-08,70.91,15
8015,2014-04-26,61.43,16
8015,2014-05-04,50.46,17
8015,2014-06-12,47.76,18
8015,2014-07-09,65.91,19
11166,2013-02-02,37.53,1
11166,2013-03-25,22.2,2
11166,2013-04-30,28.28,3
11166,2013-08-07,23.85,4
11166,2013-08-20,17.59,5
11166,2013-10-22,26.89,6
11166,2013-10-26,24.66,7
11166,2013-10-27,25.41,8
11166,2013-11-13,23.68,9
11166,2014-02-04,20.19,10
11166,2014-03-05,24.45,11
11166,2014-07-16,20.27,12
523,2013-01-31,21.19,1
523,2013-06-05,8.03,2
523,2013-06-11,13.23,3
523,2013-07-11,9.29,4
523,2014-02-08,5.94,5
523,2014-08-15,13.32,6
4066,2014-05-11,5.97,1
4066,2014-07-10,4.55,2
4066,2014-07-10,7.02,3
4066,2014-07-12,4.55,4
4066,2014-07-21,3.91,5
8414,2013-08-17,7.89,1
8414,2013-12-08,9.8,2
8414,2013-12-20,16.56,3
8414,2014-04-24,12.7,4
8414,2014-06-05,12.99,5
8414,2014-07-21,8.05,6
819,2013-11-05,32.01,1
819,2013-11-12,34.8,2
819,2013-11-18,48.46,3
819,2013-11-22,42.24,4
819,2013-11-25,31.73,5
819,2014-02-01,29.12,6
819,2014-02-02,22.2,7
819,2014-02-16,50.75,8
819,2014-02-27,38.76,9
819,2014-03-01,24.92,10
819,2014-03-18,48.31,11
819,2014-03-28,33.79,12
819,2014-04-08,46.39,13
819,2014-04-09,29.78,14
819,2014-04-11,32.6,15
819,2014-04-16,43.28,16
819,2014-04-20,43.19,17
819,2014-04-22,45.73,18
819,2014-05-23,52.17,19
819,2014-05-27,52.55,20
819,2014-06-11,38.46,21
819,2014-07-01,48.41,22
819,2014-07-04,49.54,23
819,2014-07-13,49.81,24
4961,2014-01-21,7.25,1
4961,2014-04-29,12.41,2
4961,2014-05-18,7.58,3
4961,2014-05-22,10.67,4
4961,2014-06-22,7.59,5
4961,2014-07-04,6.09,6
4961,2014-08-10,6.4,7
749,2013-11-19,21.93,1
749,2014-02-24,25.68,2
749,2014-03-11,14.67,3
749,2014-03-28,15.67,4
749,2014-04-19,12.23,5
749,2014-08-16,11.96,6
749,2014-09-04,15.87,7
5430,2012-11-02,35.7,1
5430,2012-11-08,36.07,2
5430,2012-12-12,28.31,3
5430,2012-12-15,22.8,4
5430,2012-12-22,29.23,5
5430,2013-02-28,35.67,6
5430,2013-04-09,28.03,7
5430,2013-06-03,54.85,8
5430,2013-08-26,27.82,9
5430,2013-09-19,44.46,10
5430,2013-10-27,39.68,11
5430,2013-11-12,36.97,12
5430,2013-11-26,18.06,13
5430,2013-11-26,26.59,14
5430,2014-01-22,52.1,15
5430,2014-01-31,38.91,16
5430,2014-06-07,32.21,17
5430,2014-08-11,28.96,18
5430,2014-10-05,35.59,19
7755,2013-11-12,22.29,1
7755,2013-11-23,23.71,2
7755,2013-11-24,25.05,3
7755,2014-01-24,25.63,4
7755,2014-02-25,22.22,5
7755,2014-03-03,41.32,6
7755,2014-03-06,23.59,7
7755,2014-03-17,37.1,8
7755,2014-04-06,37.77,9
7755,2014-04-06,35.19,10
7755,2014-04-08,25.08,11
7755,2014-04-29,20.98,12
7755,2014-05-07,31.52,13
7755,2014-07-06,20.55,14
10525,2012-10-13,5.62,1
10525,2013-08-07,8.41,2
10525,2014-08-26,3.98,3
1453,2013-07-06,41.83,1
1453,2013-07-25,31.02,2
1453,2013-07-26,38.99,3
1453,2013-08-02,26.04,4
1453,2013-08-16,25.9,5
1453,2013-09-20,39.27,6
1453,2013-10-21,37.97,7
1453,2013-11-02,40.1,8
1453,2013-11-13,54.76,9
1453,2013-12-03,32.33,10
1453,2013-12-12,24.83,11
1453,2013-12-21,48.69,12
1453,2013-12-29,41.68,13
1453,2013-12-31,41.88,14
1453,2014-01-09,30.66,15
1453,2014-01-21,34.59,16
1453,2014-02-10,37.15,17
1453,2014-02-13,40.94,18
1453,2014-02-15,63.3,19
1453,2014-03-12,62.33,20
1453,2014-03-19,42.35,21
1453,2014-04-01,45.44,22
1453,2014-04-04,51.77,23
1453,2014-04-24,53.25,24
1453,2014-08-07,42.94,25
8310,2012-10-12,86.64,1
8310,2012-10-14,91.0,2
8310,2012-12-15,65.49,3
8310,2012-12-18,61.39,4
8310,2013-02-20,63.56,5
8310,2013-03-24,72.17,6
8310,2013-04-15,41.19,7
8310,2013-04-16,91.12,8
8310,2013-07-22,67.68,9
8310,2013-08-01,91.11,10
8310,2013-08-24,42.37,11
8310,2013-10-13,65.84,12
8310,2013-11-22,68.93,13
8310,2013-12-12,72.81,14
8310,2014-01-20,50.83,15
8310,2014-01-27,86.66,16
8310,2014-02-16,52.06,17
8310,2014-02-26,78.07,18
8310,2014-04-22,60.12,19
8310,2014-05-28,69.8,20
8310,2014-07-01,43.16,21
10710,2013-11-12,5.61,1
10710,2013-11-19,3.37,2
10710,2014-08-05,4.03,3
5031,2012-10-29,67.98,1
5031,2012-11-04,90.84,2
5031,2012-11-18,67.25,3
5031,2012-11-18,110.78,4
5031,2012-11-30,56.24,5
5031,2012-12-27,74.68,6
5031,2013-03-09,39.46,7
5031,2013-06-12,55.03,8
5031,2013-08-17,124.99,9
5031,2013-08-30,53.51,10
5031,2013-10-10,66.4,11
5031,2013-10-14,60.18,12
5031,2013-11-01,55.96,13
5031,2013-11-24,57.21,14
5031,2013-12-02,56.95,15
5031,2013-12-29,73.05,16
5031,2014-01-18,64.59,17
5031,2014-01-25,61.48,18
5031,2014-03-06,88.51,19
5031,2014-05-01,55.52,20
5031,2014-05-18,78.0,21
5031,2014-06-05,63.18,22
5031,2014-07-12,62.13,23
5031,2014-07-28,65.36,24
5031,2014-09-21,69.73,25
2613,2014-04-03,18.77,1
2613,2014-04-06,17.27,2
2613,2014-06-15,20.68,3
2613,2014-06-24,39.17,4
2613,2014-06-30,26.52,5
2613,2014-07-21,31.86,6
2613,2014-07-31,17.33,7
2613,2014-08-08,17.2,8
2613,2014-08-22,18.87,9
2613,2014-09-19,16.32,10
213,2014-05-28,9.05,1
213,2014-06-28,8.67,2
213,2014-06-28,7.02,3
213,2014-06-28,4.96,4
213,2014-06-28,7.73,5
213,2014-06-29,8.57,6
967,2013-07-21,27.64,1
967,2013-08-20,28.21,2
967,2013-09-06,24.62,3
967,2013-10-22,43.16,4
967,2013-11-09,34.56,5
967,2013-11-19,27.74,6
967,2013-12-03,25.84,7
967,2014-02-05,35.32,8
967,2014-03-02,43.37,9
967,2014-04-02,23.97,10
967,2014-04-22,30.82,11
967,2014-05-20,34.24,12
967,2014-06-16,28.54,13
967,2014-07-05,23.03,14
967,2014-07-06,41.52,15
967,2014-09-24,23.42,16
1077,2012-12-05,87.12,1
1077,2012-12-21,68.15,2
1077,2013-01-26,55.11,3
1077,2013-02-14,58.39,4
1077,2013-03-04,86.98,5
1077,2013-06-22,74.2,6
1077,2013-08-22,66.19,7
1077,2013-09-04,57.33,8
1077,2013-09-17,58.6,9
1077,2013-11-06,53.25,10
1077,2013-12-10,126.02,11
1077,2014-01-05,45.1,12
1077,2014-03-09,71.31,13
1077,2014-08-14,103.24,14
7959,2014-05-29,129.34,1
7959,2014-07-05,104.52,2
7959,2014-08-05,152.38,3
7959,2014-08-08,131.04,4
7959,2014-08-21,189.02,5
7959,2014-08-24,107.89,6
7959,2014-08-26,97.54,7
7959,2014-09-07,114.11,8
7959,2014-09-08,185.14,9
7959,2014-09-16,146.03,10
640,2013-03-11,56.2,1
640,2013-03-22,37.11,2
640,2013-04-06,25.61,3
640,2013-04-10,62.13,4
640,2013-04-14,31.98,5
640,2013-05-24,39.33,6
640,2013-06-21,54.99,7
640,2013-07-08,35.71,8
640,2013-08-26,40.94,9
640,2013-09-29,50.41,10
640,2013-10-20,56.66,11
640,2014-01-09,23.97,12
640,2014-02-12,35.92,13
640,2014-02-12,35.29,14
640,2014-03-13,28.32,15
640,2014-04-14,23.02,16
640,2014-05-06,42.31,17
640,2014-06-04,31.41,18
640,2014-06-17,45.59,19
640,2014-07-08,33.61,20
640,2014-07-28,54.03,21
640,2014-07-28,36.6,22
640,2014-08-05,38.85,23
4252,2014-03-23,27.86,1
4252,2014-05-11,14.79,2
4252,2014-05-31,15.55,3
4252,2014-06-02,17.45,4
4252,2014-06-03,20.19,5
4252,2014-06-03,36.45,6
4252,2014-06-05,26.65,7
4252,2014-06-10,30.15,8
4252,2014-06-19,25.28,9
4252,2014-07-03,18.35,10
4252,2014-07-24,27.26,11
6218,2012-10-20,25.39,1
6218,2012-11-26,22.39,2
6218,2012-12-09,16.89,3
6218,2013-02-02,41.22,4
6218,2013-04-10,32.05,5
6218,2013-05-13,36.75,6
6218,2013-10-15,38.84,7
6218,2013-12-19,34.59,8
6218,2014-01-09,37.41,9
6218,2014-02-05,45.45,10
6218,2014-02-20,37.08,11
6218,2014-03-03,23.18,12
6218,2014-05-13,28.41,13
6218,2014-05-18,27.18,14
6218,2014-06-22,21.71,15
6218,2014-07-23,21.45,16
6905,2012-10-06,46.55,1
6905,2012-11-01,43.3,2
6905,2012-11-28,68.22,3
6905,2013-04-22,24.83,4
6905,2013-06-13,49.77,5
6905,2013-09-11,41.63,6
6905,2013-10-23,45.11,7
6905,2013-11-15,49.15,8
6905,2013-12-15,59.0,9
6905,2013-12-30,37.82,10
6905,2014-01-24,45.71,11
6905,2014-02-22,46.62,12
6905,2014-03-31,81.77,13
6905,2014-04-02,39.44,14
6905,2014-04-02,38.92,15
6905,2014-04-13,47.0,16
6905,2014-05-10,37.07,17
6905,2014-06-12,45.09,18
6905,2014-06-20,50.17,19
6905,2014-08-11,52.85,20
5922,2013-10-13,17.46,1
5922,2013-11-05,20.05,2
5922,2014-01-13,20.79,3
5922,2014-02-02,25.84,4
5922,2014-02-17,19.12,5
5922,2014-03-16,27.98,6
5922,2014-04-08,21.43,7
5922,2014-05-14,23.36,8
5922,2014-05-26,22.78,9
5922,2014-08-18,17.2,10
3598,2013-05-23,34.2,1
3598,2013-05-27,61.85,2
3598,2013-06-21,27.72,3
3598,2013-07-03,41.78,4
3598,2013-07-22,30.52,5
3598,2013-09-03,35.51,6
3598,2013-09-15,33.6,7
3598,2013-10-09,34.99,8
3598,2013-10-30,31.02,9
3598,2013-11-11,25.36,10
3598,2013-11-12,44.69,11
3598,2013-12-19,30.43,12
3598,2014-02-20,27.62,13
3598,2014-03-27,16.88,14
3598,2014-04-11,20.03,15
3598,2014-05-01,27.43,16
3598,2014-06-04,41.49,17
3598,2014-08-13,29.89,18
6116,2013-07-05,18.81,1
6116,2014-03-04,14.86,2
6116,2014-04-13,9.27,3
6116,2014-04-23,10.94,4
6116,2014-09-22,13.11,5
6263,2012-10-30,17.01,1
6263,2012-11-30,12.6,2
6263,2013-08-05,14.14,3
6263,2013-12-26,16.03,4
6263,2014-05-17,15.58,5
6263,2014-09-01,17.64,6
10486,2013-05-29,35.64,1
10486,2013-07-11,52.28,2
10486,2013-07-11,75.79,3
10486,2013-08-18,54.56,4
10486,2013-08-19,50.44,5
10486,2013-08-30,41.02,6
10486,2013-09-26,87.57,7
10486,2013-10-12,74.88,8
10486,2013-11-13,51.92,9
10486,2013-11-20,82.34,10
10486,2013-12-12,58.09,11
10486,2014-01-03,35.61,12
10486,2014-03-01,34.84,13
10486,2014-03-05,52.18,14
10486,2014-05-24,50.07,15
10486,2014-08-12,55.77,16
2410,2014-01-22,82.85,1
2410,2014-02-10,57.35,2
2410,2014-03-09,78.3,3
2410,2014-03-25,78.75,4
2410,2014-03-26,76.03,5
2410,2014-03-30,64.76,6
2410,2014-04-21,61.36,7
2410,2014-04-22,83.22,8
2410,2014-04-25,58.31,9
2410,2014-04-26,73.25,10
2410,2014-05-08,57.39,11
2410,2014-05-11,77.22,12
2410,2014-05-26,74.87,13
2410,2014-06-20,84.13,14
2410,2014-07-28,39.19,15
193,2014-02-17,2.56,1
193,2014-04-28,2.26,2
193,2014-07-16,3.17,3
8278,2012-10-18,105.4,1
8278,2012-11-13,131.55,2
8278,2013-03-12,83.41,3
8278,2013-05-19,115.37,4
8278,2013-07-03,84.8,5
8278,2013-07-15,132.18,6
8278,2013-08-26,114.36,7
8278,2013-09-13,124.82,8
8278,2013-09-14,124.48,9
8278,2013-12-19,137.42,10
8278,2013-12-20,116.41,11
8278,2014-02-17,104.39,12
8278,2014-03-27,98.0,13
8278,2014-08-16,121.67,14
8278,2014-10-02,83.74,15
10660,2014-01-12,35.08,1
10660,2014-01-15,30.07,2
10660,2014-03-11,22.65,3
10660,2014-03-14,25.6,4
10660,2014-04-21,33.87,5
10660,2014-05-01,27.96,6
10660,2014-05-20,24.31,7
10660,2014-05-23,33.01,8
10660,2014-05-25,21.56,9
10660,2014-06-04,30.01,10
10660,2014-06-22,21.27,11
10660,2014-06-26,23.11,12
10660,2014-07-06,26.09,13
10660,2014-08-05,36.41,14
8686,2013-01-08,14.08,1
8686,2013-06-03,7.88,2
8686,2013-07-26,11.44,3
8686,2014-06-06,11.2,4
8686,2014-08-01,16.4,5
1604,2013-11-13,24.61,1
1604,2013-12-18,27.05,2
1604,2014-01-17,22.96,3
1604,2014-01-18,18.45,4
1604,2014-03-08,11.9,5
1604,2014-03-26,29.86,6
1604,2014-05-29,13.5,7
1604,2014-06-07,21.94,8
1604,2014-06-12,15.72,9
1604,2014-07-04,35.01,10
5907,2012-11-03,5.1,1
5907,2014-03-12,6.27,2
5907,2014-09-11,4.63,3
10669,2013-05-17,26.23,1
10669,2013-07-01,26.65,2
10669,2013-07-09,21.2,3
10669,2013-08-31,42.28,4
10669,2013-09-24,27.15,5
10669,2014-01-22,43.34,6
10669,2014-02-06,20.83,7
10669,2014-03-01,24.3,8
10669,2014-03-01,32.68,9
10669,2014-03-04,22.1,10
10669,2014-04-26,35.78,11
10669,2014-05-31,31.98,12
10669,2014-06-20,33.2,13
10669,2014-06-29,31.28,14
10669,2014-09-27,26.01,15
2918,2013-04-13,12.62,1
2918,2013-07-19,12.98,2
2918,2013-09-02,12.16,3
2918,2014-02-28,11.71,4
2918,2014-06-18,10.38,5
2918,2014-07-25,12.16,6
359,2013-01-13,32.41,1
359,2013-03-06,27.02,2
359,2013-03-08,21.18,3
359,2013-05-11,40.31,4
359,2013-05-14,40.35,5
359,2013-08-04,23.04,6
359,2013-11-28,27.2,7
359,2013-12-02,30.83,8
359,2013-12-08,28.56,9
359,2014-01-16,35.81,10
359,2014-03-05,21.39,11
359,2014-03-11,24.85,12
359,2014-03-14,36.72,13
359,2014-05-10,22.12,14
359,2014-05-27,37.03,15
359,2014-09-02,36.17,16
8387,2013-01-05,21.0,1
8387,2013-02-25,18.77,2
8387,2013-04-07,22.49,3
8387,2013-06-25,21.1,4
8387,2013-12-19,21.88,5
8387,2013-12-24,21.76,6
8387,2013-12-26,17.34,7
8387,2014-01-10,30.86,8
8387,2014-04-01,22.59,9
8387,2014-07-29,26.22,10
1829,2013-01-19,74.89,1
1829,2013-02-06,88.34,2
1829,2013-02-11,73.47,3
1829,2013-02-25,60.83,4
1829,2013-05-23,68.67,5
1829,2013-07-11,36.84,6
1829,2013-08-15,58.12,7
1829,2013-08-18,61.16,8
1829,2013-09-10,69.65,9
1829,2013-09-14,40.71,10
1829,2013-10-02,63.97,11
1829,2013-12-04,73.45,12
1829,2014-01-03,84.57,13
1829,2014-03-12,105.56,14
1829,2014-03-26,63.88,15
1829,2014-06-21,79.93,16
1829,2014-07-12,52.33,17
1829,2014-08-11,51.63,18
3839,2013-05-03,7.6,1
3839,2013-07-31,7.06,2
3839,2013-09-03,7.54,3
3839,2014-06-01,4.36,4
3839,2014-06-21,6.3,5
3839,2014-06-27,8.71,6
3839,2014-07-21,6.43,7
9392,2014-05-08,4.23,1
9392,2014-08-13,5.45,2
9392,2014-09-18,6.33,3
2292,2013-08-02,3.93,1
2292,2013-11-02,6.77,2
2292,2013-12-23,4.46,3
2292,2014-07-03,3.84,4
10466,2013-08-22,10.54,1
10466,2013-12-13,6.28,2
10466,2013-12-23,9.94,3
10466,2013-12-27,12.76,4
10466,2014-07-11,10.49,5
9855,2013-08-25,43.78,1
9855,2013-09-03,48.15,2
9855,2013-09-15,30.0,3
9855,2013-09-19,27.46,4
9855,2013-09-19,38.55,5
9855,2013-11-21,33.08,6
9855,2013-11-28,46.38,7
9855,2013-12-12,49.68,8
9855,2014-01-12,47.1,9
9855,2014-01-15,40.94,10
9855,2014-02-23,45.4,11
9855,2014-03-09,30.31,12
9855,2014-03-17,41.62,13
9855,2014-03-22,47.65,14
9855,2014-04-07,38.19,15
9855,2014-04-27,24.66,16
9855,2014-04-28,53.03,17
9855,2014-05-02,49.18,18
9855,2014-06-29,40.56,19
9855,2014-07-12,56.2,20
9855,2014-07-17,37.57,21
9855,2014-07-17,31.97,22
9855,2014-07-21,51.11,23
9855,2014-08-22,17.94,24
9855,2014-09-10,29.49,25
4088,2012-12-06,16.92,1
4088,2013-01-06,21.94,2
4088,2013-02-10,18.18,3
4088,2013-09-10,16.33,4
4088,2013-10-10,16.53,5
4088,2013-10-25,20.09,6
4088,2014-07-30,19.1,7
4088,2014-09-13,21.9,8
5231,2014-02-27,9.98,1
5231,2014-05-11,9.5,2
5231,2014-05-28,8.92,3
5231,2014-09-20,9.6,4
590,2012-12-22,130.39,1
590,2013-01-10,112.4,2
590,2013-02-14,135.98,3
590,2013-03-19,55.39,4
590,2013-03-20,80.32,5
590,2013-05-20,138.64,6
590,2013-06-19,141.71,7
590,2014-01-21,91.83,8
590,2014-04-05,127.68,9
590,2014-04-19,148.49,10
590,2014-05-21,113.03,11
590,2014-07-02,120.64,12
590,2014-08-06,104.21,13
590,2014-08-08,76.69,14
590,2014-08-31,135.58,15
8732,2012-11-17,62.65,1
8732,2012-12-16,70.1,2
8732,2012-12-28,67.21,3
8732,2013-01-07,42.31,4
8732,2013-01-25,67.15,5
8732,2013-04-23,85.73,6
8732,2013-04-28,36.83,7
8732,2013-05-02,58.27,8
8732,2013-06-02,116.94,9
8732,2013-06-04,49.83,10
8732,2013-06-30,75.65,11
8732,2013-08-27,64.54,12
8732,2013-08-30,66.92,13
8732,2013-09-12,53.39,14
8732,2013-11-30,66.97,15
8732,2013-12-02,65.57,16
8732,2014-03-07,73.19,17
8732,2014-03-08,86.92,18
8732,2014-04-03,62.71,19
8732,2014-05-04,93.79,20
8732,2014-07-16,52.33,21
2315,2014-04-20,15.06,1
2315,2014-06-21,14.14,2
2315,2014-06-26,18.05,3
2315,2014-06-29,8.75,4
2315,2014-08-11,11.0,5
3515,2014-02-17,17.4,1
3515,2014-04-08,13.17,2
3515,2014-04-26,20.05,3
3515,2014-05-17,15.82,4
3515,2014-05-22,31.2,5
3515,2014-05-28,16.82,6
3515,2014-06-09,20.96,7
3515,2014-07-03,14.58,8
2245,2013-04-22,14.14,1
2245,2013-07-29,20.9,2
2245,2013-11-27,18.26,3
2245,2014-03-06,18.26,4
2245,2014-04-02,16.07,5
2245,2014-04-03,11.43,6
2245,2014-08-16,16.95,7
6606,2013-03-31,87.97,1
6606,2013-04-28,39.14,2
6606,2013-05-08,41.42,3
6606,2013-07-11,84.71,4
6606,2013-08-01,63.36,5
6606,2013-09-03,76.94,6
6606,2013-09-12,41.76,7
6606,2013-10-01,73.25,8
6606,2013-10-27,49.34,9
6606,2013-11-01,74.11,10
6606,2014-01-02,69.09,11
6606,2014-02-01,73.47,12
6606,2014-03-21,111.21,13
6606,2014-04-22,85.6,14
6606,2014-04-26,85.24,15
6606,2014-06-09,62.66,16
6606,2014-09-24,30.73,17
5545,2014-04-05,76.17,1
5545,2014-05-07,66.04,2
5545,2014-05-24,55.3,3
5545,2014-06-08,42.79,4
5545,2014-06-10,53.94,5
5545,2014-06-20,59.63,6
5545,2014-06-22,57.59,7
5545,2014-06-23,96.32,8
5545,2014-06-26,71.92,9
5545,2014-06-26,95.65,10
5545,2014-07-03,79.45,11
5545,2014-07-03,86.58,12
5545,2014-07-25,66.61,13
7342,2012-10-12,24.48,1
7342,2012-10-22,34.55,2
7342,2012-10-25,39.23,3
7342,2012-12-06,28.56,4
7342,2013-01-06,31.2,5
7342,2013-02-17,50.58,6
7342,2013-04-15,51.98,7
7342,2013-04-23,31.63,8
7342,2013-05-13,38.98,9
7342,2013-05-23,39.56,10
7342,2013-07-08,52.24,11
7342,2014-01-11,39.96,12
7342,2014-02-07,50.43,13
7342,2014-02-28,63.01,14
7342,2014-03-31,38.42,15
7342,2014-04-17,69.93,16
7342,2014-04-23,30.14,17
7342,2014-04-23,54.08,18
7342,2014-06-01,31.33,19
7342,2014-06-09,47.76,20
7342,2014-06-25,60.0,21
7342,2014-07-13,31.15,22
7342,2014-09-18,27.73,23
7342,2014-09-29,39.09,24
9500,2013-01-25,44.27,1
9500,2013-02-12,30.73,2
9500,2013-02-16,26.4,3
9500,2013-02-21,51.15,4
9500,2013-06-26,48.36,5
9500,2013-08-16,24.53,6
9500,2013-10-06,28.66,7
9500,2013-10-14,38.77,8
9500,2013-10-20,31.49,9
9500,2013-10-27,40.62,10
9500,2013-11-26,29.75,11
9500,2013-12-13,45.81,12
9500,2013-12-24,24.41,13
9500,2014-01-27,26.68,14
9500,2014-03-20,49.77,15
9500,2014-04-03,36.43,16
9500,2014-05-25,35.3,17
9500,2014-06-13,28.92,18
9500,2014-07-31,31.94,19
3602,2013-12-31,19.77,1
3602,2014-02-22,25.69,2
3602,2014-03-25,22.59,3
3602,2014-04-23,34.28,4
3602,2014-06-15,16.49,5
3602,2014-07-07,10.89,6
3602,2014-07-12,13.9,7
3602,2014-07-21,20.63,8
3602,2014-08-24,16.76,9
2995,2013-08-17,71.45,1
2995,2013-09-13,52.14,2
2995,2013-09-18,50.09,3
2995,2013-11-11,113.31,4
2995,2013-12-03,55.89,5
2995,2013-12-22,66.88,6
2995,2013-12-28,77.55,7
2995,2014-01-09,43.57,8
2995,2014-02-11,47.36,9
2995,2014-03-04,99.95,10
2995,2014-03-08,52.44,11
2995,2014-03-11,99.27,12
2995,2014-03-18,62.15,13
2995,2014-06-14,66.8,14
2995,2014-07-25,57.06,15
2995,2014-08-02,68.09,16
1118,2013-02-20,37.72,1
1118,2013-03-13,32.02,2
1118,2013-03-22,22.54,3
1118,2013-03-26,27.21,4
1118,2013-05-10,35.81,5
1118,2013-05-15,76.08,6
1118,2013-05-15,41.38,7
1118,2013-10-20,33.85,8
1118,2013-10-26,20.28,9
1118,2013-10-29,37.05,10
1118,2013-12-25,28.97,11
1118,2014-01-10,34.67,12
1118,2014-03-24,25.13,13
1118,2014-03-31,29.26,14
1118,2014-06-13,31.62,15
1118,2014-06-20,35.7,16
1118,2014-07-01,30.77,17
1118,2014-07-09,23.72,18
1118,2014-07-10,52.23,19
3068,2013-10-29,8.05,1
3068,2014-01-02,4.01,2
3068,2014-04-19,5.0,3
3068,2014-07-10,9.17,4
3068,2014-10-04,9.77,5
8955,2014-02-16,8.12,1
8955,2014-06-05,11.09,2
8955,2014-06-11,9.46,3
8955,2014-08-12,10.33,4
945,2013-05-22,16.04,1
945,2013-09-21,22.61,2
945,2013-12-10,14.5,3
945,2014-01-07,17.61,4
945,2014-02-09,16.12,5
945,2014-02-23,12.41,6
945,2014-08-13,20.71,7
5644,2013-10-12,30.49,1
5644,2013-11-01,24.93,2
5644,2013-11-17,17.67,3
5644,2013-12-15,24.55,4
5644,2013-12-21,21.53,5
5644,2014-01-05,28.34,6
5644,2014-01-14,21.38,7
5644,2014-01-15,23.8,8
5644,2014-02-18,28.44,9
5644,2014-04-18,32.9,10
5644,2014-05-17,25.95,11
5644,2014-06-05,30.88,12
5644,2014-07-01,32.12,13
7192,2013-04-15,35.96,1
7192,2013-04-26,46.14,2
7192,2013-05-17,28.24,3
7192,2013-07-06,26.57,4
7192,2013-08-07,28.36,5
7192,2013-09-14,33.68,6
7192,2013-10-08,32.66,7
7192,2014-01-10,25.85,8
7192,2014-03-02,28.07,9
7192,2014-03-06,20.57,10
7192,2014-03-20,31.19,11
7192,2014-03-21,40.49,12
7192,2014-05-30,17.09,13
7192,2014-07-08,39.85,14
7192,2014-07-21,55.75,15
7192,2014-08-08,20.53,16
2324,2013-10-27,37.68,1
2324,2013-11-09,28.75,2
2324,2013-11-17,27.17,3
2324,2013-12-11,30.59,4
2324,2013-12-12,22.0,5
2324,2013-12-14,31.44,6
2324,2014-01-08,33.87,7
2324,2014-01-23,32.7,8
2324,2014-01-28,32.28,9
2324,2014-03-14,32.0,10
2324,2014-03-25,44.19,11
2324,2014-03-30,47.56,12
2324,2014-03-31,27.08,13
2324,2014-04-13,39.11,14
2324,2014-04-21,30.21,15
2324,2014-04-28,26.86,16
2324,2014-05-01,29.45,17
2324,2014-05-04,40.98,18
2324,2014-05-22,25.85,19
2324,2014-06-02,33.33,20
2324,2014-06-28,27.28,21
2324,2014-07-11,32.56,22
2324,2014-07-20,30.73,23
2324,2014-08-02,38.61,24
2324,2014-08-03,43.39,25
2324,2014-08-21,28.13,26
2324,2014-09-05,48.73,27
2324,2014-09-06,35.71,28
2324,2014-09-23,50.75,29
697,2013-03-12,61.39,1
697,2013-04-08,112.72,2
697,2013-04-16,88.3,3
697,2013-04-22,170.4,4
697,2013-06-03,111.35,5
697,2013-06-30,65.68,6
697,2013-07-16,117.71,7
697,2013-07-26,100.59,8
697,2013-07-31,52.15,9
697,2013-08-07,85.85,10
697,2013-08-11,99.17,11
697,2013-09-02,77.92,12
697,2013-09-07,76.73,13
697,2013-09-11,107.12,14
697,2014-01-12,128.59,15
697,2014-01-26,79.19,16
697,2014-02-19,119.79,17
697,2014-05-19,93.05,18
697,2014-06-08,89.51,19
697,2014-07-19,150.79,20
3439,2012-10-31,19.56,1
3439,2012-11-10,17.35,2
3439,2013-06-05,22.15,3
3439,2013-08-01,24.3,4
3439,2013-08-15,20.13,5
3439,2013-09-14,28.63,6
3439,2013-10-01,18.1,7
3439,2014-01-25,24.25,8
3439,2014-04-25,22.44,9
3439,2014-08-02,24.1,10
1506,2013-06-28,13.93,1
1506,2013-11-29,18.59,2
1506,2013-11-30,27.4,3
1506,2013-12-24,12.53,4
1506,2014-01-05,15.69,5
1506,2014-02-01,13.26,6
1506,2014-09-09,18.6,7
232,2013-07-17,44.7,1
232,2013-08-27,19.17,2
232,2013-09-05,23.91,3
232,2013-10-06,38.94,4
232,2013-10-14,23.62,5
232,2013-10-15,28.13,6
232,2013-11-16,22.34,7
232,2013-12-17,30.86,8
232,2014-01-18,47.46,9
232,2014-04-22,37.67,10
232,2014-04-28,25.73,11
232,2014-05-18,26.15,12
232,2014-05-25,24.35,13
232,2014-07-23,29.29,14
232,2014-09-08,34.58,15
232,2014-09-27,39.1,16
8876,2012-11-11,15.83,1
8876,2012-12-15,19.9,2
8876,2013-02-05,20.88,3
8876,2014-03-12,21.69,4
8876,2014-03-18,20.12,5
8876,2014-03-28,19.35,6
8876,2014-05-03,11.43,7
8876,2014-08-17,18.8,8
9739,2013-01-19,11.98,1
9739,2013-03-26,8.6,2
9739,2013-12-04,14.32,3
9739,2013-12-20,15.38,4
9739,2014-04-24,13.78,5
9739,2014-08-11,23.94,6
10395,2012-10-25,8.68,1
10395,2013-04-20,9.09,2
10395,2013-05-06,8.25,3
10395,2013-08-02,4.37,4
10395,2013-08-18,6.54,5
10395,2014-05-29,9.29,6
10395,2014-09-10,12.77,7
1176,2013-09-22,7.63,1
1176,2014-01-19,3.9,2
1176,2014-08-16,4.48,3
1627,2013-01-26,34.14,1
1627,2013-02-25,31.59,2
1627,2013-03-24,27.74,3
1627,2013-03-26,24.92,4
1627,2013-04-15,30.59,5
1627,2013-04-21,34.24,6
1627,2013-04-29,28.06,7
1627,2013-05-01,57.88,8
1627,2013-05-02,55.57,9
1627,2013-05-16,37.62,10
1627,2013-06-13,23.97,11
1627,2013-08-06,30.37,12
1627,2013-09-20,66.99,13
1627,2013-10-19,52.57,14
1627,2013-10-30,32.83,15
1627,2013-12-15,44.3,16
1627,2013-12-26,24.76,17
1627,2013-12-31,37.59,18
1627,2014-01-15,20.67,19
1627,2014-01-15,22.66,20
1627,2014-07-13,28.92,21
938,2013-07-30,8.16,1
938,2013-10-07,16.28,2
938,2013-10-29,9.45,3
938,2014-05-30,14.4,4
938,2014-09-05,13.71,5
2740,2013-09-22,14.78,1
2740,2014-03-03,8.19,2
2740,2014-03-19,20.82,3
2740,2014-04-12,9.79,4
2740,2014-05-05,10.24,5
2740,2014-05-26,8.92,6
2740,2014-07-16,11.26,7
257,2013-04-28,56.18,1
257,2013-05-11,69.72,2
257,2013-05-25,70.1,3
257,2013-06-19,50.92,4
257,2013-07-09,62.45,5
257,2013-08-07,69.31,6
257,2013-08-17,74.93,7
257,2013-08-31,50.66,8
257,2013-10-06,58.65,9
257,2013-10-13,94.4,10
257,2013-10-17,79.71,11
257,2013-10-24,61.89,12
257,2013-10-24,38.7,13
257,2013-12-12,70.75,14
257,2013-12-30,95.62,15
257,2014-01-12,78.66,16
257,2014-04-29,69.62,17
257,2014-07-23,50.74,18
4058,2013-10-12,27.22,1
4058,2013-11-19,36.54,2
4058,2013-12-03,31.35,3
4058,2013-12-10,27.24,4
4058,2013-12-19,35.22,5
4058,2014-01-06,35.12,6
4058,2014-01-09,37.6,7
4058,2014-01-11,26.92,8
4058,2014-01-18,46.21,9
4058,2014-02-13,25.46,10
4058,2014-02-25,22.77,11
4058,2014-02-25,50.05,12
4058,2014-03-04,43.85,13
4058,2014-03-13,34.73,14
4058,2014-03-23,50.55,15
4058,2014-03-29,38.57,16
4058,2014-04-29,50.69,17
4058,2014-06-19,47.16,18
4058,2014-06-21,26.14,19
4058,2014-06-26,27.06,20
4058,2014-07-21,45.54,21
7736,2012-10-22,6.12,1
7736,2013-02-06,6.48,2
7736,2013-04-08,7.56,3
7736,2014-02-12,5.78,4
7736,2014-08-30,8.06,5
8210,2013-08-15,33.47,1
8210,2013-09-25,17.53,2
8210,2013-10-12,23.61,3
8210,2013-10-17,28.84,4
8210,2013-11-04,25.49,5
8210,2013-12-08,31.81,6
8210,2013-12-21,30.47,7
8210,2014-02-11,21.59,8
8210,2014-03-06,26.29,9
8210,2014-04-10,32.58,10
8210,2014-05-24,26.74,11
8210,2014-06-06,24.16,12
8210,2014-08-02,26.41,13
833,2014-03-30,11.16,1
833,2014-06-04,10.91,2
833,2014-07-06,9.8,3
833,2014-07-06,11.18,4
833,2014-07-08,13.4,5
833,2014-08-04,13.57,6
6230,2013-02-15,25.66,1
6230,2013-04-12,22.53,2
6230,2013-06-08,18.62,3
6230,2013-07-09,12.97,4
6230,2013-12-25,18.7,5
6230,2014-01-05,21.62,6
6230,2014-01-24,19.68,7
6230,2014-06-20,23.65,8
6230,2014-08-13,18.58,9
7325,2013-06-29,6.82,1
7325,2013-11-28,7.78,2
7325,2013-12-02,10.2,3
7325,2014-07-11,12.19,4
1307,2014-02-09,6.34,1
1307,2014-04-27,9.72,2
1307,2014-06-04,8.86,3
1307,2014-07-02,5.22,4
1307,2014-07-18,8.95,5
1307,2014-08-03,6.57,6
1307,2014-09-20,5.34,7
1502,2013-03-21,8.06,1
1502,2013-06-05,10.06,2
1502,2014-05-14,9.5,3
1502,2014-05-19,8.83,4
1502,2014-07-30,9.55,5
6211,2014-05-02,5.88,1
6211,2014-07-06,8.88,2
6211,2014-07-28,8.08,3
6211,2014-08-19,5.17,4
843,2014-05-26,48.03,1
843,2014-06-26,30.91,2
843,2014-06-28,25.99,3
843,2014-06-29,39.89,4
843,2014-07-26,28.59,5
843,2014-07-27,38.25,6
843,2014-07-27,25.47,7
843,2014-07-27,43.76,8
843,2014-07-30,39.95,9
843,2014-07-31,42.4,10
843,2014-08-03,45.39,11
843,2014-08-03,27.42,12
843,2014-08-05,46.77,13
843,2014-08-06,34.23,14
843,2014-08-08,35.19,15
843,2014-08-13,35.14,16
843,2014-08-13,24.96,17
843,2014-08-13,53.61,18
843,2014-08-14,26.89,19
843,2014-08-14,64.74,20
843,2014-08-19,32.42,21
4174,2014-04-17,10.12,1
4174,2014-06-23,18.99,2
4174,2014-06-23,13.26,3
4174,2014-06-25,26.5,4
4174,2014-07-02,13.65,5
4174,2014-07-04,15.39,6
4174,2014-07-16,21.08,7
9757,2013-10-04,76.35,1
9757,2013-10-17,98.42,2
9757,2013-10-18,69.51,3
9757,2013-11-03,48.19,4
9757,2013-11-09,76.27,5
9757,2014-01-20,85.84,6
9757,2014-01-27,55.65,7
9757,2014-02-08,66.09,8
9757,2014-02-26,64.35,9
9757,2014-03-18,56.84,10
9757,2014-03-20,64.96,11
9757,2014-04-07,58.21,12
9757,2014-04-16,58.06,13
9757,2014-04-27,48.74,14
9757,2014-05-01,49.11,15
9757,2014-05-02,101.89,16
9757,2014-05-18,57.67,17
9757,2014-05-31,63.68,18
9757,2014-06-02,80.45,19
9757,2014-06-02,72.96,20
9757,2014-06-05,80.58,21
9757,2014-06-06,53.72,22
9757,2014-06-29,67.46,23
286,2013-11-29,13.61,1
286,2013-12-07,13.85,2
286,2014-04-03,17.19,3
286,2014-04-04,16.82,4
286,2014-04-18,20.44,5
286,2014-04-22,30.97,6
286,2014-06-19,11.9,7
286,2014-08-18,20.22,8
11086,2014-01-18,4.81,1
11086,2014-03-21,4.49,2
11086,2014-05-19,4.56,3
11086,2014-09-17,4.14,4
1921,2013-10-03,11.26,1
1921,2014-01-22,7.97,2
1921,2014-03-12,13.88,3
1921,2014-03-15,12.37,4
1921,2014-07-23,16.51,5
4138,2014-05-24,32.08,1
4138,2014-06-19,30.96,2
4138,2014-07-11,39.9,3
4138,2014-07-13,40.27,4
4138,2014-07-23,45.13,5
4138,2014-07-24,33.96,6
4138,2014-07-24,52.1,7
4138,2014-07-24,56.13,8
4138,2014-07-24,28.53,9
4138,2014-07-24,25.96,10
4138,2014-07-25,32.55,11
4138,2014-07-25,42.52,12
4138,2014-07-25,41.91,13
4138,2014-07-26,31.11,14
4138,2014-07-26,28.66,15
4138,2014-07-27,33.32,16
4138,2014-07-27,34.28,17
4138,2014-07-28,36.65,18
4138,2014-07-28,48.95,19
4138,2014-07-28,32.33,20
4138,2014-07-28,41.54,21
4138,2014-07-29,44.14,22
7718,2014-04-20,55.57,1
7718,2014-06-13,101.24,2
7718,2014-06-25,60.19,3
7718,2014-06-28,82.2,4
7718,2014-07-20,87.65,5
7718,2014-07-25,78.84,6
7718,2014-07-29,77.89,7
7718,2014-07-31,62.07,8
7718,2014-08-30,60.36,9
1291,2012-10-05,25.01,1
1291,2012-11-15,28.98,2
1291,2012-11-16,26.75,3
1291,2013-02-25,20.23,4
1291,2013-04-22,14.53,5
1291,2013-04-30,26.32,6
1291,2013-05-18,28.8,7
1291,2013-05-23,23.37,8
1291,2013-07-03,24.55,9
1291,2013-08-07,13.6,10
1291,2013-09-27,49.26,11
1291,2014-07-07,24.58,12
4136,2012-12-03,12.92,1
4136,2013-04-23,5.4,2
4136,2013-07-08,10.67,3
4136,2013-08-10,9.32,4
4136,2013-12-27,11.49,5
4136,2014-01-13,10.99,6
4136,2014-08-03,18.2,7
803,2013-04-05,4.28,1
803,2013-09-13,4.83,2
803,2014-07-15,7.89,3
4298,2014-03-24,2.9,1
4298,2014-06-25,3.17,2
4298,2014-08-03,2.93,3
10833,2014-05-24,24.97,1
10833,2014-07-07,35.88,2
10833,2014-07-13,38.66,3
10833,2014-07-19,35.41,4
10833,2014-07-19,33.16,5
10833,2014-07-24,37.54,6
10833,2014-07-24,48.64,7
10833,2014-07-25,38.13,8
10833,2014-07-27,53.3,9
10833,2014-07-29,34.49,10
10833,2014-07-29,37.78,11
10833,2014-07-29,31.62,12
10833,2014-07-29,36.25,13
10833,2014-07-30,40.37,14
10833,2014-07-31,31.09,15
10833,2014-08-01,49.88,16
10833,2014-08-01,26.1,17
10833,2014-08-03,46.24,18
10833,2014-08-04,43.82,19
10833,2014-08-07,44.75,20
10833,2014-08-07,60.02,21
10833,2014-08-08,47.52,22
10833,2014-08-08,41.22,23
10833,2014-08-11,37.17,24
9606,2013-08-27,79.23,1
9606,2013-10-08,135.48,2
9606,2013-11-17,91.37,3
9606,2013-11-18,120.42,4
9606,2014-01-26,186.12,5
9606,2014-02-06,131.63,6
9606,2014-02-27,83.12,7
9606,2014-03-10,114.41,8
9606,2014-03-26,120.09,9
9606,2014-04-13,82.51,10
9606,2014-06-17,183.99,11
9606,2014-08-02,163.62,12
8534,2013-07-16,28.27,1
8534,2013-09-03,52.41,2
8534,2013-09-12,42.17,3
8534,2013-09-12,38.88,4
8534,2013-09-12,34.26,5
8534,2013-10-03,21.73,6
8534,2013-10-08,40.73,7
8534,2013-11-06,51.51,8
8534,2013-11-07,44.68,9
8534,2013-11-21,31.69,10
8534,2013-11-25,54.14,11
8534,2013-12-26,35.61,12
8534,2014-01-05,35.6,13
8534,2014-02-05,31.85,14
8534,2014-02-14,42.28,15
8534,2014-02-27,51.82,16
8534,2014-04-05,46.73,17
8534,2014-04-20,30.18,18
8534,2014-05-11,46.69,19
8534,2014-06-12,47.89,20
8534,2014-06-23,42.04,21
8534,2014-06-24,40.4,22
8534,2014-07-15,26.58,23
8534,2014-08-15,43.86,24
5153,2013-02-22,58.2,1
5153,2013-03-24,39.33,2
5153,2013-03-30,50.2,3
5153,2013-03-31,38.82,4
5153,2013-04-05,47.74,5
5153,2013-04-18,32.99,6
5153,2013-05-16,67.03,7
5153,2013-06-03,36.21,8
5153,2013-06-05,43.23,9
5153,2013-06-18,50.64,10
5153,2013-07-09,38.67,11
5153,2013-07-17,61.93,12
5153,2013-08-19,50.34,13
5153,2013-10-06,39.93,14
5153,2013-10-08,49.19,15
5153,2013-10-27,39.23,16
5153,2013-11-01,51.43,17
5153,2013-11-02,63.95,18
5153,2013-11-13,41.38,19
5153,2013-12-07,53.78,20
5153,2014-01-10,33.28,21
5153,2014-01-10,48.39,22
5153,2014-01-11,51.91,23
5153,2014-01-27,43.14,24
5153,2014-02-08,34.68,25
5153,2014-02-15,47.84,26
5153,2014-03-29,49.18,27
5153,2014-04-18,51.09,28
5153,2014-05-25,47.96,29
5153,2014-06-12,41.74,30
5153,2014-06-14,42.22,31
5153,2014-06-30,56.36,32
961,2013-09-12,78.45,1
961,2013-11-05,62.89,2
961,2013-11-06,57.72,3
961,2013-12-07,43.97,4
961,2013-12-22,37.51,5
961,2014-01-05,34.72,6
961,2014-01-06,46.28,7
961,2014-02-12,44.18,8
961,2014-02-16,48.01,9
961,2014-03-02,57.69,10
961,2014-03-09,51.31,11
961,2014-05-03,55.91,12
961,2014-05-08,66.49,13
961,2014-06-04,65.74,14
961,2014-07-05,38.14,15
6653,2013-02-22,29.0,1
6653,2013-06-25,29.82,2
6653,2013-07-08,32.78,3
6653,2014-01-19,27.21,4
6653,2014-01-30,19.26,5
6653,2014-02-27,25.25,6
6653,2014-03-04,33.51,7
6653,2014-03-05,33.96,8
6653,2014-04-18,35.7,9
6653,2014-04-19,39.52,10
6653,2014-04-28,19.93,11
6653,2014-06-18,22.47,12
6653,2014-07-07,25.33,13
6653,2014-07-25,21.27,14
810,2014-05-12,31.62,1
810,2014-06-02,24.29,2
810,2014-06-29,47.9,3
810,2014-07-12,28.05,4
810,2014-07-13,38.02,5
810,2014-07-15,51.64,6
810,2014-07-19,34.46,7
810,2014-07-20,30.64,8
810,2014-07-22,39.5,9
810,2014-07-27,47.45,10
810,2014-07-28,39.03,11
810,2014-08-04,22.03,12
810,2014-08-05,26.83,13
810,2014-08-06,33.09,14
810,2014-08-13,33.46,15
810,2014-08-16,24.72,16
810,2014-08-17,24.27,17
5493,2014-03-19,3.58,1
5493,2014-06-13,7.11,2
5493,2014-09-14,6.31,3
2147,2013-08-16,131.07,1
2147,2013-08-28,140.73,2
2147,2013-08-30,79.41,3
2147,2013-10-06,94.18,4
2147,2013-10-20,100.91,5
2147,2013-10-22,83.87,6
2147,2013-11-24,86.14,7
2147,2013-12-01,108.29,8
2147,2013-12-08,139.47,9
2147,2014-01-31,85.47,10
2147,2014-02-16,110.63,11
2147,2014-03-24,152.59,12
2147,2014-04-02,73.31,13
2147,2014-04-03,79.46,14
2147,2014-04-26,99.02,15
2147,2014-05-11,95.22,16
2147,2014-05-23,59.23,17
2147,2014-05-30,98.42,18
2147,2014-06-01,79.7,19
2147,2014-06-22,74.74,20
2147,2014-06-23,73.56,21
2147,2014-07-06,107.59,22
3979,2013-05-22,109.97,1
3979,2013-06-25,82.11,2
3979,2013-07-03,111.69,3
3979,2013-09-14,125.99,4
3979,2013-10-22,111.0,5
3979,2014-01-31,177.94,6
3979,2014-02-02,128.99,7
3979,2014-02-18,107.86,8
3979,2014-02-25,108.77,9
3979,2014-03-05,77.66,10
3979,2014-03-14,98.91,11
3979,2014-04-07,91.7,12
3979,2014-04-10,99.92,13
3979,2014-05-04,94.23,14
3979,2014-05-21,94.24,15
3979,2014-06-29,107.03,16
6049,2013-12-05,85.33,1
6049,2013-12-08,50.25,2
6049,2013-12-15,83.78,3
6049,2013-12-28,73.53,4
6049,2014-01-04,95.37,5
6049,2014-02-16,58.31,6
6049,2014-03-04,61.42,7
6049,2014-03-06,62.8,8
6049,2014-03-14,97.11,9
6049,2014-03-18,52.66,10
6049,2014-03-27,77.53,11
6049,2014-04-03,59.8,12
6049,2014-04-25,64.61,13
6049,2014-04-30,65.35,14
6049,2014-05-01,47.72,15
6049,2014-05-04,83.45,16
6049,2014-05-06,67.86,17
6049,2014-05-11,41.81,18
6049,2014-05-29,58.69,19
6049,2014-05-30,47.12,20
6049,2014-06-10,60.47,21
6049,2014-06-11,61.14,22
6049,2014-06-13,100.71,23
6049,2014-07-01,89.19,24
6049,2014-07-05,56.42,25
6049,2014-07-12,64.55,26
8147,2013-07-06,6.46,1
8147,2013-11-07,8.43,2
8147,2014-03-15,9.39,3
8147,2014-04-13,5.85,4
8147,2014-08-26,8.86,5
1857,2014-03-06,13.89,1
1857,2014-07-15,15.64,2
1857,2014-07-15,9.47,3
1857,2014-07-17,7.67,4
1857,2014-10-03,13.34,5
5207,2012-10-05,36.11,1
5207,2012-10-11,48.81,2
5207,2012-11-18,46.48,3
5207,2012-12-09,36.31,4
5207,2013-06-24,21.66,5
5207,2013-06-29,30.36,6
5207,2013-09-26,32.64,7
5207,2013-10-30,25.55,8
5207,2013-11-22,38.58,9
5207,2014-01-01,38.73,10
5207,2014-02-06,39.46,11
5207,2014-03-08,35.66,12
5207,2014-03-23,28.97,13
5207,2014-05-24,27.15,14
5207,2014-06-05,38.71,15
5207,2014-06-22,34.05,16
5207,2014-07-06,32.16,17
5207,2014-07-28,30.15,18
5207,2014-08-25,39.46,19
11114,2013-02-08,11.84,1
11114,2013-05-06,5.27,2
11114,2013-05-17,7.43,3
11114,2013-07-29,11.49,4
11114,2014-01-12,7.05,5
11114,2014-07-03,8.93,6
5429,2013-08-20,19.44,1
5429,2013-10-11,23.87,2
5429,2013-10-29,20.39,3
5429,2013-12-02,33.83,4
5429,2014-01-07,17.55,5
5429,2014-01-10,15.22,6
5429,2014-07-30,17.49,7
5429,2014-08-09,19.99,8
5429,2014-09-25,14.23,9
9400,2014-06-21,64.99,1
9400,2014-06-23,57.1,2
9400,2014-07-04,72.67,3
9400,2014-07-08,101.63,4
9400,2014-07-23,72.53,5
9400,2014-07-23,102.98,6
9400,2014-07-23,47.0,7
9400,2014-07-23,74.1,8
9400,2014-07-23,88.04,9
9400,2014-07-23,139.11,10
9400,2014-07-23,69.51,11
9400,2014-07-23,49.12,12
9400,2014-07-23,71.12,13
9400,2014-07-23,77.31,14
9400,2014-07-23,69.07,15
9400,2014-07-23,67.44,16
9400,2014-07-23,56.7,17
9400,2014-07-24,48.59,18
1740,2014-04-07,51.32,1
1740,2014-05-23,59.41,2
1740,2014-05-29,62.97,3
1740,2014-06-21,64.41,4
1740,2014-07-01,66.45,5
1740,2014-07-05,49.32,6
1740,2014-07-21,52.7,7
1740,2014-07-26,107.7,8
1740,2014-08-08,99.27,9
1740,2014-08-14,80.75,10
1740,2014-08-26,74.43,11
1740,2014-09-03,59.0,12
1740,2014-09-06,81.84,13
1740,2014-09-13,51.44,14
7488,2013-01-22,48.47,1
7488,2013-01-31,68.0,2
7488,2013-03-05,62.13,3
7488,2013-03-10,32.67,4
7488,2013-06-30,47.84,5
7488,2013-07-26,26.47,6
7488,2013-07-27,36.59,7
7488,2013-08-14,30.92,8
7488,2013-08-25,27.32,9
7488,2013-09-03,46.74,10
7488,2013-11-01,34.16,11
7488,2014-01-01,25.31,12
7488,2014-02-25,39.58,13
7488,2014-03-01,28.1,14
7488,2014-03-10,24.18,15
7488,2014-03-14,25.46,16
7488,2014-04-11,55.37,17
7488,2014-05-23,40.73,18
7488,2014-06-14,42.07,19
7488,2014-08-05,30.97,20
7488,2014-09-05,36.92,21
195,2012-10-07,29.3,1
195,2013-01-26,16.8,2
195,2013-11-13,27.33,3
195,2013-12-12,29.34,4
195,2013-12-13,18.53,5
195,2014-01-03,19.11,6
195,2014-01-05,22.02,7
195,2014-02-03,17.87,8
195,2014-03-06,18.34,9
195,2014-09-14,17.36,10
635,2013-03-19,32.61,1
635,2013-04-14,46.23,2
635,2013-04-18,36.26,3
635,2013-06-22,26.42,4
635,2013-07-18,27.23,5
635,2013-07-30,39.09,6
635,2013-08-15,26.28,7
635,2013-08-16,22.9,8
635,2013-08-22,37.85,9
635,2013-08-30,28.74,10
635,2013-09-08,25.51,11
635,2013-09-18,29.94,12
635,2013-10-01,25.18,13
635,2013-12-13,33.68,14
635,2014-03-28,30.44,15
635,2014-05-11,30.92,16
635,2014-08-15,40.74,17
7527,2012-11-21,16.97,1
7527,2013-03-07,10.74,2
7527,2013-04-25,9.13,3
7527,2014-02-04,11.55,4
7527,2014-03-25,9.15,5
7527,2014-06-30,10.45,6
10319,2013-02-26,69.07,1
10319,2013-03-17,71.09,2
10319,2013-03-21,44.15,3
10319,2013-03-24,48.49,4
10319,2013-06-02,67.56,5
10319,2013-07-25,48.33,6
10319,2013-08-09,85.84,7
10319,2013-08-19,86.43,8
10319,2013-10-01,62.93,9
10319,2013-12-04,60.62,10
10319,2013-12-20,46.7,11
10319,2014-01-04,61.67,12
10319,2014-01-13,86.88,13
10319,2014-01-19,57.49,14
10319,2014-06-17,49.31,15
10319,2014-06-18,84.18,16
10319,2014-07-29,84.66,17
10319,2014-08-10,110.6,18
2296,2013-12-16,7.16,1
2296,2014-04-06,6.35,2
2296,2014-10-01,6.49,3
10637,2013-01-01,17.49,1
10637,2013-04-14,15.27,2
10637,2013-06-25,7.18,3
10637,2013-08-17,16.3,4
10637,2013-08-19,13.62,5
10637,2014-07-20,19.14,6
2931,2012-10-14,72.47,1
2931,2012-10-27,35.81,2
2931,2012-10-31,34.19,3
2931,2012-12-01,50.77,4
2931,2012-12-10,45.05,5
2931,2013-01-01,30.06,6
2931,2013-01-09,66.34,7
2931,2013-01-29,43.58,8
2931,2013-02-10,57.05,9
2931,2013-02-17,55.07,10
2931,2013-05-11,40.25,11
2931,2013-06-17,31.9,12
2931,2013-07-17,44.65,13
2931,2013-07-19,35.49,14
2931,2013-09-27,55.5,15
2931,2013-10-03,51.44,16
2931,2013-10-23,31.07,17
2931,2013-12-11,35.87,18
2931,2014-04-20,34.43,19
2931,2014-05-19,51.57,20
2931,2014-06-07,32.99,21
2931,2014-07-02,46.44,22
907,2013-11-29,27.06,1
907,2014-01-02,31.49,2
907,2014-01-12,28.72,3
907,2014-02-03,25.45,4
907,2014-02-11,23.06,5
907,2014-05-23,17.74,6
907,2014-05-27,18.68,7
907,2014-05-28,20.09,8
907,2014-06-24,36.96,9
907,2014-06-26,30.18,10
907,2014-07-26,22.38,11
907,2014-08-10,34.21,12
907,2014-08-30,18.99,13
3698,2012-11-14,69.43,1
3698,2012-11-19,108.54,2
3698,2012-11-20,121.98,3
3698,2013-01-31,105.56,4
3698,2013-06-21,97.8,5
3698,2013-08-17,121.46,6
3698,2013-08-27,109.22,7
3698,2013-11-29,143.84,8
3698,2014-01-02,83.93,9
3698,2014-01-15,76.2,10
3698,2014-02-13,80.33,11
3698,2014-02-15,70.88,12
3698,2014-02-16,113.09,13
3698,2014-04-09,182.63,14
3698,2014-05-07,93.99,15
3698,2014-06-10,86.35,16
3698,2014-06-22,128.08,17
3698,2014-09-22,95.68,18
9516,2012-10-11,76.1,1
9516,2012-10-31,29.25,2
9516,2012-11-08,35.44,3
9516,2013-01-07,69.9,4
9516,2013-01-08,26.49,5
9516,2013-01-14,37.47,6
9516,2013-01-23,38.14,7
9516,2013-02-07,34.3,8
9516,2013-02-09,46.72,9
9516,2013-03-07,31.18,10
9516,2013-03-28,45.41,11
9516,2013-05-12,60.94,12
9516,2013-05-25,46.99,13
9516,2013-07-05,41.51,14
9516,2013-07-12,50.96,15
9516,2013-09-29,45.31,16
9516,2013-10-05,22.91,17
9516,2013-10-12,35.45,18
9516,2013-10-17,39.32,19
9516,2013-11-24,45.41,20
9516,2013-12-01,41.55,21
9516,2014-01-27,30.59,22
9516,2014-02-06,43.54,23
9516,2014-02-17,51.02,24
9516,2014-04-15,25.95,25
9516,2014-07-07,58.13,26
679,2012-10-09,9.6,1
679,2013-01-20,11.22,2
679,2013-09-06,9.6,3
679,2014-08-17,6.57,4
7384,2013-07-21,24.9,1
7384,2013-09-17,28.68,2
7384,2013-09-18,22.25,3
7384,2013-10-22,32.11,4
7384,2013-12-23,35.69,5
7384,2014-01-02,35.67,6
7384,2014-01-18,25.51,7
7384,2014-01-19,21.49,8
7384,2014-02-16,25.68,9
7384,2014-04-01,30.53,10
7384,2014-04-01,25.7,11
7384,2014-08-01,33.03,12
7384,2014-08-18,39.73,13
7384,2014-09-02,25.26,14
7384,2014-09-17,31.76,15
5043,2012-11-05,26.26,1
5043,2012-12-30,29.34,2
5043,2013-01-17,33.66,3
5043,2013-01-23,28.04,4
5043,2013-06-01,22.42,5
5043,2013-07-22,25.36,6
5043,2013-10-05,22.57,7
5043,2013-11-07,19.41,8
5043,2013-11-18,33.6,9
5043,2014-02-07,27.67,10
5043,2014-07-08,21.67,11
5267,2013-03-14,8.33,1
5267,2013-08-01,10.38,2
5267,2014-03-18,12.93,3
5267,2014-08-23,7.36,4
339,2012-11-23,23.69,1
339,2012-12-13,37.08,2
339,2012-12-25,30.29,3
339,2013-02-28,27.91,4
339,2013-05-08,32.13,5
339,2013-05-09,40.35,6
339,2013-07-06,28.31,7
339,2013-07-16,28.09,8
339,2013-09-30,32.3,9
339,2013-10-25,34.19,10
339,2013-11-01,35.43,11
339,2013-11-24,27.05,12
339,2014-04-18,28.32,13
339,2014-04-27,26.55,14
339,2014-05-19,27.19,15
339,2014-07-15,33.14,16
2516,2013-06-08,9.09,1
2516,2013-10-14,10.38,2
2516,2014-03-29,6.4,3
2516,2014-05-18,10.13,4
2516,2014-07-13,8.0,5
9010,2013-02-10,102.31,1
9010,2013-03-10,104.2,2
9010,2013-03-24,89.21,3
9010,2013-04-09,101.79,4
9010,2013-05-21,89.54,5
9010,2013-06-21,109.28,6
9010,2013-07-02,183.62,7
9010,2013-07-19,105.74,8
9010,2013-08-17,56.34,9
9010,2013-08-26,93.45,10
9010,2013-09-19,107.16,11
9010,2013-11-20,121.65,12
9010,2013-11-29,75.15,13
9010,2013-12-04,87.36,14
9010,2014-01-23,87.62,15
9010,2014-01-26,72.71,16
9010,2014-04-04,102.14,17
9010,2014-05-23,89.05,18
9010,2014-06-02,92.28,19
9010,2014-06-24,80.73,20
9010,2014-07-04,111.84,21
9010,2014-07-17,72.83,22
378,2012-12-30,34.79,1
378,2013-01-24,25.69,2
378,2013-02-02,26.4,3
378,2013-02-03,42.66,4
378,2013-07-11,39.83,5
378,2013-08-17,30.22,6
378,2013-08-22,45.49,7
378,2013-09-10,27.61,8
378,2013-09-19,29.93,9
378,2013-11-01,19.64,10
378,2013-11-04,36.65,11
378,2013-12-25,41.63,12
378,2014-01-17,55.01,13
378,2014-01-19,47.0,14
378,2014-01-24,34.76,15
378,2014-02-01,32.68,16
378,2014-05-08,36.18,17
378,2014-05-17,25.12,18
378,2014-07-29,37.7,19
4808,2013-09-05,4.99,1
4808,2014-04-20,5.08,2
4808,2014-09-23,3.92,3
7628,2014-03-18,12.02,1
7628,2014-05-27,10.49,2
7628,2014-07-15,11.83,3
7628,2014-07-30,10.08,4
7628,2014-07-30,13.11,5
7628,2014-09-25,10.47,6
7128,2013-12-07,3.7,1
7128,2014-02-16,2.48,2
7128,2014-07-06,3.82,3
2811,2014-04-12,15.08,1
2811,2014-06-18,11.15,2
2811,2014-06-26,8.46,3
2811,2014-08-03,11.68,4
2811,2014-09-14,14.63,5
3551,2014-03-29,15.08,1
3551,2014-04-29,49.38,2
3551,2014-05-28,20.99,3
3551,2014-06-08,12.36,4
3551,2014-06-09,9.49,5
3551,2014-06-10,16.49,6
3551,2014-06-16,13.57,7
3551,2014-09-07,12.64,8
1663,2013-10-25,11.95,1
1663,2014-02-17,5.65,2
1663,2014-03-10,14.49,3
1663,2014-06-30,6.91,4
5543,2013-06-24,26.24,1
5543,2013-07-13,31.41,2
5543,2013-07-20,37.87,3
5543,2013-08-05,26.61,4
5543,2013-09-25,98.32,5
5543,2013-10-08,33.49,6
5543,2013-10-31,41.41,7
5543,2013-11-02,20.54,8
5543,2013-11-28,50.64,9
5543,2013-11-29,39.07,10
5543,2013-12-01,31.12,11
5543,2013-12-24,32.08,12
5543,2014-02-01,36.66,13
5543,2014-03-04,32.37,14
5543,2014-03-24,31.96,15
5543,2014-03-27,21.72,16
5543,2014-05-29,47.23,17
5543,2014-06-29,28.0,18
5543,2014-07-14,22.74,19
5543,2014-08-17,34.53,20
1577,2014-02-19,112.13,1
1577,2014-02-28,81.53,2
1577,2014-04-16,123.34,3
1577,2014-05-03,97.37,4
1577,2014-05-10,123.43,5
1577,2014-05-13,115.01,6
1577,2014-05-25,103.29,7
1577,2014-05-29,171.83,8
1577,2014-06-05,100.54,9
1577,2014-06-09,96.49,10
1577,2014-06-18,124.55,11
1577,2014-06-21,105.5,12
1577,2014-07-13,127.51,13
1577,2014-09-21,158.46,14
10641,2012-12-27,6.02,1
10641,2013-06-02,7.57,2
10641,2013-10-24,3.6,3
10641,2013-11-29,5.36,4
10641,2014-07-29,3.76,5
10641,2014-09-30,5.69,6
5336,2013-06-04,27.97,1
5336,2014-08-29,23.03,2
1878,2014-02-18,4.19,1
1878,2014-04-28,6.75,2
1878,2014-05-24,4.71,3
1878,2014-05-30,7.57,4
1878,2014-07-14,3.78,5
3099,2013-02-25,27.37,1
3099,2013-03-03,22.39,2
3099,2013-06-01,20.59,3
3099,2013-06-02,20.17,4
3099,2013-07-09,29.34,5
3099,2013-08-22,21.04,6
3099,2013-11-13,24.26,7
3099,2013-11-24,19.07,8
3099,2014-04-07,17.79,9
3099,2014-04-22,24.03,10
3099,2014-08-18,34.95,11
6055,2012-11-01,65.17,1
6055,2012-11-15,58.72,2
6055,2012-11-25,50.85,3
6055,2012-12-28,70.23,4
6055,2012-12-31,43.87,5
6055,2013-01-09,62.11,6
6055,2013-01-19,92.55,7
6055,2013-02-23,70.47,8
6055,2013-04-03,64.45,9
6055,2013-05-19,68.36,10
6055,2013-06-14,85.91,11
6055,2013-07-01,64.3,12
6055,2013-07-09,77.58,13
6055,2013-07-22,71.74,14
6055,2013-11-11,62.18,15
6055,2013-11-16,78.78,16
6055,2014-04-17,74.84,17
6055,2014-07-03,70.88,18
5841,2013-06-28,28.76,1
5841,2013-07-17,62.83,2
5841,2013-07-31,24.61,3
5841,2013-08-24,28.29,4
5841,2013-09-10,38.02,5
5841,2013-10-09,39.23,6
5841,2013-10-26,48.54,7
5841,2013-11-19,30.55,8
5841,2013-11-21,41.42,9
5841,2013-12-08,46.23,10
5841,2013-12-23,22.07,11
5841,2014-02-13,29.57,12
5841,2014-03-02,34.11,13
5841,2014-03-15,36.79,14
5841,2014-03-18,32.41,15
5841,2014-04-11,39.9,16
5841,2014-05-15,44.34,17
5841,2014-05-19,39.26,18
5841,2014-05-30,36.87,19
5841,2014-06-03,38.44,20
5841,2014-08-05,35.77,21
3972,2013-04-03,16.01,1
3972,2013-04-20,23.63,2
3972,2013-05-27,24.47,3
3972,2013-07-22,30.16,4
3972,2013-09-03,25.98,5
3972,2013-11-04,37.89,6
3972,2013-12-19,33.12,7
3972,2014-01-22,30.16,8
3972,2014-02-04,23.22,9
3972,2014-02-23,25.51,10
3972,2014-04-09,20.13,11
3972,2014-07-06,22.38,12
3972,2014-07-27,24.34,13
4394,2014-05-23,79.02,1
4394,2014-06-29,35.53,2
4394,2014-07-05,54.57,3
4394,2014-07-07,72.56,4
4394,2014-07-22,44.88,5
4394,2014-07-22,47.46,6
4394,2014-07-23,108.88,7
4394,2014-07-25,67.58,8
4394,2014-07-27,40.94,9
4394,2014-07-28,89.62,10
4394,2014-07-28,99.03,11
4394,2014-07-30,71.36,12
4394,2014-07-30,94.09,13
4394,2014-08-03,61.32,14
4394,2014-08-06,59.51,15
4394,2014-08-06,61.93,16
4394,2014-08-09,66.37,17
4394,2014-08-11,61.87,18
4394,2014-08-11,63.93,19
4394,2014-08-14,65.59,20
4394,2014-08-20,71.46,21
4394,2014-08-23,69.53,22
5758,2014-01-14,32.99,1
5758,2014-01-22,48.59,2
5758,2014-02-02,62.12,3
5758,2014-02-04,35.67,4
5758,2014-02-10,44.97,5
5758,2014-03-17,32.54,6
5758,2014-04-01,50.46,7
5758,2014-04-05,49.5,8
5758,2014-04-10,40.04,9
5758,2014-04-14,35.94,10
5758,2014-04-22,29.69,11
5758,2014-04-30,35.75,12
5758,2014-05-16,56.83,13
5758,2014-05-22,46.25,14
5758,2014-05-26,24.99,15
5758,2014-06-03,60.14,16
5758,2014-06-04,42.49,17
5758,2014-06-17,28.47,18
5758,2014-06-18,41.62,19
5758,2014-06-21,36.23,20
5758,2014-06-23,38.01,21
5758,2014-06-27,47.03,22
5758,2014-06-27,51.96,23
5758,2014-08-05,38.88,24
5758,2014-08-17,41.54,25
5758,2014-09-02,49.09,26
5758,2014-09-12,41.23,27
6658,2013-07-22,27.53,1
6658,2013-09-02,30.87,2
6658,2013-09-04,31.67,3
6658,2013-09-11,49.78,4
6658,2013-09-16,49.59,5
6658,2013-10-08,45.95,6
6658,2013-10-27,41.21,7
6658,2013-12-11,53.57,8
6658,2013-12-22,32.28,9
6658,2013-12-30,36.1,10
6658,2014-02-07,38.97,11
6658,2014-02-25,36.46,12
6658,2014-04-21,53.61,13
6658,2014-05-04,22.88,14
6658,2014-06-07,38.3,15
6658,2014-06-23,51.19,16
6658,2014-07-17,34.48,17
6658,2014-07-28,43.28,18
6658,2014-07-28,62.27,19
6658,2014-08-04,46.07,20
6658,2014-08-10,41.45,21
6658,2014-08-17,44.4,22
6658,2014-08-18,42.7,23
6658,2014-08-26,42.68,24
6658,2014-08-29,42.73,25
4603,2014-01-31,22.3,1
4603,2014-02-28,29.53,2
4603,2014-03-14,63.14,3
4603,2014-03-27,53.92,4
4603,2014-04-09,39.28,5
4603,2014-04-23,21.63,6
4603,2014-05-23,22.45,7
4603,2014-06-03,39.28,8
4603,2014-06-12,31.28,9
4603,2014-06-19,29.86,10
4603,2014-06-24,27.32,11
4603,2014-07-01,26.95,12
4603,2014-07-05,37.84,13
4603,2014-07-12,27.19,14
4603,2014-07-26,35.65,15
4603,2014-08-03,33.24,16
4603,2014-08-05,24.21,17
4603,2014-08-12,32.35,18
4603,2014-08-16,52.57,19
8427,2012-11-23,62.03,1
8427,2012-12-12,75.97,2
8427,2012-12-12,66.89,3
8427,2013-01-01,108.1,4
8427,2013-01-30,82.87,5
8427,2013-02-03,73.97,6
8427,2013-05-01,54.81,7
8427,2013-05-09,74.83,8
8427,2013-05-19,74.25,9
8427,2013-05-22,39.99,10
8427,2013-06-28,68.33,11
8427,2013-08-10,62.5,12
8427,2013-08-18,61.92,13
8427,2013-08-26,66.55,14
8427,2013-09-22,59.99,15
8427,2013-10-26,73.75,16
8427,2013-11-11,83.4,17
8427,2014-02-14,63.13,18
8427,2014-03-20,55.59,19
8427,2014-05-28,65.95,20
8427,2014-06-28,56.22,21
8427,2014-07-19,65.99,22
10260,2013-08-26,19.74,1
10260,2013-10-22,30.68,2
10260,2013-10-27,25.37,3
10260,2013-11-11,23.64,4
10260,2013-12-18,26.6,5
10260,2013-12-19,23.42,6
10260,2014-02-09,27.34,7
10260,2014-03-19,24.93,8
10260,2014-04-02,21.36,9
10260,2014-06-01,32.0,10
10260,2014-06-14,24.13,11
10260,2014-07-23,17.78,12
7143,2013-11-06,33.65,1
7143,2013-12-11,36.7,2
7143,2013-12-20,39.38,3
7143,2013-12-31,29.48,4
7143,2014-02-03,53.65,5
7143,2014-03-09,42.34,6
7143,2014-03-29,30.9,7
7143,2014-04-02,45.97,8
7143,2014-05-29,33.88,9
7143,2014-06-01,35.7,10
7143,2014-06-23,34.05,11
7143,2014-06-25,42.93,12
7143,2014-06-30,36.64,13
7143,2014-07-18,29.24,14
7143,2014-08-08,32.35,15
7143,2014-08-18,33.07,16
7143,2014-08-19,50.08,17
7143,2014-08-29,33.33,18
7143,2014-09-03,36.87,19
7143,2014-09-13,37.14,20
7143,2014-09-21,35.63,21
8789,2014-01-11,34.06,1
8789,2014-03-11,23.02,2
8789,2014-04-01,26.79,3
8789,2014-04-02,27.59,4
8789,2014-04-30,30.36,5
8789,2014-05-12,17.35,6
8789,2014-05-22,29.45,7
8789,2014-05-26,19.49,8
8789,2014-06-20,18.62,9
8789,2014-07-16,15.71,10
8789,2014-07-20,19.57,11
6197,2013-04-20,14.54,1
6197,2013-07-18,7.4,2
6197,2013-07-25,9.53,3
6197,2014-03-05,7.18,4
6197,2014-07-07,8.53,5
6197,2014-08-27,6.83,6
4554,2013-10-01,18.71,1
4554,2013-11-01,28.01,2
4554,2013-11-15,33.81,3
4554,2013-12-27,29.22,4
4554,2013-12-30,23.44,5
4554,2014-02-04,30.53,6
4554,2014-03-17,28.31,7
4554,2014-03-22,25.94,8
4554,2014-03-31,26.26,9
4554,2014-04-21,28.09,10
4554,2014-04-27,23.64,11
4554,2014-05-29,34.35,12
4554,2014-07-08,27.68,13
4937,2014-06-10,8.75,1
4937,2014-08-03,10.46,2
4937,2014-08-03,10.39,3
4937,2014-08-04,9.4,4
8749,2014-02-01,10.33,1
8749,2014-05-17,9.56,2
8749,2014-06-24,9.56,3
8749,2014-07-29,11.55,4
1650,2013-04-22,55.71,1
1650,2013-04-27,51.81,2
1650,2013-05-08,77.44,3
1650,2013-05-27,58.44,4
1650,2013-06-12,63.59,5
1650,2013-06-28,53.31,6
1650,2013-06-28,56.78,7
1650,2013-08-22,78.46,8
1650,2013-09-28,64.47,9
1650,2013-10-25,46.61,10
1650,2013-10-28,50.13,11
1650,2013-11-18,52.49,12
1650,2013-11-21,46.58,13
1650,2013-11-23,89.12,14
1650,2013-11-25,96.2,15
1650,2014-02-15,58.1,16
1650,2014-02-24,39.28,17
1650,2014-04-01,59.32,18
1650,2014-04-04,68.2,19
1650,2014-06-14,58.1,20
1650,2014-07-12,35.01,21
1650,2014-07-13,47.21,22
1650,2014-07-19,49.34,23
1650,2014-07-22,44.14,24
1650,2014-07-23,64.12,25
1650,2014-09-22,41.05,26
10377,2013-06-06,24.44,1
10377,2013-07-26,25.45,2
10377,2013-09-01,26.37,3
10377,2013-09-06,20.84,4
10377,2013-10-05,24.69,5
10377,2013-10-13,20.58,6
10377,2013-11-19,27.56,7
10377,2014-03-09,25.49,8
10377,2014-04-15,33.66,9
10377,2014-05-23,19.92,10
10377,2014-06-18,33.45,11
10377,2014-08-29,26.55,12
9206,2014-01-07,24.06,1
9206,2014-01-30,33.89,2
9206,2014-02-09,50.63,3
9206,2014-02-17,45.21,4
9206,2014-03-07,43.33,5
9206,2014-03-11,27.01,6
9206,2014-03-23,34.78,7
9206,2014-04-25,47.44,8
9206,2014-05-01,53.21,9
9206,2014-05-10,35.43,10
9206,2014-05-27,44.87,11
9206,2014-05-28,44.02,12
9206,2014-06-02,48.24,13
9206,2014-06-05,31.52,14
9206,2014-06-14,37.13,15
9206,2014-06-28,29.6,16
9206,2014-07-01,45.43,17
9206,2014-07-10,45.79,18
9206,2014-08-01,38.81,19
9206,2014-08-06,66.43,20
9206,2014-08-13,44.25,21
9206,2014-08-26,42.92,22
9206,2014-08-26,32.45,23
9206,2014-08-30,40.55,24
10971,2012-10-09,46.68,1
10971,2012-12-27,13.96,2
10971,2013-02-11,32.43,3
10971,2013-03-04,19.2,4
10971,2013-04-25,27.97,5
10971,2013-04-28,14.23,6
10971,2013-05-27,18.98,7
10971,2013-06-09,20.25,8
10971,2013-08-29,33.32,9
10971,2013-10-08,22.24,10
10971,2014-01-21,28.89,11
10971,2014-09-07,18.85,12
6398,2014-03-29,7.02,1
6398,2014-06-03,10.05,2
6398,2014-06-10,9.05,3
6398,2014-07-19,8.39,4
6398,2014-08-31,5.86,5
6398,2014-10-03,5.63,6
9212,2013-02-14,105.22,1
9212,2013-03-23,45.72,2
9212,2013-03-23,69.54,3
9212,2013-04-14,47.62,4
9212,2013-04-23,77.71,5
9212,2013-05-26,46.6,6
9212,2013-06-16,56.38,7
9212,2013-08-16,86.51,8
9212,2013-08-25,116.8,9
9212,2013-09-06,60.26,10
9212,2013-10-12,53.82,11
9212,2013-10-19,39.7,12
9212,2014-02-04,77.64,13
9212,2014-02-05,48.44,14
9212,2014-03-23,46.68,15
9212,2014-03-30,86.94,16
9212,2014-05-08,76.78,17
9212,2014-05-12,63.24,18
9212,2014-06-21,84.78,19
9212,2014-07-30,80.91,20
9212,2014-08-22,57.61,21
9212,2014-09-18,44.11,22
7937,2014-04-18,7.66,1
7937,2014-06-22,7.42,2
7937,2014-06-23,10.46,3
7937,2014-06-26,7.84,4
7937,2014-07-08,11.32,5
7937,2014-07-11,6.3,6
839,2013-09-25,13.91,1
839,2013-11-23,15.12,2
839,2014-01-03,24.51,3
839,2014-01-07,18.62,4
839,2014-01-19,15.02,5
839,2014-03-07,19.02,6
839,2014-03-15,20.31,7
839,2014-08-12,25.49,8
158,2013-11-17,45.69,1
158,2013-12-11,74.23,2
158,2014-01-10,67.63,3
158,2014-01-23,78.82,4
158,2014-02-16,82.83,5
158,2014-02-27,58.58,6
158,2014-03-03,63.42,7
158,2014-03-07,59.48,8
158,2014-05-30,57.53,9
158,2014-06-18,76.02,10
158,2014-06-20,85.58,11
158,2014-07-07,50.61,12
158,2014-07-14,124.71,13
158,2014-07-21,71.95,14
158,2014-08-28,36.21,15
158,2014-10-02,65.73,16
4832,2014-03-07,5.81,1
4832,2014-05-09,8.98,2
4832,2014-05-10,11.04,3
4832,2014-06-14,8.36,4
4832,2014-06-19,8.37,5
4832,2014-07-13,12.44,6
5621,2012-12-12,29.03,1
5621,2012-12-22,40.59,2
5621,2013-05-10,23.0,3
5621,2013-05-13,19.28,4
5621,2013-05-17,27.24,5
5621,2013-11-30,18.66,6
5621,2013-12-13,28.29,7
5621,2013-12-24,30.2,8
5621,2014-01-12,23.59,9
5621,2014-04-18,23.06,10
5621,2014-07-15,22.9,11
5621,2014-09-27,30.16,12
1945,2013-09-18,54.14,1
1945,2013-09-24,74.87,2
1945,2013-09-24,88.66,3
1945,2013-10-03,94.65,4
1945,2013-12-16,48.06,5
1945,2014-01-24,82.88,6
1945,2014-02-02,61.09,7
1945,2014-02-19,51.18,8
1945,2014-03-28,55.33,9
1945,2014-04-27,65.05,10
1945,2014-05-03,65.58,11
1945,2014-05-22,89.75,12
1945,2014-07-19,76.52,13
1945,2014-07-30,77.12,14
1945,2014-08-10,53.22,15
1945,2014-08-12,50.3,16
1945,2014-09-12,68.95,17
1945,2014-10-01,74.64,18
5147,2013-07-29,31.4,1
5147,2013-08-21,65.68,2
5147,2013-08-22,43.41,3
5147,2013-08-25,37.3,4
5147,2013-09-12,51.63,5
5147,2013-10-17,48.05,6
5147,2013-11-05,51.9,7
5147,2013-11-07,38.4,8
5147,2013-11-17,73.04,9
5147,2013-11-20,46.85,10
5147,2013-11-26,55.46,11
5147,2013-11-30,76.16,12
5147,2013-12-08,57.41,13
5147,2014-01-05,35.93,14
5147,2014-01-20,48.53,15
5147,2014-02-16,53.29,16
5147,2014-02-19,47.48,17
5147,2014-02-22,50.41,18
5147,2014-04-08,30.94,19
5147,2014-04-15,37.83,20
5147,2014-04-28,61.25,21
5147,2014-05-29,52.87,22
5147,2014-06-09,40.25,23
5147,2014-06-15,44.19,24
5147,2014-07-14,79.15,25
5147,2014-08-09,72.17,26
2535,2012-10-09,39.38,1
2535,2012-11-08,34.54,2
2535,2012-11-30,52.06,3
2535,2012-12-15,32.52,4
2535,2013-02-23,37.04,5
2535,2013-02-25,39.43,6
2535,2013-04-19,44.27,7
2535,2013-08-04,29.37,8
2535,2013-08-05,45.8,9
2535,2013-08-29,53.93,10
2535,2013-10-03,40.51,11
2535,2013-12-18,49.57,12
2535,2013-12-25,45.18,13
2535,2014-02-03,36.66,14
2535,2014-03-27,29.56,15
2535,2014-04-03,45.64,16
2535,2014-04-16,40.56,17
2535,2014-07-09,41.46,18
2535,2014-09-11,31.52,19
11039,2013-09-17,21.44,1
11039,2013-11-11,19.92,2
11039,2013-12-14,18.26,3
11039,2014-03-14,20.2,4
11039,2014-03-20,21.99,5
11039,2014-03-20,24.84,6
11039,2014-04-18,29.95,7
11039,2014-04-27,24.99,8
11039,2014-05-02,29.97,9
11039,2014-05-04,38.11,10
11039,2014-08-15,20.34,11
9495,2013-05-08,64.08,1
9495,2013-05-30,64.28,2
9495,2013-06-21,124.9,3
9495,2013-07-08,50.54,4
9495,2013-08-05,61.7,5
9495,2013-09-03,58.57,6
9495,2013-11-28,63.88,7
9495,2013-12-03,75.12,8
9495,2013-12-08,75.57,9
9495,2013-12-26,66.73,10
9495,2014-01-21,60.67,11
9495,2014-04-12,74.05,12
9495,2014-04-14,56.95,13
9495,2014-06-27,63.56,14
9495,2014-06-29,91.99,15
9495,2014-09-06,64.41,16
9635,2014-04-20,14.12,1
9635,2014-07-05,18.52,2
9635,2014-07-11,21.03,3
9635,2014-07-11,14.99,4
9635,2014-07-19,17.31,5
9635,2014-08-03,15.64,6
9635,2014-09-22,13.39,7
2173,2013-10-16,12.03,1
2173,2014-02-24,7.4,2
2173,2014-05-19,5.26,3
2173,2014-09-12,4.31,4
942,2013-01-02,19.75,1
942,2013-02-17,25.83,2
942,2013-04-23,28.21,3
942,2013-05-16,15.94,4
942,2013-05-23,19.53,5
942,2013-06-08,34.77,6
942,2014-04-25,30.15,7
942,2014-05-20,24.47,8
942,2014-06-27,19.47,9
942,2014-08-05,23.74,10
942,2014-08-30,21.14,11
9386,2014-05-29,23.92,1
9386,2014-06-07,19.68,2
9386,2014-07-08,17.76,3
9386,2014-07-08,18.53,4
9386,2014-07-08,34.15,5
9386,2014-07-08,24.85,6
9386,2014-07-08,29.98,7
9386,2014-07-08,23.48,8
9386,2014-07-08,20.26,9
9386,2014-07-08,38.11,10
9386,2014-07-08,28.49,11
9386,2014-07-09,25.78,12
5510,2012-11-21,29.09,1
5510,2012-12-28,20.63,2
5510,2013-01-16,29.35,3
5510,2013-04-13,21.58,4
5510,2013-04-29,32.41,5
5510,2013-05-05,21.17,6
5510,2013-05-30,22.19,7
5510,2013-06-01,25.89,8
5510,2013-06-07,25.89,9
5510,2013-08-06,29.75,10
5510,2013-10-28,23.98,11
5510,2013-12-19,29.72,12
5510,2014-10-03,27.35,13
2253,2013-02-16,11.29,1
2253,2013-05-17,13.22,2
2253,2013-06-23,15.54,3
2253,2013-08-05,13.32,4
2253,2014-09-20,13.63,5
5181,2013-03-20,6.82,1
5181,2014-05-04,5.93,2
5181,2014-08-08,6.25,3
10390,2013-02-10,6.29,1
10390,2013-07-10,5.48,2
10390,2013-09-21,5.58,3
10390,2014-09-08,6.66,4
7793,2013-08-31,40.39,1
7793,2013-09-12,37.61,2
7793,2013-10-03,36.38,3
7793,2013-10-07,28.73,4
7793,2013-11-15,32.1,5
7793,2013-12-13,29.37,6
7793,2014-02-18,36.65,7
7793,2014-02-22,57.59,8
7793,2014-04-02,42.94,9
7793,2014-04-09,28.99,10
7793,2014-04-28,43.06,11
7793,2014-05-24,33.17,12
7793,2014-05-31,44.84,13
7793,2014-06-11,46.01,14
7793,2014-07-13,33.12,15
7793,2014-07-16,29.26,16
7793,2014-07-18,37.85,17
7793,2014-07-23,21.09,18
7793,2014-07-26,31.31,19
7793,2014-08-14,36.53,20
7793,2014-09-23,34.99,21
10590,2013-03-30,60.53,1
10590,2013-05-06,64.5,2
10590,2013-05-10,40.08,3
10590,2013-05-26,67.7,4
10590,2013-07-19,115.28,5
10590,2013-08-29,49.43,6
10590,2013-09-05,44.82,7
10590,2013-09-20,68.99,8
10590,2013-09-23,52.9,9
10590,2013-11-01,83.88,10
10590,2013-11-23,72.21,11
10590,2013-12-09,61.54,12
10590,2013-12-15,70.55,13
10590,2014-01-01,50.67,14
10590,2014-02-04,68.78,15
10590,2014-02-10,62.84,16
10590,2014-03-28,70.92,17
10590,2014-04-06,58.73,18
10590,2014-04-08,76.61,19
10590,2014-04-10,71.13,20
10590,2014-04-18,103.63,21
10590,2014-07-06,53.29,22
5080,2013-10-21,70.95,1
5080,2013-11-17,69.13,2
5080,2013-11-26,70.23,3
5080,2013-12-22,68.72,4
5080,2014-01-07,98.67,5
5080,2014-01-14,106.19,6
5080,2014-01-23,71.2,7
5080,2014-02-21,68.54,8
5080,2014-04-28,78.58,9
5080,2014-05-22,61.92,10
5080,2014-05-27,47.73,11
5080,2014-05-30,69.74,12
5080,2014-07-16,73.23,13
5080,2014-07-22,39.73,14
5080,2014-07-27,48.3,15
5080,2014-09-23,75.17,16
8369,2012-11-08,4.51,1
8369,2013-12-03,6.16,2
8369,2014-09-14,6.33,3
5232,2014-01-27,19.94,1
5232,2014-02-11,27.97,2
5232,2014-04-11,21.5,3
5232,2014-04-18,16.41,4
5232,2014-04-19,22.72,5
5232,2014-05-27,20.49,6
5232,2014-06-10,23.65,7
5232,2014-06-27,23.07,8
5232,2014-07-15,22.79,9
5232,2014-09-12,22.46,10
2407,2012-11-09,103.59,1
2407,2012-12-06,66.74,2
2407,2012-12-21,43.91,3
2407,2013-01-03,104.18,4
2407,2013-01-23,52.51,5
2407,2013-03-05,100.07,6
2407,2013-03-25,70.39,7
2407,2013-05-14,56.62,8
2407,2013-08-12,53.03,9
2407,2013-10-15,94.08,10
2407,2013-12-01,51.06,11
2407,2013-12-27,70.15,12
2407,2013-12-28,83.77,13
2407,2014-01-11,74.13,14
2407,2014-01-30,73.11,15
2407,2014-03-10,87.1,16
2407,2014-07-06,83.76,17
2407,2014-08-10,76.46,18
2407,2014-09-25,115.33,19
3834,2013-03-17,34.63,1
3834,2013-04-05,41.58,2
3834,2013-04-20,46.63,3
3834,2013-05-03,32.75,4
3834,2013-05-18,54.26,5
3834,2013-05-25,48.36,6
3834,2013-07-22,38.18,7
3834,2013-08-25,30.97,8
3834,2013-09-09,52.93,9
3834,2013-09-12,41.41,10
3834,2013-11-23,43.21,11
3834,2013-12-07,28.51,12
3834,2013-12-18,33.63,13
3834,2014-01-29,33.99,14
3834,2014-03-04,37.14,15
3834,2014-03-23,50.55,16
3834,2014-04-06,37.98,17
3834,2014-05-24,48.64,18
3834,2014-06-17,22.57,19
3834,2014-07-17,27.85,20
3834,2014-08-31,22.24,21
7912,2013-04-22,13.88,1
7912,2013-06-28,14.19,2
7912,2013-06-29,10.22,3
7912,2013-08-27,13.5,4
7912,2014-05-05,5.79,5
7912,2014-07-28,12.42,6
7712,2014-04-28,23.83,1
7712,2014-05-06,36.0,2
7712,2014-05-28,32.21,3
7712,2014-06-17,27.6,4
7712,2014-07-01,40.57,5
7712,2014-07-03,30.75,6
7712,2014-07-04,28.68,7
7712,2014-07-09,26.81,8
7712,2014-07-10,27.61,9
7712,2014-07-12,46.75,10
7712,2014-07-13,36.73,11
7712,2014-07-17,26.62,12
7712,2014-07-19,31.01,13
7712,2014-07-20,37.77,14
7712,2014-07-22,43.29,15
7712,2014-07-26,37.9,16
7712,2014-07-27,28.42,17
7712,2014-07-29,42.44,18
1065,2013-12-29,91.49,1
1065,2014-01-30,101.69,2
1065,2014-02-07,141.84,3
1065,2014-02-15,141.52,4
1065,2014-03-01,117.91,5
1065,2014-03-04,95.1,6
1065,2014-03-04,105.23,7
1065,2014-03-06,101.1,8
1065,2014-03-14,111.01,9
1065,2014-03-14,91.57,10
1065,2014-03-29,106.3,11
1065,2014-04-05,76.79,12
1065,2014-04-20,64.09,13
1065,2014-04-24,100.26,14
1065,2014-05-07,97.73,15
1065,2014-05-31,84.87,16
1065,2014-06-16,122.82,17
1065,2014-07-12,148.67,18
7275,2013-10-04,16.55,1
7275,2013-12-17,11.94,2
7275,2014-01-06,18.99,3
7275,2014-05-11,19.99,4
7275,2014-05-26,20.12,5
7275,2014-07-22,9.78,6
7275,2014-09-01,21.62,7
1343,2012-10-11,45.07,1
1343,2012-11-11,31.54,2
1343,2012-11-19,35.9,3
1343,2012-12-19,31.6,4
1343,2013-02-10,41.72,5
1343,2013-02-17,42.22,6
1343,2013-03-19,18.95,7
1343,2013-04-02,23.81,8
1343,2013-05-26,29.04,9
1343,2013-06-20,32.82,10
1343,2013-07-11,21.05,11
1343,2013-07-11,29.7,12
1343,2013-08-27,23.0,13
1343,2013-10-02,29.27,14
1343,2013-11-06,28.27,15
1343,2014-08-11,34.08,16
1384,2013-11-23,9.97,1
1384,2014-03-20,5.92,2
1384,2014-05-24,6.52,3
1384,2014-06-15,8.58,4
1384,2014-09-25,9.01,5
9967,2013-05-30,27.49,1
9967,2013-07-10,22.57,2
9967,2013-07-13,19.66,3
9967,2013-10-13,25.32,4
9967,2013-11-06,37.54,5
9967,2013-12-01,32.07,6
9967,2014-03-01,52.5,7
9967,2014-03-07,30.41,8
9967,2014-03-14,41.41,9
9967,2014-04-04,23.51,10
9967,2014-05-05,18.45,11
9967,2014-06-17,17.56,12
9967,2014-06-27,22.12,13
9967,2014-09-05,26.37,14
6181,2012-11-06,32.6,1
6181,2012-11-21,25.98,2
6181,2012-12-30,48.4,3
6181,2013-01-07,21.45,4
6181,2013-01-16,25.78,5
6181,2013-01-25,38.31,6
6181,2013-02-27,35.64,7
6181,2013-04-10,25.47,8
6181,2013-04-20,28.95,9
6181,2013-05-06,31.51,10
6181,2013-07-09,41.48,11
6181,2013-07-10,46.05,12
6181,2013-07-14,59.65,13
6181,2013-08-15,27.67,14
6181,2013-10-11,28.13,15
6181,2013-12-09,31.3,16
6181,2013-12-19,33.97,17
6181,2013-12-21,38.64,18
6181,2013-12-23,43.0,19
6181,2014-03-19,36.49,20
6181,2014-06-11,33.23,21
6181,2014-06-25,36.2,22
6181,2014-07-08,50.26,23
6181,2014-07-16,28.69,24
6181,2014-07-22,27.74,25
6181,2014-08-30,34.41,26
10507,2013-07-25,62.44,1
10507,2013-09-20,57.35,2
10507,2013-10-14,146.9,3
10507,2013-12-21,39.71,4
10507,2014-04-16,93.91,5
10507,2014-04-17,61.24,6
10507,2014-04-28,43.39,7
10507,2014-05-13,55.97,8
10507,2014-06-11,70.91,9
10507,2014-07-03,60.66,10
10507,2014-09-21,81.5,11
2674,2012-10-22,60.86,1
2674,2012-12-29,73.6,2
2674,2013-01-05,50.16,3
2674,2013-02-09,72.63,4
2674,2013-07-10,58.57,5
2674,2013-07-20,50.2,6
2674,2013-08-11,89.94,7
2674,2013-08-28,59.33,8
2674,2013-10-16,63.9,9
2674,2013-12-03,67.9,10
2674,2013-12-12,77.28,11
2674,2013-12-24,72.73,12
2674,2014-03-23,76.63,13
2674,2014-03-29,82.66,14
2674,2014-07-18,104.63,15
2698,2013-11-07,24.87,1
2698,2013-11-15,27.35,2
2698,2013-12-28,32.85,3
2698,2014-01-08,32.21,4
2698,2014-01-08,18.33,5
2698,2014-01-25,22.85,6
2698,2014-01-31,28.15,7
2698,2014-02-01,27.64,8
2698,2014-03-14,26.87,9
2698,2014-03-27,37.42,10
2698,2014-06-20,35.57,11
2698,2014-07-08,30.63,12
2698,2014-07-24,19.54,13
2698,2014-08-14,24.73,14
3231,2013-11-25,9.47,1
3231,2014-01-28,5.15,2
3231,2014-03-19,4.98,3
3231,2014-06-30,3.4,4
10476,2014-05-13,27.0,1
10476,2014-05-23,24.99,2
10476,2014-07-29,23.74,3
10476,2014-08-01,16.65,4
10476,2014-08-06,23.54,5
10476,2014-08-09,20.32,6
10476,2014-08-17,20.91,7
10476,2014-09-19,21.44,8
10476,2014-09-21,22.8,9
10476,2014-10-05,19.62,10
5948,2014-04-29,17.26,1
5948,2014-06-15,35.15,2
5948,2014-06-28,18.54,3
5948,2014-06-28,23.29,4
5948,2014-06-29,22.62,5
5948,2014-06-29,18.12,6
5948,2014-06-29,20.24,7
5948,2014-06-29,17.46,8
5948,2014-06-30,29.43,9
5948,2014-07-01,17.9,10
9140,2013-12-25,12.88,1
9140,2014-04-09,17.17,2
9140,2014-05-11,11.84,3
9140,2014-06-02,14.75,4
9140,2014-06-03,18.08,5
9140,2014-07-08,15.28,6
4743,2013-03-03,37.11,1
4743,2013-04-09,44.78,2
4743,2013-04-11,31.25,3
4743,2013-04-26,33.09,4
4743,2013-04-27,37.47,5
4743,2013-05-22,25.51,6
4743,2013-07-02,27.98,7
4743,2013-07-15,21.5,8
4743,2013-07-15,39.67,9
4743,2013-08-26,29.15,10
4743,2013-09-10,74.76,11
4743,2013-10-03,50.73,12
4743,2013-10-03,31.7,13
4743,2013-10-13,41.26,14
4743,2014-01-03,54.16,15
4743,2014-01-07,33.56,16
4743,2014-02-04,29.2,17
4743,2014-02-12,37.98,18
4743,2014-02-15,34.95,19
4743,2014-03-23,59.91,20
4743,2014-05-03,42.41,21
4743,2014-06-21,37.87,22
4743,2014-07-25,27.0,23
8805,2012-12-02,24.09,1
8805,2012-12-12,28.51,2
8805,2012-12-13,36.81,3
8805,2013-03-09,27.45,4
8805,2013-04-03,27.22,5
8805,2013-05-06,27.18,6
8805,2013-05-10,29.08,7
8805,2013-07-22,28.93,8
8805,2013-09-13,20.01,9
8805,2014-01-27,17.64,10
8805,2014-04-27,21.43,11
8805,2014-08-02,27.38,12
8805,2014-10-04,28.29,13
1542,2013-12-30,28.62,1
1542,2014-02-19,32.07,2
1542,2014-02-27,25.26,3
1542,2014-02-28,21.54,4
1542,2014-03-09,29.08,5
1542,2014-03-23,24.31,6
1542,2014-04-24,14.53,7
1542,2014-04-29,22.71,8
1542,2014-05-23,19.59,9
1542,2014-05-25,21.3,10
1542,2014-05-28,31.49,11
1542,2014-07-03,31.09,12
1542,2014-07-03,48.66,13
1542,2014-09-09,38.76,14
6770,2013-08-20,6.84,1
6770,2013-11-14,7.39,2
6770,2014-03-09,7.94,3
6770,2014-04-29,8.26,4
6770,2014-09-30,6.57,5
8773,2013-06-25,26.39,1
8773,2013-08-04,30.7,2
8773,2013-10-15,27.77,3
8773,2013-11-27,16.88,4
8773,2013-12-18,26.92,5
8773,2013-12-26,14.28,6
8773,2014-01-27,22.9,7
8773,2014-02-26,27.66,8
8773,2014-03-19,23.86,9
8773,2014-04-07,23.31,10
8773,2014-05-27,20.7,11
8773,2014-09-13,36.63,12
10475,2013-04-01,34.2,1
10475,2013-05-25,28.46,2
10475,2013-06-16,18.55,3
10475,2013-08-22,18.16,4
10475,2013-11-25,35.11,5
10475,2013-12-08,29.82,6
10475,2014-03-22,17.89,7
10475,2014-04-02,18.09,8
10475,2014-04-22,25.66,9
10475,2014-05-01,20.93,10
10475,2014-07-06,27.06,11
10475,2014-08-27,29.07,12
10420,2014-05-05,25.19,1
10420,2014-05-06,19.35,2
10420,2014-07-08,16.46,3
10420,2014-07-17,21.2,4
10420,2014-07-27,15.89,5
10420,2014-07-30,14.73,6
10420,2014-07-30,26.58,7
10420,2014-08-03,24.76,8
10420,2014-08-10,19.84,9
7514,2013-07-03,17.59,1
7514,2013-07-21,17.19,2
7514,2013-09-06,16.92,3
7514,2013-09-29,14.31,4
7514,2013-12-27,19.62,5
7514,2014-01-13,25.03,6
7514,2014-01-31,15.51,7
7514,2014-07-23,22.83,8
2902,2013-05-08,10.73,1
2902,2013-09-18,9.65,2
2902,2013-11-06,6.79,3
2902,2014-07-10,11.83,4
4345,2014-01-12,6.47,1
4345,2014-05-22,5.09,2
4345,2014-08-17,5.44,3
793,2012-10-06,6.79,1
793,2013-02-22,8.45,2
793,2013-04-30,8.11,3
793,2014-01-02,7.85,4
793,2014-09-11,9.8,5
10909,2014-01-15,105.99,1
10909,2014-01-31,95.2,2
10909,2014-02-11,83.96,3
10909,2014-02-17,72.9,4
10909,2014-04-12,74.47,5
10909,2014-05-06,57.42,6
10909,2014-05-11,75.43,7
10909,2014-05-15,82.34,8
10909,2014-05-17,79.56,9
10909,2014-05-24,78.51,10
10909,2014-05-26,93.96,11
10909,2014-05-28,101.84,12
10909,2014-06-02,81.36,13
10909,2014-06-24,122.21,14
10909,2014-06-28,121.11,15
10909,2014-07-17,68.3,16
10909,2014-07-23,137.23,17
10909,2014-07-28,86.73,18
10909,2014-08-08,96.91,19
10909,2014-09-26,64.57,20
3769,2014-03-02,10.44,1
3769,2014-06-10,11.53,2
3769,2014-07-09,6.61,3
3769,2014-09-18,10.42,4
4791,2012-12-16,8.73,1
4791,2013-03-24,12.11,2
4791,2013-11-21,6.66,3
4791,2014-08-31,11.49,4
8216,2013-10-11,19.1,1
8216,2013-11-13,24.45,2
8216,2014-02-23,21.35,3
8216,2014-05-09,24.55,4
8216,2014-06-06,26.92,5
8216,2014-06-08,20.32,6
8216,2014-06-11,14.92,7
8216,2014-07-06,23.12,8
8216,2014-08-04,19.1,9
8216,2014-09-09,20.08,10
8216,2014-09-28,40.08,11
8140,2013-10-03,6.16,1
8140,2014-02-26,10.29,2
8140,2014-03-27,10.55,3
8140,2014-04-17,6.6,4
8140,2014-07-11,7.08,5
8140,2014-07-12,8.4,6
8140,2014-08-15,9.91,7
10146,2014-03-02,7.71,1
10146,2014-05-20,9.2,2
10146,2014-05-31,8.33,3
10146,2014-09-18,13.76,4
5289,2012-11-09,8.33,1
5289,2013-07-03,9.44,2
5289,2013-08-04,11.74,3
5289,2014-09-05,13.49,4
2587,2014-05-15,3.67,1
2587,2014-07-19,1.88,2
2587,2014-08-06,3.65,3
2587,2014-08-17,6.24,4
2587,2014-09-14,4.56,5
4405,2013-07-30,36.97,1
4405,2013-09-09,32.92,2
4405,2013-09-21,45.43,3
4405,2013-09-22,32.28,4
4405,2013-10-28,26.54,5
4405,2013-11-14,58.75,6
4405,2013-12-12,37.87,7
4405,2014-01-01,37.18,8
4405,2014-02-12,27.99,9
4405,2014-03-06,22.16,10
4405,2014-03-08,31.11,11
4405,2014-03-09,31.03,12
4405,2014-03-16,44.97,13
4405,2014-04-09,35.51,14
4405,2014-04-21,26.96,15
4405,2014-04-27,35.34,16
4405,2014-05-13,38.84,17
4405,2014-06-20,44.29,18
4405,2014-07-13,34.76,19
4405,2014-08-07,30.02,20
4405,2014-10-03,63.1,21
8663,2014-05-22,3.73,1
8663,2014-07-11,5.4,2
8663,2014-07-12,4.87,3
2589,2014-02-07,9.57,1
2589,2014-04-17,12.98,2
2589,2014-05-03,8.62,3
2589,2014-05-18,6.7,4
2589,2014-06-02,9.86,5
2589,2014-08-01,9.27,6
10490,2012-12-10,25.85,1
10490,2013-01-21,17.37,2
10490,2013-02-14,18.23,3
10490,2013-03-10,24.99,4
10490,2013-03-11,22.83,5
10490,2013-05-29,26.98,6
10490,2013-07-31,29.09,7
10490,2013-08-04,27.83,8
10490,2014-03-11,19.52,9
10490,2014-05-24,30.13,10
10490,2014-07-05,32.61,11
10490,2014-09-24,32.56,12
4094,2012-10-06,24.14,1
4094,2012-10-29,27.14,2
4094,2012-12-21,31.6,3
4094,2013-03-27,20.63,4
4094,2013-07-09,18.61,5
4094,2013-11-09,17.97,6
4094,2013-12-14,24.68,7
4094,2014-01-16,12.04,8
4094,2014-02-26,25.26,9
4094,2014-03-21,23.28,10
4094,2014-07-05,28.66,11
2534,2014-04-21,21.96,1
2534,2014-05-28,13.54,2
2534,2014-07-29,21.53,3
2534,2014-08-21,19.02,4
2534,2014-08-28,21.12,5
2534,2014-08-29,14.46,6
2534,2014-08-31,18.15,7
2534,2014-10-01,17.22,8
4188,2012-10-18,24.42,1
4188,2012-11-20,24.4,2
4188,2013-02-02,21.66,3
4188,2013-05-22,28.62,4
4188,2013-06-22,21.43,5
4188,2013-08-13,18.59,6
4188,2013-11-21,30.74,7
4188,2014-01-26,29.71,8
4188,2014-05-01,26.45,9
4188,2014-05-03,16.05,10
4188,2014-08-13,22.94,11
6613,2012-10-12,39.38,1
6613,2012-10-16,32.8,2
6613,2012-10-31,27.59,3
6613,2012-12-06,37.08,4
6613,2013-02-18,30.19,5
6613,2013-03-07,39.99,6
6613,2013-05-25,26.51,7
6613,2013-06-02,39.49,8
6613,2013-06-26,31.05,9
6613,2013-08-22,22.52,10
6613,2013-08-28,33.4,11
6613,2013-11-13,36.33,12
6613,2013-12-10,22.66,13
6613,2013-12-18,49.07,14
6613,2014-01-06,42.98,15
6613,2014-01-23,64.1,16
6613,2014-03-09,43.31,17
6613,2014-03-31,35.56,18
6613,2014-05-15,20.36,19
6613,2014-08-27,38.66,20
10827,2012-11-05,11.12,1
10827,2012-12-23,9.08,2
10827,2013-06-06,17.99,3
10827,2013-06-15,26.76,4
10827,2014-03-29,20.25,5
10827,2014-06-17,15.4,6
10827,2014-08-17,16.4,7
8402,2013-12-17,32.12,1
8402,2014-01-26,26.01,2
8402,2014-01-31,44.2,3
8402,2014-02-08,37.47,4
8402,2014-02-23,37.14,5
8402,2014-03-03,43.29,6
8402,2014-03-11,32.24,7
8402,2014-03-11,37.5,8
8402,2014-03-18,58.54,9
8402,2014-03-30,38.52,10
8402,2014-03-31,32.62,11
8402,2014-04-21,41.68,12
8402,2014-05-19,38.63,13
8402,2014-05-26,23.25,14
8402,2014-05-27,47.66,15
8402,2014-07-07,32.6,16
8402,2014-07-16,38.51,17
8402,2014-07-17,41.21,18
8402,2014-08-19,33.95,19
8402,2014-08-26,33.86,20
8783,2012-10-09,18.78,1
8783,2012-10-27,23.63,2
8783,2013-01-31,51.14,3
8783,2013-03-03,29.71,4
8783,2013-04-16,31.57,5
8783,2013-07-21,32.86,6
8783,2013-09-17,30.05,7
8783,2013-11-09,25.52,8
8783,2013-11-11,23.48,9
8783,2014-02-24,24.92,10
8783,2014-04-06,33.86,11
8783,2014-04-18,25.65,12
8783,2014-06-05,37.74,13
8783,2014-07-04,31.13,14
8783,2014-08-26,16.96,15
10010,2012-10-25,15.91,1
10010,2012-11-06,11.81,2
10010,2013-03-31,20.07,3
10010,2013-08-15,16.3,4
10010,2013-10-26,25.05,5
10010,2014-03-26,18.06,6
10010,2014-08-23,13.81,7
618,2012-10-09,31.3,1
618,2012-10-20,31.18,2
618,2012-10-24,37.58,3
618,2012-11-01,40.35,4
618,2012-12-14,30.12,5
618,2013-01-18,40.14,6
618,2013-04-13,33.48,7
618,2013-05-22,33.7,8
618,2013-06-08,33.03,9
618,2013-09-12,40.34,10
618,2013-10-07,21.88,11
618,2013-11-04,32.69,12
618,2013-11-18,40.35,13
618,2013-12-25,36.71,14
618,2014-01-13,50.34,15
618,2014-01-13,36.22,16
618,2014-01-26,41.04,17
618,2014-02-19,29.18,18
618,2014-04-19,44.02,19
618,2014-07-30,47.25,20
618,2014-09-18,51.1,21
361,2014-02-18,5.98,1
361,2014-04-23,4.48,2
361,2014-07-13,5.54,3
4310,2014-01-22,60.13,1
4310,2014-02-19,73.83,2
4310,2014-02-28,80.97,3
4310,2014-03-14,81.71,4
4310,2014-04-28,40.85,5
4310,2014-05-02,62.61,6
4310,2014-05-05,56.91,7
4310,2014-05-11,75.0,8
4310,2014-05-16,69.14,9
4310,2014-05-24,98.56,10
4310,2014-06-13,76.91,11
4310,2014-06-14,66.4,12
4310,2014-06-17,79.61,13
4310,2014-07-24,103.71,14
4310,2014-07-26,43.84,15
4310,2014-08-03,89.14,16
4310,2014-08-04,52.29,17
4310,2014-08-09,66.34,18
4310,2014-09-01,65.27,19
4310,2014-09-10,58.79,20
2678,2013-02-13,18.38,1
2678,2013-03-23,18.15,2
2678,2013-06-26,17.64,3
2678,2013-09-19,27.15,4
2678,2013-09-20,10.86,5
2678,2013-11-19,29.08,6
2678,2014-05-01,18.0,7
2678,2014-08-04,14.73,8
6376,2013-06-10,23.17,1
6376,2013-07-10,31.6,2
6376,2013-08-04,24.13,3
6376,2013-09-26,21.95,4
6376,2013-10-13,36.54,5
6376,2013-10-27,46.49,6
6376,2013-11-24,35.17,7
6376,2013-11-25,35.16,8
6376,2014-02-14,27.25,9
6376,2014-02-16,28.48,10
6376,2014-03-17,22.33,11
6376,2014-03-19,33.52,12
6376,2014-05-19,24.82,13
6376,2014-06-04,31.8,14
6376,2014-07-14,22.58,15
10341,2014-02-23,25.17,1
10341,2014-04-16,12.56,2
10341,2014-05-13,20.5,3
10341,2014-06-02,26.11,4
10341,2014-06-10,19.37,5
10341,2014-06-13,28.04,6
10341,2014-07-20,15.1,7
10341,2014-08-08,12.9,8
10341,2014-08-21,21.24,9
5654,2014-03-16,9.05,1
5654,2014-06-12,6.46,2
5654,2014-07-11,7.0,3
5654,2014-07-27,13.83,4
5654,2014-09-01,7.65,5
4098,2014-01-28,8.9,1
4098,2014-04-24,4.85,2
4098,2014-05-20,7.93,3
4098,2014-06-19,5.7,4
4098,2014-07-11,6.93,5
4098,2014-10-02,8.69,6
5824,2014-04-11,3.16,1
5824,2014-06-24,2.56,2
5824,2014-10-04,2.28,3
7000,2013-10-13,23.73,1
7000,2013-10-22,34.19,2
7000,2013-11-03,39.67,3
7000,2013-12-09,33.81,4
7000,2014-01-10,28.26,5
7000,2014-01-12,23.31,6
7000,2014-01-16,32.4,7
7000,2014-01-23,17.1,8
7000,2014-02-03,26.19,9
7000,2014-02-05,26.36,10
7000,2014-02-18,15.06,11
7000,2014-02-22,23.25,12
7000,2014-03-28,28.45,13
7000,2014-04-27,20.44,14
7000,2014-05-04,30.79,15
7000,2014-05-19,22.86,16
7000,2014-06-28,26.53,17
7000,2014-07-04,22.87,18
7000,2014-07-16,30.66,19
7000,2014-07-27,21.91,20
7000,2014-08-05,22.63,21
7000,2014-09-17,20.53,22
5229,2014-02-16,10.87,1
5229,2014-05-03,7.97,2
5229,2014-06-22,11.32,3
5229,2014-07-16,8.84,4
2428,2013-05-04,13.21,1
2428,2013-09-29,14.2,2
2428,2013-12-28,8.89,3
2428,2014-02-23,11.55,4
2428,2014-05-15,8.64,5
2428,2014-09-12,9.51,6
2836,2013-09-16,4.62,1
2836,2014-04-01,5.06,2
2836,2014-08-05,8.32,3
8418,2014-03-30,11.47,1
8418,2014-06-16,9.19,2
8418,2014-06-28,6.79,3
8418,2014-06-29,8.68,4
8418,2014-08-06,11.87,5
1362,2013-03-04,13.35,1
1362,2013-03-25,28.22,2
1362,2013-04-27,21.73,3
1362,2013-06-23,23.4,4
1362,2013-08-02,46.01,5
1362,2013-10-31,13.37,6
1362,2014-01-21,36.75,7
1362,2014-02-01,28.76,8
1362,2014-02-10,29.24,9
1362,2014-03-03,58.57,10
1362,2014-03-13,21.21,11
1362,2014-03-28,30.08,12
1362,2014-07-22,24.31,13
10033,2014-02-13,8.44,1
10033,2014-04-28,7.37,2
10033,2014-04-28,8.5,3
10033,2014-08-12,3.68,4
9349,2013-12-19,64.15,1
9349,2014-01-20,63.3,2
9349,2014-01-31,35.96,3
9349,2014-02-16,63.14,4
9349,2014-02-19,45.85,5
9349,2014-03-01,46.79,6
9349,2014-03-06,53.32,7
9349,2014-04-02,50.97,8
9349,2014-04-05,56.14,9
9349,2014-04-12,33.36,10
9349,2014-04-15,41.07,11
9349,2014-04-29,34.52,12
9349,2014-05-11,53.55,13
9349,2014-05-25,62.82,14
9349,2014-05-30,50.37,15
9349,2014-06-03,41.5,16
9349,2014-06-04,49.64,17
9349,2014-06-10,47.21,18
9349,2014-06-28,51.18,19
9349,2014-06-30,37.81,20
9349,2014-07-03,54.65,21
9349,2014-07-13,51.71,22
274,2013-12-23,8.18,1
274,2014-03-15,6.67,2
274,2014-05-08,6.3,3
274,2014-06-27,5.46,4
274,2014-07-22,5.39,5
3388,2013-10-30,21.86,1
3388,2013-11-19,24.49,2
3388,2014-01-12,25.37,3
3388,2014-05-12,29.36,4
3388,2014-05-13,20.88,5
3388,2014-05-18,17.14,6
3388,2014-05-18,20.07,7
3388,2014-06-27,16.94,8
3388,2014-07-02,18.41,9
3388,2014-07-10,41.97,10
3388,2014-07-20,30.18,11
3388,2014-09-19,25.32,12
922,2013-05-04,6.24,1
922,2013-11-05,7.22,2
922,2013-12-12,10.25,3
922,2014-07-18,8.29,4
2518,2013-01-25,4.91,1
2518,2013-05-19,7.15,2
2518,2014-09-19,7.94,3
574,2014-04-23,10.62,1
574,2014-06-23,24.49,2
574,2014-06-27,11.98,3
574,2014-06-28,19.97,4
574,2014-06-29,11.44,5
574,2014-07-01,11.5,6
5967,2013-07-18,8.74,1
5967,2013-09-20,8.63,2
5967,2014-03-15,10.48,3
5967,2014-04-06,9.29,4
5967,2014-04-16,12.09,5
5967,2014-08-06,12.77,6
1183,2013-09-21,8.73,1
1183,2014-02-26,4.78,2
1183,2014-09-24,5.49,3
6856,2012-11-01,5.07,1
6856,2013-01-16,7.55,2
6856,2013-10-03,10.37,3
6856,2014-02-13,7.1,4
6856,2014-03-16,8.56,5
6856,2014-07-22,7.34,6
4530,2012-10-24,106.05,1
4530,2012-11-08,100.75,2
4530,2012-11-16,72.02,3
4530,2012-12-20,106.78,4
4530,2013-01-20,94.15,5
4530,2013-02-04,88.63,6
4530,2013-03-11,65.06,7
4530,2013-04-05,88.4,8
4530,2013-04-26,90.63,9
4530,2013-05-03,117.25,10
4530,2013-09-04,118.73,11
4530,2013-09-08,63.09,12
4530,2013-10-15,72.73,13
4530,2013-11-28,60.8,14
4530,2014-01-10,118.72,15
4530,2014-02-07,122.75,16
4530,2014-06-15,67.96,17
4530,2014-06-26,53.4,18
4530,2014-07-26,82.78,19
4530,2014-08-30,101.32,20
1553,2013-09-27,98.38,1
1553,2013-09-29,91.84,2
1553,2013-10-03,71.51,3
1553,2013-11-15,91.9,4
1553,2014-01-07,100.19,5
1553,2014-01-23,96.52,6
1553,2014-01-28,87.21,7
1553,2014-02-13,79.63,8
1553,2014-02-27,82.5,9
1553,2014-03-04,88.69,10
1553,2014-03-11,153.14,11
1553,2014-04-06,104.58,12
1553,2014-04-12,76.53,13
1553,2014-04-17,72.36,14
1553,2014-04-25,91.02,15
1553,2014-05-07,83.68,16
1553,2014-05-19,139.37,17
1553,2014-06-17,93.89,18
1553,2014-06-28,99.17,19
1553,2014-06-30,84.36,20
1553,2014-07-06,132.41,21
1553,2014-07-26,138.11,22
4682,2013-10-15,23.76,1
4682,2013-11-22,21.91,2
4682,2014-01-15,21.53,3
4682,2014-01-22,29.66,4
4682,2014-02-02,15.7,5
4682,2014-02-19,20.91,6
4682,2014-03-27,21.37,7
4682,2014-05-07,31.02,8
4682,2014-05-24,28.12,9
4682,2014-06-17,40.18,10
4682,2014-06-27,21.64,11
4682,2014-07-09,28.2,12
8204,2012-12-16,59.8,1
8204,2013-01-22,107.18,2
8204,2013-02-09,65.48,3
8204,2013-03-03,111.62,4
8204,2013-03-27,63.15,5
8204,2013-04-12,60.09,6
8204,2013-04-27,90.03,7
8204,2013-05-23,75.03,8
8204,2013-05-24,101.81,9
8204,2013-07-12,42.14,10
8204,2013-08-14,78.42,11
8204,2013-11-24,64.43,12
8204,2013-12-04,84.18,13
8204,2013-12-18,89.61,14
8204,2014-01-28,64.97,15
8204,2014-02-27,94.35,16
8204,2014-07-04,49.69,17
5221,2012-12-01,31.54,1
5221,2012-12-15,47.55,2
5221,2012-12-23,40.65,3
5221,2013-01-29,33.25,4
5221,2013-02-09,56.9,5
5221,2013-05-09,36.45,6
5221,2013-06-01,34.12,7
5221,2013-06-07,56.59,8
5221,2013-07-01,34.01,9
5221,2013-07-06,49.88,10
5221,2013-08-20,24.37,11
5221,2013-09-18,26.59,12
5221,2013-10-07,36.47,13
5221,2013-12-02,47.18,14
5221,2013-12-07,34.65,15
5221,2014-01-25,43.66,16
5221,2014-01-30,33.82,17
5221,2014-02-27,28.79,18
5221,2014-03-16,32.09,19
5221,2014-04-18,32.73,20
5221,2014-05-22,39.96,21
5221,2014-07-04,30.74,22
1232,2013-10-25,74.75,1
1232,2013-11-22,73.62,2
1232,2013-12-20,52.8,3
1232,2014-01-05,65.15,4
1232,2014-01-07,61.35,5
1232,2014-01-14,71.45,6
1232,2014-01-30,44.06,7
1232,2014-03-25,77.66,8
1232,2014-03-28,60.81,9
1232,2014-04-18,68.74,10
1232,2014-05-07,80.42,11
1232,2014-05-16,107.62,12
1232,2014-05-23,43.53,13
1232,2014-05-28,76.04,14
1232,2014-06-09,49.03,15
1232,2014-08-12,106.96,16
1927,2014-03-23,44.99,1
1927,2014-04-04,75.67,2
1927,2014-04-15,57.75,3
1927,2014-06-05,37.65,4
1927,2014-06-23,37.18,5
1927,2014-07-03,58.01,6
1927,2014-07-07,63.16,7
1927,2014-07-14,29.8,8
1927,2014-07-19,57.01,9
1927,2014-07-27,52.29,10
1927,2014-08-02,45.97,11
1927,2014-08-06,49.23,12
1927,2014-08-25,42.29,13
5788,2013-02-17,19.14,1
5788,2013-03-28,19.68,2
5788,2013-07-15,21.25,3
5788,2013-10-06,23.9,4
5788,2013-12-19,16.7,5
5788,2014-01-26,20.4,6
5788,2014-01-27,18.04,7
5788,2014-03-02,17.29,8
5788,2014-08-20,27.6,9
6652,2014-06-09,57.88,1
6652,2014-07-01,87.89,2
6652,2014-07-08,53.79,3
6652,2014-08-08,64.81,4
6652,2014-08-10,107.58,5
6652,2014-08-11,63.79,6
6652,2014-08-15,74.68,7
6652,2014-08-20,48.78,8
6652,2014-08-20,85.47,9
6652,2014-08-22,49.57,10
6652,2014-08-26,63.68,11
6652,2014-08-26,85.02,12
6652,2014-08-27,58.97,13
6652,2014-08-28,65.74,14
6652,2014-08-30,66.07,15
6652,2014-09-07,69.28,16
6246,2013-11-13,51.98,1
6246,2013-11-30,79.95,2
6246,2013-12-06,42.52,3
6246,2013-12-21,58.25,4
6246,2014-01-13,54.06,5
6246,2014-02-02,63.26,6
6246,2014-02-12,49.28,7
6246,2014-03-04,64.04,8
6246,2014-03-21,59.55,9
6246,2014-04-06,76.03,10
6246,2014-04-18,83.83,11
6246,2014-04-19,61.05,12
6246,2014-05-20,83.91,13
6246,2014-05-21,55.47,14
6246,2014-06-07,92.74,15
6246,2014-06-11,74.99,16
6246,2014-06-26,45.72,17
6246,2014-07-08,86.07,18
6246,2014-07-09,59.89,19
6246,2014-07-23,67.56,20
6246,2014-08-03,64.05,21
6246,2014-08-26,89.81,22
5975,2013-09-30,10.55,1
5975,2014-03-22,11.94,2
5975,2014-06-09,7.63,3
5975,2014-06-19,12.82,4
5975,2014-07-15,11.06,5
6875,2012-10-08,22.07,1
6875,2013-01-18,36.84,2
6875,2013-02-09,40.45,3
6875,2013-05-02,27.49,4
6875,2013-07-26,38.24,5
6875,2013-08-18,22.7,6
6875,2013-08-27,27.18,7
6875,2013-10-27,21.58,8
6875,2013-12-04,28.09,9
6875,2014-04-01,21.25,10
6875,2014-04-18,27.62,11
6875,2014-06-03,44.68,12
6875,2014-07-12,22.78,13
6875,2014-07-28,47.58,14
6875,2014-08-28,30.45,15
4042,2012-10-13,22.56,1
4042,2012-11-03,14.02,2
4042,2013-03-11,27.13,3
4042,2013-04-27,13.79,4
4042,2013-04-30,13.73,5
4042,2013-06-26,14.28,6
4042,2013-09-02,19.99,7
4042,2014-07-10,23.5,8
2157,2013-01-12,9.05,1
2157,2013-05-13,15.67,2
2157,2013-09-30,8.6,3
2157,2014-01-20,10.58,4
2157,2014-04-06,5.27,5
2157,2014-08-17,5.84,6
10133,2014-02-12,65.22,1
10133,2014-02-25,132.08,2
10133,2014-02-27,117.34,3
10133,2014-03-28,144.2,4
10133,2014-04-10,99.93,5
10133,2014-04-20,103.65,6
10133,2014-05-05,73.89,7
10133,2014-05-05,97.65,8
10133,2014-05-09,111.27,9
10133,2014-05-17,83.34,10
10133,2014-05-18,94.41,11
10133,2014-06-06,108.02,12
10133,2014-06-12,75.75,13
10133,2014-06-13,99.84,14
10133,2014-06-30,109.87,15
10133,2014-07-07,69.73,16
10133,2014-07-25,110.27,17
10133,2014-08-05,52.64,18
10133,2014-08-06,71.12,19
10133,2014-08-07,80.25,20
10133,2014-08-29,81.62,21
10133,2014-09-03,83.66,22
10133,2014-09-04,57.3,23
10133,2014-09-07,103.02,24
10133,2014-09-19,77.93,25
2525,2012-10-12,42.0,1
2525,2012-10-14,34.31,2
2525,2012-12-25,28.11,3
2525,2013-01-31,45.77,4
2525,2013-03-02,40.45,5
2525,2013-05-29,26.67,6
2525,2013-06-10,25.62,7
2525,2013-10-14,38.0,8
2525,2013-11-30,32.87,9
2525,2013-12-24,35.26,10
2525,2014-01-23,31.84,11
2525,2014-04-03,33.67,12
2525,2014-05-02,21.93,13
2525,2014-05-03,31.61,14
2525,2014-05-23,26.01,15
2525,2014-08-01,25.89,16
8233,2014-01-26,23.06,1
8233,2014-02-04,24.54,2
8233,2014-03-24,37.66,3
8233,2014-04-08,28.77,4
8233,2014-04-21,41.41,5
8233,2014-06-23,46.55,6
8233,2014-06-23,21.98,7
8233,2014-07-05,38.87,8
8233,2014-07-19,30.1,9
8233,2014-07-20,25.37,10
8233,2014-07-23,28.24,11
8233,2014-08-08,26.09,12
8233,2014-08-18,29.59,13
8233,2014-08-27,34.67,14
8233,2014-09-08,34.78,15
8233,2014-09-21,24.37,16
8233,2014-09-26,49.94,17
9483,2013-08-19,46.6,1
9483,2013-09-24,38.63,2
9483,2013-10-08,28.77,3
9483,2013-10-09,41.3,4
9483,2013-10-23,25.82,5
9483,2013-10-24,47.43,6
9483,2013-11-05,24.69,7
9483,2014-01-22,26.28,8
9483,2014-03-24,43.32,9
9483,2014-04-01,39.02,10
9483,2014-04-11,32.23,11
9483,2014-05-05,26.94,12
9483,2014-05-11,41.39,13
9483,2014-06-14,24.15,14
9483,2014-06-22,26.54,15
9483,2014-06-28,25.58,16
9483,2014-07-08,42.37,17
9483,2014-09-11,26.95,18
10403,2014-06-18,6.3,1
10403,2014-08-17,4.43,2
10403,2014-08-18,5.24,3
10403,2014-08-19,5.04,4
10403,2014-08-21,4.76,5
10403,2014-08-23,7.24,6
5074,2013-07-08,10.5,1
5074,2014-02-17,7.96,2
5074,2014-05-20,9.33,3
5074,2014-09-25,14.21,4
10524,2013-06-20,24.85,1
10524,2013-07-01,37.62,2
10524,2013-07-29,38.12,3
10524,2013-08-10,38.19,4
10524,2013-08-26,22.2,5
10524,2013-12-02,29.78,6
10524,2013-12-04,30.65,7
10524,2013-12-08,45.09,8
10524,2013-12-24,30.02,9
10524,2014-01-02,28.44,10
10524,2014-03-02,29.0,11
10524,2014-03-30,35.97,12
10524,2014-05-13,26.06,13
10524,2014-05-28,19.8,14
10524,2014-06-16,39.78,15
10524,2014-07-12,32.85,16
10524,2014-07-25,31.08,17
10524,2014-09-06,59.5,18
4690,2013-02-13,34.78,1
4690,2013-03-14,28.4,2
4690,2013-04-04,33.6,3
4690,2013-05-21,30.35,4
4690,2013-06-13,21.45,5
4690,2013-06-14,44.29,6
4690,2013-08-09,45.86,7
4690,2013-08-13,33.96,8
4690,2013-08-13,24.97,9
4690,2013-09-15,25.17,10
4690,2013-12-26,36.79,11
4690,2013-12-26,27.29,12
4690,2014-04-09,20.99,13
4690,2014-04-20,20.43,14
4690,2014-04-25,40.33,15
4690,2014-06-18,30.45,16
4690,2014-08-21,38.87,17
7196,2014-02-08,4.89,1
7196,2014-04-13,3.61,2
7196,2014-09-15,3.5,3
4406,2013-01-16,55.71,1
4406,2013-03-01,57.21,2
4406,2013-03-11,71.99,3
4406,2013-03-12,52.66,4
4406,2013-04-04,48.37,5
4406,2013-04-15,60.84,6
4406,2013-04-19,77.23,7
4406,2013-05-04,75.94,8
4406,2013-06-30,52.91,9
4406,2014-02-09,67.39,10
4406,2014-02-19,53.24,11
4406,2014-03-24,92.87,12
4406,2014-04-06,65.8,13
4406,2014-04-17,74.49,14
4406,2014-04-20,78.65,15
4406,2014-05-07,90.79,16
4406,2014-05-15,84.56,17
4406,2014-05-28,66.63,18
4406,2014-06-23,57.03,19
4406,2014-07-30,61.7,20
4406,2014-09-06,83.0,21
9672,2013-12-21,8.05,1
9672,2014-02-22,8.93,2
9672,2014-03-14,9.1,3
9672,2014-07-02,9.41,4
9672,2014-07-15,7.51,5
4864,2013-05-02,15.07,1
4864,2013-06-20,16.66,2
4864,2013-08-28,21.92,3
4864,2013-08-30,19.7,4
4864,2013-10-03,20.55,5
4864,2013-10-27,14.44,6
4864,2014-06-03,17.9,7
4864,2014-07-29,24.77,8
4706,2013-04-27,6.34,1
4706,2013-12-04,8.73,2
4706,2014-03-05,11.09,3
4706,2014-08-01,8.84,4
4070,2012-10-08,56.37,1
4070,2012-11-09,39.26,2
4070,2012-11-12,62.83,3
4070,2013-01-07,47.5,4
4070,2013-02-16,47.95,5
4070,2013-03-07,58.58,6
4070,2013-04-16,65.61,7
4070,2013-04-18,62.75,8
4070,2013-05-10,37.48,9
4070,2013-06-09,57.32,10
4070,2013-06-15,66.35,11
4070,2013-08-08,49.26,12
4070,2013-08-15,31.03,13
4070,2013-08-18,77.66,14
4070,2013-08-23,47.18,15
4070,2014-01-22,68.33,16
4070,2014-06-28,58.53,17
25,2012-11-16,46.12,1
25,2012-12-01,60.56,2
25,2013-01-05,51.56,3
25,2013-01-13,48.92,4
25,2013-02-16,45.99,5
25,2013-03-28,37.26,6
25,2013-04-03,61.2,7
25,2013-04-12,57.12,8
25,2013-06-19,42.98,9
25,2013-06-23,68.03,10
25,2013-07-05,30.68,11
25,2013-08-14,41.99,12
25,2013-08-19,45.15,13
25,2013-09-23,79.88,14
25,2014-01-22,52.03,15
25,2014-04-08,41.64,16
25,2014-06-21,44.91,17
25,2014-07-03,42.72,18
25,2014-09-26,63.25,19
3697,2013-02-12,13.19,1
3697,2013-05-10,17.45,2
3697,2013-07-05,15.92,3
3697,2013-07-06,24.65,4
3697,2013-08-21,18.65,5
3697,2014-03-12,16.31,6
3697,2014-09-15,15.84,7
4220,2013-11-02,9.46,1
4220,2014-02-08,17.79,2
4220,2014-05-27,14.52,3
4220,2014-06-03,16.3,4
4220,2014-07-20,15.86,5
4220,2014-09-09,13.07,6
5286,2013-10-28,18.23,1
5286,2013-12-13,23.42,2
5286,2014-01-07,22.1,3
5286,2014-03-12,15.5,4
5286,2014-04-01,17.55,5
5286,2014-04-12,23.16,6
5286,2014-05-11,21.25,7
5286,2014-07-12,18.99,8
5286,2014-07-29,20.81,9
9559,2014-01-24,39.5,1
9559,2014-02-11,38.69,2
9559,2014-02-20,30.87,3
9559,2014-03-17,44.87,4
9559,2014-03-24,31.01,5
9559,2014-04-08,29.94,6
9559,2014-04-15,31.57,7
9559,2014-04-16,38.47,8
9559,2014-04-16,40.17,9
9559,2014-04-16,58.52,10
9559,2014-04-19,51.69,11
9559,2014-04-21,43.95,12
9559,2014-05-08,37.18,13
9559,2014-05-12,42.18,14
9559,2014-05-21,25.04,15
9559,2014-05-22,48.47,16
9559,2014-06-01,57.25,17
9559,2014-06-03,42.42,18
9559,2014-06-07,33.9,19
9559,2014-06-13,30.87,20
9559,2014-06-15,46.3,21
9559,2014-06-30,49.05,22
9559,2014-07-06,39.23,23
9559,2014-07-09,42.9,24
9559,2014-07-18,29.97,25
3102,2013-10-16,6.89,1
3102,2014-03-10,6.13,2
3102,2014-06-15,5.96,3
3102,2014-09-03,6.02,4
5868,2013-08-22,10.55,1
5868,2013-12-07,6.25,2
5868,2014-02-11,5.33,3
5868,2014-08-17,7.87,4
8370,2012-10-09,53.72,1
8370,2012-10-27,108.18,2
8370,2012-11-28,54.59,3
8370,2013-01-24,70.08,4
8370,2013-04-09,92.81,5
8370,2013-05-29,48.25,6
8370,2013-07-03,61.54,7
8370,2013-07-28,96.55,8
8370,2013-09-09,72.34,9
8370,2013-10-01,75.17,10
8370,2013-12-03,64.32,11
8370,2013-12-15,65.06,12
8370,2014-02-27,70.4,13
8370,2014-03-05,63.94,14
8370,2014-03-29,56.05,15
8370,2014-08-16,72.0,16
9988,2013-03-03,40.8,1
9988,2013-03-12,51.65,2
9988,2013-03-13,40.47,3
9988,2013-04-22,34.27,4
9988,2013-05-20,42.48,5
9988,2013-05-26,34.21,6
9988,2013-05-30,43.01,7
9988,2013-06-07,25.92,8
9988,2013-06-14,25.45,9
9988,2013-07-30,55.13,10
9988,2013-08-27,34.56,11
9988,2013-08-27,29.9,12
9988,2013-10-31,43.44,13
9988,2013-11-10,43.28,14
9988,2013-11-23,36.78,15
9988,2013-12-05,55.76,16
9988,2014-01-01,40.65,17
9988,2014-01-17,40.5,18
9988,2014-04-10,33.71,19
9988,2014-04-15,31.35,20
9988,2014-05-12,41.82,21
9988,2014-07-13,26.88,22
2939,2014-06-22,81.89,1
2939,2014-06-23,157.95,2
2939,2014-06-25,112.31,3
2939,2014-06-30,110.81,4
2939,2014-06-30,69.48,5
2939,2014-06-30,159.1,6
2939,2014-06-30,144.86,7
2939,2014-06-30,117.98,8
2939,2014-06-30,129.07,9
2939,2014-06-30,74.69,10
2939,2014-06-30,66.67,11
2939,2014-06-30,160.66,12
2939,2014-06-30,126.49,13
2939,2014-07-01,88.06,14
5529,2014-06-10,46.0,1
5529,2014-06-30,29.17,2
5529,2014-07-11,21.72,3
5529,2014-08-09,21.48,4
5529,2014-08-09,33.29,5
5529,2014-08-09,26.05,6
5529,2014-08-09,24.02,7
5529,2014-08-09,26.91,8
5529,2014-08-09,34.24,9
5529,2014-08-09,26.64,10
5529,2014-08-09,30.02,11
5529,2014-08-09,35.28,12
5529,2014-08-09,23.09,13
5529,2014-08-09,26.32,14
5529,2014-08-10,31.77,15
9743,2013-01-11,85.41,1
9743,2013-01-23,47.35,2
9743,2013-02-02,56.74,3
9743,2013-02-10,63.5,4
9743,2013-02-16,87.92,5
9743,2013-04-12,75.44,6
9743,2013-04-28,46.75,7
9743,2013-05-26,75.14,8
9743,2013-05-31,82.89,9
9743,2013-07-17,67.29,10
9743,2013-09-14,57.71,11
9743,2013-11-02,65.04,12
9743,2013-11-05,46.59,13
9743,2013-11-14,58.55,14
9743,2013-11-14,64.5,15
9743,2013-11-14,54.88,16
9743,2013-12-10,41.42,17
9743,2013-12-31,61.92,18
9743,2014-01-28,123.28,19
9743,2014-01-31,48.64,20
9743,2014-03-03,77.98,21
9743,2014-03-12,88.22,22
9743,2014-03-19,58.56,23
9743,2014-03-21,79.51,24
9743,2014-03-28,63.78,25
9743,2014-04-20,45.32,26
9743,2014-07-12,78.68,27
5763,2013-11-10,22.02,1
5763,2014-01-01,29.17,2
5763,2014-01-07,21.87,3
5763,2014-02-07,28.52,4
5763,2014-02-13,27.78,5
5763,2014-03-24,26.97,6
5763,2014-04-11,27.65,7
5763,2014-05-06,27.63,8
5763,2014-05-19,22.94,9
5763,2014-06-20,17.98,10
5763,2014-06-27,38.5,11
5763,2014-07-02,33.09,12
5763,2014-08-03,25.88,13
3478,2013-06-24,28.89,1
3478,2013-07-21,31.62,2
3478,2013-07-26,51.3,3
3478,2013-08-12,43.63,4
3478,2013-08-28,28.37,5
3478,2013-08-29,28.26,6
3478,2013-09-20,34.8,7
3478,2013-09-25,64.94,8
3478,2013-11-10,49.07,9
3478,2013-11-27,28.65,10
3478,2014-02-17,25.57,11
3478,2014-03-14,30.87,12
3478,2014-03-26,17.8,13
3478,2014-03-28,31.0,14
3478,2014-04-23,38.27,15
3478,2014-04-25,50.52,16
3478,2014-05-27,31.39,17
3478,2014-06-07,51.36,18
3478,2014-07-18,22.19,19
3478,2014-09-18,26.5,20
7494,2013-01-21,35.42,1
7494,2013-03-11,26.78,2
7494,2013-04-09,12.31,3
7494,2013-04-13,24.88,4
7494,2013-12-06,20.95,5
7494,2014-01-06,25.9,6
7494,2014-04-06,23.97,7
7494,2014-04-13,17.47,8
7494,2014-04-15,11.43,9
7494,2014-05-09,30.03,10
7494,2014-09-24,24.86,11
1763,2013-07-27,74.56,1
1763,2013-08-04,72.34,2
1763,2013-08-04,138.16,3
1763,2013-08-05,117.56,4
1763,2013-08-25,57.16,5
1763,2013-08-31,128.82,6
1763,2013-09-25,62.31,7
1763,2013-11-01,91.4,8
1763,2013-11-03,81.46,9
1763,2013-11-03,75.69,10
1763,2013-12-14,97.45,11
1763,2013-12-20,105.85,12
1763,2014-01-12,105.59,13
1763,2014-01-24,67.73,14
1763,2014-01-25,59.73,15
1763,2014-02-21,74.94,16
1763,2014-02-27,62.19,17
1763,2014-04-01,95.8,18
1763,2014-04-06,100.12,19
1763,2014-04-08,78.5,20
1763,2014-05-14,73.08,21
1763,2014-05-28,91.11,22
1763,2014-05-29,113.58,23
1763,2014-06-22,65.29,24
1763,2014-06-25,108.5,25
1763,2014-06-26,102.2,26
1763,2014-07-23,102.18,27
1763,2014-08-04,87.69,28
7250,2013-10-01,28.52,1
7250,2013-10-27,35.09,2
7250,2013-11-04,33.79,3
7250,2013-11-15,32.4,4
7250,2013-11-30,55.48,5
7250,2013-12-23,47.98,6
7250,2014-01-02,30.52,7
7250,2014-01-31,23.14,8
7250,2014-02-14,29.59,9
7250,2014-03-02,25.49,10
7250,2014-04-09,35.49,11
7250,2014-04-12,23.83,12
7250,2014-05-02,17.78,13
7250,2014-06-15,27.53,14
7250,2014-06-16,27.25,15
7250,2014-06-18,32.02,16
7250,2014-06-24,47.56,17
7250,2014-08-18,41.55,18
2005,2013-12-11,8.6,1
2005,2014-03-17,13.95,2
2005,2014-03-26,10.55,3
2005,2014-05-01,7.87,4
2005,2014-05-29,12.48,5
2005,2014-07-11,6.55,6
10770,2014-01-26,39.33,1
10770,2014-02-26,55.71,2
10770,2014-02-28,23.86,3
10770,2014-03-18,42.77,4
10770,2014-03-26,35.97,5
10770,2014-04-01,36.36,6
10770,2014-04-18,37.12,7
10770,2014-04-22,41.6,8
10770,2014-04-25,36.9,9
10770,2014-04-25,28.33,10
10770,2014-04-30,37.24,11
10770,2014-05-01,44.9,12
10770,2014-05-04,58.56,13
10770,2014-05-09,44.56,14
10770,2014-05-12,39.85,15
10770,2014-05-14,43.73,16
10770,2014-05-16,55.37,17
10770,2014-05-21,50.48,18
10770,2014-05-26,36.1,19
10770,2014-06-04,42.31,20
10770,2014-06-15,36.65,21
10770,2014-06-28,39.11,22
10770,2014-07-17,61.8,23
10770,2014-07-24,29.39,24
6885,2013-12-01,10.93,1
6885,2014-03-12,9.95,2
6885,2014-04-21,9.53,3
6885,2014-05-27,10.64,4
6885,2014-08-30,12.95,5
2072,2012-10-25,46.87,1
2072,2012-11-07,51.44,2
2072,2012-11-15,71.54,3
2072,2012-12-23,64.48,4
2072,2013-01-25,108.8,5
2072,2013-03-10,58.65,6
2072,2013-05-02,68.59,7
2072,2013-06-20,61.52,8
2072,2013-09-02,90.29,9
2072,2013-11-13,61.87,10
2072,2013-12-23,56.17,11
2072,2013-12-30,46.11,12
2072,2014-03-07,99.19,13
2072,2014-06-30,88.69,14
2072,2014-09-01,55.78,15
9463,2012-11-13,43.91,1
9463,2012-11-21,55.32,2
9463,2012-12-09,63.28,3
9463,2012-12-29,66.98,4
9463,2013-02-01,67.61,5
9463,2013-03-07,70.23,6
9463,2013-04-12,53.57,7
9463,2013-04-20,62.63,8
9463,2013-05-14,45.64,9
9463,2013-09-04,65.57,10
9463,2013-09-16,99.76,11
9463,2013-09-18,49.76,12
9463,2013-09-30,77.82,13
9463,2013-10-25,94.65,14
9463,2013-12-21,69.41,15
9463,2014-03-08,83.72,16
9463,2014-04-07,96.84,17
9463,2014-04-23,67.78,18
9463,2014-07-05,65.87,19
9463,2014-08-11,40.66,20
9463,2014-09-19,88.01,21
6318,2013-01-13,44.4,1
6318,2013-01-27,50.23,2
6318,2013-01-29,43.0,3
6318,2013-02-12,35.67,4
6318,2013-02-19,31.63,5
6318,2013-02-24,25.06,6
6318,2013-03-23,35.48,7
6318,2013-04-01,42.96,8
6318,2013-04-17,80.95,9
6318,2013-04-22,36.14,10
6318,2013-05-03,29.92,11
6318,2013-05-25,40.41,12
6318,2013-06-02,51.08,13
6318,2013-07-28,52.99,14
6318,2013-08-02,32.77,15
6318,2013-09-09,52.32,16
6318,2013-09-14,48.95,17
6318,2013-10-08,37.49,18
6318,2013-10-27,49.53,19
6318,2013-11-19,42.41,20
6318,2014-01-11,36.49,21
6318,2014-01-29,51.25,22
6318,2014-03-11,43.57,23
6318,2014-03-23,48.76,24
6318,2014-05-01,43.25,25
6318,2014-06-19,60.69,26
6318,2014-06-22,39.66,27
6318,2014-07-24,63.3,28
6318,2014-08-18,26.65,29
4093,2013-02-11,18.54,1
4093,2013-04-05,26.84,2
4093,2013-04-14,27.52,3
4093,2013-06-02,25.22,4
4093,2013-06-25,25.41,5
4093,2013-07-20,21.45,6
4093,2013-08-04,17.86,7
4093,2013-08-28,24.67,8
4093,2013-09-02,21.78,9
4093,2014-01-04,32.49,10
4093,2014-01-29,28.19,11
4093,2014-08-05,41.04,12
3340,2012-10-13,29.3,1
3340,2013-02-04,30.28,2
3340,2013-04-16,29.04,3
3340,2013-05-20,30.97,4
3340,2013-06-22,22.85,5
3340,2013-07-30,31.86,6
3340,2013-08-20,27.68,7
3340,2013-08-24,29.43,8
3340,2013-08-31,19.29,9
3340,2013-12-31,20.37,10
3340,2014-01-23,37.55,11
3340,2014-03-11,17.3,12
3340,2014-05-28,34.41,13
3340,2014-08-10,25.68,14
3594,2012-11-05,29.26,1
3594,2012-12-16,22.43,2
3594,2012-12-21,41.45,3
3594,2012-12-22,39.45,4
3594,2013-02-21,35.92,5
3594,2013-02-24,33.45,6
3594,2013-04-23,43.83,7
3594,2013-05-31,45.18,8
3594,2013-06-16,32.38,9
3594,2013-07-20,24.64,10
3594,2013-10-09,54.48,11
3594,2013-10-19,21.16,12
3594,2013-11-15,39.47,13
3594,2014-01-11,26.18,14
3594,2014-02-15,32.25,15
3594,2014-03-09,37.66,16
3594,2014-04-23,45.19,17
3594,2014-06-04,17.83,18
3594,2014-07-23,27.78,19
3584,2012-10-18,74.06,1
3584,2012-11-28,59.1,2
3584,2012-12-21,45.4,3
3584,2013-02-01,50.25,4
3584,2013-03-22,65.69,5
3584,2013-03-31,85.82,6
3584,2013-04-12,73.04,7
3584,2013-05-18,62.89,8
3584,2013-06-01,69.96,9
3584,2013-07-22,66.11,10
3584,2013-07-30,62.17,11
3584,2013-08-17,83.57,12
3584,2013-11-24,85.33,13
3584,2014-01-26,63.61,14
3584,2014-02-05,74.08,15
3584,2014-02-19,63.13,16
3584,2014-04-11,57.79,17
3584,2014-05-24,58.78,18
3584,2014-07-12,88.02,19
3584,2014-08-31,68.19,20
3643,2014-03-20,89.07,1
3643,2014-05-01,72.11,2
3643,2014-05-02,79.99,3
3643,2014-05-26,59.22,4
3643,2014-05-26,64.61,5
3643,2014-06-18,78.95,6
3643,2014-06-21,69.83,7
3643,2014-06-29,57.98,8
3643,2014-07-06,54.9,9
3643,2014-07-08,79.19,10
3643,2014-07-09,51.31,11
3643,2014-07-20,69.11,12
3643,2014-08-01,75.72,13
851,2013-07-09,37.22,1
851,2013-08-15,28.05,2
851,2013-09-02,27.01,3
851,2013-09-19,22.18,4
851,2014-01-13,30.84,5
851,2014-02-15,33.38,6
851,2014-02-28,31.17,7
851,2014-03-03,34.42,8
851,2014-03-13,23.8,9
851,2014-04-23,52.48,10
851,2014-04-25,25.11,11
851,2014-04-28,27.58,12
851,2014-06-24,57.21,13
851,2014-06-28,30.15,14
851,2014-07-14,22.9,15
851,2014-08-07,25.18,16
851,2014-08-18,41.32,17
7706,2012-11-07,65.07,1
7706,2012-11-16,25.35,2
7706,2012-11-16,18.55,3
7706,2012-11-30,49.54,4
7706,2012-12-04,35.39,5
7706,2013-02-14,40.27,6
7706,2013-02-19,43.91,7
7706,2013-03-16,49.98,8
7706,2013-05-18,54.91,9
7706,2013-06-15,36.92,10
7706,2013-06-16,26.29,11
7706,2013-06-18,47.84,12
7706,2013-07-10,35.26,13
7706,2013-07-17,43.23,14
7706,2013-09-10,27.86,15
7706,2013-10-25,53.16,16
7706,2013-10-29,43.69,17
7706,2014-02-18,34.58,18
7706,2014-03-07,32.34,19
7706,2014-04-06,26.95,20
7706,2014-04-08,40.06,21
7706,2014-05-14,51.56,22
7706,2014-05-28,63.62,23
7706,2014-07-09,44.65,24
3967,2013-10-25,34.72,1
3967,2013-11-28,34.29,2
3967,2013-11-28,58.4,3
3967,2013-12-01,42.52,4
3967,2013-12-06,49.19,5
3967,2013-12-31,35.05,6
3967,2014-01-03,38.17,7
3967,2014-01-07,31.52,8
3967,2014-01-13,51.12,9
3967,2014-01-14,64.72,10
3967,2014-02-27,41.28,11
3967,2014-03-05,28.34,12
3967,2014-03-06,21.45,13
3967,2014-03-07,39.62,14
3967,2014-03-08,38.91,15
3967,2014-03-20,44.53,16
3967,2014-04-17,42.65,17
3967,2014-04-26,43.82,18
3967,2014-05-20,25.58,19
3967,2014-05-29,36.71,20
3967,2014-07-07,38.04,21
3967,2014-08-25,28.45,22
3967,2014-09-16,38.9,23
10128,2013-06-08,55.43,1
10128,2013-06-19,29.09,2
10128,2013-07-17,47.6,3
10128,2013-07-27,24.4,4
10128,2013-08-28,29.27,5
10128,2013-09-11,31.82,6
10128,2013-09-30,57.34,7
10128,2013-10-04,17.51,8
10128,2013-11-24,36.31,9
10128,2014-02-04,37.88,10
10128,2014-02-22,31.95,11
10128,2014-02-25,28.72,12
10128,2014-04-10,30.36,13
10128,2014-04-12,51.15,14
10128,2014-05-08,48.44,15
10128,2014-05-24,49.77,16
10128,2014-05-26,22.72,17
10128,2014-05-30,22.49,18
10128,2014-07-09,42.45,19
10128,2014-07-28,38.37,20
10128,2014-08-10,64.34,21
10128,2014-09-14,27.58,22
9451,2012-11-25,67.24,1
9451,2012-12-27,59.9,2
9451,2012-12-27,39.8,3
9451,2013-01-04,70.24,4
9451,2013-01-09,67.19,5
9451,2013-02-27,44.9,6
9451,2013-03-25,78.66,7
9451,2013-04-04,63.31,8
9451,2013-04-18,84.18,9
9451,2013-08-16,59.16,10
9451,2013-11-02,54.09,11
9451,2013-11-04,78.14,12
9451,2013-12-10,49.98,13
9451,2013-12-14,62.23,14
9451,2013-12-17,77.29,15
9451,2013-12-20,72.09,16
9451,2014-02-14,45.17,17
9451,2014-04-09,69.39,18
9451,2014-04-18,120.36,19
9451,2014-04-29,77.39,20
9451,2014-05-23,96.81,21
9451,2014-05-28,65.53,22
9451,2014-07-05,47.95,23
9264,2014-04-27,65.44,1
9264,2014-05-28,50.49,2
9264,2014-06-13,59.72,3
9264,2014-06-23,70.44,4
9264,2014-06-29,63.46,5
9264,2014-07-05,66.6,6
9264,2014-07-15,65.76,7
9264,2014-07-23,92.82,8
9264,2014-07-23,49.78,9
9264,2014-07-24,66.96,10
9264,2014-07-25,58.17,11
9264,2014-07-29,81.19,12
9264,2014-08-12,66.13,13
9264,2014-08-12,54.29,14
9264,2014-08-14,80.43,15
9264,2014-08-19,80.39,16
9264,2014-08-26,60.34,17
9264,2014-08-29,64.45,18
9264,2014-08-30,99.76,19
9264,2014-09-20,55.97,20
9264,2014-10-04,88.42,21
3865,2013-04-30,4.64,1
3865,2013-07-31,6.22,2
3865,2013-08-23,11.23,3
3865,2013-10-14,6.81,4
3865,2014-03-01,7.77,5
3865,2014-09-21,6.33,6
2853,2014-03-11,23.66,1
2853,2014-04-04,30.96,2
2853,2014-05-11,26.73,3
2853,2014-05-11,16.82,4
2853,2014-05-26,12.9,5
2853,2014-05-30,18.74,6
2853,2014-06-05,23.48,7
2853,2014-06-07,25.43,8
2853,2014-06-23,16.69,9
2853,2014-07-23,28.58,10
1490,2012-11-28,47.47,1
1490,2012-12-21,44.93,2
1490,2013-01-16,50.14,3
1490,2013-01-23,37.02,4
1490,2013-02-12,30.0,5
1490,2013-03-31,34.27,6
1490,2013-04-13,26.82,7
1490,2013-06-09,26.45,8
1490,2013-06-11,44.0,9
1490,2013-07-02,38.67,10
1490,2013-07-15,35.54,11
1490,2013-07-16,40.32,12
1490,2013-08-04,21.2,13
1490,2013-09-15,37.79,14
1490,2013-09-23,29.54,15
1490,2013-09-23,33.98,16
1490,2013-11-09,33.41,17
1490,2013-12-05,39.71,18
1490,2013-12-15,55.57,19
1490,2014-04-29,45.23,20
1490,2014-07-13,24.94,21
10380,2013-09-20,12.06,1
10380,2013-12-02,17.53,2
10380,2014-02-09,14.09,3
10380,2014-03-25,16.05,4
10380,2014-07-14,15.2,5
10380,2014-08-16,13.07,6
3887,2012-11-11,16.06,1
3887,2013-02-22,10.57,2
3887,2013-09-03,5.26,3
3887,2013-10-01,14.28,4
3887,2014-10-03,20.82,5
4278,2013-06-03,142.74,1
4278,2013-07-18,178.46,2
4278,2013-07-19,136.85,3
4278,2013-07-30,108.37,4
4278,2013-08-29,96.57,5
4278,2013-09-18,140.97,6
4278,2013-10-17,71.55,7
4278,2013-10-20,82.3,8
4278,2013-11-05,78.43,9
4278,2013-11-16,86.64,10
4278,2013-11-18,109.08,11
4278,2013-12-01,88.34,12
4278,2014-03-24,78.48,13
4278,2014-04-07,126.98,14
4278,2014-04-16,93.43,15
4278,2014-04-20,105.86,16
4278,2014-06-29,62.07,17
4278,2014-07-24,80.9,18
8643,2013-05-26,73.72,1
8643,2013-06-05,52.14,2
8643,2013-06-17,102.03,3
8643,2013-07-22,64.61,4
8643,2013-08-11,138.78,5
8643,2013-09-02,82.84,6
8643,2013-09-09,69.76,7
8643,2013-09-25,62.67,8
8643,2013-09-27,41.17,9
8643,2013-09-28,66.68,10
8643,2013-10-04,81.98,11
8643,2013-12-07,46.33,12
8643,2013-12-21,70.72,13
8643,2014-01-18,57.86,14
8643,2014-01-25,49.44,15
8643,2014-03-23,67.09,16
8643,2014-03-27,59.2,17
8643,2014-06-08,71.96,18
8643,2014-07-12,64.83,19
8643,2014-07-26,74.85,20
8643,2014-09-14,67.32,21
1998,2014-02-07,14.97,1
1998,2014-04-19,13.26,2
1998,2014-04-23,11.34,3
1998,2014-04-26,10.24,4
1998,2014-06-06,13.29,5
1998,2014-07-15,12.89,6
2408,2012-11-20,26.53,1
2408,2012-12-01,48.02,2
2408,2012-12-17,29.29,3
2408,2013-01-10,54.96,4
2408,2013-02-03,30.48,5
2408,2013-03-01,32.2,6
2408,2013-03-18,49.69,7
2408,2013-04-03,27.09,8
2408,2013-05-08,38.8,9
2408,2013-05-27,35.25,10
2408,2013-08-03,29.76,11
2408,2013-09-01,28.86,12
2408,2013-09-13,42.47,13
2408,2013-10-17,58.57,14
2408,2013-10-27,18.89,15
2408,2014-01-17,38.87,16
2408,2014-01-24,27.61,17
2408,2014-04-07,45.59,18
2408,2014-06-29,27.68,19
2408,2014-09-15,21.38,20
202,2014-04-05,64.63,1
202,2014-05-23,57.13,2
202,2014-05-25,82.25,3
202,2014-06-06,59.63,4
202,2014-06-11,90.11,5
202,2014-07-05,58.43,6
202,2014-07-05,88.59,7
202,2014-07-08,72.77,8
202,2014-07-09,80.44,9
202,2014-07-13,47.02,10
202,2014-07-14,52.69,11
202,2014-07-19,92.8,12
202,2014-07-20,51.78,13
202,2014-07-22,88.68,14
202,2014-07-27,63.5,15
202,2014-07-29,83.42,16
202,2014-08-12,43.14,17
7998,2012-12-11,15.42,1
7998,2013-03-14,17.93,2
7998,2013-03-30,12.63,3
7998,2013-09-03,21.6,4
7998,2014-04-07,14.85,5
7998,2014-07-20,8.58,6
830,2014-02-24,115.44,1
830,2014-03-20,112.85,2
830,2014-04-13,106.34,3
830,2014-06-01,124.74,4
830,2014-06-04,125.59,5
830,2014-06-13,169.96,6
830,2014-06-27,152.18,7
830,2014-07-05,98.81,8
830,2014-07-16,148.13,9
830,2014-08-01,89.77,10
830,2014-09-03,69.73,11
830,2014-09-20,86.11,12
830,2014-09-26,121.48,13
830,2014-09-30,88.88,14
3536,2013-03-24,7.07,1
3536,2013-07-28,8.37,2
3536,2013-08-04,4.85,3
3536,2013-09-27,6.71,4
3536,2014-08-01,8.0,5
6050,2012-12-11,51.19,1
6050,2012-12-27,70.16,2
6050,2013-01-20,75.42,3
6050,2013-01-23,84.77,4
6050,2013-02-18,45.84,5
6050,2013-03-19,72.29,6
6050,2013-06-16,60.85,7
6050,2013-06-23,78.07,8
6050,2013-07-30,61.63,9
6050,2013-08-13,55.07,10
6050,2013-09-06,53.92,11
6050,2013-09-13,65.41,12
6050,2013-09-25,57.29,13
6050,2013-12-10,59.07,14
6050,2013-12-31,64.37,15
6050,2014-03-03,76.78,16
6050,2014-03-29,43.65,17
6050,2014-04-08,50.69,18
6050,2014-04-27,77.57,19
6050,2014-05-09,85.54,20
6050,2014-05-11,80.41,21
6050,2014-09-02,96.01,22
125,2013-05-15,25.89,1
125,2013-06-13,28.07,2
125,2013-08-02,34.28,3
125,2013-08-05,19.39,4
125,2013-08-26,28.63,5
125,2014-01-18,27.95,6
125,2014-02-01,18.23,7
125,2014-03-19,20.74,8
125,2014-04-29,17.48,9
125,2014-05-24,15.23,10
125,2014-08-01,22.1,11
3463,2014-06-14,31.41,1
3463,2014-06-29,31.54,2
3463,2014-07-03,34.38,3
3463,2014-07-10,43.5,4
3463,2014-08-12,38.7,5
3463,2014-08-13,46.16,6
3463,2014-08-14,38.55,7
3463,2014-08-15,42.24,8
3463,2014-08-16,35.26,9
3463,2014-08-16,33.28,10
3463,2014-08-16,38.58,11
3463,2014-08-17,39.93,12
3463,2014-08-18,30.72,13
3463,2014-08-18,60.65,14
3463,2014-08-20,27.85,15
3463,2014-08-20,46.56,16
3463,2014-08-21,37.48,17
3463,2014-08-21,37.0,18
3463,2014-08-21,21.72,19
3463,2014-08-22,36.76,20
3463,2014-08-22,46.5,21
3463,2014-08-23,43.23,22
3463,2014-08-25,53.99,23
3745,2012-10-30,14.37,1
3745,2013-02-04,10.95,2
3745,2013-04-09,9.53,3
3745,2013-10-15,8.21,4
3745,2014-02-13,8.05,5
3745,2014-07-05,6.89,6
9771,2012-10-05,18.5,1
9771,2012-11-02,14.31,2
9771,2013-03-30,25.93,3
9771,2013-04-21,22.5,4
9771,2013-08-05,32.22,5
9771,2013-08-05,36.81,6
9771,2013-09-04,30.2,7
9771,2013-11-02,25.58,8
9771,2014-01-05,22.41,9
9771,2014-01-14,19.5,10
9771,2014-06-30,16.05,11
451,2013-12-20,5.22,1
451,2014-02-20,3.46,2
451,2014-03-14,4.56,3
451,2014-07-06,4.77,4
10530,2013-12-07,59.21,1
10530,2014-01-09,75.73,2
10530,2014-01-29,78.37,3
10530,2014-02-05,61.62,4
10530,2014-02-09,80.18,5
10530,2014-02-10,65.13,6
10530,2014-05-01,72.92,7
10530,2014-05-05,88.12,8
10530,2014-05-31,88.59,9
10530,2014-06-02,89.71,10
10530,2014-07-09,44.52,11
10530,2014-07-10,96.0,12
10530,2014-08-28,54.51,13
10530,2014-09-09,33.86,14
10530,2014-10-05,65.52,15
1079,2012-10-16,48.35,1
1079,2012-11-03,79.77,2
1079,2012-11-20,52.41,3
1079,2012-12-29,76.27,4
1079,2013-03-14,73.66,5
1079,2013-03-20,81.82,6
1079,2013-03-31,57.54,7
1079,2013-04-13,50.97,8
1079,2013-04-24,77.63,9
1079,2013-05-22,83.53,10
1079,2013-06-16,62.27,11
1079,2013-07-27,67.19,12
1079,2013-08-10,75.26,13
1079,2014-02-15,89.41,14
1079,2014-03-12,43.09,15
1079,2014-08-07,56.83,16
8920,2013-01-12,44.93,1
8920,2013-02-11,47.66,2
8920,2013-02-18,41.62,3
8920,2013-03-10,68.61,4
8920,2013-03-12,34.84,5
8920,2013-04-02,31.16,6
8920,2013-05-13,35.65,7
8920,2013-06-12,28.36,8
8920,2013-06-19,41.61,9
8920,2013-10-03,65.01,10
8920,2013-11-08,48.46,11
8920,2013-11-14,33.82,12
8920,2013-11-23,35.72,13
8920,2013-12-01,44.67,14
8920,2013-12-14,30.0,15
8920,2014-02-01,27.29,16
8920,2014-02-21,50.42,17
8920,2014-04-13,52.85,18
8920,2014-04-14,56.83,19
8920,2014-04-18,30.63,20
8920,2014-07-14,36.48,21
8920,2014-07-15,29.92,22
8920,2014-07-26,64.32,23
8920,2014-07-28,20.04,24
8920,2014-10-01,36.1,25
6678,2014-03-28,8.59,1
6678,2014-05-30,8.99,2
6678,2014-07-10,8.51,3
6678,2014-07-25,9.89,4
6678,2014-08-29,7.63,5
6678,2014-09-10,9.38,6
6678,2014-09-30,14.02,7
3852,2013-03-08,48.96,1
3852,2013-03-18,46.97,2
3852,2013-03-19,58.54,3
3852,2013-03-29,38.23,4
3852,2013-04-07,30.54,5
3852,2013-06-19,30.14,6
3852,2013-07-01,48.77,7
3852,2013-08-14,33.65,8
3852,2013-08-29,28.69,9
3852,2013-09-03,44.75,10
3852,2013-09-25,35.12,11
3852,2013-10-07,42.09,12
3852,2013-12-15,41.55,13
3852,2014-01-06,38.61,14
3852,2014-01-11,26.32,15
3852,2014-01-21,49.22,16
3852,2014-02-09,46.05,17
3852,2014-03-09,33.73,18
3852,2014-03-10,28.85,19
3852,2014-03-13,30.35,20
3852,2014-03-29,54.49,21
3852,2014-03-30,32.82,22
3852,2014-08-18,41.55,23
528,2012-11-29,55.41,1
528,2013-01-13,90.88,2
528,2013-01-23,60.9,3
528,2013-01-24,77.46,4
528,2013-02-08,60.56,5
528,2013-02-09,74.9,6
528,2013-02-14,96.41,7
528,2013-02-22,88.93,8
528,2013-04-08,79.89,9
528,2013-04-11,49.79,10
528,2013-04-26,56.78,11
528,2013-04-29,67.21,12
528,2013-08-09,74.69,13
528,2013-09-16,74.76,14
528,2013-10-09,53.84,15
528,2013-10-28,69.22,16
528,2014-02-21,72.32,17
528,2014-04-21,36.85,18
528,2014-06-28,79.2,19
73,2013-05-26,5.43,1
73,2013-10-23,7.22,2
73,2014-07-16,4.35,3
5589,2012-10-25,42.79,1
5589,2012-10-27,32.34,2
5589,2012-11-25,38.72,3
5589,2013-01-20,34.95,4
5589,2013-03-06,32.94,5
5589,2013-05-06,41.47,6
5589,2013-06-06,27.72,7
5589,2013-06-09,57.05,8
5589,2013-06-21,37.56,9
5589,2013-06-24,32.96,10
5589,2013-09-29,38.94,11
5589,2013-09-29,30.28,12
5589,2013-10-22,30.99,13
5589,2013-12-01,48.38,14
5589,2014-03-06,35.9,15
5589,2014-03-06,31.08,16
5589,2014-04-07,46.87,17
5589,2014-04-14,33.58,18
5589,2014-04-28,31.06,19
5589,2014-05-11,33.75,20
5589,2014-07-02,23.66,21
6365,2013-09-02,12.37,1
6365,2014-01-23,10.68,2
6365,2014-01-26,10.75,3
6365,2014-06-08,11.48,4
6365,2014-09-30,14.72,5
5636,2012-11-09,14.03,1
5636,2013-01-17,18.49,2
5636,2013-12-09,16.25,3
5636,2013-12-18,21.1,4
5636,2014-01-28,16.16,5
5636,2014-02-04,14.59,6
5636,2014-08-16,17.39,7
591,2013-01-20,27.2,1
591,2013-02-10,26.85,2
591,2013-02-17,29.18,3
591,2013-03-08,42.59,4
591,2013-05-05,35.28,5
591,2013-06-04,29.97,6
591,2013-06-30,38.39,7
591,2013-09-10,33.38,8
591,2013-12-01,34.35,9
591,2014-01-18,29.97,10
591,2014-01-31,34.56,11
591,2014-02-10,22.95,12
591,2014-02-14,30.82,13
591,2014-03-23,46.07,14
591,2014-03-31,48.15,15
591,2014-05-23,35.7,16
591,2014-06-20,39.64,17
591,2014-07-21,26.96,18
2217,2013-03-29,7.11,1
2217,2013-07-19,5.14,2
2217,2014-08-20,4.75,3
2544,2013-10-12,19.86,1
2544,2014-02-28,13.18,2
2544,2014-03-19,22.16,3
2544,2014-03-23,11.61,4
2544,2014-04-17,12.23,5
2544,2014-07-29,11.96,6
7725,2014-03-08,37.16,1
7725,2014-04-06,42.51,2
7725,2014-04-12,38.14,3
7725,2014-05-08,17.66,4
7725,2014-05-15,44.68,5
7725,2014-05-18,47.23,6
7725,2014-06-01,31.34,7
7725,2014-06-13,47.64,8
7725,2014-06-19,27.66,9
7725,2014-07-17,40.9,10
7725,2014-07-17,34.09,11
7725,2014-07-25,41.73,12
7725,2014-08-08,28.79,13
7725,2014-08-29,43.58,14
7725,2014-09-02,36.89,15
8091,2012-10-10,73.61,1
8091,2012-12-14,81.02,2
8091,2013-01-24,55.44,3
8091,2013-04-12,65.55,4
8091,2013-05-06,71.96,5
8091,2013-05-20,83.13,6
8091,2013-07-07,71.55,7
8091,2013-07-09,67.52,8
8091,2013-07-16,94.57,9
8091,2013-11-02,67.57,10
8091,2013-12-31,42.73,11
8091,2014-01-11,58.68,12
8091,2014-01-16,51.12,13
8091,2014-05-20,74.55,14
8091,2014-06-18,40.44,15
8091,2014-08-16,85.55,16
7791,2013-09-15,2.46,1
7791,2014-01-16,3.64,2
7791,2014-01-22,7.11,3
7791,2014-07-08,6.79,4
955,2012-10-28,14.36,1
955,2012-12-22,20.23,2
955,2013-01-15,23.86,3
955,2013-06-29,29.74,4
955,2013-09-12,26.67,5
955,2013-10-29,20.19,6
955,2014-02-07,31.62,7
955,2014-02-20,22.44,8
955,2014-03-31,14.44,9
955,2014-07-16,17.45,10
4037,2013-06-14,5.78,1
4037,2013-10-26,3.93,2
4037,2014-07-20,5.29,3
6642,2013-01-23,10.4,1
6642,2013-05-16,10.68,2
6642,2013-05-24,10.13,3
6642,2013-05-25,13.02,4
6642,2013-11-17,7.88,5
6642,2014-04-25,7.84,6
6642,2014-08-16,14.04,7
2793,2013-07-21,39.04,1
2793,2013-08-15,29.08,2
2793,2013-08-28,37.29,3
2793,2013-09-04,40.65,4
2793,2013-09-17,29.98,5
2793,2013-09-23,41.69,6
2793,2013-09-26,35.08,7
2793,2013-11-01,25.2,8
2793,2013-12-09,37.37,9
2793,2013-12-12,45.17,10
2793,2014-01-27,47.65,11
2793,2014-03-05,36.78,12
2793,2014-04-07,25.18,13
2793,2014-04-14,47.56,14
2793,2014-05-08,52.13,15
2793,2014-05-10,43.77,16
2793,2014-06-08,44.96,17
2793,2014-07-04,34.69,18
2793,2014-07-20,47.67,19
2793,2014-08-04,40.14,20
2793,2014-08-12,50.48,21
2793,2014-08-14,33.32,22
2793,2014-09-25,36.13,23
9530,2012-11-01,6.26,1
9530,2013-09-30,5.02,2
9530,2014-09-19,5.72,3
4828,2014-06-18,48.46,1
4828,2014-07-11,24.07,2
4828,2014-07-23,37.32,3
4828,2014-08-13,47.34,4
4828,2014-08-17,37.57,5
4828,2014-08-17,44.9,6
4828,2014-08-22,33.88,7
4828,2014-08-23,45.6,8
4828,2014-08-24,37.8,9
4828,2014-08-29,42.45,10
4828,2014-08-30,41.03,11
4828,2014-09-02,26.06,12
4828,2014-09-06,38.74,13
4828,2014-09-06,31.85,14
4828,2014-09-14,30.15,15
4828,2014-09-15,41.37,16
4828,2014-09-18,41.69,17
4828,2014-09-21,30.87,18
4828,2014-09-21,33.36,19
4828,2014-09-23,39.48,20
10699,2014-06-16,14.5,1
10699,2014-08-16,10.8,2
10699,2014-08-19,15.17,3
10699,2014-08-22,12.62,4
10699,2014-09-03,15.75,5
10699,2014-09-05,20.16,6
1497,2013-01-19,27.14,1
1497,2013-02-15,32.38,2
1497,2013-02-19,23.64,3
1497,2013-04-25,26.84,4
1497,2013-04-26,29.48,5
1497,2013-05-30,20.48,6
1497,2013-06-20,28.38,7
1497,2013-08-05,26.71,8
1497,2013-10-06,34.33,9
1497,2013-11-17,27.22,10
1497,2013-12-14,24.17,11
1497,2014-05-03,44.63,12
1497,2014-06-11,23.88,13
1497,2014-09-27,15.73,14
7476,2012-12-02,83.65,1
7476,2013-01-08,63.53,2
7476,2013-01-08,59.81,3
7476,2013-01-22,60.34,4
7476,2013-03-13,78.48,5
7476,2013-03-16,59.18,6
7476,2013-05-05,51.28,7
7476,2013-05-26,47.14,8
7476,2013-06-28,72.53,9
7476,2013-07-01,57.44,10
7476,2013-08-04,63.36,11
7476,2013-09-28,65.15,12
7476,2013-10-03,64.53,13
7476,2014-01-08,59.05,14
7476,2014-01-12,71.25,15
7476,2014-02-16,63.98,16
7476,2014-03-07,104.01,17
7476,2014-04-29,64.62,18
7476,2014-07-04,67.66,19
4390,2014-04-15,36.36,1
4390,2014-05-19,32.34,2
4390,2014-06-06,31.34,3
4390,2014-06-08,39.68,4
4390,2014-06-15,29.85,5
4390,2014-06-16,43.18,6
4390,2014-07-05,42.76,7
4390,2014-07-07,31.31,8
4390,2014-07-13,28.04,9
4390,2014-07-18,54.21,10
4390,2014-07-19,39.14,11
4390,2014-07-22,28.81,12
4390,2014-07-29,38.53,13
4390,2014-08-05,49.17,14
4390,2014-08-08,28.15,15
4390,2014-08-14,33.72,16
4390,2014-08-25,34.18,17
4390,2014-08-26,29.77,18
4390,2014-09-03,53.79,19
4390,2014-09-16,40.35,20
4390,2014-09-21,65.32,21
10478,2012-10-23,32.56,1
10478,2012-11-08,44.26,2
10478,2012-11-20,26.87,3
10478,2013-01-11,35.6,4
10478,2013-03-14,25.49,5
10478,2013-03-18,28.82,6
10478,2013-05-21,33.58,7
10478,2013-06-12,26.02,8
10478,2013-06-15,26.05,9
10478,2013-08-03,30.07,10
10478,2013-09-26,34.27,11
10478,2014-01-11,27.86,12
10478,2014-01-29,37.04,13
10478,2014-02-13,41.46,14
10478,2014-02-20,47.49,15
10478,2014-03-09,27.0,16
10478,2014-03-25,47.34,17
10478,2014-08-13,25.22,18
1081,2013-03-27,47.36,1
1081,2013-05-04,73.23,2
1081,2013-05-24,73.54,3
1081,2013-07-08,57.98,4
1081,2013-07-25,80.76,5
1081,2013-09-28,58.9,6
1081,2013-11-09,102.66,7
1081,2014-03-09,71.04,8
1081,2014-05-08,55.34,9
1081,2014-05-24,67.64,10
1081,2014-08-16,60.92,11
1081,2014-08-27,46.72,12
1081,2014-09-05,82.56,13
1081,2014-09-09,74.36,14
8135,2013-10-28,9.01,1
8135,2014-01-04,11.29,2
8135,2014-02-07,12.91,3
8135,2014-08-25,7.79,4
4967,2013-03-29,23.62,1
4967,2013-04-20,24.22,2
4967,2013-07-04,28.74,3
4967,2013-10-23,18.47,4
4967,2013-11-26,18.69,5
4967,2014-01-13,24.77,6
4967,2014-01-13,23.04,7
4967,2014-03-08,24.21,8
4967,2014-04-24,24.19,9
4967,2014-05-30,26.66,10
4967,2014-09-16,19.38,11
2130,2014-03-23,14.35,1
2130,2014-06-05,17.22,2
2130,2014-06-20,15.17,3
2130,2014-07-11,17.09,4
2130,2014-07-26,25.05,5
2130,2014-09-05,20.19,6
2130,2014-10-01,13.92,7
9298,2014-04-28,96.97,1
9298,2014-06-04,90.01,2
9298,2014-06-06,127.21,3
9298,2014-06-28,78.63,4
9298,2014-06-28,98.92,5
9298,2014-06-28,102.29,6
9298,2014-06-29,88.22,7
9298,2014-06-30,80.91,8
9298,2014-06-30,68.91,9
9298,2014-07-01,143.78,10
9298,2014-07-03,167.12,11
9298,2014-07-03,118.51,12
9298,2014-07-04,62.2,13
9298,2014-07-05,192.46,14
9298,2014-07-05,106.22,15
9298,2014-07-06,81.15,16
9298,2014-07-08,94.5,17
6257,2013-01-23,26.12,1
6257,2013-02-04,45.91,2
6257,2013-02-15,39.4,3
6257,2013-05-15,34.75,4
6257,2013-07-01,15.87,5
6257,2013-08-26,33.51,6
6257,2013-09-23,26.18,7
6257,2013-11-09,32.25,8
6257,2013-12-07,26.87,9
6257,2013-12-12,29.13,10
6257,2014-01-12,19.12,11
6257,2014-01-16,25.26,12
6257,2014-01-17,36.3,13
6257,2014-03-03,39.95,14
6257,2014-03-16,20.02,15
6257,2014-07-16,32.37,16
3790,2014-01-23,6.33,1
3790,2014-05-27,4.18,2
3790,2014-09-04,3.49,3
9952,2013-12-11,57.96,1
9952,2014-01-05,95.75,2
9952,2014-01-13,73.94,3
9952,2014-02-26,50.64,4
9952,2014-04-12,73.31,5
9952,2014-05-03,61.09,6
9952,2014-05-18,87.11,7
9952,2014-05-20,95.47,8
9952,2014-06-13,44.52,9
9952,2014-06-24,55.02,10
9952,2014-07-16,55.26,11
9952,2014-07-24,101.94,12
9952,2014-08-01,59.74,13
9952,2014-08-02,68.92,14
9952,2014-08-04,49.87,15
9952,2014-08-13,64.46,16
3503,2013-12-02,72.99,1
3503,2014-01-15,53.32,2
3503,2014-01-18,76.95,3
3503,2014-02-03,73.31,4
3503,2014-02-07,110.83,5
3503,2014-02-16,76.38,6
3503,2014-04-08,62.39,7
3503,2014-05-15,57.52,8
3503,2014-05-20,49.17,9
3503,2014-06-01,56.72,10
3503,2014-06-19,69.53,11
3503,2014-06-20,78.66,12
3503,2014-06-29,66.03,13
3503,2014-07-19,55.18,14
5223,2014-04-23,11.09,1
5223,2014-06-29,8.33,2
5223,2014-07-01,10.42,3
5223,2014-07-12,9.75,4
5223,2014-07-13,11.12,5
5223,2014-07-17,12.3,6
4764,2012-12-10,16.86,1
4764,2013-01-04,17.23,2
4764,2013-11-19,15.43,3
4764,2013-11-27,21.34,4
4764,2014-05-06,20.59,5
4764,2014-05-19,14.9,6
4764,2014-06-17,21.43,7
4764,2014-08-14,28.23,8
2471,2014-06-27,21.06,1
2471,2014-08-21,27.86,2
2471,2014-08-26,20.28,3
2471,2014-08-26,25.06,4
2471,2014-08-26,21.84,5
2471,2014-08-26,23.9,6
2471,2014-08-26,28.75,7
2471,2014-08-26,29.27,8
2471,2014-08-26,26.49,9
2471,2014-08-26,16.83,10
2471,2014-08-27,14.67,11
5892,2013-04-10,36.43,1
5892,2013-05-03,17.54,2
5892,2013-07-05,16.89,3
5892,2013-08-23,22.73,4
5892,2013-09-14,20.82,5
5892,2013-10-17,17.94,6
5892,2013-12-04,22.04,7
5892,2013-12-17,26.87,8
5892,2014-02-04,25.65,9
5892,2014-09-24,12.09,10
2612,2013-12-24,48.36,1
2612,2014-01-17,58.17,2
2612,2014-02-01,96.56,3
2612,2014-02-08,49.36,4
2612,2014-02-10,51.93,5
2612,2014-03-11,39.57,6
2612,2014-03-16,62.42,7
2612,2014-03-21,71.06,8
2612,2014-03-28,87.15,9
2612,2014-04-08,86.2,10
2612,2014-04-15,68.24,11
2612,2014-04-19,85.91,12
2612,2014-05-06,59.92,13
2612,2014-05-22,60.95,14
2612,2014-06-15,49.78,15
2612,2014-06-16,63.46,16
2612,2014-06-19,69.65,17
2612,2014-06-30,85.39,18
2612,2014-07-30,58.01,19
2612,2014-08-08,70.79,20
2612,2014-08-12,70.41,21
2612,2014-08-13,77.09,22
2612,2014-08-23,71.82,23
2612,2014-09-02,91.8,24
5185,2013-02-14,61.32,1
5185,2013-04-14,58.74,2
5185,2013-06-17,61.99,3
5185,2013-08-20,66.0,4
5185,2013-09-24,164.8,5
5185,2014-01-16,53.02,6
5185,2014-03-18,69.85,7
5185,2014-03-26,66.59,8
5185,2014-03-27,48.24,9
5185,2014-03-28,70.74,10
5185,2014-04-25,69.59,11
5185,2014-07-14,60.12,12
10069,2013-01-07,7.95,1
10069,2013-10-12,7.24,2
10069,2014-03-12,6.35,3
10069,2014-08-23,9.46,4
1131,2014-04-05,18.72,1
1131,2014-06-04,13.74,2
1131,2014-06-09,15.82,3
1131,2014-07-02,15.01,4
1131,2014-07-04,12.87,5
1131,2014-08-12,11.84,6
1041,2012-10-18,24.18,1
1041,2012-12-01,26.45,2
1041,2012-12-15,27.59,3
1041,2013-01-21,32.37,4
1041,2013-02-07,31.23,5
1041,2013-05-12,29.65,6
1041,2013-07-19,16.71,7
1041,2013-08-12,17.27,8
1041,2013-09-18,21.71,9
1041,2013-12-21,39.55,10
1041,2014-02-18,22.2,11
1041,2014-02-18,39.34,12
1041,2014-06-22,22.16,13
1041,2014-10-02,31.57,14
3409,2013-10-15,23.2,1
3409,2013-12-11,19.99,2
3409,2013-12-28,15.76,3
3409,2013-12-28,27.18,4
3409,2014-01-02,21.3,5
3409,2014-01-19,20.17,6
3409,2014-02-18,21.94,7
3409,2014-04-27,28.03,8
3409,2014-05-03,23.84,9
3409,2014-06-10,25.13,10
3409,2014-06-25,31.8,11
3409,2014-07-29,33.66,12
7022,2012-10-24,68.74,1
7022,2012-10-28,69.91,2
7022,2012-11-08,74.0,3
7022,2012-11-14,64.19,4
7022,2012-12-20,70.46,5
7022,2013-07-12,41.48,6
7022,2013-08-02,69.63,7
7022,2013-08-10,72.02,8
7022,2013-08-22,61.63,9
7022,2013-11-14,35.56,10
7022,2013-12-03,88.95,11
7022,2013-12-18,65.37,12
7022,2014-01-17,61.49,13
7022,2014-03-10,77.8,14
7022,2014-03-11,60.5,15
7022,2014-03-31,90.06,16
7022,2014-06-06,62.31,17
7022,2014-08-01,89.52,18
7022,2014-09-14,55.8,19
7022,2014-10-03,95.58,20
7943,2014-04-25,4.81,1
7943,2014-07-05,5.26,2
7943,2014-08-02,6.33,3
7943,2014-08-02,6.71,4
7943,2014-08-26,6.89,5
5272,2013-06-27,48.28,1
5272,2013-08-09,25.51,2
5272,2013-08-15,34.43,3
5272,2013-09-19,22.97,4
5272,2013-09-21,29.95,5
5272,2013-09-25,33.11,6
5272,2013-10-11,27.29,7
5272,2014-01-08,18.1,8
5272,2014-01-30,24.16,9
5272,2014-03-10,41.03,10
5272,2014-03-14,29.97,11
5272,2014-04-23,27.06,12
5272,2014-06-04,27.77,13
5272,2014-06-11,28.36,14
5272,2014-07-04,21.22,15
5272,2014-08-02,49.77,16
5453,2012-10-20,101.47,1
5453,2012-10-22,112.28,2
5453,2012-10-24,80.12,3
5453,2012-11-05,78.16,4
5453,2012-12-14,66.64,5
5453,2013-01-12,122.92,6
5453,2013-02-03,91.09,7
5453,2013-03-21,88.48,8
5453,2013-04-20,96.82,9
5453,2013-04-21,93.88,10
5453,2013-08-08,76.25,11
5453,2013-08-18,115.69,12
5453,2013-08-22,73.68,13
5453,2013-09-04,98.52,14
5453,2013-09-22,80.47,15
5453,2013-10-31,135.22,16
5453,2013-12-25,69.38,17
5453,2014-01-20,75.73,18
5453,2014-03-04,182.98,19
5453,2014-03-27,107.35,20
5453,2014-05-08,105.24,21
5453,2014-06-05,95.97,22
5453,2014-09-09,95.68,23
2565,2013-06-01,63.48,1
2565,2013-07-17,47.85,2
2565,2013-07-27,63.22,3
2565,2013-07-27,64.23,4
2565,2013-08-25,79.6,5
2565,2013-09-15,83.44,6
2565,2013-09-24,80.33,7
2565,2013-10-31,73.61,8
2565,2013-11-23,49.72,9
2565,2014-01-16,48.68,10
2565,2014-02-23,74.63,11
2565,2014-03-14,60.49,12
2565,2014-03-25,63.74,13
2565,2014-04-22,58.53,14
2565,2014-05-13,97.15,15
2565,2014-05-26,58.62,16
2565,2014-06-15,72.7,17
2565,2014-06-17,57.09,18
2565,2014-07-28,73.9,19
800,2013-08-30,7.33,1
800,2013-11-12,6.2,2
800,2014-01-14,9.62,3
800,2014-08-09,6.85,4
11092,2014-03-02,7.5,1
11092,2014-05-12,9.4,2
11092,2014-05-15,6.77,3
11092,2014-06-17,6.77,4
11092,2014-07-19,7.56,5
5062,2013-07-27,8.56,1
5062,2014-05-24,10.32,2
5062,2014-05-25,9.66,3
5062,2014-07-26,10.46,4
8969,2013-01-16,83.7,1
8969,2013-02-09,29.22,2
8969,2013-02-17,60.03,3
8969,2013-03-16,50.3,4
8969,2013-04-01,67.02,5
8969,2013-04-24,50.1,6
8969,2013-07-23,37.29,7
8969,2013-08-17,45.47,8
8969,2013-11-07,70.59,9
8969,2013-11-30,77.03,10
8969,2014-01-01,50.06,11
8969,2014-01-05,39.2,12
8969,2014-01-11,47.49,13
8969,2014-02-09,51.0,14
8969,2014-02-15,45.22,15
8969,2014-04-06,58.08,16
8969,2014-04-18,41.1,17
8969,2014-04-30,53.64,18
8969,2014-05-07,42.3,19
8969,2014-05-19,59.26,20
8969,2014-08-07,54.89,21
4656,2013-03-30,34.34,1
4656,2013-05-03,35.69,2
4656,2013-05-09,32.79,3
4656,2013-05-24,47.4,4
4656,2013-06-06,34.36,5
4656,2013-06-27,25.7,6
4656,2013-07-03,60.39,7
4656,2013-08-24,24.62,8
4656,2013-10-04,29.87,9
4656,2013-10-23,42.77,10
4656,2013-12-01,32.2,11
4656,2013-12-03,30.9,12
4656,2013-12-04,29.31,13
4656,2013-12-06,44.32,14
4656,2013-12-16,26.3,15
4656,2014-01-14,32.37,16
4656,2014-03-29,37.15,17
4656,2014-05-25,34.82,18
4656,2014-09-07,34.7,19
4480,2014-03-09,31.34,1
4480,2014-04-09,25.18,2
4480,2014-04-13,26.0,3
4480,2014-05-26,23.19,4
4480,2014-05-28,27.63,5
4480,2014-06-03,29.31,6
4480,2014-06-15,29.35,7
4480,2014-06-17,25.54,8
4480,2014-07-01,42.58,9
4480,2014-07-07,22.5,10
4480,2014-07-20,21.56,11
4480,2014-07-28,29.69,12
4480,2014-07-30,26.8,13
4480,2014-08-05,29.31,14
1773,2012-12-04,8.48,1
1773,2013-10-16,9.3,2
1773,2013-12-01,9.27,3
1773,2014-01-22,10.66,4
1773,2014-08-28,6.3,5
9242,2013-08-17,122.58,1
9242,2013-08-29,83.99,2
9242,2013-08-31,101.48,3
9242,2013-09-29,81.88,4
9242,2013-10-24,103.56,5
9242,2013-11-04,64.54,6
9242,2013-11-29,102.44,7
9242,2014-02-10,91.13,8
9242,2014-03-25,93.65,9
9242,2014-04-12,105.1,10
9242,2014-04-25,72.7,11
9242,2014-05-09,73.78,12
9242,2014-05-20,72.25,13
9242,2014-05-22,83.5,14
9242,2014-05-30,89.41,15
9242,2014-06-18,133.15,16
9242,2014-06-30,66.71,17
9242,2014-09-16,103.15,18
1764,2013-08-09,28.11,1
1764,2013-10-07,19.0,2
1764,2013-11-10,16.99,3
1764,2013-11-10,18.82,4
1764,2013-12-11,36.91,5
1764,2014-02-07,23.79,6
1764,2014-02-20,19.7,7
1764,2014-02-26,22.85,8
1764,2014-03-14,27.89,9
1764,2014-03-15,24.06,10
1764,2014-07-05,21.87,11
10099,2013-10-05,48.98,1
10099,2013-10-19,35.88,2
10099,2013-10-25,31.69,3
10099,2013-11-02,38.64,4
10099,2014-02-14,55.23,5
10099,2014-02-15,34.05,6
10099,2014-03-06,34.78,7
10099,2014-03-09,36.34,8
10099,2014-03-17,42.87,9
10099,2014-04-01,17.13,10
10099,2014-04-04,51.07,11
10099,2014-04-06,41.34,12
10099,2014-04-18,34.6,13
10099,2014-04-22,61.8,14
10099,2014-05-10,51.03,15
10099,2014-05-11,32.78,16
10099,2014-05-18,22.77,17
10099,2014-06-27,34.86,18
10099,2014-07-02,39.78,19
10099,2014-08-21,22.26,20
10099,2014-09-14,38.12,21
5423,2013-10-27,4.28,1
5423,2014-01-31,3.99,2
5423,2014-08-31,5.73,3
940,2014-05-18,23.61,1
940,2014-07-03,17.44,2
940,2014-07-24,24.57,3
940,2014-07-30,29.91,4
940,2014-08-02,29.76,5
940,2014-08-06,36.95,6
940,2014-08-14,28.98,7
940,2014-08-27,16.76,8
940,2014-08-29,21.08,9
940,2014-09-03,26.36,10
940,2014-09-17,22.12,11
940,2014-09-26,16.47,12
3298,2012-11-08,38.88,1
3298,2012-11-13,31.67,2
3298,2012-11-15,35.65,3
3298,2012-12-11,23.9,4
3298,2013-01-02,42.09,5
3298,2013-03-15,40.82,6
3298,2013-03-21,38.98,7
3298,2013-04-14,42.01,8
3298,2013-04-18,29.89,9
3298,2013-06-16,31.48,10
3298,2013-08-05,43.26,11
3298,2013-08-10,24.09,12
3298,2013-08-25,58.45,13
3298,2013-09-05,37.58,14
3298,2013-09-13,30.85,15
3298,2013-09-22,29.14,16
3298,2013-09-30,56.19,17
3298,2013-12-01,40.49,18
3298,2013-12-16,40.5,19
3298,2014-02-11,51.09,20
3298,2014-03-30,53.22,21
3298,2014-04-26,50.85,22
3298,2014-06-14,33.87,23
3298,2014-07-05,48.04,24
8286,2013-08-20,12.97,1
8286,2014-01-08,22.7,2
8286,2014-01-19,16.3,3
8286,2014-01-27,18.49,4
8286,2014-02-02,19.34,5
8286,2014-03-09,12.2,6
8286,2014-08-11,14.99,7
9668,2013-01-12,8.09,1
9668,2013-09-21,8.87,2
9668,2013-12-12,9.34,3
9668,2014-01-09,8.14,4
9668,2014-03-15,6.43,5
9668,2014-09-21,16.13,6
6097,2013-01-16,36.73,1
6097,2013-01-27,17.02,2
6097,2013-03-15,34.84,3
6097,2013-03-23,25.42,4
6097,2013-06-29,17.81,5
6097,2013-10-15,33.02,6
6097,2013-10-21,30.45,7
6097,2013-11-06,30.44,8
6097,2013-12-28,33.17,9
6097,2013-12-28,27.16,10
6097,2014-02-02,26.91,11
6097,2014-03-26,28.92,12
6097,2014-04-22,27.23,13
6097,2014-04-30,30.36,14
6097,2014-08-02,35.52,15
7019,2013-01-23,12.56,1
7019,2013-03-11,15.2,2
7019,2013-03-24,21.41,3
7019,2013-05-19,24.57,4
7019,2013-05-28,14.11,5
7019,2013-08-15,35.46,6
7019,2013-12-22,25.47,7
7019,2014-06-22,21.26,8
7019,2014-08-17,22.96,9
7408,2014-03-03,19.92,1
7408,2014-04-05,21.61,2
7408,2014-06-16,25.3,3
7408,2014-06-22,14.29,4
7408,2014-06-29,27.24,5
7408,2014-07-03,18.51,6
7408,2014-07-17,21.47,7
7408,2014-07-20,19.44,8
7408,2014-07-31,24.09,9
7408,2014-09-27,32.11,10
8041,2012-10-16,81.75,1
8041,2012-11-03,58.0,2
8041,2012-12-08,97.01,3
8041,2012-12-18,36.64,4
8041,2012-12-23,76.15,5
8041,2013-01-11,44.19,6
8041,2013-03-04,69.41,7
8041,2013-04-04,70.61,8
8041,2013-06-16,104.09,9
8041,2013-07-18,53.44,10
8041,2013-10-14,84.55,11
8041,2013-10-29,77.21,12
8041,2013-11-15,52.65,13
8041,2014-04-05,58.14,14
8041,2014-08-31,87.15,15
252,2013-03-17,29.27,1
252,2013-04-07,36.45,2
252,2013-04-26,40.12,3
252,2013-06-19,25.53,4
252,2013-06-24,36.55,5
252,2013-08-03,31.45,6
252,2014-01-13,31.28,7
252,2014-01-25,29.17,8
252,2014-02-04,23.79,9
252,2014-02-12,17.94,10
252,2014-02-14,31.69,11
252,2014-02-28,30.82,12
252,2014-03-22,36.03,13
252,2014-05-10,24.77,14
252,2014-06-04,54.18,15
252,2014-09-24,33.97,16
9986,2014-02-22,7.46,1
9986,2014-04-28,5.8,2
9986,2014-05-22,5.79,3
9986,2014-07-14,5.36,4
9986,2014-07-22,7.95,5
9986,2014-08-11,6.13,6
9986,2014-09-27,5.52,7
3276,2013-10-25,12.23,1
3276,2014-02-10,8.83,2
3276,2014-02-23,14.17,3
3276,2014-04-15,9.18,4
3276,2014-06-28,12.51,5
3276,2014-08-13,9.08,6
3570,2013-10-21,22.2,1
3570,2013-11-13,31.86,2
3570,2014-01-27,19.53,3
3570,2014-02-16,21.88,4
3570,2014-02-17,15.5,5
3570,2014-02-19,17.74,6
3570,2014-03-19,15.87,7
3570,2014-04-28,20.66,8
3570,2014-07-25,20.48,9
3570,2014-08-02,34.29,10
3783,2014-03-24,15.47,1
3783,2014-06-09,15.38,2
3783,2014-06-19,20.94,3
3783,2014-06-28,16.25,4
3783,2014-07-20,16.47,5
3783,2014-07-21,17.56,6
3783,2014-08-23,13.94,7
10207,2013-06-19,3.94,1
10207,2013-09-12,3.84,2
10207,2014-08-26,6.22,3
3427,2013-04-12,28.86,1
3427,2013-05-17,28.15,2
3427,2013-05-21,21.59,3
3427,2013-06-07,42.79,4
3427,2013-06-19,46.67,5
3427,2013-07-02,33.53,6
3427,2013-07-05,28.81,7
3427,2013-11-09,45.57,8
3427,2013-12-10,22.15,9
3427,2013-12-21,28.58,10
3427,2014-01-13,21.15,11
3427,2014-02-12,32.85,12
3427,2014-03-14,37.01,13
3427,2014-04-22,25.65,14
3427,2014-05-06,35.75,15
3427,2014-05-19,38.49,16
3427,2014-06-20,40.39,17
3427,2014-06-25,48.9,18
3427,2014-09-04,37.26,19
3427,2014-09-24,54.84,20
5209,2013-06-17,27.16,1
5209,2013-07-20,27.72,2
5209,2013-08-14,34.52,3
5209,2013-09-11,34.95,4
5209,2013-10-20,22.43,5
5209,2013-10-21,26.12,6
5209,2013-12-19,35.08,7
5209,2014-02-06,39.87,8
5209,2014-02-24,23.87,9
5209,2014-03-03,32.07,10
5209,2014-03-17,33.64,11
5209,2014-03-17,19.29,12
5209,2014-04-18,43.45,13
5209,2014-06-07,30.2,14
5209,2014-08-14,38.67,15
5209,2014-08-21,44.54,16
5209,2014-09-14,42.42,17
10711,2013-10-02,35.31,1
10711,2013-11-13,30.76,2
10711,2013-11-13,25.77,3
10711,2013-11-28,30.11,4
10711,2014-01-15,45.07,5
10711,2014-01-23,29.53,6
10711,2014-01-24,46.61,7
10711,2014-01-28,27.73,8
10711,2014-01-30,38.05,9
10711,2014-02-18,49.5,10
10711,2014-03-01,47.6,11
10711,2014-03-13,50.3,12
10711,2014-04-08,43.51,13
10711,2014-04-24,32.98,14
10711,2014-05-01,33.56,15
10711,2014-06-10,47.25,16
10711,2014-06-23,40.85,17
10711,2014-06-29,54.58,18
10711,2014-08-05,25.27,19
10711,2014-08-20,31.67,20
10711,2014-09-12,34.98,21
10785,2014-06-19,10.96,1
10785,2014-08-18,4.87,2
10785,2014-08-22,6.65,3
10785,2014-09-04,7.59,4
10785,2014-09-18,6.92,5
2814,2013-06-27,8.26,1
2814,2013-12-15,4.67,2
2814,2013-12-30,6.26,3
2814,2014-09-29,4.81,4
6866,2014-03-23,5.0,1
6866,2014-05-30,6.73,2
6866,2014-06-22,5.88,3
6866,2014-08-10,9.39,4
1665,2013-09-23,79.34,1
1665,2013-11-02,79.76,2
1665,2013-11-06,138.16,3
1665,2013-12-01,116.38,4
1665,2013-12-13,148.74,5
1665,2014-02-04,127.31,6
1665,2014-02-09,101.16,7
1665,2014-02-14,90.26,8
1665,2014-06-07,154.21,9
1665,2014-06-12,105.31,10
1665,2014-06-17,93.64,11
1665,2014-06-22,110.15,12
1665,2014-07-26,190.58,13
6575,2012-10-27,33.92,1
6575,2012-11-21,55.22,2
6575,2012-11-25,27.71,3
6575,2013-01-03,29.03,4
6575,2013-01-05,41.08,5
6575,2013-02-11,24.05,6
6575,2013-03-23,39.69,7
6575,2013-07-04,16.17,8
6575,2013-09-18,30.43,9
6575,2013-10-11,33.74,10
6575,2013-11-01,30.94,11
6575,2013-12-07,19.82,12
6575,2014-02-08,28.77,13
6575,2014-03-24,21.95,14
6575,2014-04-07,38.45,15
6575,2014-06-14,43.48,16
6575,2014-08-15,22.53,17
3091,2014-05-02,37.33,1
3091,2014-05-18,26.4,2
3091,2014-06-03,48.82,3
3091,2014-06-03,50.75,4
3091,2014-07-14,32.07,5
3091,2014-07-19,37.44,6
3091,2014-07-19,31.93,7
3091,2014-07-25,40.81,8
3091,2014-08-03,68.16,9
3091,2014-08-03,30.75,10
3091,2014-08-08,30.59,11
3091,2014-08-09,28.6,12
3091,2014-08-09,56.8,13
3091,2014-08-14,35.76,14
3091,2014-08-16,33.81,15
3091,2014-08-25,22.11,16
3091,2014-08-25,56.65,17
3091,2014-08-25,25.43,18
3091,2014-09-02,33.18,19
3091,2014-09-08,39.6,20
10141,2013-05-10,4.6,1
10141,2013-07-22,5.47,2
10141,2014-10-04,6.92,3
5177,2013-12-12,20.53,1
5177,2014-01-16,25.43,2
5177,2014-02-02,23.13,3
5177,2014-03-01,37.38,4
5177,2014-03-07,39.52,5
5177,2014-03-18,21.49,6
5177,2014-03-27,17.93,7
5177,2014-04-10,26.72,8
5177,2014-04-13,24.58,9
5177,2014-04-22,17.49,10
5177,2014-04-27,23.28,11
5177,2014-05-17,31.94,12
5177,2014-07-07,23.68,13
5177,2014-08-10,43.92,14
7005,2014-06-16,55.52,1
7005,2014-07-09,33.75,2
7005,2014-07-15,27.29,3
7005,2014-07-20,28.91,4
7005,2014-07-25,46.11,5
7005,2014-07-25,33.24,6
7005,2014-07-25,32.22,7
7005,2014-07-25,32.9,8
7005,2014-07-25,24.9,9
7005,2014-07-25,35.39,10
7005,2014-07-25,35.75,11
7005,2014-07-25,48.82,12
7005,2014-07-25,30.91,13
7005,2014-07-25,35.1,14
7005,2014-07-25,25.46,15
7005,2014-07-25,43.54,16
7005,2014-07-25,41.1,17
7005,2014-07-25,27.48,18
7005,2014-07-25,49.89,19
7005,2014-07-26,39.71,20
6409,2013-05-18,50.3,1
6409,2013-05-29,70.28,2
6409,2013-05-31,42.52,3
6409,2013-06-22,61.21,4
6409,2013-08-01,54.9,5
6409,2013-08-03,67.89,6
6409,2013-10-07,84.21,7
6409,2013-11-16,101.41,8
6409,2013-11-20,63.5,9
6409,2013-11-26,48.21,10
6409,2013-11-29,30.23,11
6409,2014-01-14,35.51,12
6409,2014-03-31,37.55,13
6409,2014-04-08,37.5,14
6409,2014-06-16,62.15,15
6409,2014-07-07,56.0,16
6409,2014-07-11,34.1,17
6409,2014-07-19,53.94,18
6409,2014-09-17,60.57,19
7485,2014-05-07,19.54,1
7485,2014-07-08,21.51,2
7485,2014-07-11,17.19,3
7485,2014-07-17,21.15,4
7485,2014-07-25,10.87,5
7485,2014-08-02,12.53,6
7485,2014-08-18,19.21,7
8079,2014-02-26,7.59,1
8079,2014-05-11,6.92,2
8079,2014-05-13,3.98,3
8079,2014-06-07,5.22,4
8079,2014-06-16,7.0,5
8079,2014-07-11,6.28,6
8395,2012-10-08,75.92,1
8395,2013-01-02,69.56,2
8395,2013-01-10,91.24,3
8395,2013-04-23,93.91,4
8395,2013-05-26,64.48,5
8395,2013-06-01,55.7,6
8395,2013-06-03,60.57,7
8395,2013-08-17,58.0,8
8395,2013-09-14,46.4,9
8395,2013-10-07,77.64,10
8395,2013-10-11,78.14,11
8395,2013-10-28,85.18,12
8395,2013-11-07,60.97,13
8395,2014-01-15,63.15,14
8395,2014-01-18,65.81,15
8395,2014-02-01,85.49,16
8395,2014-06-10,74.23,17
8395,2014-06-22,64.6,18
8395,2014-07-24,74.0,19
8395,2014-07-28,59.32,20
8395,2014-08-18,75.71,21
10352,2012-10-23,8.08,1
10352,2013-10-25,13.75,2
10352,2013-11-20,15.74,3
10352,2014-01-11,22.85,4
10352,2014-03-03,14.26,5
10352,2014-10-03,16.32,6
4931,2013-04-29,47.14,1
4931,2013-05-23,64.9,2
4931,2013-05-28,65.55,3
4931,2013-06-08,48.71,4
4931,2013-06-14,53.11,5
4931,2013-06-20,60.18,6
4931,2013-07-05,43.01,7
4931,2013-07-11,74.23,8
4931,2013-07-17,43.49,9
4931,2013-07-17,66.17,10
4931,2013-07-24,44.83,11
4931,2013-08-30,63.48,12
4931,2013-09-15,88.13,13
4931,2013-10-25,78.18,14
4931,2013-10-27,53.29,15
4931,2013-11-03,76.56,16
4931,2013-11-30,119.13,17
4931,2013-12-16,64.44,18
4931,2013-12-29,60.75,19
4931,2014-01-15,52.48,20
4931,2014-03-03,56.02,21
4931,2014-05-05,44.57,22
4931,2014-05-14,64.4,23
4931,2014-05-21,56.03,24
4931,2014-07-02,60.11,25
4931,2014-07-10,59.52,26
4931,2014-07-13,68.75,27
4931,2014-09-22,51.85,28
13,2013-07-22,6.02,1
13,2013-11-28,4.74,2
13,2013-12-25,5.89,3
13,2014-08-09,7.35,4
1834,2014-03-08,12.99,1
1834,2014-06-14,11.66,2
1834,2014-06-15,10.0,3
1834,2014-06-23,12.04,4
1834,2014-07-20,16.32,5
2285,2013-05-28,20.1,1
2285,2013-07-04,19.87,2
2285,2013-08-16,30.26,3
2285,2013-08-24,25.06,4
2285,2013-10-03,19.72,5
2285,2013-10-19,26.15,6
2285,2013-11-11,28.29,7
2285,2013-11-29,34.84,8
2285,2014-02-18,26.11,9
2285,2014-03-28,24.01,10
2285,2014-04-17,27.11,11
2285,2014-10-05,23.45,12
2295,2014-02-02,47.06,1
2295,2014-02-17,36.72,2
2295,2014-02-17,36.27,3
2295,2014-02-19,36.2,4
2295,2014-04-04,27.31,5
2295,2014-04-09,34.93,6
2295,2014-04-17,26.6,7
2295,2014-04-26,20.12,8
2295,2014-04-27,56.05,9
2295,2014-05-24,49.83,10
2295,2014-05-26,49.17,11
2295,2014-05-30,32.17,12
2295,2014-06-03,29.02,13
2295,2014-06-04,39.16,14
2295,2014-06-09,44.38,15
2295,2014-06-30,33.61,16
2295,2014-07-11,36.78,17
2295,2014-07-22,42.0,18
2295,2014-07-26,27.58,19
2295,2014-07-29,61.05,20
2295,2014-08-09,20.98,21
1378,2013-07-24,45.38,1
1378,2013-08-13,30.27,2
1378,2013-09-09,28.07,3
1378,2013-09-22,35.4,4
1378,2013-10-14,45.54,5
1378,2013-11-22,46.24,6
1378,2013-12-01,39.63,7
1378,2014-02-25,22.96,8
1378,2014-04-10,27.2,9
1378,2014-04-11,27.52,10
1378,2014-05-01,35.43,11
1378,2014-05-11,23.33,12
1378,2014-05-14,37.68,13
1378,2014-06-27,23.83,14
1378,2014-07-03,29.34,15
1378,2014-07-13,30.19,16
1378,2014-09-11,32.01,17
2781,2014-06-23,95.38,1
2781,2014-08-02,110.35,2
2781,2014-08-05,118.51,3
2781,2014-08-10,87.9,4
2781,2014-08-10,63.52,5
2781,2014-08-10,111.09,6
2781,2014-08-10,87.79,7
2781,2014-08-10,138.69,8
2781,2014-08-10,151.03,9
2781,2014-08-10,130.87,10
2781,2014-08-10,138.12,11
2781,2014-08-10,94.53,12
2781,2014-08-10,108.08,13
2781,2014-08-10,75.69,14
2781,2014-08-10,105.96,15
2781,2014-08-11,140.52,16
1165,2013-05-02,15.94,1
1165,2013-06-20,17.1,2
1165,2013-06-25,25.72,3
1165,2013-07-01,43.61,4
1165,2013-07-09,51.38,5
1165,2013-07-11,21.27,6
1165,2013-09-29,27.45,7
1165,2014-01-28,11.79,8
1165,2014-03-10,36.59,9
1165,2014-04-06,34.97,10
1165,2014-05-03,36.06,11
1165,2014-05-05,22.18,12
1165,2014-06-08,24.25,13
1165,2014-07-17,32.23,14
1165,2014-08-04,43.46,15
1404,2013-05-15,20.9,1
1404,2013-06-21,21.46,2
1404,2013-09-01,15.99,3
1404,2013-11-08,22.89,4
1404,2014-02-06,28.31,5
1404,2014-03-20,20.53,6
1404,2014-03-28,18.52,7
1404,2014-04-11,26.59,8
1404,2014-07-08,13.81,9
6457,2014-05-29,58.13,1
6457,2014-06-19,53.81,2
6457,2014-06-22,31.97,3
6457,2014-06-27,41.74,4
6457,2014-07-19,39.96,5
6457,2014-07-19,49.74,6
6457,2014-07-19,26.43,7
6457,2014-07-19,26.37,8
6457,2014-07-19,37.13,9
6457,2014-07-19,44.38,10
6457,2014-07-19,43.34,11
6457,2014-07-19,32.16,12
6457,2014-07-19,30.67,13
6457,2014-07-19,41.59,14
6457,2014-07-19,45.7,15
6457,2014-07-19,21.63,16
6457,2014-07-19,27.05,17
6457,2014-07-19,33.66,18
6457,2014-07-19,48.51,19
6457,2014-07-19,42.08,20
6457,2014-07-19,24.65,21
6457,2014-07-20,36.31,22
2639,2014-01-10,10.06,1
2639,2014-03-17,9.81,2
2639,2014-04-21,8.22,3
2639,2014-07-05,8.49,4
2639,2014-08-05,4.9,5
2639,2014-08-21,7.53,6
6437,2013-06-19,14.05,1
6437,2014-02-08,12.38,2
6437,2014-02-14,11.73,3
6437,2014-04-29,13.88,4
6437,2014-07-17,14.95,5
6912,2013-08-20,44.64,1
6912,2013-09-07,30.61,2
6912,2013-09-20,43.38,3
6912,2013-09-29,52.71,4
6912,2013-11-07,34.58,5
6912,2013-12-11,31.93,6
6912,2013-12-23,40.4,7
6912,2013-12-25,31.62,8
6912,2014-01-31,40.29,9
6912,2014-02-04,29.51,10
6912,2014-02-13,43.07,11
6912,2014-03-02,42.93,12
6912,2014-03-05,18.3,13
6912,2014-03-07,31.05,14
6912,2014-04-19,52.9,15
6912,2014-05-04,38.3,16
6912,2014-05-07,23.35,17
6912,2014-05-09,36.71,18
6912,2014-05-31,25.69,19
6912,2014-06-15,44.34,20
6912,2014-08-06,28.69,21
7327,2013-12-29,5.6,1
7327,2014-03-01,7.29,2
7327,2014-03-04,8.2,3
7327,2014-05-22,6.41,4
7327,2014-07-16,6.19,5
7327,2014-07-26,6.31,6
8143,2013-07-30,22.59,1
8143,2013-09-14,27.89,2
8143,2013-10-04,24.0,3
8143,2013-11-09,16.85,4
8143,2013-11-19,33.37,5
8143,2013-12-31,20.28,6
8143,2014-02-18,26.55,7
8143,2014-03-31,20.65,8
8143,2014-04-12,22.9,9
8143,2014-05-08,21.61,10
8143,2014-08-17,18.3,11
1964,2013-09-05,47.36,1
1964,2013-10-16,124.75,2
1964,2013-10-21,102.8,3
1964,2013-12-01,106.75,4
1964,2013-12-26,103.44,5
1964,2014-01-04,106.86,6
1964,2014-01-29,77.22,7
1964,2014-02-01,50.77,8
1964,2014-04-15,95.38,9
1964,2014-04-17,74.69,10
1964,2014-05-10,80.66,11
1964,2014-05-15,125.28,12
1964,2014-06-04,109.48,13
1964,2014-06-05,89.46,14
1964,2014-06-09,87.41,15
1964,2014-06-23,87.19,16
1964,2014-07-31,80.5,17
3690,2013-01-11,67.62,1
3690,2013-02-09,74.12,2
3690,2013-02-19,95.75,3
3690,2013-03-01,112.18,4
3690,2013-04-13,130.07,5
3690,2013-04-30,112.97,6
3690,2013-06-15,80.96,7
3690,2013-06-20,164.4,8
3690,2013-08-22,82.5,9
3690,2013-09-10,114.53,10
3690,2013-10-20,63.6,11
3690,2013-11-06,132.8,12
3690,2014-01-29,96.33,13
3690,2014-02-05,54.92,14
3690,2014-02-14,111.5,15
3690,2014-03-03,62.4,16
3690,2014-03-25,95.76,17
3690,2014-04-07,98.97,18
3690,2014-04-10,94.44,19
3690,2014-07-21,108.75,20
3690,2014-09-15,96.4,21
3389,2012-11-22,61.87,1
3389,2012-12-02,53.25,2
3389,2012-12-07,35.11,3
3389,2012-12-20,32.34,4
3389,2013-01-13,52.09,5
3389,2013-01-17,34.6,6
3389,2013-02-22,62.95,7
3389,2013-03-09,32.03,8
3389,2013-03-24,49.64,9
3389,2013-04-15,56.12,10
3389,2013-04-23,55.21,11
3389,2013-06-03,28.62,12
3389,2013-07-18,41.8,13
3389,2013-07-25,46.26,14
3389,2013-07-27,54.63,15
3389,2013-08-18,34.6,16
3389,2013-09-21,41.1,17
3389,2013-09-26,42.64,18
3389,2013-11-02,49.9,19
3389,2013-11-06,40.6,20
3389,2013-11-11,49.23,21
3389,2013-11-26,78.31,22
3389,2014-02-17,34.73,23
3389,2014-02-22,41.16,24
3389,2014-03-28,39.74,25
3389,2014-04-07,38.69,26
3389,2014-06-09,42.71,27
3389,2014-06-12,43.7,28
3389,2014-07-11,43.03,29
3389,2014-08-05,55.31,30
4712,2012-11-28,11.34,1
4712,2013-02-13,11.87,2
4712,2013-08-01,13.65,3
4712,2013-09-05,10.9,4
4712,2014-02-11,11.37,5
4712,2014-09-17,13.88,6
1170,2013-03-25,22.2,1
1170,2013-05-19,21.33,2
1170,2013-08-06,26.07,3
1170,2013-08-24,20.95,4
1170,2013-09-17,22.05,5
1170,2013-11-15,22.3,6
1170,2013-12-14,21.7,7
1170,2013-12-24,19.52,8
1170,2014-01-02,28.31,9
1170,2014-08-21,24.59,10
6347,2013-06-27,6.36,1
6347,2013-10-14,7.09,2
6347,2014-07-25,7.46,3
6347,2014-09-09,5.09,4
4065,2013-02-12,27.67,1
4065,2013-03-20,27.74,2
4065,2013-04-01,23.69,3
4065,2013-04-29,32.63,4
4065,2013-06-25,22.02,5
4065,2013-11-04,34.38,6
4065,2013-12-04,23.65,7
4065,2013-12-09,22.32,8
4065,2014-01-02,22.55,9
4065,2014-01-16,24.36,10
4065,2014-01-22,28.13,11
4065,2014-03-08,35.34,12
4065,2014-07-23,28.2,13
4065,2014-10-05,28.32,14
8230,2014-01-23,15.84,1
8230,2014-07-14,10.91,2
8230,2014-07-20,11.71,3
8230,2014-08-16,12.9,4
8230,2014-09-07,14.64,5
1215,2013-10-08,49.75,1
1215,2013-10-21,40.72,2
1215,2013-10-22,50.75,3
1215,2013-10-23,85.18,4
1215,2013-12-10,83.47,5
1215,2014-01-15,61.7,6
1215,2014-01-18,83.94,7
1215,2014-02-01,73.24,8
1215,2014-02-03,80.9,9
1215,2014-02-23,99.79,10
1215,2014-03-01,67.44,11
1215,2014-04-05,65.03,12
1215,2014-04-07,69.29,13
1215,2014-04-12,62.69,14
1215,2014-05-09,69.47,15
1215,2014-05-30,68.92,16
1215,2014-06-01,96.63,17
1215,2014-06-08,43.64,18
1215,2014-07-06,68.36,19
1215,2014-07-22,52.8,20
1215,2014-07-30,58.78,21
1215,2014-08-17,51.51,22
5939,2014-01-17,20.08,1
5939,2014-03-25,12.13,2
5939,2014-04-12,8.2,3
5939,2014-05-10,9.92,4
5939,2014-06-30,10.8,5
5939,2014-07-06,13.32,6
5939,2014-07-13,14.55,7
2156,2012-11-03,6.16,1
2156,2013-01-11,6.39,2
2156,2013-04-24,7.77,3
2156,2013-09-04,5.32,4
2156,2014-02-16,5.22,5
2156,2014-08-28,6.14,6
7788,2014-06-04,3.5,1
7788,2014-08-09,2.77,2
7788,2014-08-13,2.73,3
10323,2013-10-25,29.37,1
10323,2013-12-11,22.26,2
10323,2014-01-05,24.62,3
10323,2014-01-20,20.15,4
10323,2014-03-27,20.59,5
10323,2014-03-29,21.24,6
10323,2014-05-23,22.42,7
10323,2014-05-29,24.18,8
10323,2014-06-04,29.17,9
10323,2014-06-06,18.93,10
10323,2014-07-09,25.06,11
7947,2014-03-25,5.4,1
7947,2014-06-17,10.84,2
7947,2014-06-18,9.85,3
7947,2014-06-28,6.91,4
1891,2012-11-07,90.02,1
1891,2012-12-28,141.43,2
1891,2013-01-15,134.77,3
1891,2013-03-09,99.68,4
1891,2013-05-26,120.15,5
1891,2013-06-21,128.18,6
1891,2013-09-18,82.99,7
1891,2013-09-24,119.2,8
1891,2013-11-20,185.62,9
1891,2013-12-09,100.23,10
1891,2013-12-31,82.45,11
1891,2014-04-21,88.85,12
1891,2014-04-25,84.13,13
1891,2014-05-20,119.12,14
1891,2014-09-23,94.18,15
2570,2013-07-23,34.45,1
2570,2013-08-27,44.64,2
2570,2013-09-13,34.14,3
2570,2013-09-16,38.66,4
2570,2013-11-29,31.04,5
2570,2013-11-30,27.92,6
2570,2013-12-04,28.3,7
2570,2013-12-27,28.05,8
2570,2013-12-30,42.6,9
2570,2014-01-02,26.22,10
2570,2014-01-02,44.46,11
2570,2014-01-03,54.79,12
2570,2014-01-16,33.67,13
2570,2014-03-19,44.59,14
2570,2014-05-02,29.75,15
2570,2014-05-16,32.8,16
2570,2014-05-17,35.8,17
2570,2014-06-10,28.64,18
2570,2014-06-17,56.64,19
2570,2014-07-04,37.59,20
2570,2014-08-31,34.26,21
9256,2013-01-04,32.9,1
9256,2013-02-04,30.73,2
9256,2013-02-14,71.1,3
9256,2013-02-17,58.94,4
9256,2013-02-18,22.05,5
9256,2013-04-15,46.01,6
9256,2013-04-24,44.9,7
9256,2013-04-28,37.83,8
9256,2013-05-14,43.17,9
9256,2013-05-17,40.03,10
9256,2013-06-27,24.12,11
9256,2013-07-19,21.94,12
9256,2013-09-11,36.13,13
9256,2013-11-02,41.01,14
9256,2013-12-11,47.59,15
9256,2014-01-08,36.85,16
9256,2014-01-10,55.3,17
9256,2014-01-20,43.38,18
9256,2014-05-30,34.22,19
9256,2014-07-30,43.83,20
9256,2014-08-06,26.05,21
9256,2014-08-12,39.01,22
9256,2014-09-30,43.91,23
7397,2013-07-19,32.31,1
7397,2013-07-27,28.02,2
7397,2013-08-04,46.51,3
7397,2013-08-31,25.55,4
7397,2013-10-18,38.38,5
7397,2013-10-26,18.15,6
7397,2013-11-13,35.84,7
7397,2014-01-07,19.79,8
7397,2014-02-19,21.88,9
7397,2014-02-24,48.99,10
7397,2014-03-07,25.44,11
7397,2014-03-27,39.13,12
7397,2014-05-06,31.84,13
7397,2014-05-19,28.98,14
7397,2014-06-14,53.38,15
7397,2014-06-21,33.01,16
7397,2014-07-20,19.48,17
7397,2014-08-21,41.32,18
6349,2013-07-06,69.36,1
6349,2013-08-07,59.81,2
6349,2013-08-23,39.35,3
6349,2013-08-25,38.2,4
6349,2013-09-25,74.3,5
6349,2013-10-02,85.3,6
6349,2013-10-24,46.73,7
6349,2013-11-20,67.39,8
6349,2014-01-25,68.97,9
6349,2014-02-06,89.36,10
6349,2014-02-09,68.72,11
6349,2014-02-15,74.4,12
6349,2014-03-09,80.12,13
6349,2014-04-02,86.48,14
6349,2014-05-14,78.58,15
6349,2014-05-27,57.81,16
6349,2014-07-04,55.74,17
6349,2014-07-26,93.39,18
10790,2013-02-19,4.79,1
10790,2013-06-29,4.53,2
10790,2014-08-26,4.68,3
10398,2013-01-31,7.24,1
10398,2013-02-07,5.4,2
10398,2014-07-15,6.37,3
2431,2012-12-31,8.91,1
2431,2013-04-09,12.9,2
2431,2013-07-15,12.86,3
2431,2014-03-05,9.31,4
2431,2014-07-27,9.02,5
550,2013-05-23,38.89,1
550,2013-06-03,24.99,2
550,2013-06-05,33.51,3
550,2013-07-14,40.01,4
550,2013-10-08,33.67,5
550,2013-10-22,47.86,6
550,2013-10-26,23.28,7
550,2013-10-28,47.65,8
550,2013-11-14,32.67,9
550,2013-12-18,41.52,10
550,2014-01-23,47.82,11
550,2014-02-10,26.63,12
550,2014-02-13,26.06,13
550,2014-02-17,24.92,14
550,2014-04-14,34.37,15
550,2014-05-16,42.43,16
550,2014-05-25,38.12,17
550,2014-06-02,35.97,18
550,2014-07-10,41.62,19
1890,2013-04-11,5.49,1
1890,2013-07-07,5.71,2
1890,2014-07-02,6.8,3
10742,2013-02-27,68.47,1
10742,2013-04-08,49.81,2
10742,2013-05-20,81.48,3
10742,2013-07-23,96.4,4
10742,2013-10-24,61.32,5
10742,2013-11-14,58.03,6
10742,2013-12-06,46.73,7
10742,2013-12-21,59.98,8
10742,2014-03-27,47.54,9
10742,2014-04-11,85.86,10
10742,2014-07-25,70.37,11
10356,2012-11-04,6.05,1
10356,2013-03-31,9.12,2
10356,2013-11-14,7.58,3
10356,2014-09-30,8.25,4
4676,2014-03-05,86.64,1
4676,2014-03-12,99.02,2
4676,2014-03-24,58.17,3
4676,2014-04-04,81.57,4
4676,2014-04-24,28.4,5
4676,2014-05-05,87.74,6
4676,2014-05-06,62.32,7
4676,2014-05-08,81.94,8
4676,2014-05-14,53.23,9
4676,2014-05-15,64.99,10
4676,2014-05-16,40.42,11
4676,2014-05-18,47.96,12
4676,2014-05-20,50.48,13
4676,2014-05-28,62.71,14
4676,2014-06-03,51.49,15
4676,2014-06-08,69.87,16
4676,2014-06-12,64.23,17
4676,2014-06-13,92.46,18
4676,2014-06-14,60.55,19
4676,2014-06-16,133.52,20
4676,2014-06-17,66.7,21
4676,2014-07-01,44.08,22
4676,2014-07-11,99.52,23
8852,2012-10-18,26.5,1
8852,2012-10-28,42.09,2
8852,2012-11-16,31.18,3
8852,2012-12-08,59.37,4
8852,2012-12-23,34.84,5
8852,2013-02-18,32.24,6
8852,2013-02-21,35.92,7
8852,2013-04-01,41.96,8
8852,2013-04-14,42.77,9
8852,2013-06-19,49.98,10
8852,2013-06-24,28.4,11
8852,2013-07-14,27.02,12
8852,2013-08-14,32.43,13
8852,2013-08-22,45.19,14
8852,2013-10-10,28.63,15
8852,2013-10-21,47.8,16
8852,2013-12-02,71.47,17
8852,2014-01-19,30.87,18
8852,2014-01-23,58.49,19
8852,2014-03-28,43.38,20
8852,2014-05-04,37.44,21
8852,2014-05-09,25.26,22
8852,2014-07-17,26.75,23
5294,2013-11-20,7.18,1
5294,2014-02-10,6.55,2
5294,2014-02-15,9.96,3
5294,2014-03-25,9.91,4
5294,2014-07-11,6.91,5
5294,2014-07-26,7.8,6
5294,2014-08-17,4.69,7
1958,2014-03-21,38.93,1
1958,2014-04-10,41.06,2
1958,2014-05-07,43.28,3
1958,2014-05-19,26.78,4
1958,2014-05-20,37.9,5
1958,2014-05-25,31.63,6
1958,2014-05-27,44.86,7
1958,2014-06-04,43.16,8
1958,2014-06-05,42.57,9
1958,2014-06-09,24.13,10
1958,2014-06-13,32.41,11
1958,2014-06-16,25.62,12
1958,2014-06-24,30.73,13
1958,2014-06-24,19.05,14
1958,2014-06-25,25.82,15
1958,2014-07-02,46.9,16
1958,2014-07-04,30.44,17
1958,2014-07-05,27.98,18
1958,2014-07-12,33.74,19
7349,2012-11-05,7.91,1
7349,2013-06-03,8.72,2
7349,2013-10-14,6.46,3
7349,2014-02-25,9.62,4
7349,2014-05-06,12.24,5
7349,2014-05-07,11.42,6
7349,2014-09-28,4.62,7
8799,2013-09-23,13.73,1
8799,2013-10-30,23.03,2
8799,2013-12-19,13.12,3
8799,2014-02-05,22.15,4
8799,2014-02-15,18.52,5
8799,2014-02-16,18.82,6
8799,2014-02-24,25.25,7
8799,2014-09-29,15.37,8
1351,2012-10-17,54.56,1
1351,2012-10-23,50.37,2
1351,2012-10-26,47.0,3
1351,2012-11-04,47.21,4
1351,2012-11-27,49.11,5
1351,2012-12-06,44.56,6
1351,2013-01-22,43.29,7
1351,2013-04-04,34.15,8
1351,2013-04-08,38.28,9
1351,2013-07-03,50.99,10
1351,2013-07-05,25.83,11
1351,2013-07-07,58.78,12
1351,2013-08-14,49.91,13
1351,2013-08-18,50.26,14
1351,2013-09-06,26.89,15
1351,2013-11-04,37.09,16
1351,2013-11-23,45.77,17
1351,2014-01-09,65.11,18
1351,2014-01-29,30.66,19
1351,2014-01-29,34.21,20
1351,2014-03-05,33.45,21
1351,2014-04-19,69.35,22
1351,2014-04-21,51.35,23
1351,2014-06-09,30.66,24
1351,2014-06-18,43.27,25
1351,2014-07-11,21.46,26
1351,2014-08-28,24.03,27
1351,2014-09-10,50.39,28
1045,2012-12-10,19.84,1
1045,2013-01-04,21.06,2
1045,2013-01-11,17.63,3
1045,2013-01-18,24.17,4
1045,2013-02-18,21.26,5
1045,2013-03-05,37.31,6
1045,2013-04-06,22.27,7
1045,2013-10-27,17.44,8
1045,2013-11-07,29.6,9
1045,2014-03-09,29.0,10
1045,2014-08-11,19.42,11
7732,2014-01-02,29.02,1
7732,2014-02-16,29.39,2
7732,2014-02-18,44.98,3
7732,2014-02-25,43.51,4
7732,2014-03-03,39.56,5
7732,2014-03-25,30.2,6
7732,2014-04-04,31.34,7
7732,2014-04-04,36.9,8
7732,2014-04-04,28.01,9
7732,2014-04-27,31.45,10
7732,2014-04-28,30.69,11
7732,2014-05-01,28.82,12
7732,2014-05-03,36.9,13
7732,2014-05-16,51.9,14
7732,2014-06-10,30.25,15
7732,2014-06-17,38.87,16
7732,2014-06-18,51.16,17
7732,2014-07-01,46.69,18
7732,2014-07-16,33.34,19
8070,2014-03-01,22.34,1
8070,2014-04-16,19.46,2
8070,2014-05-07,25.0,3
8070,2014-05-31,27.84,4
8070,2014-06-02,23.97,5
8070,2014-06-08,28.79,6
8070,2014-06-15,21.98,7
8070,2014-06-18,18.02,8
8070,2014-06-21,20.14,9
8070,2014-06-25,23.74,10
8070,2014-06-29,25.74,11
477,2014-06-17,63.47,1
477,2014-07-02,91.83,2
477,2014-07-28,94.33,3
477,2014-08-13,132.07,4
477,2014-08-17,123.01,5
477,2014-08-19,54.84,6
477,2014-08-19,99.68,7
477,2014-08-21,116.22,8
477,2014-08-21,97.0,9
477,2014-08-24,75.48,10
477,2014-08-25,130.96,11
477,2014-08-25,102.09,12
477,2014-08-26,81.85,13
477,2014-08-29,96.5,14
477,2014-08-30,73.52,15
477,2014-08-30,130.06,16
477,2014-08-31,96.14,17
477,2014-08-31,95.18,18
477,2014-08-31,136.43,19
477,2014-09-02,66.35,20
477,2014-09-04,99.0,21
7832,2013-08-28,69.7,1
7832,2013-09-23,71.29,2
7832,2013-09-25,58.71,3
7832,2013-10-15,73.82,4
7832,2013-10-29,87.47,5
7832,2013-11-01,93.84,6
7832,2013-11-29,70.58,7
7832,2013-12-21,51.6,8
7832,2013-12-26,65.41,9
7832,2014-01-22,53.49,10
7832,2014-02-10,65.7,11
7832,2014-02-12,66.21,12
7832,2014-02-26,39.51,13
7832,2014-04-01,42.32,14
7832,2014-04-08,75.4,15
7832,2014-04-11,54.5,16
7832,2014-05-24,66.21,17
7832,2014-05-28,72.31,18
7832,2014-06-28,77.51,19
7832,2014-06-29,103.22,20
7832,2014-07-05,57.53,21
7832,2014-09-05,51.69,22
2202,2013-04-09,11.98,1
2202,2013-08-02,13.84,2
2202,2014-01-23,11.77,3
2202,2014-02-23,11.98,4
2202,2014-06-29,12.43,5
7396,2012-11-10,57.68,1
7396,2012-11-28,40.09,2
7396,2012-12-16,68.85,3
7396,2012-12-28,64.49,4
7396,2013-01-07,50.6,5
7396,2013-01-10,71.48,6
7396,2013-01-11,60.42,7
7396,2013-01-19,48.52,8
7396,2013-02-24,64.04,9
7396,2013-03-03,54.13,10
7396,2013-03-12,44.44,11
7396,2013-03-28,68.79,12
7396,2013-04-21,61.79,13
7396,2013-04-30,70.87,14
7396,2013-05-18,68.38,15
7396,2013-08-26,63.25,16
7396,2013-09-08,57.35,17
7396,2013-10-25,75.79,18
7396,2013-10-29,41.22,19
7396,2013-11-17,68.02,20
7396,2013-11-20,68.39,21
7396,2013-12-17,115.5,22
7396,2014-02-27,61.71,23
7396,2014-04-11,59.78,24
7396,2014-07-05,65.42,25
4055,2014-05-29,8.27,1
4055,2014-07-30,8.48,2
4055,2014-08-13,6.41,3
4055,2014-08-14,9.47,4
4055,2014-08-22,5.86,5
4055,2014-08-25,5.5,6
10091,2013-05-20,46.84,1
10091,2013-07-08,55.93,2
10091,2013-07-12,83.27,3
10091,2013-10-20,54.46,4
10091,2013-11-15,113.81,5
10091,2013-11-18,57.49,6
10091,2013-11-29,56.97,7
10091,2013-12-17,83.91,8
10091,2014-01-29,43.74,9
10091,2014-05-13,89.5,10
10091,2014-05-13,50.98,11
10091,2014-06-22,75.51,12
10091,2014-07-01,97.57,13
10091,2014-07-12,60.47,14
10091,2014-07-19,56.54,15
7629,2014-05-08,4.84,1
7629,2014-07-10,3.46,2
7629,2014-08-06,3.8,3
7629,2014-08-11,7.31,4
7629,2014-08-20,5.58,5
10640,2013-09-05,23.95,1
10640,2013-09-17,20.47,2
10640,2013-11-09,18.01,3
10640,2014-01-12,17.74,4
10640,2014-02-19,22.32,5
10640,2014-02-25,18.06,6
10640,2014-03-31,16.83,7
10640,2014-05-18,21.07,8
10640,2014-07-26,23.56,9
3498,2012-11-25,34.05,1
3498,2013-01-15,33.41,2
3498,2013-01-17,44.21,3
3498,2013-01-20,38.11,4
3498,2013-01-26,49.23,5
3498,2013-03-12,34.87,6
3498,2013-05-22,37.95,7
3498,2013-08-10,26.95,8
3498,2013-08-27,30.47,9
3498,2013-09-21,30.79,10
3498,2013-10-06,43.02,11
3498,2013-10-10,41.42,12
3498,2013-10-19,38.85,13
3498,2013-10-25,24.77,14
3498,2013-11-16,45.82,15
3498,2013-11-30,45.33,16
3498,2014-03-06,37.58,17
3498,2014-04-16,35.14,18
3498,2014-05-13,32.79,19
3498,2014-06-27,28.14,20
3498,2014-09-29,37.12,21
6742,2013-01-13,3.11,1
6742,2013-05-13,2.56,2
6742,2014-07-15,3.33,3
1172,2013-05-01,54.16,1
1172,2013-05-15,125.0,2
1172,2013-05-20,98.39,3
1172,2013-05-22,84.93,4
1172,2013-05-22,109.77,5
1172,2013-07-07,75.28,6
1172,2013-07-28,78.18,7
1172,2013-08-07,65.69,8
1172,2013-08-18,73.56,9
1172,2013-08-27,74.29,10
1172,2013-09-07,92.87,11
1172,2013-10-24,93.06,12
1172,2013-11-10,116.34,13
1172,2013-12-10,73.52,14
1172,2013-12-30,57.23,15
1172,2014-01-07,76.66,16
1172,2014-03-03,76.71,17
1172,2014-03-22,148.45,18
1172,2014-05-13,57.0,19
1172,2014-05-27,54.81,20
1172,2014-06-12,65.33,21
1172,2014-06-17,69.61,22
1172,2014-07-02,81.2,23
1172,2014-07-26,109.96,24
569,2013-12-14,114.15,1
569,2014-01-02,115.22,2
569,2014-01-31,86.04,3
569,2014-01-31,106.05,4
569,2014-02-12,113.81,5
569,2014-03-21,116.87,6
569,2014-04-12,97.39,7
569,2014-04-24,56.8,8
569,2014-05-06,114.66,9
569,2014-05-11,87.01,10
569,2014-05-16,131.8,11
569,2014-06-13,74.67,12
569,2014-07-13,94.89,13
569,2014-07-15,116.57,14
569,2014-07-20,95.76,15
569,2014-07-28,115.25,16
569,2014-08-23,134.15,17
569,2014-09-03,108.93,18
4686,2014-04-02,59.65,1
4686,2014-05-10,114.09,2
4686,2014-05-15,75.12,3
4686,2014-05-18,77.83,4
4686,2014-05-27,57.0,5
4686,2014-06-05,60.34,6
4686,2014-06-05,48.84,7
4686,2014-06-09,51.64,8
4686,2014-06-13,58.03,9
4686,2014-06-15,81.49,10
4686,2014-06-20,66.26,11
4686,2014-07-03,58.27,12
4686,2014-07-07,46.33,13
4686,2014-07-12,56.95,14
4686,2014-07-13,77.07,15
4686,2014-07-31,44.67,16
4686,2014-08-13,63.39,17
4686,2014-08-14,67.81,18
4686,2014-08-16,56.65,19
4686,2014-08-18,80.06,20
4686,2014-08-19,81.64,21
4686,2014-08-28,52.4,22
4686,2014-08-30,77.56,23
4686,2014-09-07,93.87,24
1381,2014-01-28,16.53,1
1381,2014-03-06,14.96,2
1381,2014-04-02,23.66,3
1381,2014-04-05,28.21,4
1381,2014-04-13,24.05,5
1381,2014-05-19,30.29,6
1381,2014-06-23,11.09,7
1381,2014-07-06,26.74,8
1381,2014-07-11,48.91,9
1381,2014-08-02,28.74,10
1381,2014-08-07,20.59,11
1381,2014-09-15,32.24,12
2634,2014-04-18,8.44,1
2634,2014-06-22,9.73,2
2634,2014-08-12,9.6,3
2634,2014-08-15,13.52,4
2634,2014-08-21,10.27,5
2634,2014-09-25,10.45,6
10905,2012-10-29,23.5,1
10905,2012-11-21,26.89,2
10905,2013-04-22,19.48,3
10905,2013-05-30,24.29,4
10905,2013-06-14,14.51,5
10905,2013-10-13,23.43,6
10905,2013-12-05,23.23,7
10905,2014-03-29,26.25,8
10905,2014-06-26,24.06,9
10905,2014-07-22,18.73,10
10905,2014-09-28,27.62,11
1744,2013-01-07,9.14,1
1744,2013-12-11,10.75,2
1744,2014-01-01,8.98,3
1744,2014-07-30,5.13,4
3828,2013-02-17,53.42,1
3828,2013-03-15,62.89,2
3828,2013-04-03,70.36,3
3828,2013-04-12,42.73,4
3828,2013-04-17,34.79,5
3828,2013-05-11,37.31,6
3828,2013-05-16,31.12,7
3828,2013-07-20,33.92,8
3828,2013-07-31,49.18,9
3828,2013-08-06,44.64,10
3828,2013-09-04,39.04,11
3828,2013-10-31,29.35,12
3828,2013-11-01,51.11,13
3828,2014-01-08,30.72,14
3828,2014-01-13,55.52,15
3828,2014-01-13,38.44,16
3828,2014-03-11,38.54,17
3828,2014-03-14,39.34,18
3828,2014-04-02,38.86,19
3828,2014-04-08,52.41,20
3828,2014-05-17,34.17,21
3828,2014-05-21,46.49,22
3828,2014-05-22,51.6,23
3828,2014-07-19,37.82,24
3828,2014-07-22,41.27,25
3828,2014-08-05,46.95,26
8605,2014-03-23,12.98,1
8605,2014-06-08,10.21,2
8605,2014-06-23,17.33,3
8605,2014-06-30,13.05,4
8605,2014-08-30,8.43,5
4351,2013-04-27,9.68,1
4351,2013-07-08,8.66,2
4351,2013-12-09,5.3,3
4351,2014-07-07,6.36,4
10129,2014-03-12,99.1,1
10129,2014-03-27,72.59,2
10129,2014-04-29,52.27,3
10129,2014-05-06,65.65,4
10129,2014-05-15,66.08,5
10129,2014-05-28,48.49,6
10129,2014-06-06,62.45,7
10129,2014-06-06,49.99,8
10129,2014-06-22,65.5,9
10129,2014-06-26,81.8,10
10129,2014-06-30,51.35,11
10129,2014-07-04,77.56,12
10129,2014-07-09,75.96,13
10129,2014-07-17,78.18,14
10129,2014-07-23,48.64,15
10129,2014-07-25,63.01,16
10129,2014-07-28,70.7,17
10129,2014-08-04,80.4,18
10129,2014-08-09,49.48,19
10129,2014-08-31,89.8,20
2499,2013-05-06,28.48,1
2499,2013-06-22,19.72,2
2499,2013-07-04,38.48,3
2499,2013-11-01,34.69,4
2499,2013-11-07,45.27,5
2499,2013-12-19,26.01,6
2499,2013-12-31,23.62,7
2499,2014-01-04,42.24,8
2499,2014-02-03,32.28,9
2499,2014-02-15,29.51,10
2499,2014-02-21,29.4,11
2499,2014-03-22,25.99,12
2499,2014-04-30,28.14,13
2499,2014-05-13,35.28,14
2499,2014-08-01,36.83,15
2499,2014-08-10,27.89,16
2499,2014-08-28,33.16,17
10092,2013-02-18,50.06,1
10092,2013-02-24,68.53,2
10092,2013-03-14,77.48,3
10092,2013-03-20,45.86,4
10092,2013-04-26,77.28,5
10092,2013-05-30,64.93,6
10092,2013-06-01,67.55,7
10092,2013-09-05,67.25,8
10092,2013-09-15,64.91,9
10092,2013-09-16,52.98,10
10092,2013-09-18,69.81,11
10092,2013-11-11,37.6,12
10092,2013-11-15,59.69,13
10092,2014-01-25,100.46,14
10092,2014-02-11,69.01,15
10092,2014-04-01,62.58,16
10092,2014-04-19,73.76,17
10092,2014-05-11,69.67,18
10092,2014-07-16,72.64,19
10092,2014-07-29,85.56,20
10092,2014-08-15,63.42,21
10092,2014-08-20,88.98,22
5796,2013-11-26,41.86,1
5796,2014-01-14,68.8,2
5796,2014-01-18,50.26,3
5796,2014-01-20,51.53,4
5796,2014-01-25,42.19,5
5796,2014-02-01,43.69,6
5796,2014-02-02,57.05,7
5796,2014-02-14,48.83,8
5796,2014-02-25,66.0,9
5796,2014-03-03,47.06,10
5796,2014-03-08,41.69,11
5796,2014-03-18,42.66,12
5796,2014-03-25,67.76,13
5796,2014-04-03,51.79,14
5796,2014-04-04,42.8,15
5796,2014-04-18,36.87,16
5796,2014-04-27,37.36,17
5796,2014-05-03,47.47,18
5796,2014-07-06,61.7,19
5796,2014-07-16,55.54,20
5796,2014-07-16,56.54,21
5796,2014-07-27,36.54,22
10556,2014-05-24,29.65,1
10556,2014-06-18,17.23,2
10556,2014-06-29,24.68,3
10556,2014-07-24,21.34,4
10556,2014-07-26,25.71,5
10556,2014-07-26,34.73,6
10556,2014-07-26,18.91,7
10556,2014-07-27,32.46,8
10556,2014-08-01,30.52,9
10556,2014-08-06,19.73,10
10556,2014-08-06,26.95,11
10556,2014-08-10,39.1,12
10556,2014-08-15,31.0,13
1064,2013-12-11,11.82,1
1064,2014-02-09,9.48,2
1064,2014-05-22,8.62,3
1064,2014-09-17,9.08,4
48,2014-04-24,15.11,1
48,2014-06-05,25.8,2
48,2014-06-26,16.48,3
48,2014-06-27,17.54,4
48,2014-06-28,17.62,5
48,2014-06-28,21.3,6
48,2014-06-28,18.86,7
48,2014-06-30,19.29,8
7610,2013-04-18,42.11,1
7610,2013-05-23,25.42,2
7610,2013-06-16,19.77,3
7610,2013-07-26,18.7,4
7610,2013-08-06,25.98,5
7610,2013-09-19,26.81,6
7610,2013-10-17,21.79,7
7610,2013-11-03,46.15,8
7610,2013-12-13,24.07,9
7610,2014-05-12,45.05,10
7610,2014-05-21,21.96,11
7610,2014-05-30,25.8,12
7610,2014-06-24,24.65,13
7610,2014-09-03,25.74,14
263,2014-05-28,15.8,1
263,2014-08-13,15.38,2
263,2014-08-14,20.71,3
263,2014-08-16,9.68,4
263,2014-09-15,13.33,5
263,2014-09-21,20.0,6
263,2014-09-26,25.1,7
10814,2013-01-16,54.64,1
10814,2013-01-29,35.21,2
10814,2013-02-23,38.08,3
10814,2013-02-28,52.0,4
10814,2013-03-05,44.05,5
10814,2013-04-27,50.85,6
10814,2013-07-21,53.5,7
10814,2013-08-04,44.94,8
10814,2013-09-28,52.34,9
10814,2013-10-21,36.86,10
10814,2013-10-31,48.56,11
10814,2013-11-14,67.72,12
10814,2013-11-16,42.52,13
10814,2013-12-02,38.4,14
10814,2013-12-13,56.35,15
10814,2013-12-24,52.12,16
10814,2014-01-06,54.11,17
10814,2014-05-04,60.49,18
10814,2014-06-07,48.57,19
10814,2014-06-27,40.13,20
10814,2014-07-24,73.39,21
10814,2014-08-21,47.03,22
10814,2014-08-30,49.1,23
10814,2014-09-29,44.03,24
9710,2013-01-20,49.38,1
9710,2013-02-14,32.35,2
9710,2013-02-28,52.61,3
9710,2013-03-15,44.7,4
9710,2013-03-29,45.74,5
9710,2013-04-06,35.44,6
9710,2013-04-20,33.02,7
9710,2013-04-21,39.18,8
9710,2013-05-18,43.79,9
9710,2013-05-22,41.89,10
9710,2013-07-09,31.21,11
9710,2013-07-18,33.21,12
9710,2013-07-23,45.68,13
9710,2013-08-03,32.66,14
9710,2013-08-18,30.72,15
9710,2013-09-19,31.18,16
9710,2013-10-08,35.54,17
9710,2013-10-09,29.79,18
9710,2013-12-15,23.06,19
9710,2014-03-22,36.23,20
9710,2014-07-17,29.63,21
9292,2012-10-26,50.35,1
9292,2012-12-07,58.37,2
9292,2012-12-10,81.45,3
9292,2012-12-21,39.7,4
9292,2012-12-30,54.68,5
9292,2013-01-07,41.75,6
9292,2013-01-19,42.4,7
9292,2013-04-08,55.5,8
9292,2013-05-31,59.63,9
9292,2013-06-22,61.66,10
9292,2013-09-20,59.19,11
9292,2013-10-23,49.86,12
9292,2013-11-21,63.85,13
9292,2013-11-25,52.13,14
9292,2014-02-10,58.93,15
9292,2014-02-11,101.15,16
9292,2014-03-28,50.87,17
9292,2014-04-19,70.62,18
9292,2014-04-26,51.3,19
9292,2014-05-27,66.01,20
9292,2014-07-02,47.06,21
9292,2014-07-23,77.55,22
10250,2012-11-20,5.72,1
10250,2014-04-01,6.85,2
10250,2014-08-17,7.43,3
5847,2013-05-29,29.86,1
5847,2013-06-23,46.36,2
5847,2013-07-09,37.6,3
5847,2013-07-22,26.05,4
5847,2013-09-11,33.83,5
5847,2013-09-15,32.59,6
5847,2013-10-07,21.54,7
5847,2013-10-16,43.97,8
5847,2013-10-17,42.61,9
5847,2013-10-18,39.3,10
5847,2013-10-23,41.73,11
5847,2013-12-28,44.61,12
5847,2014-01-04,30.46,13
5847,2014-02-05,43.41,14
5847,2014-02-08,42.4,15
5847,2014-03-10,36.2,16
5847,2014-04-07,46.5,17
5847,2014-04-21,27.53,18
5847,2014-05-02,28.2,19
5847,2014-07-02,38.24,20
737,2013-03-03,153.57,1
737,2013-04-06,117.92,2
737,2013-04-18,189.47,3
737,2013-07-25,175.5,4
737,2013-08-18,200.92,5
737,2013-10-14,172.03,6
737,2013-10-22,178.2,7
737,2013-12-11,164.61,8
737,2014-02-01,135.29,9
737,2014-02-02,165.92,10
737,2014-02-18,243.55,11
737,2014-03-25,153.08,12
737,2014-08-10,137.95,13
3878,2014-02-27,8.14,1
3878,2014-07-26,8.99,2
3878,2014-08-01,6.6,3
3878,2014-10-02,13.28,4
5092,2013-02-12,34.74,1
5092,2013-03-25,33.92,2
5092,2013-03-28,23.11,3
5092,2013-05-30,43.01,4
5092,2013-07-18,40.79,5
5092,2013-08-31,30.01,6
5092,2013-10-23,25.07,7
5092,2013-10-29,26.0,8
5092,2013-12-20,21.5,9
5092,2014-03-03,30.02,10
5092,2014-04-01,26.21,11
5092,2014-04-11,20.1,12
5092,2014-04-14,30.71,13
5092,2014-06-12,18.74,14
5092,2014-08-27,29.07,15
5394,2013-03-17,5.37,1
5394,2013-05-22,3.78,2
5394,2013-07-15,4.13,3
5394,2013-11-27,6.94,4
5394,2013-12-19,6.06,5
5394,2014-08-24,4.72,6
3798,2013-11-06,8.14,1
3798,2014-01-09,10.46,2
3798,2014-01-19,11.14,3
3798,2014-03-21,8.8,4
3798,2014-04-16,11.22,5
3798,2014-07-17,7.25,6
3524,2013-08-04,21.19,1
3524,2013-09-02,13.17,2
3524,2013-10-14,18.47,3
3524,2013-12-14,15.52,4
3524,2013-12-15,18.82,5
3524,2014-03-18,26.0,6
3524,2014-03-30,16.28,7
3524,2014-09-26,21.54,8
5247,2014-05-10,11.14,1
5247,2014-07-27,7.87,2
5247,2014-07-29,5.34,3
5247,2014-08-11,6.87,4
5247,2014-08-14,8.77,5
5883,2013-05-26,31.46,1
5883,2013-06-13,34.55,2
5883,2013-07-08,35.37,3
5883,2013-07-15,37.76,4
5883,2013-08-04,24.52,5
5883,2013-08-23,26.92,6
5883,2013-09-29,34.46,7
5883,2013-10-08,44.66,8
5883,2013-10-25,54.13,9
5883,2013-12-12,33.33,10
5883,2013-12-25,24.49,11
5883,2014-01-22,26.71,12
5883,2014-02-06,34.94,13
5883,2014-03-19,21.65,14
5883,2014-03-20,48.53,15
5883,2014-04-08,18.79,16
5883,2014-05-21,36.24,17
5883,2014-07-19,35.47,18
2118,2013-09-10,41.9,1
2118,2013-10-07,29.32,2
2118,2013-10-12,35.17,3
2118,2013-12-05,26.17,4
2118,2013-12-09,28.88,5
2118,2013-12-18,34.35,6
2118,2013-12-20,19.97,7
2118,2013-12-22,22.33,8
2118,2014-02-21,38.02,9
2118,2014-03-14,46.97,10
2118,2014-04-30,37.37,11
2118,2014-06-09,25.25,12
2118,2014-06-11,29.16,13
2118,2014-07-20,44.99,14
2118,2014-07-21,30.3,15
2118,2014-07-23,30.28,16
2118,2014-07-29,42.59,17
8812,2013-03-10,4.39,1
8812,2013-05-26,6.7,2
8812,2013-08-20,4.13,3
8812,2014-02-22,8.44,4
8812,2014-08-21,7.34,5
6616,2013-10-23,27.0,1
6616,2013-11-21,26.05,2
6616,2013-12-18,24.98,3
6616,2014-01-03,21.42,4
6616,2014-01-17,26.91,5
6616,2014-01-31,40.43,6
6616,2014-03-01,27.99,7
6616,2014-03-08,38.62,8
6616,2014-05-08,29.05,9
6616,2014-06-20,25.74,10
6616,2014-07-08,22.5,11
6616,2014-07-18,38.43,12
6616,2014-08-05,35.24,13
6616,2014-08-19,18.65,14
2797,2013-08-20,58.33,1
2797,2013-09-20,36.11,2
2797,2013-09-23,30.35,3
2797,2013-09-29,29.76,4
2797,2013-10-07,32.25,5
2797,2013-10-29,38.92,6
2797,2013-11-06,36.99,7
2797,2013-11-13,43.73,8
2797,2013-11-15,52.17,9
2797,2013-12-16,37.1,10
2797,2013-12-22,40.23,11
2797,2014-01-20,40.92,12
2797,2014-02-02,34.39,13
2797,2014-02-16,39.74,14
2797,2014-03-05,23.95,15
2797,2014-03-20,39.63,16
2797,2014-03-29,44.85,17
2797,2014-04-02,37.59,18
2797,2014-04-05,45.26,19
2797,2014-05-04,41.72,20
2797,2014-05-08,55.4,21
2797,2014-05-15,48.58,22
2797,2014-06-15,43.54,23
2797,2014-06-20,37.62,24
2797,2014-09-01,53.89,25
4328,2013-09-07,4.08,1
4328,2013-12-20,8.03,2
4328,2014-02-08,8.39,3
4328,2014-04-25,7.68,4
4328,2014-05-27,6.78,5
4328,2014-07-16,9.05,6
9167,2013-03-26,46.15,1
9167,2013-05-08,21.82,2
9167,2013-05-11,26.08,3
9167,2013-05-18,87.9,4
9167,2013-05-18,40.98,5
9167,2013-05-28,26.19,6
9167,2013-06-03,44.16,7
9167,2013-07-07,36.9,8
9167,2013-07-29,41.02,9
9167,2013-08-29,29.59,10
9167,2013-11-16,38.62,11
9167,2013-11-18,51.38,12
9167,2013-11-26,26.95,13
9167,2014-01-02,44.33,14
9167,2014-02-14,38.79,15
9167,2014-02-27,47.14,16
9167,2014-03-11,41.07,17
9167,2014-03-28,35.13,18
9167,2014-04-11,44.37,19
9167,2014-04-16,20.2,20
9167,2014-04-17,42.92,21
9167,2014-05-07,40.12,22
9167,2014-07-25,42.18,23
10560,2014-06-16,4.29,1
10560,2014-08-26,5.22,2
10560,2014-08-31,5.47,3
10560,2014-09-12,4.01,4
5534,2013-10-20,21.71,1
5534,2013-11-19,19.26,2
5534,2013-12-24,20.56,3
5534,2014-01-26,22.9,4
5534,2014-03-24,19.02,5
5534,2014-05-19,20.44,6
5534,2014-08-03,16.19,7
5534,2014-09-05,11.92,8
5093,2012-11-03,14.07,1
5093,2013-11-17,17.6,2
5093,2014-03-15,21.71,3
5093,2014-04-24,10.87,4
5093,2014-05-23,12.13,5
5093,2014-09-20,13.63,6
8584,2013-06-08,62.49,1
8584,2013-07-16,65.79,2
8584,2013-07-18,78.22,3
8584,2013-08-19,63.22,4
8584,2013-09-01,51.88,5
8584,2013-10-19,74.3,6
8584,2013-11-16,72.66,7
8584,2013-12-26,50.05,8
8584,2014-01-13,65.43,9
8584,2014-02-28,61.83,10
8584,2014-03-22,53.28,11
8584,2014-03-29,68.63,12
8584,2014-04-07,93.64,13
8584,2014-04-09,65.65,14
8584,2014-04-14,83.79,15
8584,2014-08-12,101.12,16
2694,2014-03-18,4.82,1
2694,2014-06-04,7.36,2
2694,2014-06-10,6.64,3
2694,2014-08-22,5.19,4
164,2012-10-13,19.16,1
164,2012-11-30,21.32,2
164,2012-12-25,27.78,3
164,2013-03-28,12.76,4
164,2013-03-31,17.61,5
164,2013-06-10,20.71,6
164,2013-09-20,30.11,7
164,2013-10-22,25.34,8
164,2013-11-06,25.21,9
164,2014-01-30,25.92,10
164,2014-08-07,31.08,11
10477,2013-08-06,14.17,1
10477,2013-11-04,15.7,2
10477,2013-12-17,11.17,3
10477,2014-02-12,14.45,4
10477,2014-05-05,18.58,5
10477,2014-09-19,14.93,6
2681,2013-08-01,26.18,1
2681,2013-09-21,36.86,2
2681,2013-09-26,25.95,3
2681,2013-09-29,12.52,4
2681,2013-10-31,24.68,5
2681,2014-01-08,12.54,6
2681,2014-01-26,22.97,7
2681,2014-01-26,29.78,8
2681,2014-02-03,25.97,9
2681,2014-02-12,33.61,10
2681,2014-03-06,26.04,11
2681,2014-04-08,19.82,12
2681,2014-04-28,13.72,13
2681,2014-05-01,22.74,14
2681,2014-08-07,17.53,15
2681,2014-09-02,33.71,16
2681,2014-09-10,23.74,17
2681,2014-10-04,23.64,18
5150,2012-12-17,7.88,1
5150,2013-03-15,8.4,2
5150,2013-10-22,5.16,3
5150,2014-04-26,5.39,4
5150,2014-08-02,5.17,5
5283,2014-02-17,15.9,1
5283,2014-04-18,14.38,2
5283,2014-04-20,26.36,3
5283,2014-05-06,19.79,4
5283,2014-05-31,12.41,5
5283,2014-06-05,15.73,6
5283,2014-07-25,14.42,7
9645,2012-10-14,59.26,1
9645,2012-10-16,46.89,2
9645,2012-11-12,52.93,3
9645,2012-11-19,59.85,4
9645,2012-12-06,78.19,5
9645,2012-12-18,41.05,6
9645,2013-01-07,52.66,7
9645,2013-03-15,61.96,8
9645,2013-03-18,50.69,9
9645,2013-04-19,57.96,10
9645,2013-04-24,70.04,11
9645,2013-05-02,48.33,12
9645,2013-06-15,94.62,13
9645,2013-06-27,71.05,14
9645,2013-07-29,52.03,15
9645,2013-08-20,85.69,16
9645,2013-12-05,33.97,17
9645,2013-12-19,55.51,18
9645,2014-01-10,47.95,19
9645,2014-01-17,36.78,20
9645,2014-01-29,43.96,21
9645,2014-02-18,59.59,22
9645,2014-06-29,47.06,23
10678,2013-11-28,53.37,1
10678,2013-12-20,56.91,2
10678,2014-01-14,43.61,3
10678,2014-01-19,58.01,4
10678,2014-01-22,35.68,5
10678,2014-02-17,50.0,6
10678,2014-03-06,20.59,7
10678,2014-03-14,46.22,8
10678,2014-03-24,39.1,9
10678,2014-03-26,44.19,10
10678,2014-04-17,22.79,11
10678,2014-04-24,30.89,12
10678,2014-04-26,39.57,13
10678,2014-04-30,34.99,14
10678,2014-05-18,37.91,15
10678,2014-05-31,38.27,16
10678,2014-06-02,27.97,17
10678,2014-06-08,37.1,18
10678,2014-06-13,38.35,19
10678,2014-06-14,26.12,20
10678,2014-06-20,38.38,21
10678,2014-06-26,44.56,22
10678,2014-07-06,35.45,23
7261,2013-01-01,31.79,1
7261,2013-02-23,19.19,2
7261,2013-04-09,24.99,3
7261,2013-05-10,25.39,4
7261,2013-06-10,19.4,5
7261,2013-09-13,27.79,6
7261,2014-01-19,20.68,7
7261,2014-01-20,23.65,8
7261,2014-04-03,27.6,9
7261,2014-04-04,24.39,10
7261,2014-07-28,25.4,11
7261,2014-09-27,32.74,12
9648,2012-11-03,28.8,1
9648,2012-12-18,21.74,2
9648,2013-05-06,21.54,3
9648,2013-05-26,14.6,4
9648,2013-06-24,15.54,5
9648,2013-08-26,27.5,6
9648,2013-10-07,24.39,7
9648,2013-12-01,26.86,8
9648,2014-01-12,21.76,9
9648,2014-09-15,19.28,10
2870,2012-10-11,26.49,1
2870,2012-10-21,20.32,2
2870,2013-04-04,30.87,3
2870,2013-04-22,47.37,4
2870,2013-07-05,20.05,5
2870,2013-07-30,27.96,6
2870,2014-01-21,36.59,7
2870,2014-02-19,22.74,8
2870,2014-03-17,41.88,9
2870,2014-03-27,19.78,10
2870,2014-05-13,25.48,11
2870,2014-06-03,20.75,12
2870,2014-07-18,30.64,13
2870,2014-08-12,31.58,14
2870,2014-09-29,30.51,15
8008,2013-12-09,11.07,1
8008,2014-03-01,10.87,2
8008,2014-03-21,16.09,3
8008,2014-04-09,18.49,4
8008,2014-05-03,15.62,5
8008,2014-08-12,16.86,6
1513,2012-10-15,45.9,1
1513,2012-11-10,83.93,2
1513,2012-12-21,69.91,3
1513,2013-03-20,66.26,4
1513,2013-04-24,97.18,5
1513,2013-06-02,80.64,6
1513,2013-08-06,74.74,7
1513,2013-09-09,84.66,8
1513,2013-11-22,73.96,9
1513,2013-12-19,81.11,10
1513,2014-02-09,63.22,11
1513,2014-02-15,54.96,12
1513,2014-03-25,85.76,13
1513,2014-03-26,62.95,14
1513,2014-06-19,60.87,15
1513,2014-07-25,35.94,16
7960,2013-08-15,62.36,1
7960,2013-08-17,42.77,2
7960,2013-09-19,53.58,3
7960,2013-09-25,37.18,4
7960,2013-10-02,58.79,5
7960,2013-10-18,51.02,6
7960,2013-11-13,40.99,7
7960,2013-11-30,46.64,8
7960,2013-12-23,57.02,9
7960,2013-12-26,40.98,10
7960,2014-01-03,45.1,11
7960,2014-01-15,55.79,12
7960,2014-01-22,38.47,13
7960,2014-01-22,55.56,14
7960,2014-03-24,53.79,15
7960,2014-03-28,39.81,16
7960,2014-04-08,61.04,17
7960,2014-04-08,58.14,18
7960,2014-04-17,79.73,19
7960,2014-04-21,44.01,20
7960,2014-05-02,71.64,21
7960,2014-05-10,51.24,22
7960,2014-05-20,32.06,23
7960,2014-06-09,60.98,24
7960,2014-07-08,43.29,25
9905,2013-07-13,17.98,1
9905,2013-08-06,13.32,2
9905,2013-09-19,26.34,3
9905,2013-10-15,20.91,4
9905,2013-12-07,20.78,5
9905,2013-12-15,19.25,6
9905,2014-01-02,35.08,7
9905,2014-03-17,14.59,8
9905,2014-07-28,19.76,9
10691,2013-06-14,6.55,1
10691,2013-09-24,4.21,2
10691,2013-11-25,7.21,3
10691,2014-08-11,5.03,4
7002,2013-10-03,37.3,1
7002,2013-10-23,34.62,2
7002,2013-11-21,22.26,3
7002,2013-12-09,20.72,4
7002,2013-12-13,19.57,5
7002,2013-12-16,27.87,6
7002,2013-12-20,35.64,7
7002,2014-02-11,18.93,8
7002,2014-02-17,18.33,9
7002,2014-02-27,33.74,10
7002,2014-04-13,25.0,11
7002,2014-04-21,29.77,12
7002,2014-09-22,22.25,13
2952,2014-04-16,8.95,1
2952,2014-06-16,14.08,2
2952,2014-06-20,12.43,3
2952,2014-06-23,9.2,4
2952,2014-07-03,11.08,5
2952,2014-07-17,11.25,6
8439,2014-06-06,92.49,1
8439,2014-06-19,54.4,2
8439,2014-06-22,43.32,3
8439,2014-06-29,47.59,4
8439,2014-06-29,80.06,5
8439,2014-06-29,107.57,6
8439,2014-06-29,64.55,7
8439,2014-06-29,65.49,8
8439,2014-06-29,62.24,9
8439,2014-06-29,81.29,10
8439,2014-06-29,40.76,11
8439,2014-06-29,73.77,12
8439,2014-06-30,71.47,13
2831,2014-06-27,28.16,1
2831,2014-06-27,46.34,2
2831,2014-06-27,39.73,3
2831,2014-06-27,34.48,4
2831,2014-06-27,49.09,5
2831,2014-06-27,41.15,6
2831,2014-06-27,43.68,7
2831,2014-06-27,33.81,8
2831,2014-06-27,32.5,9
2831,2014-06-27,37.83,10
2831,2014-06-27,60.98,11
2831,2014-06-27,50.87,12
2831,2014-06-27,42.25,13
2831,2014-06-27,26.77,14
2831,2014-06-27,30.28,15
2831,2014-06-27,37.38,16
2831,2014-06-27,39.93,17
2831,2014-06-27,48.29,18
2831,2014-06-27,76.76,19
2831,2014-06-27,31.69,20
2831,2014-06-27,25.31,21
2831,2014-06-27,60.78,22
2831,2014-06-27,41.39,23
2831,2014-06-28,36.55,24
6977,2012-10-14,59.25,1
6977,2012-11-02,63.18,2
6977,2012-11-06,40.8,3
6977,2012-11-16,59.59,4
6977,2012-11-20,63.22,5
6977,2012-12-01,76.41,6
6977,2013-01-02,67.7,7
6977,2013-01-03,67.0,8
6977,2013-01-19,57.84,9
6977,2013-05-27,77.17,10
6977,2013-07-14,60.2,11
6977,2013-08-04,62.87,12
6977,2013-08-07,60.51,13
6977,2013-08-13,89.18,14
6977,2013-08-19,81.78,15
6977,2013-09-24,68.54,16
6977,2013-09-28,59.82,17
6977,2013-10-08,53.12,18
6977,2013-10-15,67.81,19
6977,2013-11-30,98.29,20
6977,2014-01-14,84.01,21
6977,2014-03-02,52.32,22
6977,2014-03-04,68.91,23
6977,2014-03-07,66.88,24
6977,2014-04-05,49.27,25
6977,2014-05-11,97.32,26
6977,2014-06-08,85.71,27
6977,2014-07-10,45.3,28
6289,2013-04-28,19.85,1
6289,2013-05-18,13.81,2
6289,2013-09-30,19.32,3
6289,2013-11-13,13.88,4
6289,2013-11-26,13.61,5
6289,2014-03-23,24.02,6
6289,2014-05-07,20.11,7
6289,2014-07-12,24.39,8
8397,2014-01-10,7.5,1
8397,2014-05-16,5.1,2
8397,2014-05-22,5.35,3
8397,2014-07-15,5.05,4
1619,2014-04-28,128.05,1
1619,2014-05-14,68.63,2
1619,2014-06-26,98.26,3
1619,2014-07-01,111.21,4
1619,2014-07-13,75.86,5
1619,2014-07-18,97.95,6
1619,2014-07-23,117.3,7
1619,2014-08-02,111.06,8
1619,2014-08-23,95.96,9
1619,2014-08-25,95.22,10
1619,2014-09-04,95.48,11
1619,2014-09-09,74.21,12
1619,2014-09-14,126.2,13
1619,2014-09-21,102.29,14
1619,2014-09-29,100.93,15
1619,2014-10-03,72.41,16
1990,2012-11-05,101.21,1
1990,2012-11-12,64.05,2
1990,2012-11-16,74.5,3
1990,2013-02-10,97.96,4
1990,2013-02-17,93.17,5
1990,2013-02-19,135.71,6
1990,2013-06-12,200.56,7
1990,2013-06-14,159.51,8
1990,2013-06-15,122.84,9
1990,2013-08-01,50.92,10
1990,2013-11-05,129.15,11
1990,2014-01-08,91.16,12
1990,2014-01-15,143.34,13
1990,2014-01-22,98.88,14
1990,2014-04-11,84.36,15
1990,2014-07-23,112.67,16
269,2012-11-16,55.27,1
269,2012-12-30,51.07,2
269,2013-01-06,74.55,3
269,2013-01-20,84.53,4
269,2013-07-04,87.69,5
269,2013-07-07,73.69,6
269,2013-07-14,42.6,7
269,2013-08-25,67.62,8
269,2013-08-27,84.01,9
269,2013-09-15,57.41,10
269,2014-01-27,60.93,11
269,2014-04-23,63.94,12
269,2014-05-19,73.05,13
269,2014-05-29,67.84,14
269,2014-07-26,76.78,15
8093,2014-06-28,82.68,1
8093,2014-07-10,67.55,2
8093,2014-07-22,38.45,3
8093,2014-07-24,68.61,4
8093,2014-07-24,77.58,5
8093,2014-07-24,74.75,6
8093,2014-07-24,39.32,7
8093,2014-07-24,113.97,8
8093,2014-07-24,76.49,9
8093,2014-07-24,47.42,10
8093,2014-07-24,90.98,11
8093,2014-07-24,50.41,12
8093,2014-07-25,68.8,13
10513,2013-01-20,140.52,1
10513,2013-03-04,115.54,2
10513,2013-07-19,103.42,3
10513,2013-07-31,83.92,4
10513,2013-08-20,164.24,5
10513,2014-01-17,196.33,6
10513,2014-01-24,133.69,7
10513,2014-01-26,115.13,8
10513,2014-03-22,141.5,9
10513,2014-04-13,103.38,10
10513,2014-07-29,134.32,11
10177,2013-02-14,79.09,1
10177,2013-03-05,63.17,2
10177,2013-04-09,58.96,3
10177,2013-05-10,47.43,4
10177,2013-05-18,98.13,5
10177,2013-08-08,67.87,6
10177,2013-09-27,75.66,7
10177,2013-09-30,48.5,8
10177,2013-10-20,46.29,9
10177,2013-11-16,61.01,10
10177,2013-12-20,74.17,11
10177,2013-12-25,105.42,12
10177,2013-12-28,78.53,13
10177,2014-01-27,53.02,14
10177,2014-06-03,63.1,15
10177,2014-07-29,58.14,16
10177,2014-10-01,109.5,17
2549,2013-07-21,6.6,1
2549,2013-12-03,9.37,2
2549,2014-01-11,6.12,3
2549,2014-07-17,3.92,4
5782,2013-09-28,42.34,1
5782,2013-10-30,34.83,2
5782,2013-11-11,33.14,3
5782,2013-11-15,28.32,4
5782,2013-12-29,35.85,5
5782,2014-02-03,38.19,6
5782,2014-02-06,36.99,7
5782,2014-02-12,21.74,8
5782,2014-02-14,34.56,9
5782,2014-03-14,34.02,10
5782,2014-03-14,32.77,11
5782,2014-03-31,31.72,12
5782,2014-05-14,36.39,13
5782,2014-05-23,45.1,14
5782,2014-06-18,30.35,15
5782,2014-07-12,30.48,16
5782,2014-07-14,34.83,17
5782,2014-08-13,44.49,18
5782,2014-08-21,64.17,19
5782,2014-09-20,30.73,20
10057,2013-07-19,36.66,1
10057,2013-08-08,45.13,2
10057,2013-08-31,102.9,3
10057,2013-09-13,69.28,4
10057,2013-09-20,49.28,5
10057,2013-10-17,61.31,6
10057,2013-12-15,40.24,7
10057,2013-12-30,75.91,8
10057,2013-12-30,50.61,9
10057,2014-01-20,52.77,10
10057,2014-03-01,51.81,11
10057,2014-04-13,53.88,12
10057,2014-04-20,64.46,13
10057,2014-04-24,50.77,14
10057,2014-05-08,82.21,15
10057,2014-05-22,37.91,16
10057,2014-06-02,41.72,17
10057,2014-06-21,101.9,18
10057,2014-07-09,43.62,19
10057,2014-07-13,37.3,20
10057,2014-07-27,28.34,21
10307,2013-08-31,27.51,1
10307,2013-10-05,39.84,2
10307,2013-10-21,25.64,3
10307,2013-11-07,24.61,4
10307,2013-12-26,40.35,5
10307,2014-01-14,36.1,6
10307,2014-03-18,17.43,7
10307,2014-03-30,33.94,8
10307,2014-03-30,23.13,9
10307,2014-04-16,29.08,10
10307,2014-04-17,47.87,11
10307,2014-04-28,19.37,12
10307,2014-05-04,34.67,13
10307,2014-05-23,33.04,14
10307,2014-06-10,28.69,15
10307,2014-07-06,29.74,16
8566,2014-06-15,2.09,1
8566,2014-08-21,2.03,2
8566,2014-09-25,3.87,3
2415,2014-04-07,54.64,1
2415,2014-05-15,42.58,2
2415,2014-05-29,44.1,3
2415,2014-06-08,83.45,4
2415,2014-06-08,75.2,5
2415,2014-06-09,110.9,6
2415,2014-06-09,93.37,7
2415,2014-06-11,66.59,8
2415,2014-06-16,76.34,9
2415,2014-06-22,46.94,10
2415,2014-06-23,69.24,11
2415,2014-06-25,39.52,12
2415,2014-06-28,89.13,13
5684,2013-10-11,22.89,1
5684,2013-12-25,9.16,2
5684,2014-05-05,8.75,3
5684,2014-09-04,12.99,4
5684,2014-09-10,11.22,5
9166,2013-08-09,24.84,1
9166,2013-09-10,45.55,2
9166,2013-09-20,32.18,3
9166,2013-09-30,33.03,4
9166,2013-11-04,57.35,5
9166,2014-01-14,27.62,6
9166,2014-02-04,33.3,7
9166,2014-02-10,43.9,8
9166,2014-02-12,45.48,9
9166,2014-03-24,30.87,10
9166,2014-04-01,37.5,11
9166,2014-04-17,26.68,12
9166,2014-04-30,39.85,13
9166,2014-05-21,46.37,14
9166,2014-05-29,30.36,15
9166,2014-06-04,34.68,16
9166,2014-06-20,39.41,17
9166,2014-07-06,23.73,18
9166,2014-07-31,42.6,19
9166,2014-08-09,24.69,20
1440,2012-10-17,37.84,1
1440,2012-11-01,36.05,2
1440,2012-11-20,38.91,3
1440,2012-12-24,35.63,4
1440,2013-01-10,37.36,5
1440,2013-03-12,32.22,6
1440,2013-05-02,49.05,7
1440,2013-05-25,52.58,8
1440,2013-05-27,42.39,9
1440,2013-06-16,29.12,10
1440,2013-07-06,36.24,11
1440,2013-09-08,42.8,12
1440,2013-09-20,56.55,13
1440,2013-10-19,33.87,14
1440,2013-10-25,33.44,15
1440,2014-01-02,54.8,16
1440,2014-01-06,37.32,17
1440,2014-01-19,36.29,18
1440,2014-03-05,39.06,19
1440,2014-03-25,33.64,20
1440,2014-05-03,40.22,21
1440,2014-05-28,41.91,22
1440,2014-07-13,39.71,23
78,2013-09-15,6.82,1
78,2014-02-17,9.92,2
78,2014-02-27,6.56,3
78,2014-08-15,4.7,4
5441,2013-08-25,22.03,1
5441,2013-09-26,30.34,2
5441,2013-10-20,20.9,3
5441,2013-11-27,23.01,4
5441,2013-12-16,37.43,5
5441,2014-02-06,29.78,6
5441,2014-02-13,30.15,7
5441,2014-02-14,13.85,8
5441,2014-02-24,30.48,9
5441,2014-03-01,26.71,10
5441,2014-03-15,26.53,11
5441,2014-04-06,24.44,12
5441,2014-06-30,22.34,13
5302,2013-02-15,87.21,1
5302,2013-03-02,87.17,2
5302,2013-03-31,57.49,3
5302,2013-06-22,98.15,4
5302,2013-06-28,110.37,5
5302,2013-07-14,146.33,6
5302,2013-07-23,86.14,7
5302,2013-10-06,51.61,8
5302,2013-10-16,57.11,9
5302,2014-04-16,100.02,10
5302,2014-04-17,59.31,11
5302,2014-04-21,79.9,12
5302,2014-06-06,68.42,13
5302,2014-07-19,87.23,14
5302,2014-09-22,85.53,15
4687,2013-05-23,81.71,1
4687,2013-06-14,55.52,2
4687,2013-06-15,81.7,3
4687,2013-06-27,48.87,4
4687,2013-07-21,66.4,5
4687,2013-07-23,68.7,6
4687,2013-07-26,67.42,7
4687,2013-08-13,85.98,8
4687,2013-11-08,81.07,9
4687,2013-11-14,60.64,10
4687,2013-12-01,87.42,11
4687,2014-01-01,84.41,12
4687,2014-01-21,67.08,13
4687,2014-01-24,66.18,14
4687,2014-01-28,64.58,15
4687,2014-02-09,67.79,16
4687,2014-03-23,60.61,17
4687,2014-03-26,52.97,18
4687,2014-03-29,68.36,19
4687,2014-04-01,47.08,20
4687,2014-04-02,71.59,21
4687,2014-04-07,34.56,22
4687,2014-07-05,70.36,23
1087,2013-05-22,23.5,1
1087,2013-11-10,15.42,2
1087,2013-12-09,15.18,3
1087,2013-12-14,17.17,4
1087,2014-03-18,29.41,5
1087,2014-05-29,12.63,6
1087,2014-09-05,11.7,7
6859,2013-10-08,11.7,1
6859,2014-03-16,10.33,2
6859,2014-06-11,12.44,3
6859,2014-07-01,12.4,4
6859,2014-07-13,18.52,5
6859,2014-07-29,11.72,6
6859,2014-09-05,12.9,7
9860,2013-03-15,21.16,1
9860,2013-04-10,16.17,2
9860,2013-05-27,25.02,3
9860,2013-10-18,20.04,4
9860,2013-11-29,17.89,5
9860,2014-01-01,21.43,6
9860,2014-02-06,18.51,7
9860,2014-07-16,25.98,8
9860,2014-09-24,17.81,9
7129,2013-02-17,39.47,1
7129,2013-02-21,42.51,2
7129,2013-02-22,48.28,3
7129,2013-03-15,39.12,4
7129,2013-03-24,26.42,5
7129,2013-05-29,37.01,6
7129,2013-06-30,53.24,7
7129,2013-07-18,33.25,8
7129,2013-08-11,37.01,9
7129,2013-08-13,39.0,10
7129,2013-08-24,49.49,11
7129,2013-10-25,42.31,12
7129,2013-11-30,34.56,13
7129,2014-01-05,43.78,14
7129,2014-01-31,49.44,15
7129,2014-02-21,19.13,16
7129,2014-03-09,50.4,17
7129,2014-04-26,33.15,18
7129,2014-05-14,28.97,19
7129,2014-06-02,31.54,20
7129,2014-06-19,36.79,21
7129,2014-06-23,34.16,22
7129,2014-07-25,44.97,23
5866,2014-03-20,17.11,1
5866,2014-05-13,25.76,2
5866,2014-06-06,13.91,3
5866,2014-06-17,15.75,4
5866,2014-06-19,20.29,5
5866,2014-06-28,21.55,6
5866,2014-07-13,17.91,7
5866,2014-07-16,27.48,8
5866,2014-08-27,25.24,9
7393,2012-12-10,16.68,1
7393,2013-05-27,15.61,2
7393,2013-06-13,18.52,3
7393,2014-05-07,12.15,4
7393,2014-07-29,15.42,5
7393,2014-09-20,10.62,6
7849,2013-09-09,35.33,1
7849,2013-10-20,25.87,2
7849,2013-10-22,35.77,3
7849,2013-10-23,48.91,4
7849,2013-10-28,33.03,5
7849,2013-11-10,67.86,6
7849,2013-11-12,37.6,7
7849,2013-12-06,52.06,8
7849,2013-12-24,32.23,9
7849,2014-01-09,40.24,10
7849,2014-01-20,25.13,11
7849,2014-02-07,36.12,12
7849,2014-04-13,41.49,13
7849,2014-05-14,51.17,14
7849,2014-06-13,41.62,15
7849,2014-07-02,61.66,16
7849,2014-07-06,31.26,17
7849,2014-07-22,46.82,18
7849,2014-07-23,40.45,19
7849,2014-07-26,31.58,20
7849,2014-07-30,45.4,21
7849,2014-08-30,38.81,22
7849,2014-09-07,44.2,23
7849,2014-09-23,41.39,24
332,2013-03-22,31.59,1
332,2013-05-12,27.4,2
332,2013-05-23,15.83,3
332,2013-07-29,20.11,4
332,2013-10-21,31.59,5
332,2013-11-26,23.85,6
332,2013-11-28,21.28,7
332,2014-02-06,22.31,8
332,2014-02-14,21.19,9
332,2014-05-07,16.92,10
332,2014-08-10,22.93,11
531,2012-11-06,72.92,1
531,2012-11-15,51.93,2
531,2012-11-17,62.33,3
531,2012-12-15,96.87,4
531,2012-12-15,74.14,5
531,2013-01-15,72.68,6
531,2013-03-21,74.39,7
531,2013-04-17,89.15,8
531,2013-05-05,56.07,9
531,2013-06-12,53.06,10
531,2013-06-25,64.51,11
531,2013-08-04,66.71,12
531,2013-08-17,84.64,13
531,2013-08-24,65.8,14
531,2013-12-16,46.01,15
531,2013-12-19,66.74,16
531,2014-03-14,53.65,17
531,2014-04-22,75.23,18
531,2014-04-24,72.17,19
531,2014-05-01,54.08,20
531,2014-05-05,68.9,21
531,2014-08-11,64.03,22
9576,2013-02-11,23.94,1
9576,2013-03-21,21.83,2
9576,2013-05-31,19.25,3
9576,2013-09-03,18.6,4
9576,2014-04-25,14.45,5
9576,2014-05-09,15.56,6
9576,2014-06-16,22.58,7
9576,2014-08-06,15.78,8
6906,2013-06-03,76.98,1
6906,2013-07-02,60.11,2
6906,2013-07-12,48.0,3
6906,2013-09-08,48.06,4
6906,2013-10-07,60.13,5
6906,2013-11-20,49.25,6
6906,2013-11-20,58.34,7
6906,2013-11-22,69.19,8
6906,2013-12-30,32.79,9
6906,2014-01-27,46.61,10
6906,2014-02-10,64.15,11
6906,2014-03-16,52.13,12
6906,2014-04-30,65.03,13
6906,2014-05-10,56.51,14
6906,2014-05-23,82.33,15
6906,2014-05-26,45.88,16
6906,2014-07-24,36.49,17
7419,2014-04-23,5.33,1
7419,2014-06-25,7.27,2
7419,2014-06-26,5.67,3
7419,2014-06-27,7.67,4
7419,2014-07-07,6.05,5
3170,2013-08-31,88.5,1
3170,2013-09-15,78.28,2
3170,2013-10-09,56.28,3
3170,2013-11-25,77.8,4
3170,2013-12-05,84.64,5
3170,2013-12-13,55.72,6
3170,2013-12-19,53.19,7
3170,2013-12-31,70.13,8
3170,2014-03-20,64.42,9
3170,2014-04-08,44.16,10
3170,2014-04-08,83.27,11
3170,2014-05-22,56.17,12
3170,2014-06-12,64.12,13
3170,2014-07-11,80.33,14
8527,2013-12-07,27.88,1
8527,2014-01-17,31.64,2
8527,2014-01-22,22.62,3
8527,2014-02-24,37.12,4
8527,2014-03-01,32.14,5
8527,2014-03-26,27.79,6
8527,2014-04-15,28.9,7
8527,2014-05-02,29.45,8
8527,2014-06-05,23.87,9
8527,2014-06-15,31.27,10
8527,2014-07-05,27.99,11
8527,2014-07-20,15.53,12
8527,2014-07-28,26.81,13
8527,2014-08-29,21.02,14
7872,2012-10-09,18.93,1
7872,2012-10-18,17.33,2
7872,2012-10-20,18.82,3
7872,2012-11-24,19.15,4
7872,2012-12-09,17.41,5
7872,2013-01-19,19.98,6
7872,2013-02-03,17.82,7
7872,2013-02-18,21.33,8
7872,2013-03-08,24.87,9
7872,2013-04-12,25.6,10
7872,2013-06-27,15.51,11
7872,2013-07-06,16.24,12
7872,2013-08-02,20.86,13
7872,2013-09-14,31.59,14
7872,2013-11-19,24.67,15
7872,2013-11-23,26.98,16
7872,2014-01-19,27.09,17
7872,2014-04-03,30.73,18
7872,2014-04-10,9.72,19
7872,2014-05-12,17.69,20
7872,2014-05-21,42.3,21
7872,2014-09-28,29.39,22
10595,2013-07-08,12.51,1
10595,2013-11-22,9.65,2
10595,2013-12-11,11.55,3
10595,2014-02-24,11.49,4
10595,2014-09-16,7.8,5
4609,2014-01-11,27.36,1
4609,2014-02-28,34.94,2
4609,2014-03-07,30.55,3
4609,2014-03-16,19.38,4
4609,2014-03-25,19.43,5
4609,2014-06-05,21.22,6
4609,2014-06-05,40.18,7
4609,2014-06-11,20.01,8
4609,2014-06-16,34.91,9
4609,2014-08-03,35.15,10
4609,2014-08-09,42.77,11
4609,2014-08-12,27.29,12
4609,2014-08-19,30.77,13
4609,2014-08-26,32.43,14
4609,2014-09-21,29.6,15
5010,2014-02-02,5.39,1
5010,2014-05-20,7.91,2
5010,2014-07-01,3.77,3
5010,2014-07-25,7.93,4
4427,2012-10-22,67.22,1
4427,2012-11-01,54.48,2
4427,2012-11-01,29.81,3
4427,2012-11-03,62.12,4
4427,2012-11-20,45.06,5
4427,2012-11-24,40.23,6
4427,2012-12-28,38.86,7
4427,2013-01-28,47.74,8
4427,2013-02-01,49.3,9
4427,2013-03-28,40.58,10
4427,2013-04-14,54.79,11
4427,2013-05-08,46.53,12
4427,2013-07-13,63.78,13
4427,2013-07-28,46.61,14
4427,2013-08-05,56.19,15
4427,2013-09-08,55.23,16
4427,2013-10-06,47.92,17
4427,2013-12-08,58.9,18
4427,2013-12-13,49.75,19
4427,2013-12-28,36.24,20
4427,2014-01-17,55.32,21
4427,2014-04-20,38.19,22
4427,2014-04-25,31.48,23
4427,2014-05-01,51.49,24
4427,2014-06-03,32.86,25
4427,2014-06-04,56.24,26
4427,2014-08-10,41.08,27
11148,2013-05-19,2.09,1
11148,2013-09-03,5.37,2
11148,2014-07-12,3.54,3
1168,2012-10-29,69.81,1
1168,2012-11-14,67.28,2
1168,2012-11-22,53.16,3
1168,2012-12-04,52.5,4
1168,2013-02-01,64.36,5
1168,2013-04-07,54.76,6
1168,2013-05-02,69.25,7
1168,2013-05-03,58.36,8
1168,2013-06-17,43.39,9
1168,2013-06-26,93.11,10
1168,2013-07-11,90.5,11
1168,2013-07-16,51.5,12
1168,2013-08-29,123.87,13
1168,2013-10-01,45.92,14
1168,2013-12-13,59.45,15
1168,2014-01-16,61.13,16
1168,2014-02-17,60.06,17
1168,2014-03-20,65.43,18
1168,2014-04-28,81.5,19
1168,2014-08-04,82.67,20
9595,2013-01-11,86.74,1
9595,2013-02-12,144.1,2
9595,2013-03-09,150.4,3
9595,2013-04-04,125.29,4
9595,2013-07-09,143.57,5
9595,2013-07-16,75.58,6
9595,2013-08-01,114.5,7
9595,2013-11-03,91.11,8
9595,2013-11-11,122.97,9
9595,2014-06-13,88.31,10
9595,2014-06-20,176.75,11
9595,2014-06-21,117.27,12
9595,2014-10-04,107.41,13
10163,2013-09-10,54.16,1
10163,2013-10-07,60.59,2
10163,2013-10-29,84.52,3
10163,2013-11-07,67.41,4
10163,2013-12-04,47.68,5
10163,2013-12-24,100.97,6
10163,2014-01-19,81.71,7
10163,2014-02-01,55.65,8
10163,2014-02-12,83.13,9
10163,2014-02-15,92.31,10
10163,2014-03-04,68.99,11
10163,2014-04-03,70.2,12
10163,2014-04-20,85.32,13
10163,2014-06-01,47.39,14
10163,2014-06-28,63.7,15
10163,2014-07-15,71.79,16
10163,2014-07-19,52.06,17
10163,2014-07-23,50.7,18
10163,2014-09-07,46.73,19
2886,2013-08-12,24.87,1
2886,2013-08-16,48.84,2
2886,2013-09-08,40.31,3
2886,2013-09-27,77.68,4
2886,2013-10-04,65.55,5
2886,2013-10-07,30.04,6
2886,2013-11-07,38.29,7
2886,2013-11-19,53.47,8
2886,2013-12-12,39.16,9
2886,2013-12-23,53.85,10
2886,2013-12-24,46.31,11
2886,2014-01-08,42.75,12
2886,2014-01-15,37.68,13
2886,2014-01-20,23.38,14
2886,2014-02-10,28.99,15
2886,2014-02-24,47.03,16
2886,2014-03-09,39.26,17
2886,2014-03-30,30.74,18
2886,2014-04-14,52.63,19
2886,2014-04-21,43.44,20
2886,2014-04-30,32.58,21
2886,2014-05-10,33.77,22
2886,2014-05-14,60.22,23
2886,2014-05-22,66.37,24
2886,2014-06-10,42.87,25
2886,2014-06-28,24.03,26
2886,2014-07-17,38.16,27
2886,2014-07-27,42.72,28
6710,2012-11-17,13.28,1
6710,2013-03-28,14.29,2
6710,2013-04-23,16.39,3
6710,2013-12-22,19.4,4
6710,2014-02-10,14.33,5
6710,2014-07-13,12.33,6
5316,2013-07-04,7.98,1
5316,2013-10-29,11.45,2
5316,2014-02-05,9.27,3
5316,2014-03-02,8.3,4
5316,2014-03-21,17.13,5
5316,2014-07-08,11.87,6
9029,2013-01-26,44.8,1
9029,2013-02-17,57.8,2
9029,2013-02-18,64.07,3
9029,2013-03-26,93.91,4
9029,2013-07-18,61.8,5
9029,2013-11-10,61.55,6
9029,2013-11-27,68.08,7
9029,2013-11-29,103.58,8
9029,2013-12-24,87.07,9
9029,2014-01-05,63.98,10
9029,2014-02-02,51.24,11
9029,2014-02-04,56.93,12
9029,2014-02-25,92.36,13
9029,2014-03-21,65.46,14
9029,2014-03-24,57.07,15
9029,2014-04-04,68.75,16
9029,2014-04-23,110.54,17
9029,2014-04-23,74.2,18
9029,2014-05-24,47.88,19
9029,2014-06-06,79.89,20
9029,2014-06-09,46.63,21
9029,2014-07-24,49.42,22
521,2012-11-07,28.34,1
521,2012-11-11,32.7,2
521,2012-12-27,43.15,3
521,2012-12-31,32.77,4
521,2013-02-21,30.78,5
521,2013-05-03,30.28,6
521,2013-08-29,35.92,7
521,2013-11-24,29.67,8
521,2013-12-18,29.6,9
521,2014-01-21,25.09,10
521,2014-02-10,29.71,11
521,2014-04-23,31.69,12
521,2014-06-07,22.99,13
521,2014-06-24,22.35,14
521,2014-06-24,32.21,15
521,2014-08-24,26.75,16
1459,2012-11-07,76.8,1
1459,2012-11-22,96.04,2
1459,2013-01-01,59.74,3
1459,2013-02-04,55.9,4
1459,2013-06-12,38.74,5
1459,2013-06-26,76.33,6
1459,2013-08-20,89.46,7
1459,2014-01-21,64.92,8
1459,2014-02-15,63.5,9
1459,2014-02-20,83.93,10
1459,2014-04-12,52.85,11
1459,2014-04-25,75.29,12
1459,2014-09-19,68.48,13
10241,2013-12-15,2.6,1
10241,2014-05-14,3.12,2
10241,2014-09-19,2.28,3
3254,2013-10-14,63.58,1
3254,2013-11-17,72.94,2
3254,2013-12-07,53.08,3
3254,2013-12-23,60.87,4
3254,2014-02-03,52.76,5
3254,2014-02-19,88.08,6
3254,2014-03-01,80.55,7
3254,2014-03-30,70.53,8
3254,2014-04-06,89.53,9
3254,2014-04-27,43.3,10
3254,2014-05-19,54.47,11
3254,2014-06-22,81.85,12
3254,2014-08-01,95.45,13
3678,2012-10-07,32.56,1
3678,2012-11-06,34.91,2
3678,2012-11-20,25.87,3
3678,2012-12-03,37.59,4
3678,2013-02-19,27.22,5
3678,2013-06-12,25.12,6
3678,2013-08-02,24.28,7
3678,2013-08-08,28.79,8
3678,2013-08-19,35.95,9
3678,2013-12-10,32.13,10
3678,2014-01-10,22.06,11
3678,2014-01-14,30.51,12
3678,2014-03-21,27.94,13
3678,2014-04-19,29.74,14
3678,2014-06-04,22.33,15
3678,2014-06-24,38.29,16
3678,2014-07-06,52.09,17
3678,2014-09-22,69.63,18
4227,2013-09-06,10.14,1
4227,2014-01-27,7.92,2
4227,2014-02-09,8.66,3
4227,2014-04-08,5.37,4
4227,2014-05-27,8.86,5
4227,2014-07-19,6.04,6
9467,2014-05-11,5.6,1
9467,2014-08-07,4.01,2
9467,2014-08-11,3.31,3
9467,2014-08-15,5.07,4
8486,2012-10-31,45.69,1
8486,2012-11-13,22.42,2
8486,2013-01-12,15.06,3
8486,2013-03-03,20.73,4
8486,2013-03-17,29.19,5
8486,2013-04-01,19.72,6
8486,2013-04-05,33.41,7
8486,2013-05-17,20.47,8
8486,2013-08-02,20.23,9
8486,2013-08-20,19.67,10
8486,2014-01-03,33.69,11
8486,2014-01-21,34.17,12
8486,2014-09-08,32.57,13
2186,2014-03-10,52.72,1
2186,2014-04-12,106.52,2
2186,2014-04-20,87.94,3
2186,2014-04-27,95.8,4
2186,2014-05-24,79.63,5
2186,2014-05-26,88.45,6
2186,2014-05-31,109.45,7
2186,2014-06-16,76.88,8
2186,2014-06-25,84.79,9
2186,2014-06-30,98.56,10
2186,2014-07-03,124.53,11
2186,2014-07-15,124.07,12
2186,2014-07-24,97.98,13
2186,2014-08-01,77.1,14
2186,2014-08-05,124.71,15
2186,2014-08-10,105.82,16
2186,2014-08-17,120.16,17
2186,2014-08-22,110.81,18
2186,2014-08-26,97.34,19
2186,2014-09-01,104.04,20
2186,2014-09-05,106.68,21
3286,2014-03-01,8.17,1
3286,2014-05-15,6.16,2
3286,2014-05-15,5.28,3
3286,2014-06-09,8.42,4
3286,2014-07-26,5.98,5
8602,2013-06-12,44.2,1
8602,2013-06-22,30.34,2
8602,2013-06-28,51.0,3
8602,2013-07-07,33.7,4
8602,2013-08-07,41.49,5
8602,2013-09-06,31.6,6
8602,2013-10-03,58.15,7
8602,2013-10-26,37.93,8
8602,2013-11-02,46.21,9
8602,2013-11-18,43.02,10
8602,2013-11-23,39.76,11
8602,2013-11-23,32.37,12
8602,2013-12-12,32.26,13
8602,2014-01-03,45.15,14
8602,2014-01-31,67.37,15
8602,2014-02-05,34.8,16
8602,2014-02-16,35.31,17
8602,2014-03-26,48.91,18
8602,2014-04-13,36.46,19
8602,2014-05-04,28.14,20
8602,2014-05-12,36.24,21
8602,2014-05-26,45.97,22
8602,2014-06-16,48.39,23
8602,2014-06-30,43.26,24
3722,2014-04-16,5.63,1
3722,2014-06-24,7.8,2
3722,2014-06-26,7.77,3
3722,2014-06-27,7.29,4
3722,2014-07-14,11.51,5
6715,2013-01-02,34.57,1
6715,2013-01-30,28.26,2
6715,2013-02-18,31.13,3
6715,2013-02-22,50.39,4
6715,2013-04-28,42.61,5
6715,2013-05-17,24.58,6
6715,2013-08-16,42.23,7
6715,2013-08-22,50.47,8
6715,2013-10-08,19.59,9
6715,2013-12-15,35.98,10
6715,2014-02-05,37.21,11
6715,2014-02-06,32.41,12
6715,2014-03-22,34.59,13
6715,2014-04-06,26.5,14
6715,2014-06-15,35.05,15
6715,2014-06-17,26.53,16
6715,2014-07-28,27.19,17
6715,2014-08-16,34.59,18
6715,2014-10-02,45.12,19
4796,2014-04-19,8.46,1
4796,2014-06-18,9.04,2
4796,2014-06-27,11.7,3
4796,2014-07-26,9.81,4
9612,2014-02-07,7.38,1
9612,2014-04-18,5.3,2
9612,2014-05-07,9.03,3
9612,2014-10-02,5.29,4
3766,2012-10-10,26.94,1
3766,2012-10-16,35.11,2
3766,2012-11-12,50.45,3
3766,2012-12-09,24.49,4
3766,2013-01-10,42.34,5
3766,2013-02-17,29.7,6
3766,2013-03-13,32.04,7
3766,2013-04-10,22.6,8
3766,2013-04-14,48.97,9
3766,2013-05-04,23.3,10
3766,2013-07-10,30.12,11
3766,2013-09-05,25.38,12
3766,2013-09-12,37.81,13
3766,2013-10-02,49.32,14
3766,2014-01-09,44.72,15
3766,2014-01-09,25.97,16
3766,2014-07-14,32.19,17
3766,2014-09-20,34.54,18
1399,2014-01-21,68.23,1
1399,2014-02-16,83.87,2
1399,2014-02-21,71.07,3
1399,2014-02-22,105.35,4
1399,2014-04-09,54.79,5
1399,2014-04-16,72.26,6
1399,2014-04-28,85.22,7
1399,2014-05-02,78.83,8
1399,2014-05-12,87.91,9
1399,2014-05-29,68.97,10
1399,2014-06-02,49.8,11
1399,2014-06-03,48.55,12
1399,2014-06-16,63.86,13
1399,2014-06-19,46.14,14
1399,2014-07-05,73.64,15
1399,2014-07-10,70.57,16
1399,2014-07-12,46.77,17
1399,2014-07-14,57.63,18
1399,2014-08-14,78.52,19
1570,2013-02-19,41.4,1
1570,2013-03-07,31.09,2
1570,2013-03-10,44.43,3
1570,2013-03-19,46.76,4
1570,2013-04-12,47.49,5
1570,2013-06-20,23.59,6
1570,2013-06-20,71.04,7
1570,2013-07-11,49.81,8
1570,2013-10-18,23.55,9
1570,2013-11-15,52.21,10
1570,2013-11-26,36.05,11
1570,2013-12-12,43.21,12
1570,2014-01-27,38.46,13
1570,2014-02-26,25.34,14
1570,2014-04-06,37.59,15
1570,2014-05-13,45.08,16
1570,2014-05-20,37.48,17
1570,2014-06-06,43.93,18
1570,2014-07-07,35.73,19
1570,2014-07-24,35.81,20
1570,2014-08-14,50.67,21
1570,2014-09-08,36.96,22
1570,2014-09-12,55.38,23
1570,2014-09-27,28.95,24
3426,2013-07-15,58.57,1
3426,2013-08-10,51.93,2
3426,2013-08-15,51.83,3
3426,2013-08-16,51.21,4
3426,2013-09-08,67.8,5
3426,2013-10-19,61.81,6
3426,2013-11-29,69.91,7
3426,2013-12-22,84.26,8
3426,2013-12-24,80.12,9
3426,2014-01-29,78.79,10
3426,2014-02-13,68.36,11
3426,2014-02-18,52.78,12
3426,2014-02-22,62.7,13
3426,2014-03-05,32.38,14
3426,2014-03-20,65.54,15
3426,2014-04-04,86.42,16
3426,2014-04-08,50.67,17
3426,2014-04-25,91.24,18
3426,2014-06-07,81.03,19
3426,2014-06-12,73.71,20
3426,2014-06-28,88.31,21
3426,2014-07-01,83.6,22
3426,2014-07-08,57.05,23
3074,2012-10-15,110.81,1
3074,2012-12-02,89.08,2
3074,2012-12-03,69.57,3
3074,2013-01-13,127.9,4
3074,2013-04-29,101.15,5
3074,2013-07-13,97.8,6
3074,2013-09-20,119.25,7
3074,2013-10-25,123.29,8
3074,2013-10-28,108.73,9
3074,2013-11-12,78.54,10
3074,2013-11-14,128.68,11
3074,2013-12-29,83.37,12
3074,2014-01-25,110.33,13
3074,2014-02-12,128.71,14
3074,2014-03-04,129.84,15
3074,2014-06-01,87.46,16
3074,2014-07-31,100.48,17
8341,2014-04-30,4.84,1
8341,2014-07-09,4.84,2
8341,2014-07-12,4.97,3
8341,2014-09-13,7.35,4
5180,2014-04-18,10.96,1
5180,2014-06-08,20.24,2
5180,2014-06-27,22.44,3
5180,2014-06-29,14.56,4
5180,2014-06-30,17.72,5
5180,2014-07-02,16.33,6
5180,2014-07-12,23.11,7
5180,2014-08-10,19.65,8
6461,2013-05-19,35.71,1
6461,2013-06-11,22.99,2
6461,2013-07-02,36.29,3
6461,2013-07-03,33.06,4
6461,2013-07-30,35.19,5
6461,2013-08-15,39.96,6
6461,2013-08-17,34.59,7
6461,2013-08-24,42.63,8
6461,2013-08-30,36.16,9
6461,2013-10-18,23.34,10
6461,2013-10-24,37.43,11
6461,2013-11-22,42.07,12
6461,2013-12-01,36.03,13
6461,2014-01-29,36.27,14
6461,2014-02-20,41.87,15
6461,2014-04-14,50.68,16
6461,2014-05-18,58.28,17
6461,2014-05-20,36.09,18
6461,2014-06-02,45.02,19
6461,2014-06-14,30.9,20
6461,2014-06-20,44.58,21
6461,2014-07-23,38.83,22
7679,2014-05-19,4.81,1
7679,2014-07-21,5.66,2
7679,2014-07-22,5.55,3
7679,2014-07-25,8.0,4
7679,2014-08-18,3.98,5
10702,2012-11-03,22.35,1
10702,2012-11-28,34.73,2
10702,2012-12-28,31.66,3
10702,2013-01-05,23.28,4
10702,2013-03-24,23.37,5
10702,2013-03-26,23.88,6
10702,2013-04-17,36.39,7
10702,2013-05-09,24.98,8
10702,2013-07-29,37.33,9
10702,2013-07-31,24.89,10
10702,2013-09-16,39.43,11
10702,2013-12-19,20.49,12
10702,2014-01-09,31.45,13
10702,2014-01-14,39.88,14
10702,2014-07-30,23.89,15
7505,2014-01-19,5.05,1
7505,2014-04-03,7.72,2
7505,2014-05-25,7.27,3
7505,2014-09-11,11.96,4
5113,2013-11-07,134.69,1
5113,2013-11-18,115.4,2
5113,2014-01-03,122.92,3
5113,2014-01-13,62.76,4
5113,2014-02-09,138.64,5
5113,2014-02-28,150.17,6
5113,2014-03-05,79.27,7
5113,2014-03-21,100.27,8
5113,2014-03-29,73.62,9
5113,2014-03-31,107.82,10
5113,2014-04-15,127.36,11
5113,2014-04-19,120.06,12
5113,2014-04-24,93.32,13
5113,2014-06-22,122.31,14
5113,2014-07-30,118.4,15
10858,2013-09-09,23.98,1
10858,2013-09-14,28.39,2
10858,2013-10-13,31.61,3
10858,2013-10-20,34.76,4
10858,2013-11-28,41.32,5
10858,2013-12-24,43.62,6
10858,2014-01-03,29.16,7
10858,2014-01-04,29.8,8
10858,2014-01-14,41.42,9
10858,2014-02-09,30.23,10
10858,2014-03-20,42.29,11
10858,2014-04-26,50.32,12
10858,2014-05-17,46.07,13
10858,2014-05-27,33.66,14
10858,2014-05-28,65.15,15
10858,2014-05-29,31.03,16
10858,2014-06-06,36.08,17
10858,2014-06-08,43.71,18
10858,2014-06-30,37.0,19
10858,2014-08-10,34.36,20
10858,2014-08-28,36.04,21
2961,2013-02-26,19.42,1
2961,2013-04-04,26.79,2
2961,2013-04-04,33.85,3
2961,2013-05-17,17.15,4
2961,2013-06-07,18.03,5
2961,2013-06-16,27.12,6
2961,2013-07-05,31.71,7
2961,2013-07-26,23.17,8
2961,2013-08-22,27.71,9
2961,2013-08-26,25.36,10
2961,2013-09-29,31.04,11
2961,2014-04-11,35.03,12
2961,2014-07-11,38.62,13
3010,2014-05-02,141.27,1
3010,2014-05-24,76.03,2
3010,2014-05-26,72.59,3
3010,2014-05-31,104.96,4
3010,2014-07-01,81.35,5
3010,2014-07-02,78.81,6
3010,2014-07-02,96.56,7
3010,2014-07-04,101.48,8
3010,2014-07-04,141.07,9
3010,2014-07-05,104.69,10
3010,2014-07-06,95.39,11
3010,2014-07-07,61.2,12
3010,2014-07-08,124.77,13
3010,2014-07-08,112.83,14
3010,2014-07-08,108.93,15
3010,2014-07-09,87.92,16
3010,2014-07-09,113.36,17
3010,2014-07-09,112.05,18
3010,2014-07-10,100.76,19
5790,2013-01-27,16.49,1
5790,2013-09-17,9.84,2
5790,2013-10-16,11.27,3
5790,2014-01-30,15.21,4
5790,2014-08-04,14.19,5
6892,2014-06-03,30.56,1
6892,2014-06-06,29.95,2
6892,2014-06-21,26.46,3
6892,2014-07-17,37.1,4
6892,2014-08-03,58.01,5
6892,2014-08-04,19.03,6
6892,2014-08-07,40.87,7
6892,2014-08-08,43.45,8
6892,2014-08-09,42.14,9
6892,2014-08-14,38.48,10
6892,2014-08-20,41.76,11
6892,2014-08-26,30.71,12
6892,2014-08-26,24.03,13
6892,2014-08-28,35.43,14
6892,2014-09-01,37.56,15
6892,2014-09-03,41.65,16
6892,2014-09-05,27.34,17
6892,2014-09-06,30.45,18
6892,2014-09-09,37.12,19
6892,2014-09-12,31.9,20
1743,2014-05-26,72.42,1
1743,2014-06-19,96.26,2
1743,2014-06-27,90.37,3
1743,2014-06-27,90.79,4
1743,2014-06-27,82.62,5
1743,2014-06-27,70.58,6
1743,2014-06-27,66.36,7
1743,2014-06-27,76.54,8
1743,2014-06-27,64.99,9
1743,2014-06-28,47.07,10
3578,2013-10-20,29.45,1
3578,2013-12-08,23.34,2
3578,2014-01-09,21.35,3
3578,2014-01-30,18.5,4
3578,2014-03-13,21.9,5
3578,2014-04-10,25.67,6
3578,2014-06-25,23.34,7
3578,2014-07-02,20.85,8
3578,2014-07-11,18.94,9
3578,2014-09-06,17.67,10
5558,2014-03-31,138.4,1
5558,2014-04-24,122.13,2
5558,2014-04-26,96.19,3
5558,2014-06-07,127.35,4
5558,2014-06-07,147.34,5
5558,2014-06-11,121.72,6
5558,2014-06-16,81.64,7
5558,2014-06-19,134.91,8
5558,2014-06-20,93.81,9
5558,2014-06-21,118.52,10
5558,2014-06-22,133.55,11
5558,2014-07-02,60.71,12
5558,2014-07-04,138.92,13
5558,2014-07-07,90.8,14
4619,2014-05-28,10.65,1
4619,2014-06-25,10.45,2
4619,2014-06-27,15.49,3
4619,2014-07-09,11.07,4
4619,2014-07-22,9.11,5
4619,2014-07-27,9.14,6
4619,2014-07-27,11.44,7
4619,2014-07-29,7.33,8
4619,2014-07-30,10.01,9
4619,2014-07-30,14.98,10
4619,2014-08-05,8.79,11
4619,2014-08-05,12.69,12
4619,2014-08-06,18.45,13
4619,2014-08-09,9.03,14
4619,2014-08-21,10.92,15
4619,2014-08-24,10.51,16
4619,2014-08-25,10.55,17
4619,2014-08-25,10.26,18
4619,2014-08-27,8.33,19
4619,2014-08-31,8.36,20
4619,2014-09-01,6.31,21
4619,2014-09-03,7.63,22
4619,2014-09-04,6.77,23
4619,2014-09-05,8.47,24
4619,2014-09-11,11.24,25
4619,2014-09-11,7.03,26
4619,2014-09-26,8.98,27
10779,2014-04-13,9.29,1
10779,2014-06-19,7.48,2
10779,2014-08-08,11.71,3
10779,2014-09-19,9.52,4
5896,2014-03-18,27.91,1
5896,2014-05-02,21.41,2
5896,2014-05-13,30.23,3
5896,2014-05-21,28.29,4
5896,2014-05-23,30.54,5
5896,2014-05-28,18.06,6
5896,2014-05-29,34.11,7
5896,2014-05-31,23.05,8
5896,2014-06-02,29.51,9
5896,2014-06-04,31.01,10
5896,2014-06-08,25.77,11
5896,2014-06-12,33.6,12
5896,2014-06-28,32.39,13
5896,2014-07-03,20.12,14
2337,2013-10-24,6.81,1
2337,2013-12-28,8.36,2
2337,2014-01-23,5.87,3
2337,2014-02-16,7.39,4
2337,2014-07-07,4.82,5
2337,2014-07-20,3.76,6
10951,2014-01-25,22.68,1
10951,2014-03-01,38.0,2
10951,2014-03-29,14.67,3
10951,2014-04-06,25.24,4
10951,2014-05-08,20.35,5
10951,2014-05-31,24.89,6
10951,2014-06-15,21.55,7
10951,2014-07-16,21.78,8
10951,2014-08-02,24.76,9
10951,2014-08-04,17.14,10
10951,2014-08-22,35.3,11
10951,2014-09-15,30.65,12
17,2013-09-06,34.62,1
17,2013-09-29,38.85,2
17,2013-10-14,36.57,3
17,2013-10-31,32.93,4
17,2013-11-01,49.43,5
17,2013-11-11,32.9,6
17,2013-11-13,38.56,7
17,2013-12-04,52.36,8
17,2013-12-10,42.51,9
17,2014-01-19,38.37,10
17,2014-01-30,31.0,11
17,2014-02-26,30.21,12
17,2014-02-27,36.78,13
17,2014-03-01,48.29,14
17,2014-03-04,56.63,15
17,2014-03-07,36.13,16
17,2014-03-10,48.58,17
17,2014-03-11,28.03,18
17,2014-03-29,39.37,19
17,2014-04-20,24.51,20
17,2014-05-05,41.82,21
17,2014-05-11,35.03,22
17,2014-06-06,61.78,23
17,2014-07-16,36.75,24
10680,2014-02-05,10.29,1
10680,2014-05-11,9.71,2
10680,2014-05-18,10.59,3
10680,2014-06-04,15.07,4
10680,2014-06-09,8.9,5
10680,2014-07-26,9.44,6
3265,2013-03-19,11.26,1
3265,2013-10-20,7.76,2
3265,2014-04-06,10.46,3
3265,2014-08-30,11.51,4
5623,2013-09-26,6.74,1
5623,2013-12-17,7.8,2
5623,2014-03-01,9.05,3
5623,2014-07-02,8.41,4
5832,2014-04-20,72.88,1
5832,2014-05-23,67.93,2
5832,2014-06-13,48.63,3
5832,2014-06-14,50.07,4
5832,2014-06-26,61.97,5
5832,2014-07-02,59.21,6
5832,2014-07-04,50.43,7
5832,2014-07-07,63.51,8
5832,2014-07-10,49.06,9
5832,2014-07-12,56.92,10
5832,2014-07-16,73.73,11
5832,2014-07-19,45.65,12
5832,2014-07-23,50.98,13
5832,2014-07-24,56.32,14
5832,2014-07-25,88.5,15
5832,2014-07-29,62.32,16
5832,2014-07-29,60.64,17
5832,2014-07-30,69.64,18
5832,2014-08-08,44.47,19
5832,2014-08-13,52.23,20
5832,2014-09-03,49.9,21
5544,2012-11-10,76.96,1
5544,2012-12-14,71.87,2
5544,2012-12-19,72.16,3
5544,2013-01-03,52.27,4
5544,2013-02-01,86.46,5
5544,2013-03-26,65.01,6
5544,2013-04-20,38.08,7
5544,2013-05-05,63.86,8
5544,2013-06-20,91.41,9
5544,2013-07-21,44.54,10
5544,2013-08-17,90.08,11
5544,2013-09-20,118.16,12
5544,2013-10-08,67.08,13
5544,2014-01-25,74.49,14
5544,2014-03-18,50.69,15
5544,2014-05-16,56.32,16
5544,2014-06-17,55.27,17
5544,2014-06-18,79.92,18
5544,2014-07-19,52.94,19
5544,2014-09-03,75.41,20
5831,2012-10-12,84.92,1
5831,2013-05-18,127.78,2
5831,2013-07-17,128.46,3
5831,2013-09-10,116.66,4
5831,2013-09-28,110.72,5
5831,2013-10-26,177.9,6
5831,2013-10-29,92.73,7
5831,2013-11-01,77.02,8
5831,2013-11-09,142.03,9
5831,2013-11-14,110.97,10
5831,2013-12-23,141.47,11
5831,2014-01-31,70.61,12
5831,2014-03-06,89.12,13
5831,2014-03-16,98.9,14
5831,2014-07-04,112.69,15
10176,2012-10-06,20.98,1
10176,2012-11-12,14.26,2
10176,2012-12-24,19.64,3
10176,2013-01-03,14.59,4
10176,2013-01-04,18.6,5
10176,2013-01-27,17.71,6
10176,2013-02-27,21.17,7
10176,2013-05-01,13.16,8
10176,2013-09-02,20.51,9
10176,2013-09-21,20.05,10
10176,2013-11-21,17.97,11
10176,2013-12-21,16.97,12
10176,2014-03-24,15.71,13
10176,2014-05-20,9.88,14
10176,2014-05-31,20.14,15
10176,2014-08-22,17.67,16
4385,2013-05-31,6.63,1
4385,2013-11-25,4.97,2
4385,2014-04-06,5.79,3
4385,2014-05-16,9.19,4
4385,2014-06-01,5.89,5
4385,2014-07-15,7.54,6
10686,2012-12-26,9.34,1
10686,2013-10-23,5.71,2
10686,2014-07-25,3.95,3
2546,2014-06-22,7.96,1
2546,2014-08-30,10.55,2
2546,2014-08-31,7.87,3
2546,2014-09-09,10.66,4
2546,2014-09-28,9.96,5
3283,2014-01-19,53.59,1
3283,2014-03-10,38.56,2
3283,2014-03-11,28.56,3
3283,2014-03-12,39.94,4
3283,2014-03-21,31.32,5
3283,2014-03-22,36.35,6
3283,2014-03-27,29.93,7
3283,2014-03-29,39.8,8
3283,2014-03-30,30.92,9
3283,2014-05-16,30.82,10
3283,2014-05-17,42.57,11
3283,2014-06-01,26.49,12
3283,2014-06-02,25.88,13
3283,2014-06-11,54.78,14
3283,2014-06-12,23.0,15
3283,2014-06-12,39.46,16
3283,2014-06-26,44.08,17
3283,2014-07-22,35.71,18
3283,2014-07-28,35.78,19
3283,2014-08-09,36.47,20
3138,2012-10-20,57.99,1
3138,2012-10-29,62.94,2
3138,2012-11-20,85.0,3
3138,2012-12-07,85.47,4
3138,2013-01-12,77.89,5
3138,2013-01-13,94.18,6
3138,2013-01-18,62.94,7
3138,2013-02-17,75.44,8
3138,2013-08-08,70.84,9
3138,2013-10-06,66.67,10
3138,2013-10-29,85.5,11
3138,2013-11-02,70.57,12
3138,2013-12-07,62.94,13
3138,2013-12-24,78.26,14
3138,2014-02-03,80.98,15
3138,2014-02-11,96.7,16
3138,2014-05-07,71.48,17
3138,2014-05-09,54.19,18
3138,2014-05-13,78.0,19
3138,2014-05-19,97.71,20
3138,2014-05-20,72.53,21
3138,2014-07-13,60.79,22
4994,2013-10-01,80.06,1
4994,2013-10-22,90.22,2
4994,2013-11-06,64.93,3
4994,2013-11-14,82.86,4
4994,2013-11-16,73.85,5
4994,2013-12-06,67.31,6
4994,2013-12-31,59.86,7
4994,2014-01-16,72.47,8
4994,2014-01-23,58.57,9
4994,2014-01-25,76.19,10
4994,2014-01-29,88.38,11
4994,2014-02-08,56.69,12
4994,2014-05-21,73.4,13
4994,2014-05-25,57.11,14
4994,2014-06-02,43.79,15
4994,2014-06-06,80.72,16
4994,2014-06-24,53.93,17
4994,2014-06-25,47.25,18
4994,2014-06-27,54.87,19
4994,2014-07-03,93.24,20
4994,2014-07-08,46.25,21
4994,2014-07-08,77.05,22
4994,2014-07-09,62.03,23
4994,2014-07-13,56.87,24
4994,2014-08-13,84.1,25
7966,2013-01-08,34.99,1
7966,2013-01-22,53.34,2
7966,2013-01-27,37.62,3
7966,2013-02-04,29.83,4
7966,2013-02-05,44.43,5
7966,2013-04-14,46.88,6
7966,2013-06-01,38.64,7
7966,2013-07-29,41.6,8
7966,2013-08-13,48.96,9
7966,2013-09-06,59.88,10
7966,2013-09-13,38.94,11
7966,2013-10-02,45.88,12
7966,2013-10-25,25.21,13
7966,2013-11-15,35.75,14
7966,2013-12-09,36.33,15
7966,2014-01-08,54.23,16
7966,2014-01-25,44.08,17
7966,2014-02-15,47.45,18
7966,2014-03-16,34.12,19
7966,2014-04-19,32.87,20
7966,2014-05-18,36.56,21
7966,2014-05-20,50.77,22
7966,2014-06-16,28.46,23
7966,2014-06-17,63.52,24
7966,2014-06-17,55.1,25
7966,2014-06-19,53.46,26
7966,2014-08-18,50.08,27
3112,2013-09-05,3.91,1
3112,2013-11-23,6.64,2
3112,2013-12-06,4.37,3
3112,2014-10-03,4.09,4
2181,2013-06-23,109.07,1
2181,2013-07-17,70.82,2
2181,2013-08-19,116.12,3
2181,2013-09-16,91.55,4
2181,2013-10-10,62.75,5
2181,2013-10-31,126.46,6
2181,2013-11-04,85.65,7
2181,2013-12-24,106.08,8
2181,2014-04-02,74.57,9
2181,2014-05-07,105.49,10
2181,2014-05-13,125.26,11
2181,2014-07-04,82.12,12
2181,2014-08-21,97.06,13
1867,2012-11-13,73.91,1
1867,2012-12-26,67.48,2
1867,2013-01-09,88.34,3
1867,2013-01-10,76.68,4
1867,2013-03-12,68.33,5
1867,2013-03-29,54.94,6
1867,2013-05-29,50.52,7
1867,2013-08-04,60.3,8
1867,2013-09-09,83.41,9
1867,2013-09-13,75.25,10
1867,2013-10-10,75.85,11
1867,2013-10-13,60.23,12
1867,2013-12-03,91.31,13
1867,2014-02-18,61.65,14
1867,2014-04-30,66.35,15
1867,2014-06-06,63.44,16
1867,2014-07-17,65.34,17
1867,2014-08-24,44.67,18
1518,2013-06-17,26.04,1
1518,2013-06-24,32.0,2
1518,2013-07-21,51.96,3
1518,2013-08-09,46.99,4
1518,2013-11-16,32.8,5
1518,2013-12-05,28.47,6
1518,2013-12-22,29.87,7
1518,2014-01-16,26.04,8
1518,2014-03-26,35.55,9
1518,2014-04-05,38.53,10
1518,2014-04-19,25.86,11
1518,2014-06-01,21.44,12
1518,2014-06-04,35.45,13
1518,2014-06-07,40.8,14
1518,2014-06-28,28.96,15
1518,2014-07-22,40.5,16
1518,2014-07-31,29.66,17
1518,2014-08-11,52.59,18
1518,2014-09-06,34.49,19
5734,2013-11-20,23.71,1
5734,2014-02-14,8.61,2
5734,2014-02-20,19.79,3
5734,2014-03-07,13.3,4
5734,2014-06-29,12.4,5
5734,2014-07-14,12.19,6
2878,2013-09-28,42.8,1
2878,2013-10-28,20.18,2
2878,2013-11-04,20.5,3
2878,2013-11-29,20.61,4
2878,2013-12-07,19.89,5
2878,2014-02-07,21.55,6
2878,2014-02-10,21.22,7
2878,2014-03-08,28.0,8
2878,2014-03-30,23.94,9
2878,2014-05-21,41.81,10
2878,2014-06-03,24.43,11
2878,2014-06-10,34.32,12
2878,2014-07-04,25.73,13
1458,2014-01-07,7.53,1
1458,2014-03-20,6.71,2
1458,2014-03-26,7.08,3
1458,2014-04-22,4.95,4
1458,2014-08-03,5.15,5
1458,2014-08-26,4.58,6
7007,2014-04-01,6.1,1
7007,2014-06-03,9.33,2
7007,2014-07-06,6.39,3
7007,2014-07-10,7.36,4
7007,2014-07-29,7.22,5
7007,2014-08-19,8.6,6
6200,2013-04-08,37.66,1
6200,2013-05-06,36.56,2
6200,2013-05-14,44.48,3
6200,2013-06-05,39.5,4
6200,2013-07-02,44.06,5
6200,2013-08-18,41.06,6
6200,2013-08-23,26.49,7
6200,2013-08-28,37.16,8
6200,2013-09-17,40.57,9
6200,2013-10-10,42.12,10
6200,2013-12-10,24.81,11
6200,2013-12-12,40.63,12
6200,2013-12-23,32.26,13
6200,2013-12-27,33.8,14
6200,2014-01-27,46.84,15
6200,2014-03-19,31.33,16
6200,2014-04-12,43.78,17
6200,2014-07-02,40.86,18
6200,2014-08-03,28.9,19
6200,2014-08-08,58.24,20
6200,2014-08-16,29.9,21
1403,2012-11-18,6.02,1
1403,2013-04-17,13.1,2
1403,2013-08-06,9.47,3
1403,2014-08-26,6.41,4
4827,2013-03-10,28.31,1
4827,2013-03-13,29.64,2
4827,2013-04-14,20.27,3
4827,2013-07-19,39.47,4
4827,2013-08-08,40.24,5
4827,2013-08-19,24.02,6
4827,2013-11-15,40.94,7
4827,2013-12-11,24.44,8
4827,2014-01-04,22.85,9
4827,2014-01-22,32.64,10
4827,2014-03-13,20.15,11
4827,2014-04-15,30.88,12
4827,2014-05-20,43.99,13
4827,2014-07-13,19.55,14
4827,2014-10-02,29.62,15
6250,2012-11-19,41.65,1
6250,2012-12-17,45.4,2
6250,2012-12-28,36.05,3
6250,2013-01-03,28.31,4
6250,2013-02-25,31.56,5
6250,2013-02-27,34.86,6
6250,2013-06-10,36.61,7
6250,2013-08-15,53.1,8
6250,2013-10-30,33.49,9
6250,2013-11-08,48.95,10
6250,2014-02-27,24.11,11
6250,2014-03-10,29.68,12
6250,2014-03-11,30.21,13
6250,2014-03-18,41.97,14
6250,2014-03-26,30.33,15
6250,2014-03-29,37.48,16
6250,2014-04-13,31.34,17
6250,2014-04-30,40.69,18
6250,2014-05-16,38.42,19
6250,2014-06-06,48.04,20
6250,2014-08-04,32.76,21
9291,2014-03-23,4.74,1
9291,2014-05-27,5.3,2
9291,2014-09-10,3.96,3
2478,2013-08-31,6.56,1
2478,2013-11-02,5.9,2
2478,2013-12-13,8.11,3
2478,2014-04-17,5.93,4
2478,2014-08-18,7.5,5
1139,2014-02-06,90.28,1
1139,2014-03-17,65.33,2
1139,2014-03-18,77.54,3
1139,2014-03-29,44.96,4
1139,2014-04-09,68.12,5
1139,2014-05-01,61.46,6
1139,2014-05-09,57.22,7
1139,2014-05-19,68.63,8
1139,2014-05-19,59.4,9
1139,2014-05-27,60.52,10
1139,2014-06-07,77.31,11
1139,2014-06-08,90.72,12
1139,2014-06-21,95.41,13
1139,2014-06-27,84.86,14
1139,2014-06-27,49.48,15
1139,2014-07-17,57.06,16
1139,2014-07-24,56.64,17
1139,2014-07-30,54.29,18
1139,2014-08-08,70.81,19
1139,2014-08-08,68.22,20
1139,2014-08-10,41.76,21
5138,2013-01-14,8.47,1
5138,2013-08-26,14.59,2
5138,2013-09-14,6.8,3
5138,2014-07-29,9.15,4
5393,2012-12-06,9.97,1
5393,2012-12-22,7.53,2
5393,2013-04-04,11.16,3
5393,2014-08-02,7.33,4
10413,2014-04-25,19.28,1
10413,2014-04-28,52.95,2
10413,2014-05-04,43.96,3
10413,2014-06-22,28.97,4
10413,2014-06-25,42.31,5
10413,2014-06-25,40.25,6
10413,2014-06-27,52.83,7
10413,2014-06-28,29.72,8
10413,2014-06-29,37.47,9
10413,2014-07-02,49.19,10
10413,2014-07-04,40.91,11
10413,2014-07-05,29.45,12
10413,2014-07-10,52.62,13
10413,2014-07-10,41.54,14
10413,2014-07-12,24.25,15
10413,2014-07-16,38.7,16
10413,2014-07-20,38.11,17
10413,2014-07-20,35.57,18
10413,2014-07-25,32.85,19
10413,2014-07-26,42.39,20
10413,2014-07-27,48.85,21
10413,2014-07-30,42.84,22
5015,2012-10-26,14.17,1
5015,2013-06-11,13.36,2
5015,2013-09-07,12.39,3
5015,2013-12-09,23.26,4
5015,2014-01-05,17.07,5
5015,2014-02-12,15.89,6
5015,2014-07-03,24.85,7
10868,2013-02-06,105.21,1
10868,2013-03-27,51.24,2
10868,2013-03-30,66.31,3
10868,2013-04-08,64.88,4
10868,2013-04-14,107.26,5
10868,2013-05-24,54.26,6
10868,2013-08-21,66.06,7
10868,2013-10-03,73.53,8
10868,2013-10-14,97.73,9
10868,2013-10-28,65.82,10
10868,2013-10-31,58.09,11
10868,2013-11-05,64.8,12
10868,2014-02-04,56.05,13
10868,2014-04-10,77.16,14
10868,2014-04-20,46.74,15
10868,2014-06-17,42.6,16
10868,2014-07-15,60.27,17
10676,2012-11-02,41.56,1
10676,2012-12-14,64.68,2
10676,2012-12-22,58.59,3
10676,2012-12-25,33.75,4
10676,2013-01-03,48.88,5
10676,2013-01-07,77.03,6
10676,2013-01-23,62.09,7
10676,2013-03-20,53.86,8
10676,2013-04-16,74.41,9
10676,2013-07-15,83.79,10
10676,2013-09-22,44.57,11
10676,2013-10-25,69.43,12
10676,2013-12-01,41.38,13
10676,2014-03-15,66.66,14
10676,2014-03-19,46.74,15
10676,2014-04-09,48.66,16
10676,2014-04-10,59.79,17
10676,2014-10-02,52.13,18
2495,2014-06-20,35.19,1
2495,2014-07-30,41.92,2
2495,2014-08-05,63.27,3
2495,2014-08-10,43.78,4
2495,2014-08-19,42.85,5
2495,2014-08-19,53.46,6
2495,2014-08-21,32.55,7
2495,2014-08-22,34.78,8
2495,2014-08-24,29.43,9
2495,2014-08-24,21.39,10
2495,2014-08-25,46.7,11
2495,2014-08-25,47.08,12
2495,2014-08-27,50.27,13
2495,2014-08-30,24.55,14
2495,2014-08-30,25.38,15
2495,2014-09-01,27.87,16
2495,2014-09-01,20.12,17
2495,2014-09-03,32.12,18
2495,2014-09-04,36.59,19
2495,2014-09-05,68.62,20
2495,2014-09-11,23.09,21
7842,2013-03-31,16.36,1
7842,2013-08-23,11.97,2
7842,2013-09-16,8.95,3
7842,2014-01-28,10.98,4
7842,2014-03-06,11.19,5
7842,2014-08-12,11.55,6
6663,2013-07-08,11.58,1
6663,2013-08-19,33.15,2
6663,2013-10-14,14.66,3
6663,2014-02-27,24.06,4
6663,2014-03-25,14.7,5
6663,2014-04-22,16.23,6
6663,2014-05-11,17.12,7
6663,2014-07-01,19.5,8
2162,2013-09-18,25.33,1
2162,2013-10-13,49.53,2
2162,2013-10-15,35.06,3
2162,2013-12-06,32.29,4
2162,2014-01-09,32.72,5
2162,2014-01-09,46.08,6
2162,2014-01-14,22.34,7
2162,2014-01-16,21.36,8
2162,2014-01-19,33.13,9
2162,2014-02-11,45.94,10
2162,2014-02-26,42.06,11
2162,2014-03-15,29.73,12
2162,2014-04-01,16.51,13
2162,2014-04-21,27.79,14
2162,2014-06-22,26.46,15
2162,2014-09-16,25.66,16
3434,2014-05-12,67.65,1
3434,2014-05-31,81.01,2
3434,2014-06-02,94.18,3
3434,2014-06-11,65.89,4
3434,2014-07-11,51.24,5
3434,2014-07-17,67.1,6
3434,2014-07-18,56.75,7
3434,2014-07-22,70.98,8
3434,2014-07-24,32.44,9
3434,2014-07-25,77.22,10
3434,2014-07-25,80.72,11
3434,2014-07-26,65.56,12
3434,2014-07-29,68.99,13
3434,2014-08-03,74.56,14
3434,2014-08-03,65.97,15
3434,2014-08-05,67.6,16
3434,2014-08-05,66.39,17
3434,2014-08-06,73.75,18
7919,2012-10-05,59.11,1
7919,2012-12-26,96.04,2
7919,2013-01-01,89.63,3
7919,2013-01-10,91.11,4
7919,2013-01-14,82.61,5
7919,2013-01-22,126.86,6
7919,2013-03-29,122.15,7
7919,2013-04-16,86.31,8
7919,2013-07-30,114.23,9
7919,2013-10-16,96.21,10
7919,2013-10-24,70.93,11
7919,2013-12-10,83.92,12
7919,2014-01-15,90.32,13
7919,2014-01-21,70.41,14
7919,2014-03-15,101.74,15
7919,2014-05-17,109.16,16
7919,2014-06-13,78.41,17
7919,2014-06-20,113.25,18
7919,2014-07-21,84.54,19
7919,2014-07-24,114.63,20
7919,2014-09-11,92.4,21
7919,2014-10-03,118.02,22
5626,2013-11-23,31.83,1
5626,2013-12-18,18.0,2
5626,2014-01-15,24.05,3
5626,2014-01-25,21.06,4
5626,2014-02-05,28.35,5
5626,2014-03-24,26.19,6
5626,2014-04-08,39.96,7
5626,2014-04-23,32.73,8
5626,2014-07-02,40.43,9
5626,2014-07-03,23.92,10
5626,2014-07-09,27.49,11
5626,2014-07-28,33.43,12
5626,2014-08-06,27.46,13
5626,2014-09-12,24.89,14
5626,2014-09-22,50.2,15
6428,2014-05-03,57.11,1
6428,2014-06-09,74.89,2
6428,2014-06-26,52.75,3
6428,2014-07-03,84.4,4
6428,2014-07-04,58.72,5
6428,2014-07-04,66.26,6
6428,2014-07-06,75.67,7
6428,2014-07-10,62.38,8
6428,2014-07-13,59.62,9
6428,2014-07-14,77.84,10
6428,2014-07-21,47.9,11
6428,2014-07-24,57.87,12
6428,2014-07-30,73.3,13
6428,2014-07-31,78.14,14
6428,2014-08-01,82.87,15
6428,2014-08-29,88.26,16
8514,2014-01-17,2.4,1
8514,2014-04-03,4.43,2
8514,2014-04-05,4.51,3
8514,2014-08-07,7.66,4
10448,2012-10-22,22.6,1
10448,2012-11-27,18.42,2
10448,2012-12-17,26.1,3
10448,2013-01-21,15.8,4
10448,2013-02-08,30.65,5
10448,2013-02-15,26.74,6
10448,2013-05-07,29.81,7
10448,2013-09-29,36.55,8
10448,2014-02-22,26.21,9
10448,2014-02-24,21.83,10
10448,2014-03-03,28.98,11
10448,2014-03-28,31.6,12
10448,2014-08-11,34.71,13
2109,2013-04-23,78.15,1
2109,2013-05-07,31.86,2
2109,2013-05-09,59.31,3
2109,2013-05-17,58.47,4
2109,2013-05-18,70.96,5
2109,2013-08-24,83.57,6
2109,2013-08-28,39.35,7
2109,2013-09-17,49.06,8
2109,2013-09-27,83.41,9
2109,2013-11-17,31.2,10
2109,2013-11-26,60.02,11
2109,2013-12-14,33.71,12
2109,2013-12-20,58.46,13
2109,2013-12-28,55.7,14
2109,2014-01-13,61.95,15
2109,2014-01-16,92.28,16
2109,2014-01-20,42.95,17
2109,2014-01-31,52.62,18
2109,2014-02-01,55.34,19
2109,2014-02-21,45.86,20
2109,2014-03-20,45.91,21
2109,2014-04-14,61.97,22
2109,2014-04-22,68.73,23
2109,2014-04-29,43.07,24
2109,2014-05-21,67.07,25
2109,2014-05-23,43.76,26
2109,2014-08-06,52.24,27
8925,2013-07-03,45.04,1
8925,2013-08-01,34.68,2
8925,2013-08-09,17.15,3
8925,2013-08-21,42.56,4
8925,2013-08-22,39.02,5
8925,2013-09-29,40.52,6
8925,2013-10-26,38.38,7
8925,2013-11-09,51.24,8
8925,2013-11-28,25.15,9
8925,2014-01-04,47.42,10
8925,2014-01-13,44.26,11
8925,2014-01-23,42.23,12
8925,2014-02-12,39.74,13
8925,2014-03-22,59.16,14
8925,2014-03-28,54.68,15
8925,2014-05-10,36.54,16
8925,2014-06-04,42.08,17
8925,2014-06-18,34.42,18
8925,2014-06-19,32.46,19
8925,2014-06-29,34.43,20
8925,2014-07-10,49.99,21
8925,2014-07-22,38.2,22
8925,2014-08-28,33.66,23
3009,2013-07-09,115.13,1
3009,2013-07-17,88.75,2
3009,2013-08-06,133.42,3
3009,2013-09-13,174.11,4
3009,2013-10-05,98.37,5
3009,2013-12-15,101.68,6
3009,2014-01-22,105.74,7
3009,2014-02-26,103.68,8
3009,2014-03-04,112.67,9
3009,2014-05-05,124.22,10
3009,2014-05-14,85.24,11
3009,2014-08-19,82.92,12
3009,2014-08-26,162.09,13
3009,2014-09-27,117.98,14
6355,2014-06-17,4.71,1
6355,2014-08-20,10.33,2
6355,2014-09-03,6.23,3
6355,2014-09-07,9.43,4
6355,2014-09-13,4.95,5
6355,2014-09-16,8.36,6
3517,2013-05-06,24.57,1
3517,2013-07-31,8.87,2
3517,2013-10-22,13.51,3
3517,2013-12-13,17.03,4
3517,2014-06-08,23.13,5
3517,2014-07-14,14.72,6
3517,2014-09-03,16.17,7
1158,2014-01-05,18.58,1
1158,2014-03-10,14.26,2
1158,2014-03-28,27.28,3
1158,2014-03-31,14.36,4
1158,2014-04-06,16.49,5
1158,2014-04-10,13.52,6
1158,2014-09-08,15.51,7
6203,2013-08-24,76.36,1
6203,2013-09-29,66.68,2
6203,2013-10-07,50.18,3
6203,2013-10-19,80.04,4
6203,2013-10-21,64.05,5
6203,2013-10-28,59.85,6
6203,2013-11-02,57.11,7
6203,2013-11-03,57.28,8
6203,2013-12-21,51.92,9
6203,2014-01-24,60.42,10
6203,2014-02-05,88.19,11
6203,2014-02-18,65.03,12
6203,2014-03-03,74.21,13
6203,2014-03-04,73.35,14
6203,2014-03-19,103.49,15
6203,2014-03-27,74.47,16
6203,2014-04-09,58.59,17
6203,2014-04-25,53.35,18
6203,2014-04-27,46.43,19
6203,2014-05-28,59.71,20
6203,2014-06-04,74.09,21
6203,2014-07-04,91.97,22
6203,2014-07-20,69.3,23
6203,2014-07-25,48.75,24
6203,2014-08-08,80.18,25
7165,2013-10-22,33.7,1
7165,2013-11-03,40.41,2
7165,2013-11-18,33.03,3
7165,2013-11-23,36.91,4
7165,2013-12-29,59.57,5
7165,2013-12-30,29.16,6
7165,2013-12-31,40.82,7
7165,2014-01-04,30.57,8
7165,2014-01-05,20.22,9
7165,2014-01-11,32.59,10
7165,2014-02-17,40.05,11
7165,2014-02-26,33.05,12
7165,2014-03-03,60.76,13
7165,2014-03-26,19.3,14
7165,2014-04-01,24.51,15
7165,2014-04-25,39.89,16
7165,2014-05-24,31.8,17
7165,2014-06-24,45.0,18
7165,2014-07-23,38.04,19
7165,2014-08-07,40.61,20
3595,2014-02-28,51.06,1
3595,2014-03-23,62.29,2
3595,2014-04-05,45.78,3
3595,2014-04-16,42.0,4
3595,2014-04-28,37.27,5
3595,2014-05-04,34.84,6
3595,2014-05-07,33.25,7
3595,2014-05-08,32.77,8
3595,2014-06-04,50.98,9
3595,2014-06-15,38.67,10
3595,2014-07-07,37.9,11
3595,2014-07-13,39.22,12
3595,2014-07-15,57.68,13
3595,2014-08-11,47.94,14
3595,2014-08-12,52.14,15
3595,2014-08-19,34.04,16
3595,2014-08-19,38.77,17
3595,2014-08-19,44.6,18
3595,2014-08-23,38.38,19
3595,2014-08-24,48.8,20
3595,2014-08-29,38.47,21
3595,2014-08-29,41.17,22
3595,2014-08-31,47.73,23
3595,2014-08-31,39.0,24
3595,2014-09-02,47.05,25
3595,2014-09-06,35.19,26
8537,2013-02-27,59.36,1
8537,2013-03-12,67.8,2
8537,2013-04-04,49.42,3
8537,2013-04-14,92.15,4
8537,2013-06-01,74.54,5
8537,2013-06-08,79.71,6
8537,2013-06-20,60.67,7
8537,2013-07-07,53.59,8
8537,2013-07-14,66.54,9
8537,2013-08-27,87.99,10
8537,2013-09-09,49.35,11
8537,2013-09-27,59.02,12
8537,2013-09-28,108.05,13
8537,2013-11-16,82.35,14
8537,2014-02-07,83.43,15
8537,2014-03-22,82.26,16
8537,2014-06-07,55.42,17
8537,2014-07-24,44.06,18
8537,2014-07-28,49.91,19
8537,2014-08-06,70.39,20
4331,2014-01-23,58.81,1
4331,2014-02-22,92.98,2
4331,2014-02-25,58.9,3
4331,2014-03-10,95.7,4
4331,2014-03-30,104.0,5
4331,2014-04-01,67.27,6
4331,2014-04-12,63.04,7
4331,2014-04-23,93.04,8
4331,2014-04-28,45.53,9
4331,2014-05-11,69.76,10
4331,2014-05-18,69.12,11
4331,2014-05-31,39.07,12
4331,2014-06-05,44.91,13
4331,2014-06-20,73.55,14
4331,2014-07-07,76.37,15
4331,2014-07-09,50.19,16
4331,2014-07-12,51.47,17
4331,2014-07-24,60.61,18
4331,2014-08-17,74.62,19
4331,2014-08-25,69.06,20
6281,2013-02-14,79.44,1
6281,2013-03-20,81.47,2
6281,2013-03-25,82.72,3
6281,2013-07-03,57.58,4
6281,2013-09-15,74.94,5
6281,2013-09-28,76.38,6
6281,2013-10-13,65.94,7
6281,2013-12-01,80.21,8
6281,2014-04-10,64.45,9
6281,2014-05-30,61.96,10
6281,2014-06-02,54.95,11
6281,2014-08-06,55.6,12
6281,2014-08-21,73.13,13
6281,2014-09-08,47.24,14
4338,2014-03-25,7.26,1
4338,2014-08-15,8.48,2
4338,2014-08-23,9.71,3
4338,2014-09-07,6.55,4
9507,2013-04-07,21.4,1
9507,2013-06-03,32.76,2
9507,2013-06-03,17.41,3
9507,2013-06-13,30.43,4
9507,2013-06-18,30.42,5
9507,2013-07-21,33.6,6
9507,2013-08-18,19.31,7
9507,2013-12-17,32.15,8
9507,2014-01-06,29.5,9
9507,2014-01-10,21.56,10
9507,2014-02-09,23.23,11
9507,2014-02-18,43.31,12
9507,2014-08-05,27.55,13
9507,2014-09-17,21.37,14
5117,2012-11-15,60.27,1
5117,2012-12-11,20.47,2
5117,2012-12-28,33.97,3
5117,2013-01-07,36.16,4
5117,2013-02-01,30.55,5
5117,2013-02-16,30.57,6
5117,2013-04-13,27.57,7
5117,2013-04-21,21.58,8
5117,2013-08-09,30.15,9
5117,2013-09-19,25.39,10
5117,2013-10-22,34.1,11
5117,2013-10-24,27.05,12
5117,2014-01-12,40.59,13
5117,2014-02-07,36.14,14
5117,2014-07-29,46.06,15
5117,2014-09-03,22.38,16
4867,2013-09-20,12.58,1
4867,2013-12-04,11.08,2
4867,2013-12-09,13.93,3
4867,2014-02-23,13.59,4
4867,2014-04-22,9.08,5
4867,2014-06-26,7.66,6
4867,2014-10-03,10.08,7
9289,2014-04-10,7.04,1
9289,2014-07-16,9.47,2
9289,2014-08-10,8.63,3
9289,2014-08-12,13.54,4
9289,2014-09-19,11.32,5
10913,2012-12-05,7.15,1
10913,2013-05-03,6.36,2
10913,2014-08-10,4.48,3
3032,2013-02-27,19.64,1
3032,2013-04-10,22.43,2
3032,2013-12-30,18.19,3
3032,2014-01-01,21.14,4
3032,2014-04-03,13.84,5
3032,2014-04-16,12.95,6
3032,2014-04-20,19.8,7
3032,2014-06-30,21.01,8
3334,2014-02-12,89.34,1
3334,2014-03-13,92.2,2
3334,2014-04-03,84.63,3
3334,2014-04-11,79.78,4
3334,2014-04-16,103.72,5
3334,2014-04-17,108.2,6
3334,2014-04-18,77.04,7
3334,2014-04-27,128.18,8
3334,2014-05-10,106.45,9
3334,2014-05-23,107.14,10
3334,2014-05-31,118.77,11
3334,2014-06-03,66.92,12
3334,2014-07-03,102.1,13
3334,2014-07-05,61.79,14
3334,2014-08-03,137.23,15
3334,2014-08-03,112.53,16
3334,2014-08-05,122.78,17
3334,2014-08-08,109.34,18
3334,2014-08-12,122.74,19
3334,2014-08-24,56.16,20
3334,2014-08-31,80.94,21
4470,2013-06-10,16.42,1
4470,2013-08-25,11.24,2
4470,2013-10-18,15.41,3
4470,2014-01-13,16.22,4
4470,2014-06-24,19.31,5
4470,2014-09-16,26.34,6
4470,2014-10-02,13.07,7
1406,2013-02-12,28.16,1
1406,2013-02-26,45.71,2
1406,2013-04-10,27.65,3
1406,2013-06-15,27.66,4
1406,2013-07-13,26.49,5
1406,2013-08-21,15.15,6
1406,2013-09-03,23.79,7
1406,2013-09-06,25.52,8
1406,2013-10-14,21.23,9
1406,2013-11-01,32.87,10
1406,2014-03-12,19.69,11
1406,2014-05-11,22.08,12
1406,2014-05-30,33.77,13
1406,2014-08-17,38.23,14
10821,2013-02-06,31.2,1
10821,2013-03-23,21.78,2
10821,2013-04-08,21.59,3
10821,2013-05-24,17.4,4
10821,2013-06-18,19.75,5
10821,2014-03-15,15.62,6
10821,2014-03-29,20.76,7
10821,2014-05-25,21.91,8
10821,2014-05-26,23.7,9
10821,2014-08-21,27.29,10
4552,2013-06-22,25.48,1
4552,2013-08-12,24.02,2
4552,2013-08-26,14.17,3
4552,2013-09-17,24.57,4
4552,2013-09-26,19.96,5
4552,2013-10-05,28.43,6
4552,2013-10-06,23.58,7
4552,2013-10-18,32.8,8
4552,2013-10-19,27.95,9
4552,2013-10-31,18.41,10
4552,2014-08-29,36.64,11
898,2013-10-21,24.3,1
898,2014-02-19,24.51,2
898,2014-02-25,14.71,3
898,2014-03-14,10.44,4
898,2014-07-23,14.45,5
898,2014-08-09,14.16,6
898,2014-08-27,15.44,7
9797,2014-04-13,19.68,1
9797,2014-05-11,32.9,2
9797,2014-05-27,13.03,3
9797,2014-06-16,25.04,4
9797,2014-06-21,28.47,5
9797,2014-06-21,21.39,6
9797,2014-06-22,32.18,7
9797,2014-07-10,17.73,8
9797,2014-07-17,42.75,9
9797,2014-07-20,31.04,10
9797,2014-07-29,22.31,11
9797,2014-07-30,25.91,12
9797,2014-08-06,43.45,13
9797,2014-08-28,36.11,14
10949,2013-12-16,86.76,1
10949,2014-01-09,92.95,2
10949,2014-01-24,47.34,3
10949,2014-02-13,135.58,4
10949,2014-02-19,86.08,5
10949,2014-02-28,132.66,6
10949,2014-03-14,153.22,7
10949,2014-03-28,81.61,8
10949,2014-03-31,126.08,9
10949,2014-04-10,91.63,10
10949,2014-04-14,95.86,11
10949,2014-04-18,59.0,12
10949,2014-05-08,127.34,13
10949,2014-06-08,99.66,14
10949,2014-06-20,98.71,15
10949,2014-06-28,165.25,16
10949,2014-09-12,123.06,17
10949,2014-09-27,100.2,18
8212,2013-03-28,28.25,1
8212,2013-05-03,17.52,2
8212,2013-12-05,15.71,3
8212,2014-01-16,20.55,4
8212,2014-02-14,25.02,5
8212,2014-03-19,14.48,6
8212,2014-03-25,12.77,7
8212,2014-07-08,18.71,8
6248,2013-10-17,49.91,1
6248,2013-10-25,90.23,2
6248,2013-11-19,84.91,3
6248,2013-11-26,87.26,4
6248,2013-12-09,66.77,5
6248,2013-12-25,57.09,6
6248,2014-01-16,126.4,7
6248,2014-01-18,78.67,8
6248,2014-01-28,44.01,9
6248,2014-02-17,82.92,10
6248,2014-03-03,92.45,11
6248,2014-03-09,101.59,12
6248,2014-03-20,61.95,13
6248,2014-03-21,74.81,14
6248,2014-03-29,112.75,15
6248,2014-04-27,130.52,16
6248,2014-04-30,70.86,17
6248,2014-05-17,77.35,18
6248,2014-05-24,103.77,19
6248,2014-05-26,55.42,20
6248,2014-05-27,48.03,21
6248,2014-06-03,64.13,22
6248,2014-06-11,90.49,23
6248,2014-06-16,120.78,24
6248,2014-07-23,66.12,25
6248,2014-08-15,55.0,26
6248,2014-08-19,74.82,27
10164,2014-04-03,90.35,1
10164,2014-05-08,96.65,2
10164,2014-05-19,120.21,3
10164,2014-06-02,102.14,4
10164,2014-06-03,92.69,5
10164,2014-06-06,116.06,6
10164,2014-06-07,106.98,7
10164,2014-06-18,143.65,8
10164,2014-06-23,112.32,9
10164,2014-06-25,102.53,10
10164,2014-06-30,72.63,11
10164,2014-07-02,144.08,12
10164,2014-07-09,107.8,13
10164,2014-07-12,167.01,14
10164,2014-07-22,99.9,15
4547,2013-04-17,4.05,1
4547,2013-12-30,5.29,2
4547,2014-04-19,5.34,3
4547,2014-07-11,5.32,4
6815,2014-05-23,34.76,1
6815,2014-06-27,39.63,2
6815,2014-07-08,32.08,3
6815,2014-07-21,45.33,4
6815,2014-08-03,45.81,5
6815,2014-08-03,32.16,6
6815,2014-08-09,27.4,7
6815,2014-08-19,42.07,8
6815,2014-08-21,22.6,9
6815,2014-08-22,25.85,10
6815,2014-08-30,23.12,11
6815,2014-09-02,34.16,12
6815,2014-09-02,45.79,13
6815,2014-09-04,47.49,14
6815,2014-09-04,33.56,15
6815,2014-09-16,51.82,16
6815,2014-09-17,30.03,17
6815,2014-09-18,30.38,18
6815,2014-09-20,26.45,19
6815,2014-09-23,42.01,20
6815,2014-10-01,34.52,21
4122,2012-10-21,60.69,1
4122,2012-12-31,51.51,2
4122,2013-02-07,48.93,3
4122,2013-03-10,50.03,4
4122,2013-04-25,63.71,5
4122,2013-06-21,40.41,6
4122,2013-09-01,60.96,7
4122,2013-09-14,44.9,8
4122,2013-09-18,52.34,9
4122,2013-11-02,48.57,10
4122,2013-11-07,57.49,11
4122,2013-11-23,62.74,12
4122,2013-12-26,112.14,13
4122,2014-02-28,47.57,14
4122,2014-07-24,49.01,15
10841,2012-12-25,19.89,1
10841,2013-01-13,35.4,2
10841,2013-02-15,34.69,3
10841,2013-04-19,25.58,4
10841,2013-05-09,27.39,5
10841,2013-07-17,28.72,6
10841,2013-08-18,42.59,7
10841,2013-09-22,49.31,8
10841,2014-01-24,23.69,9
10841,2014-02-11,19.78,10
10841,2014-04-12,30.13,11
10841,2014-04-13,33.42,12
10841,2014-05-21,24.8,13
10841,2014-07-02,31.62,14
10841,2014-08-20,25.98,15
5370,2013-01-16,27.19,1
5370,2013-03-06,31.7,2
5370,2013-03-10,38.68,3
5370,2013-04-10,25.89,4
5370,2013-04-19,23.63,5
5370,2013-05-03,22.5,6
5370,2013-08-21,29.82,7
5370,2013-11-21,27.16,8
5370,2013-12-03,32.89,9
5370,2013-12-29,24.37,10
5370,2014-01-21,24.41,11
5370,2014-03-07,25.89,12
5370,2014-04-15,35.08,13
5370,2014-08-28,20.78,14
176,2014-01-02,24.8,1
176,2014-02-16,17.56,2
176,2014-03-30,20.57,3
176,2014-04-28,16.67,4
176,2014-05-02,22.6,5
176,2014-06-05,23.41,6
176,2014-06-12,32.45,7
176,2014-07-08,26.1,8
176,2014-07-09,17.48,9
176,2014-07-11,23.17,10
176,2014-07-24,39.17,11
4860,2013-03-08,6.05,1
4860,2013-12-11,4.35,2
4860,2013-12-14,5.31,3
4860,2014-07-31,6.3,4
10757,2013-12-24,5.08,1
10757,2014-03-01,3.73,2
10757,2014-08-30,4.19,3
4023,2012-10-10,12.69,1
4023,2012-12-03,16.0,2
4023,2013-02-23,10.35,3
4023,2013-09-14,13.47,4
4023,2014-02-08,11.22,5
4023,2014-03-13,17.74,6
4023,2014-09-06,11.53,7
6679,2014-06-12,5.82,1
6679,2014-08-16,5.27,2
6679,2014-09-06,4.92,3
7181,2013-11-07,7.34,1
7181,2014-03-18,14.46,2
7181,2014-03-20,11.86,3
7181,2014-05-10,6.9,4
7181,2014-06-30,9.43,5
3599,2012-11-26,58.43,1
3599,2012-12-22,79.93,2
3599,2013-01-06,60.07,3
3599,2013-01-14,60.26,4
3599,2013-03-10,71.43,5
3599,2013-05-09,61.35,6
3599,2013-06-09,72.79,7
3599,2013-07-19,78.96,8
3599,2013-08-25,75.89,9
3599,2013-09-16,75.3,10
3599,2013-10-09,88.76,11
3599,2013-11-24,57.76,12
3599,2013-12-22,63.83,13
3599,2014-01-17,67.23,14
3599,2014-02-12,85.92,15
3599,2014-02-19,55.37,16
3599,2014-04-02,40.67,17
3599,2014-04-06,120.33,18
3599,2014-05-17,35.47,19
3599,2014-08-05,74.25,20
405,2013-02-13,25.69,1
405,2013-03-08,22.45,2
405,2013-04-04,24.01,3
405,2013-05-07,24.21,4
405,2013-05-25,18.75,5
405,2013-06-26,29.3,6
405,2013-11-06,19.66,7
405,2013-12-13,36.92,8
405,2014-01-18,24.13,9
405,2014-02-05,33.25,10
405,2014-02-27,24.89,11
405,2014-03-02,26.36,12
405,2014-07-29,40.37,13
6870,2013-09-17,29.38,1
6870,2013-11-06,29.0,2
6870,2013-11-28,22.04,3
6870,2013-12-01,27.16,4
6870,2013-12-22,17.26,5
6870,2014-01-13,23.01,6
6870,2014-02-16,21.56,7
6870,2014-05-19,17.96,8
6870,2014-06-29,25.3,9
6870,2014-07-13,25.91,10
6870,2014-07-24,24.42,11
832,2014-03-02,53.67,1
832,2014-03-25,28.72,2
832,2014-03-26,29.93,3
832,2014-03-27,33.95,4
832,2014-05-01,52.36,5
832,2014-05-04,36.87,6
832,2014-05-07,27.46,7
832,2014-05-10,39.43,8
832,2014-05-13,29.85,9
832,2014-05-25,37.5,10
832,2014-05-26,34.71,11
832,2014-06-09,40.34,12
832,2014-06-12,32.46,13
832,2014-06-16,33.59,14
832,2014-06-17,35.12,15
832,2014-06-21,27.79,16
832,2014-06-23,28.91,17
832,2014-06-25,39.31,18
832,2014-07-03,35.25,19
832,2014-07-07,34.79,20
2002,2013-05-20,116.51,1
2002,2013-06-25,85.06,2
2002,2013-07-09,103.61,3
2002,2013-07-29,154.18,4
2002,2013-08-30,99.73,5
2002,2013-09-03,98.02,6
2002,2013-10-11,141.09,7
2002,2013-10-24,121.51,8
2002,2013-12-04,60.12,9
2002,2014-03-22,118.98,10
2002,2014-04-04,80.25,11
2002,2014-04-30,76.3,12
2002,2014-05-12,85.04,13
2002,2014-06-09,127.89,14
2002,2014-06-15,228.77,15
2002,2014-07-16,86.94,16
3657,2013-02-14,21.75,1
3657,2013-04-04,12.3,2
3657,2013-06-05,18.95,3
3657,2013-12-24,27.41,4
3657,2014-08-01,14.41,5
3657,2014-09-20,11.55,6
3657,2014-09-28,30.29,7
3657,2014-10-04,16.35,8
500,2013-08-06,76.33,1
500,2013-09-27,69.82,2
500,2013-09-28,85.23,3
500,2013-10-02,101.93,4
500,2013-10-04,93.34,5
500,2013-10-07,72.37,6
500,2013-10-09,78.87,7
500,2013-10-16,72.38,8
500,2013-10-20,103.86,9
500,2013-11-11,79.45,10
500,2013-11-27,96.42,11
500,2013-11-28,49.11,12
500,2013-12-13,82.99,13
500,2013-12-18,58.5,14
500,2013-12-25,89.07,15
500,2014-01-26,93.77,16
500,2014-02-23,108.38,17
500,2014-03-20,134.91,18
500,2014-04-10,80.46,19
500,2014-04-16,63.57,20
500,2014-05-01,75.31,21
500,2014-05-09,64.64,22
500,2014-07-18,89.3,23
1951,2013-01-27,34.72,1
1951,2013-02-05,36.56,2
1951,2013-02-14,24.51,3
1951,2013-03-26,43.14,4
1951,2013-04-19,40.76,5
1951,2013-05-01,52.48,6
1951,2013-05-17,43.48,7
1951,2013-05-31,38.69,8
1951,2013-06-15,38.6,9
1951,2013-06-29,57.98,10
1951,2013-07-20,25.58,11
1951,2013-08-23,39.33,12
1951,2013-09-06,54.25,13
1951,2013-09-21,39.27,14
1951,2013-11-18,34.69,15
1951,2013-11-18,59.37,16
1951,2013-11-23,43.87,17
1951,2014-04-17,24.44,18
1951,2014-04-23,27.46,19
1951,2014-05-23,26.66,20
1951,2014-07-05,23.16,21
3262,2012-10-09,48.39,1
3262,2012-11-09,45.95,2
3262,2012-12-27,57.4,3
3262,2013-01-02,44.47,4
3262,2013-02-07,99.25,5
3262,2013-02-26,52.5,6
3262,2013-02-27,52.69,7
3262,2013-03-06,50.85,8
3262,2013-07-23,69.94,9
3262,2013-08-06,82.24,10
3262,2013-08-18,66.06,11
3262,2013-09-01,56.25,12
3262,2013-09-22,97.13,13
3262,2013-10-20,42.59,14
3262,2013-11-19,41.52,15
3262,2013-12-07,69.05,16
3262,2014-02-07,80.75,17
3262,2014-02-15,127.27,18
3262,2014-04-14,102.17,19
3262,2014-04-25,61.79,20
3262,2014-06-22,48.25,21
3262,2014-07-13,60.4,22
3262,2014-07-14,98.31,23
3262,2014-09-04,58.77,24
7042,2013-03-01,10.46,1
7042,2013-12-19,9.03,2
7042,2013-12-22,6.08,3
7042,2014-02-13,17.61,4
7042,2014-09-21,12.82,5
10598,2013-04-15,7.64,1
10598,2013-08-21,6.01,2
10598,2013-11-07,6.56,3
10598,2014-04-20,6.99,4
10598,2014-07-08,6.8,5
255,2014-03-30,3.26,1
255,2014-06-02,5.75,2
255,2014-08-02,4.0,3
255,2014-09-04,5.99,4
2375,2013-01-22,5.13,1
2375,2013-09-09,5.21,2
2375,2014-07-22,5.66,3
9829,2014-02-12,11.65,1
9829,2014-04-21,12.77,2
9829,2014-04-26,11.05,3
9829,2014-05-09,9.97,4
9829,2014-06-11,11.35,5
9829,2014-08-24,8.21,6
6214,2013-04-05,11.59,1
6214,2013-07-25,12.21,2
6214,2013-12-10,13.23,3
6214,2013-12-24,16.66,4
6214,2014-08-13,10.3,5
4954,2014-01-21,19.17,1
4954,2014-03-02,32.54,2
4954,2014-04-21,21.19,3
4954,2014-04-30,20.7,4
4954,2014-05-17,22.7,5
4954,2014-06-02,33.75,6
4954,2014-06-28,31.42,7
4954,2014-07-02,19.3,8
4954,2014-07-17,18.89,9
4954,2014-07-18,17.89,10
4954,2014-08-13,22.46,11
7861,2014-02-05,46.12,1
7861,2014-02-13,57.18,2
7861,2014-03-02,55.56,3
7861,2014-04-15,84.73,4
7861,2014-04-22,97.64,5
7861,2014-05-02,72.87,6
7861,2014-05-03,68.81,7
7861,2014-05-05,79.86,8
7861,2014-05-08,92.19,9
7861,2014-05-18,80.36,10
7861,2014-06-01,58.28,11
7861,2014-06-15,48.95,12
7861,2014-07-19,56.85,13
7861,2014-08-17,72.25,14
7861,2014-08-19,65.95,15
7861,2014-09-09,52.01,16
7861,2014-09-12,74.4,17
4837,2013-02-16,48.11,1
4837,2013-03-04,31.03,2
4837,2013-03-12,38.38,3
4837,2013-03-23,34.29,4
4837,2013-03-29,56.83,5
4837,2013-06-13,36.29,6
4837,2013-06-20,32.25,7
4837,2013-07-07,51.39,8
4837,2013-08-24,41.73,9
4837,2013-09-05,41.98,10
4837,2013-09-13,45.79,11
4837,2013-10-05,37.9,12
4837,2013-11-18,75.25,13
4837,2013-11-29,49.5,14
4837,2013-12-25,23.55,15
4837,2013-12-31,32.13,16
4837,2014-02-08,54.96,17
4837,2014-02-23,46.54,18
4837,2014-02-26,43.42,19
4837,2014-03-22,37.3,20
4837,2014-04-09,42.34,21
4837,2014-05-14,30.43,22
4837,2014-06-26,68.15,23
4837,2014-07-01,35.55,24
4837,2014-07-13,31.5,25
4837,2014-08-09,34.42,26
9423,2014-02-23,8.4,1
9423,2014-05-12,7.73,2
9423,2014-06-13,5.72,3
9423,2014-06-20,8.31,4
9423,2014-07-08,5.95,5
9423,2014-08-17,6.89,6
153,2013-10-17,7.3,1
153,2014-03-27,6.65,2
153,2014-07-28,10.41,3
153,2014-09-06,9.64,4
9323,2012-10-16,23.55,1
9323,2012-10-22,36.58,2
9323,2012-11-23,38.52,3
9323,2012-12-07,31.97,4
9323,2012-12-14,36.03,5
9323,2013-01-09,33.76,6
9323,2013-01-13,45.82,7
9323,2013-01-27,37.03,8
9323,2013-02-27,37.57,9
9323,2013-05-05,36.5,10
9323,2013-05-24,46.1,11
9323,2013-07-20,42.37,12
9323,2013-08-03,39.81,13
9323,2013-09-04,49.85,14
9323,2013-09-13,25.44,15
9323,2013-09-18,48.16,16
9323,2013-09-22,40.39,17
9323,2013-11-01,29.45,18
9323,2013-12-11,35.04,19
9323,2014-03-20,33.37,20
9323,2014-04-27,25.58,21
9323,2014-09-30,59.11,22
10001,2012-11-18,13.57,1
10001,2013-01-04,9.57,2
10001,2013-02-16,11.02,3
10001,2013-09-26,9.73,4
10001,2013-12-25,8.93,5
10001,2014-06-29,13.18,6
3945,2013-03-10,38.67,1
3945,2013-03-16,28.21,2
3945,2013-03-31,42.66,3
3945,2013-04-13,30.11,4
3945,2013-04-18,61.07,5
3945,2013-06-03,34.82,6
3945,2013-07-20,52.19,7
3945,2013-10-10,51.89,8
3945,2013-10-19,34.13,9
3945,2013-12-30,37.54,10
3945,2014-02-02,54.28,11
3945,2014-03-20,32.46,12
3945,2014-03-21,41.07,13
3945,2014-04-08,30.78,14
3945,2014-04-08,35.01,15
3945,2014-05-05,44.24,16
3945,2014-05-12,36.58,17
3945,2014-06-27,43.58,18
3945,2014-06-27,32.22,19
3945,2014-07-04,25.27,20
3945,2014-07-05,38.59,21
3945,2014-07-05,42.59,22
3945,2014-07-17,26.04,23
3799,2013-11-26,35.8,1
3799,2014-01-05,39.81,2
3799,2014-01-08,39.28,3
3799,2014-01-16,32.26,4
3799,2014-02-09,29.26,5
3799,2014-03-16,49.17,6
3799,2014-03-19,48.83,7
3799,2014-03-27,34.68,8
3799,2014-03-31,32.78,9
3799,2014-04-14,29.61,10
3799,2014-04-20,32.13,11
3799,2014-06-09,40.81,12
3799,2014-06-29,30.39,13
3799,2014-07-05,34.23,14
3799,2014-07-26,35.24,15
3799,2014-08-19,44.3,16
3799,2014-08-21,29.45,17
3799,2014-08-26,32.58,18
3799,2014-09-12,30.84,19
3799,2014-10-01,43.54,20
8625,2013-11-12,6.76,1
8625,2014-02-14,8.04,2
8625,2014-04-19,5.6,3
8625,2014-06-10,9.44,4
8625,2014-06-12,7.76,5
8625,2014-07-27,6.4,6
3491,2013-04-29,38.08,1
3491,2013-05-24,36.63,2
3491,2013-06-05,34.96,3
3491,2013-06-16,42.73,4
3491,2013-06-19,40.32,5
3491,2013-07-04,38.25,6
3491,2013-08-12,34.23,7
3491,2013-08-24,31.89,8
3491,2013-08-24,54.12,9
3491,2013-09-07,53.38,10
3491,2013-09-20,27.0,11
3491,2013-11-14,48.71,12
3491,2013-12-12,43.23,13
3491,2013-12-26,38.53,14
3491,2013-12-31,27.42,15
3491,2014-01-19,65.9,16
3491,2014-02-05,48.25,17
3491,2014-02-13,46.93,18
3491,2014-02-20,33.72,19
3491,2014-05-21,28.95,20
3491,2014-06-14,44.72,21
3491,2014-06-20,47.84,22
3491,2014-08-01,25.74,23
3491,2014-08-17,50.17,24
3491,2014-09-03,46.3,25
983,2013-09-28,34.46,1
983,2013-11-25,30.13,2
983,2013-12-21,27.63,3
983,2014-02-18,22.12,4
983,2014-03-09,25.67,5
983,2014-03-30,19.96,6
983,2014-04-01,25.8,7
983,2014-04-04,18.87,8
983,2014-06-18,16.24,9
983,2014-07-04,24.39,10
983,2014-07-15,23.73,11
9119,2013-12-05,26.52,1
9119,2014-01-04,18.77,2
9119,2014-01-12,30.69,3
9119,2014-02-17,33.1,4
9119,2014-03-09,35.31,5
9119,2014-04-02,26.96,6
9119,2014-04-29,26.88,7
9119,2014-06-27,22.8,8
9119,2014-06-28,20.18,9
9119,2014-07-17,24.94,10
9119,2014-07-24,26.81,11
9119,2014-08-24,32.81,12
9119,2014-09-08,28.23,13
4786,2012-10-19,46.64,1
4786,2012-10-20,40.28,2
4786,2012-10-25,27.5,3
4786,2012-10-26,44.42,4
4786,2012-11-05,52.15,5
4786,2013-01-01,58.56,6
4786,2013-01-17,35.44,7
4786,2013-03-27,45.5,8
4786,2013-05-11,41.53,9
4786,2013-06-03,38.63,10
4786,2013-06-07,35.03,11
4786,2013-07-03,41.93,12
4786,2013-07-21,42.63,13
4786,2013-08-06,29.66,14
4786,2013-08-08,57.88,15
4786,2013-11-13,31.07,16
4786,2013-11-23,54.3,17
4786,2013-11-26,40.98,18
4786,2014-02-20,38.69,19
4786,2014-03-15,35.84,20
4786,2014-04-12,37.63,21
4786,2014-05-08,39.78,22
4786,2014-05-10,35.36,23
4786,2014-06-24,45.46,24
4786,2014-07-03,51.11,25
5872,2013-06-01,28.52,1
5872,2013-06-16,49.05,2
5872,2013-07-15,28.83,3
5872,2013-07-26,27.44,4
5872,2013-09-03,18.28,5
5872,2013-09-28,21.79,6
5872,2013-10-01,37.71,7
5872,2013-10-07,31.87,8
5872,2013-11-24,39.72,9
5872,2013-12-09,50.81,10
5872,2014-01-14,23.45,11
5872,2014-02-14,35.56,12
5872,2014-03-09,27.3,13
5872,2014-03-12,40.72,14
5872,2014-03-13,31.23,15
5872,2014-05-14,51.13,16
5872,2014-06-25,34.75,17
5872,2014-09-12,36.86,18
6568,2013-03-28,16.33,1
6568,2013-07-05,14.62,2
6568,2013-09-23,9.75,3
6568,2013-12-06,13.02,4
6568,2014-06-30,13.27,5
5628,2013-02-08,87.12,1
5628,2013-02-19,63.43,2
5628,2013-03-26,61.42,3
5628,2013-04-02,82.37,4
5628,2013-04-06,56.0,5
5628,2013-05-20,83.76,6
5628,2013-06-19,83.92,7
5628,2013-06-22,74.01,8
5628,2013-06-24,69.94,9
5628,2013-08-15,52.83,10
5628,2013-09-10,80.87,11
5628,2013-09-11,75.89,12
5628,2013-09-19,89.0,13
5628,2013-10-01,51.14,14
5628,2013-10-09,61.36,15
5628,2013-11-19,71.04,16
5628,2013-12-08,80.81,17
5628,2014-02-14,49.6,18
5628,2014-04-07,59.93,19
5628,2014-04-08,83.33,20
5628,2014-07-09,55.77,21
5628,2014-08-28,72.47,22
5628,2014-09-10,41.0,23
5631,2013-05-02,33.13,1
5631,2013-06-08,18.89,2
5631,2013-06-13,17.87,3
5631,2013-08-30,28.16,4
5631,2013-10-15,37.73,5
5631,2013-11-13,47.03,6
5631,2013-11-28,35.05,7
5631,2013-12-10,43.59,8
5631,2014-01-12,27.31,9
5631,2014-01-22,32.11,10
5631,2014-01-24,30.78,11
5631,2014-01-30,42.59,12
5631,2014-02-01,25.38,13
5631,2014-03-05,38.17,14
5631,2014-04-10,30.2,15
5631,2014-06-06,28.72,16
5631,2014-07-05,26.29,17
4974,2012-10-23,75.45,1
4974,2012-11-06,70.43,2
4974,2012-11-16,70.53,3
4974,2012-11-25,106.79,4
4974,2012-12-24,74.14,5
4974,2013-01-12,48.07,6
4974,2013-06-10,87.76,7
4974,2013-07-29,90.25,8
4974,2013-09-02,51.17,9
4974,2013-09-08,67.87,10
4974,2013-10-04,50.15,11
4974,2013-11-30,67.46,12
4974,2013-12-23,51.33,13
4974,2013-12-23,90.4,14
4974,2014-01-11,40.17,15
4974,2014-02-06,84.5,16
4974,2014-04-28,38.14,17
4974,2014-05-03,65.9,18
4974,2014-06-29,59.5,19
8416,2013-11-29,8.33,1
8416,2014-02-09,8.7,2
8416,2014-06-06,7.25,3
8416,2014-06-25,8.86,4
8416,2014-09-16,8.86,5
5454,2013-12-01,13.3,1
5454,2014-05-03,10.6,2
5454,2014-05-07,5.74,3
5454,2014-05-14,8.53,4
5454,2014-07-17,8.83,5
4095,2012-10-24,28.69,1
4095,2012-10-30,27.69,2
4095,2012-11-26,20.62,3
4095,2013-01-09,20.12,4
4095,2013-02-28,23.74,5
4095,2013-05-01,16.02,6
4095,2013-07-05,22.68,7
4095,2013-09-27,28.24,8
4095,2013-10-07,17.89,9
4095,2014-02-22,37.04,10
4095,2014-03-14,42.88,11
4095,2014-03-14,32.06,12
4095,2014-07-17,33.33,13
5474,2013-11-30,30.24,1
5474,2013-12-16,19.93,2
5474,2014-02-10,20.52,3
5474,2014-03-05,21.35,4
5474,2014-04-11,18.97,5
5474,2014-05-10,20.57,6
5474,2014-06-02,15.39,7
5474,2014-06-16,14.82,8
5474,2014-07-18,18.21,9
4268,2014-06-09,20.44,1
4268,2014-07-06,19.12,2
4268,2014-08-11,21.88,3
4268,2014-08-12,18.03,4
4268,2014-08-14,21.66,5
4268,2014-08-14,13.94,6
4268,2014-08-15,14.74,7
4268,2014-08-16,21.18,8
10701,2013-09-11,22.53,1
10701,2013-09-12,28.24,2
10701,2013-09-24,66.13,3
10701,2013-10-29,70.47,4
10701,2013-11-07,52.3,5
10701,2013-11-14,43.32,6
10701,2013-12-30,40.71,7
10701,2014-01-23,43.68,8
10701,2014-02-03,41.78,9
10701,2014-02-05,53.29,10
10701,2014-02-20,58.94,11
10701,2014-03-02,26.64,12
10701,2014-03-13,72.24,13
10701,2014-03-14,30.73,14
10701,2014-03-18,28.84,15
10701,2014-04-15,35.71,16
10701,2014-04-22,29.06,17
10701,2014-04-24,42.27,18
10701,2014-05-26,44.06,19
10701,2014-06-01,46.22,20
10701,2014-06-21,46.91,21
10701,2014-06-26,29.55,22
10701,2014-07-12,34.87,23
10701,2014-07-14,30.95,24
10701,2014-07-16,42.18,25
10701,2014-07-19,66.88,26
10701,2014-08-06,48.51,27
3507,2012-12-28,102.57,1
3507,2013-01-29,64.14,2
3507,2013-02-07,108.89,3
3507,2013-03-09,136.19,4
3507,2013-04-14,119.74,5
3507,2013-06-07,158.2,6
3507,2013-12-10,122.42,7
3507,2013-12-11,153.03,8
3507,2014-04-30,125.82,9
3507,2014-05-06,108.53,10
3507,2014-05-19,192.15,11
3507,2014-08-22,125.32,12
2079,2013-12-27,47.59,1
2079,2014-01-08,51.06,2
2079,2014-01-20,56.46,3
2079,2014-02-11,54.69,4
2079,2014-03-06,60.2,5
2079,2014-03-12,44.83,6
2079,2014-03-20,54.3,7
2079,2014-04-04,64.64,8
2079,2014-04-18,51.46,9
2079,2014-04-23,51.58,10
2079,2014-05-15,35.19,11
2079,2014-05-19,59.23,12
2079,2014-05-28,65.61,13
2079,2014-06-16,39.24,14
2079,2014-06-19,40.91,15
2079,2014-07-04,55.79,16
2079,2014-07-21,84.72,17
2079,2014-07-26,113.25,18
2079,2014-08-08,46.87,19
2079,2014-09-06,47.84,20
2079,2014-10-05,56.53,21
626,2013-03-09,8.97,1
626,2013-05-29,12.08,2
626,2013-09-05,6.79,3
626,2014-09-07,10.16,4
4426,2013-09-22,20.91,1
4426,2013-10-18,21.86,2
4426,2013-11-03,28.63,3
4426,2013-12-17,42.63,4
4426,2014-01-25,48.03,5
4426,2014-02-11,24.85,6
4426,2014-04-04,29.16,7
4426,2014-05-01,14.82,8
4426,2014-05-14,34.18,9
4426,2014-05-22,22.64,10
4426,2014-06-13,21.47,11
4426,2014-06-21,33.39,12
4426,2014-06-30,23.16,13
4426,2014-07-15,37.8,14
4426,2014-08-31,28.48,15
2591,2014-06-22,67.14,1
2591,2014-06-24,48.97,2
2591,2014-08-07,54.99,3
2591,2014-08-16,51.95,4
2591,2014-08-16,91.16,5
2591,2014-08-16,97.05,6
2591,2014-08-16,49.79,7
2591,2014-08-16,94.58,8
2591,2014-08-16,67.06,9
2591,2014-08-16,99.72,10
2591,2014-08-16,56.11,11
2591,2014-08-16,63.53,12
2591,2014-08-17,54.94,13
10509,2014-06-02,11.95,1
10509,2014-08-04,12.27,2
10509,2014-08-04,14.67,3
10509,2014-08-08,12.02,4
10509,2014-08-15,7.78,5
10509,2014-08-20,8.31,6
6382,2014-06-26,8.05,1
6382,2014-06-29,11.69,2
6382,2014-06-29,9.4,3
6382,2014-06-30,9.86,4
6673,2013-03-19,18.18,1
6673,2013-05-29,24.1,2
6673,2013-11-29,9.94,3
6673,2013-12-25,11.4,4
6673,2014-02-13,11.57,5
6673,2014-08-15,14.8,6
7441,2012-10-06,64.37,1
7441,2012-11-02,84.03,2
7441,2012-11-16,71.03,3
7441,2012-11-20,47.61,4
7441,2012-11-27,68.17,5
7441,2012-12-19,86.86,6
7441,2012-12-26,75.1,7
7441,2013-03-09,43.27,8
7441,2013-06-06,60.2,9
7441,2013-06-14,62.54,10
7441,2013-08-15,64.05,11
7441,2013-08-25,103.73,12
7441,2013-09-04,77.63,13
7441,2013-09-04,57.18,14
7441,2013-09-19,45.91,15
7441,2013-10-12,66.55,16
7441,2013-10-22,75.28,17
7441,2013-11-03,59.34,18
7441,2013-11-27,67.05,19
7441,2013-12-29,63.71,20
7441,2014-01-06,64.77,21
7441,2014-03-10,41.82,22
7441,2014-03-22,55.0,23
7441,2014-07-17,78.78,24
10061,2013-01-05,40.01,1
10061,2013-01-15,28.45,2
10061,2013-01-18,36.49,3
10061,2013-01-29,35.98,4
10061,2013-02-04,34.94,5
10061,2013-03-06,50.92,6
10061,2013-03-07,38.27,7
10061,2013-03-11,33.66,8
10061,2013-04-04,59.18,9
10061,2013-04-26,34.21,10
10061,2013-05-21,44.12,11
10061,2013-06-21,26.79,12
10061,2013-07-05,28.05,13
10061,2013-07-15,46.18,14
10061,2013-08-18,47.91,15
10061,2013-09-20,42.77,16
10061,2013-11-01,31.56,17
10061,2013-12-22,33.71,18
10061,2014-04-16,35.57,19
10061,2014-06-08,47.01,20
10061,2014-06-14,40.68,21
10061,2014-07-18,37.53,22
10061,2014-09-06,38.0,23
7187,2013-05-18,59.39,1
7187,2013-06-18,40.93,2
7187,2013-06-21,35.89,3
7187,2013-06-22,43.93,4
7187,2013-07-21,33.78,5
7187,2013-08-21,37.89,6
7187,2013-09-29,37.33,7
7187,2013-10-07,29.42,8
7187,2013-10-10,30.0,9
7187,2013-12-15,39.22,10
7187,2014-01-04,32.52,11
7187,2014-02-18,28.52,12
7187,2014-03-26,25.37,13
7187,2014-04-02,32.35,14
7187,2014-04-18,30.75,15
7187,2014-05-04,30.8,16
7187,2014-06-06,26.59,17
7187,2014-08-14,30.32,18
1612,2013-05-31,3.73,1
1612,2013-12-02,7.97,2
1612,2014-01-24,4.34,3
1612,2014-05-16,5.58,4
1612,2014-06-07,9.56,5
1612,2014-07-15,8.82,6
322,2013-01-12,7.96,1
322,2013-06-15,6.08,2
322,2013-08-18,9.06,3
322,2013-12-06,7.89,4
322,2014-07-04,10.0,5
123,2013-01-06,48.92,1
123,2013-02-09,58.43,2
123,2013-02-26,69.23,3
123,2013-03-25,58.76,4
123,2013-04-08,49.05,5
123,2013-05-20,67.82,6
123,2013-06-12,109.05,7
123,2013-08-12,93.35,8
123,2014-01-08,88.06,9
123,2014-01-20,34.51,10
123,2014-03-19,100.17,11
123,2014-03-27,57.04,12
123,2014-07-05,51.63,13
6103,2013-09-06,14.22,1
6103,2013-12-11,14.79,2
6103,2014-01-26,18.68,3
6103,2014-02-19,13.26,4
6103,2014-05-14,13.18,5
6103,2014-08-26,18.87,6
7899,2012-10-29,80.02,1
7899,2012-12-19,128.57,2
7899,2012-12-27,98.11,3
7899,2013-01-14,104.59,4
7899,2013-02-05,115.96,5
7899,2013-02-17,122.88,6
7899,2013-07-09,138.67,7
7899,2013-07-10,91.29,8
7899,2013-09-27,106.09,9
7899,2013-10-11,107.16,10
7899,2013-11-06,84.29,11
7899,2014-01-08,144.44,12
7899,2014-03-23,100.79,13
7899,2014-06-15,100.53,14
7899,2014-07-27,140.62,15
10500,2014-04-05,9.91,1
10500,2014-06-08,11.65,2
10500,2014-06-14,10.66,3
10500,2014-06-22,7.89,4
10500,2014-06-22,6.92,5
10500,2014-06-26,10.45,6
10500,2014-07-01,12.52,7
1655,2013-10-19,11.0,1
1655,2013-12-20,10.12,2
1655,2014-01-25,6.17,3
1655,2014-07-16,9.71,4
2406,2013-08-05,33.66,1
2406,2013-09-05,23.73,2
2406,2013-09-12,33.46,3
2406,2013-11-02,25.67,4
2406,2013-11-06,41.51,5
2406,2013-11-10,21.25,6
2406,2013-12-02,19.96,7
2406,2014-01-22,25.17,8
2406,2014-02-14,38.65,9
2406,2014-02-19,31.81,10
2406,2014-02-20,23.73,11
2406,2014-03-05,25.68,12
2406,2014-03-05,38.7,13
2406,2014-04-02,40.98,14
2406,2014-04-07,40.56,15
2406,2014-08-03,30.49,16
2712,2013-12-25,45.52,1
2712,2014-02-07,30.18,2
2712,2014-02-17,40.04,3
2712,2014-02-20,40.82,4
2712,2014-02-26,41.55,5
2712,2014-02-28,24.12,6
2712,2014-03-16,34.85,7
2712,2014-04-05,43.25,8
2712,2014-04-14,46.68,9
2712,2014-04-22,46.45,10
2712,2014-04-30,30.89,11
2712,2014-05-01,36.79,12
2712,2014-05-06,29.99,13
2712,2014-05-19,40.8,14
2712,2014-05-19,33.46,15
2712,2014-05-21,20.85,16
2712,2014-05-31,40.54,17
2712,2014-06-12,26.68,18
2712,2014-07-12,28.57,19
2254,2013-07-07,70.36,1
2254,2013-07-26,105.09,2
2254,2013-08-22,45.96,3
2254,2013-08-24,68.56,4
2254,2013-09-11,39.77,5
2254,2013-10-05,95.64,6
2254,2013-10-06,57.93,7
2254,2013-10-10,81.3,8
2254,2013-11-03,88.22,9
2254,2013-12-30,48.02,10
2254,2014-01-01,62.22,11
2254,2014-01-09,50.78,12
2254,2014-01-10,65.71,13
2254,2014-01-17,69.83,14
2254,2014-01-28,47.69,15
2254,2014-02-04,74.88,16
2254,2014-02-26,57.83,17
2254,2014-04-03,77.93,18
2254,2014-04-26,81.88,19
2254,2014-07-02,72.4,20
10281,2014-02-07,45.91,1
10281,2014-03-21,48.29,2
10281,2014-03-22,22.43,3
10281,2014-04-09,23.96,4
10281,2014-04-25,22.47,5
10281,2014-05-10,50.44,6
10281,2014-05-30,41.64,7
10281,2014-06-04,28.21,8
10281,2014-06-22,26.9,9
10281,2014-07-07,28.09,10
10281,2014-07-21,22.74,11
10281,2014-08-07,33.84,12
10281,2014-08-13,42.64,13
10281,2014-08-16,23.95,14
10281,2014-08-23,22.47,15
10281,2014-09-02,34.85,16
10281,2014-09-24,29.16,17
6958,2013-07-05,4.45,1
6958,2014-03-05,3.4,2
6958,2014-03-22,5.16,3
6958,2014-08-24,4.99,4
954,2014-03-27,12.93,1
954,2014-06-02,9.68,2
954,2014-06-24,9.61,3
954,2014-07-03,14.42,4
954,2014-07-13,12.33,5
954,2014-07-20,12.04,6
5079,2013-03-03,21.09,1
5079,2013-09-05,11.66,2
5079,2013-09-11,15.24,3
5079,2013-10-30,10.25,4
5079,2014-06-08,13.83,5
5079,2014-07-15,15.94,6
10339,2013-06-23,19.55,1
10339,2013-07-30,27.5,2
10339,2013-12-08,28.4,3
10339,2013-12-11,20.07,4
10339,2014-03-06,19.18,5
10339,2014-03-19,19.12,6
10339,2014-04-01,13.85,7
10339,2014-05-05,21.4,8
10339,2014-07-14,13.92,9
4643,2012-11-06,21.15,1
4643,2013-06-08,16.74,2
4643,2013-06-15,15.11,3
4643,2013-07-06,21.36,4
4643,2013-12-18,20.91,5
4643,2014-03-19,14.13,6
4643,2014-08-26,17.61,7
3117,2013-10-18,30.49,1
3117,2013-12-06,33.73,2
3117,2014-01-12,24.22,3
3117,2014-01-19,26.17,4
3117,2014-02-09,37.93,5
3117,2014-02-19,19.39,6
3117,2014-03-06,24.75,7
3117,2014-03-15,24.06,8
3117,2014-04-02,19.2,9
3117,2014-04-12,25.39,10
3117,2014-05-04,15.41,11
3117,2014-07-02,22.24,12
6497,2012-11-07,21.62,1
6497,2012-11-24,19.23,2
6497,2012-12-16,27.97,3
6497,2013-01-07,28.89,4
6497,2013-02-18,43.96,5
6497,2013-04-20,27.96,6
6497,2013-04-26,24.93,7
6497,2013-11-04,35.92,8
6497,2013-11-16,17.14,9
6497,2014-02-05,22.78,10
6497,2014-02-19,24.31,11
6497,2014-02-28,22.86,12
6497,2014-09-03,23.41,13
5250,2013-10-30,66.36,1
5250,2013-12-07,36.2,2
5250,2013-12-14,70.76,3
5250,2013-12-25,58.31,4
5250,2013-12-31,63.65,5
5250,2014-01-13,75.05,6
5250,2014-01-27,58.96,7
5250,2014-03-07,66.11,8
5250,2014-03-21,96.27,9
5250,2014-03-28,49.19,10
5250,2014-04-18,75.63,11
5250,2014-04-19,68.57,12
5250,2014-04-28,74.81,13
5250,2014-05-05,55.27,14
5250,2014-05-06,52.44,15
5250,2014-05-20,70.0,16
5250,2014-06-02,84.7,17
5250,2014-06-03,78.84,18
5250,2014-06-08,76.04,19
5250,2014-06-24,62.23,20
5250,2014-07-22,98.62,21
2802,2012-12-15,33.29,1
2802,2013-02-06,38.62,2
2802,2013-02-09,73.11,3
2802,2013-02-22,62.64,4
2802,2013-04-05,91.85,5
2802,2013-04-18,41.51,6
2802,2013-04-30,56.55,7
2802,2013-05-04,58.83,8
2802,2013-06-14,35.67,9
2802,2013-11-04,54.18,10
2802,2014-02-14,102.35,11
2802,2014-03-04,40.94,12
2802,2014-04-02,56.52,13
2802,2014-04-03,47.93,14
2802,2014-05-16,49.07,15
2802,2014-05-25,44.97,16
2802,2014-08-05,23.96,17
6343,2014-03-31,55.59,1
6343,2014-04-09,114.14,2
6343,2014-05-14,48.64,3
6343,2014-05-17,56.97,4
6343,2014-05-30,59.75,5
6343,2014-06-02,76.6,6
6343,2014-06-25,56.1,7
6343,2014-07-12,64.23,8
6343,2014-07-12,92.68,9
6343,2014-07-13,56.47,10
6343,2014-07-16,82.94,11
6343,2014-07-18,45.24,12
6343,2014-07-25,62.96,13
6343,2014-08-08,60.34,14
6343,2014-08-10,59.51,15
6343,2014-08-12,72.88,16
6343,2014-08-14,52.76,17
6343,2014-08-17,75.04,18
6343,2014-08-19,72.31,19
6343,2014-08-23,70.77,20
6343,2014-09-03,67.89,21
6343,2014-09-29,71.15,22
6507,2013-10-04,11.3,1
6507,2014-03-21,5.42,2
6507,2014-04-23,5.22,3
6507,2014-05-09,5.91,4
6507,2014-05-31,5.14,5
6507,2014-09-19,11.01,6
7901,2013-11-06,6.37,1
7901,2014-07-20,6.14,2
7901,2014-08-27,5.49,3
4865,2013-08-31,17.62,1
4865,2013-09-30,30.14,2
4865,2013-10-14,33.95,3
4865,2013-11-15,19.93,4
4865,2014-01-02,43.6,5
4865,2014-01-17,28.71,6
4865,2014-02-21,20.19,7
4865,2014-03-17,24.08,8
4865,2014-04-09,21.41,9
4865,2014-05-14,33.19,10
4865,2014-05-26,28.68,11
4865,2014-06-09,28.2,12
4865,2014-07-27,21.62,13
4865,2014-10-03,37.68,14
2686,2013-10-21,9.48,1
2686,2014-06-02,6.19,2
2686,2014-08-17,5.32,3
3107,2014-05-02,26.04,1
3107,2014-05-23,15.56,2
3107,2014-07-06,25.98,3
3107,2014-07-06,23.55,4
3107,2014-07-09,23.96,5
3107,2014-07-19,31.38,6
3107,2014-07-28,34.39,7
3107,2014-07-31,24.46,8
3107,2014-08-03,29.28,9
3107,2014-08-16,26.11,10
3107,2014-08-23,24.42,11
3107,2014-09-04,22.87,12
7734,2012-12-19,42.66,1
7734,2012-12-27,37.05,2
7734,2012-12-28,51.04,3
7734,2013-01-07,27.91,4
7734,2013-03-11,41.6,5
7734,2013-03-19,48.97,6
7734,2013-04-16,30.86,7
7734,2013-05-12,51.91,8
7734,2013-06-02,56.53,9
7734,2013-06-28,55.68,10
7734,2013-08-07,82.64,11
7734,2013-08-11,64.61,12
7734,2013-10-27,56.81,13
7734,2013-11-30,42.49,14
7734,2014-01-04,32.36,15
7734,2014-01-23,46.18,16
7734,2014-03-02,54.38,17
7734,2014-04-24,37.51,18
7734,2014-05-04,41.83,19
7734,2014-06-07,40.01,20
7734,2014-08-08,27.96,21
11031,2013-05-21,10.06,1
11031,2013-12-23,12.14,2
11031,2014-03-06,9.59,3
11031,2014-07-07,7.21,4
7428,2013-09-30,76.22,1
7428,2013-10-13,57.28,2
7428,2013-10-27,33.03,3
7428,2013-11-01,106.2,4
7428,2013-12-14,109.66,5
7428,2014-01-15,55.91,6
7428,2014-03-15,74.89,7
7428,2014-04-01,54.93,8
7428,2014-04-23,34.63,9
7428,2014-04-28,69.62,10
7428,2014-05-16,66.46,11
7428,2014-07-07,63.86,12
7428,2014-07-15,98.63,13
7428,2014-07-17,79.45,14
7428,2014-07-27,46.78,15
7428,2014-08-05,112.82,16
7428,2014-08-07,64.52,17
7428,2014-08-19,54.12,18
975,2013-05-28,33.84,1
975,2013-06-20,20.61,2
975,2013-08-10,27.54,3
975,2013-10-02,19.83,4
975,2013-11-13,14.98,5
975,2014-02-20,18.11,6
975,2014-03-09,18.14,7
975,2014-05-19,18.37,8
975,2014-06-21,19.26,9
975,2014-09-10,29.32,10
1103,2012-10-06,93.62,1
1103,2012-10-31,105.13,2
1103,2012-11-17,92.98,3
1103,2013-03-10,88.96,4
1103,2013-03-21,58.05,5
1103,2013-03-31,79.71,6
1103,2013-04-01,101.71,7
1103,2013-05-13,101.99,8
1103,2013-05-15,99.91,9
1103,2013-05-28,86.59,10
1103,2013-06-01,132.59,11
1103,2013-07-31,144.18,12
1103,2013-08-15,102.85,13
1103,2013-09-24,107.02,14
1103,2013-11-28,100.66,15
1103,2013-12-16,130.09,16
1103,2014-02-28,89.14,17
1103,2014-08-06,152.83,18
3422,2012-11-29,91.68,1
3422,2013-01-27,185.65,2
3422,2013-02-04,203.79,3
3422,2013-04-22,135.21,4
3422,2013-06-23,142.9,5
3422,2013-12-05,143.74,6
3422,2014-06-23,155.78,7
3422,2014-07-21,127.38,8
3422,2014-07-30,113.86,9
1055,2014-03-20,8.64,1
1055,2014-05-25,9.21,2
1055,2014-06-08,12.68,3
1055,2014-08-26,8.47,4
1241,2012-10-29,9.29,1
1241,2013-11-15,7.97,2
1241,2014-08-08,8.29,3
1241,2014-10-04,9.45,4
2909,2014-02-19,84.48,1
2909,2014-02-27,74.92,2
2909,2014-03-08,72.21,3
2909,2014-03-09,57.51,4
2909,2014-04-20,63.8,5
2909,2014-04-28,77.62,6
2909,2014-05-03,65.29,7
2909,2014-05-03,81.16,8
2909,2014-05-14,49.41,9
2909,2014-05-20,50.1,10
2909,2014-05-24,65.44,11
2909,2014-05-25,77.45,12
2909,2014-05-30,88.78,13
2909,2014-06-05,68.8,14
2909,2014-06-12,72.56,15
2909,2014-06-17,43.7,16
2909,2014-06-23,72.0,17
2909,2014-07-08,62.77,18
5802,2013-02-28,5.41,1
5802,2013-05-01,9.11,2
5802,2013-06-12,9.84,3
5802,2013-06-23,10.25,4
5802,2013-07-12,7.59,5
5802,2014-08-26,5.79,6
340,2012-12-15,20.67,1
340,2013-02-06,17.13,2
340,2013-02-07,14.87,3
340,2013-04-06,15.41,4
340,2013-04-10,37.2,5
340,2013-06-05,17.55,6
340,2013-08-24,30.98,7
340,2013-09-26,35.05,8
340,2013-10-03,28.48,9
340,2013-10-24,14.21,10
340,2013-11-13,11.0,11
340,2013-12-13,24.09,12
340,2014-03-06,27.12,13
340,2014-03-27,14.8,14
340,2014-07-14,19.56,15
340,2014-07-27,27.33,16
340,2014-10-04,16.54,17
5991,2013-06-08,15.18,1
5991,2013-07-02,22.12,2
5991,2013-10-03,28.48,3
5991,2014-03-18,29.18,4
5991,2014-03-26,24.2,5
5991,2014-04-10,20.3,6
5991,2014-05-22,17.14,7
5991,2014-07-08,15.5,8
5991,2014-07-13,15.31,9
5991,2014-09-11,31.6,10
3104,2012-10-20,110.37,1
3104,2012-10-25,74.27,2
3104,2012-10-29,104.07,3
3104,2012-12-02,153.77,4
3104,2013-01-03,116.65,5
3104,2013-01-26,64.53,6
3104,2013-07-29,80.29,7
3104,2013-08-31,96.88,8
3104,2013-10-13,121.0,9
3104,2013-11-03,138.36,10
3104,2013-11-18,113.1,11
3104,2013-11-28,121.72,12
3104,2014-02-09,78.66,13
3104,2014-02-14,83.79,14
3104,2014-02-17,72.96,15
3104,2014-03-19,90.44,16
3104,2014-03-27,81.76,17
3104,2014-04-10,93.71,18
3104,2014-05-20,75.16,19
3104,2014-07-08,115.5,20
9729,2013-06-02,24.65,1
9729,2013-07-12,25.2,2
9729,2013-07-14,37.3,3
9729,2013-08-12,53.94,4
9729,2013-08-27,33.74,5
9729,2013-10-11,43.8,6
9729,2013-10-16,26.24,7
9729,2013-11-13,31.61,8
9729,2013-11-30,29.16,9
9729,2014-01-31,25.52,10
9729,2014-03-01,33.31,11
9729,2014-03-25,35.09,12
9729,2014-03-25,24.54,13
9729,2014-04-14,39.65,14
9729,2014-06-25,32.17,15
9729,2014-07-07,22.96,16
9729,2014-08-18,32.12,17
1008,2012-12-21,26.74,1
1008,2013-01-03,31.37,2
1008,2013-02-04,28.17,3
1008,2013-02-08,43.24,4
1008,2013-02-11,44.69,5
1008,2013-02-28,36.58,6
1008,2013-03-02,25.92,7
1008,2013-03-06,44.53,8
1008,2013-04-11,47.72,9
1008,2013-04-12,52.64,10
1008,2013-05-31,34.31,11
1008,2013-06-27,67.1,12
1008,2013-07-07,49.44,13
1008,2013-08-02,29.36,14
1008,2013-08-19,43.01,15
1008,2013-10-24,32.89,16
1008,2013-11-18,45.15,17
1008,2014-03-07,49.79,18
1008,2014-03-19,27.52,19
1008,2014-05-06,50.39,20
1008,2014-06-12,38.01,21
1008,2014-07-02,23.23,22
1008,2014-09-04,25.2,23
11091,2014-05-16,5.72,1
11091,2014-07-15,4.71,2
11091,2014-07-23,6.21,3
11091,2014-07-29,3.35,4
3969,2013-11-01,11.25,1
3969,2014-01-08,18.87,2
3969,2014-03-06,8.87,3
3969,2014-03-07,8.95,4
3969,2014-03-12,8.71,5
3969,2014-08-20,12.35,6
1916,2013-07-24,31.16,1
1916,2013-08-16,24.99,2
1916,2013-09-13,36.16,3
1916,2013-12-03,18.13,4
1916,2014-01-01,24.38,5
1916,2014-01-17,32.4,6
1916,2014-01-28,28.88,7
1916,2014-02-03,32.6,8
1916,2014-02-06,23.78,9
1916,2014-04-18,22.75,10
1916,2014-06-09,18.91,11
1916,2014-06-19,28.89,12
1916,2014-06-22,26.11,13
1916,2014-07-05,44.86,14
9907,2013-12-04,53.68,1
9907,2013-12-25,25.95,2
9907,2013-12-30,36.86,3
9907,2014-01-03,46.56,4
9907,2014-01-04,39.21,5
9907,2014-02-04,24.31,6
9907,2014-02-08,43.02,7
9907,2014-02-15,32.34,8
9907,2014-02-16,35.25,9
9907,2014-03-01,48.02,10
9907,2014-03-19,40.14,11
9907,2014-03-26,34.36,12
9907,2014-04-15,34.11,13
9907,2014-04-15,41.02,14
9907,2014-04-20,28.05,15
9907,2014-05-13,35.88,16
9907,2014-06-06,48.83,17
9907,2014-06-13,39.34,18
9907,2014-06-18,48.73,19
9907,2014-06-23,52.15,20
9907,2014-06-30,40.6,21
9907,2014-07-07,45.05,22
9907,2014-07-12,42.26,23
9907,2014-07-17,40.26,24
87,2013-08-26,9.59,1
87,2013-10-30,6.24,2
87,2013-12-21,7.18,3
87,2014-05-20,5.85,4
87,2014-09-19,11.14,5
8659,2014-01-21,36.68,1
8659,2014-02-25,38.23,2
8659,2014-03-03,33.58,3
8659,2014-03-13,51.46,4
8659,2014-03-21,41.35,5
8659,2014-03-23,35.08,6
8659,2014-04-05,32.98,7
8659,2014-04-05,31.9,8
8659,2014-04-06,34.06,9
8659,2014-04-25,33.08,10
8659,2014-04-27,37.06,11
8659,2014-05-02,31.29,12
8659,2014-05-18,48.55,13
8659,2014-06-09,31.62,14
8659,2014-06-10,32.62,15
8659,2014-06-16,28.95,16
8659,2014-06-24,19.93,17
8659,2014-06-26,89.4,18
8659,2014-06-28,45.23,19
8659,2014-06-30,55.36,20
8659,2014-07-05,33.18,21
8659,2014-07-07,54.32,22
8659,2014-07-08,29.26,23
8659,2014-07-15,41.22,24
8659,2014-08-16,71.6,25
6262,2013-04-10,65.19,1
6262,2013-04-22,44.38,2
6262,2013-04-25,88.77,3
6262,2013-06-03,66.2,4
6262,2013-07-06,94.06,5
6262,2013-07-28,66.17,6
6262,2013-09-04,51.92,7
6262,2013-09-24,85.63,8
6262,2013-11-09,88.33,9
6262,2013-11-24,72.74,10
6262,2013-11-27,93.81,11
6262,2014-01-10,65.74,12
6262,2014-01-18,63.1,13
6262,2014-01-28,65.91,14
6262,2014-02-13,64.85,15
6262,2014-03-19,75.89,16
6262,2014-04-24,67.67,17
6262,2014-05-14,34.54,18
6262,2014-06-01,61.49,19
6262,2014-06-07,45.85,20
6262,2014-07-04,56.75,21
6147,2012-10-18,5.69,1
6147,2013-01-17,8.28,2
6147,2014-08-15,5.03,3
8832,2012-10-29,13.12,1
8832,2012-12-25,14.43,2
8832,2013-01-28,23.44,3
8832,2013-05-04,14.36,4
8832,2013-06-02,12.12,5
8832,2013-08-09,21.55,6
8832,2014-09-11,18.97,7
10067,2013-08-10,2.6,1
10067,2013-11-27,3.48,2
10067,2014-07-18,1.92,3
7532,2012-10-14,15.09,1
7532,2012-12-05,19.22,2
7532,2012-12-22,16.86,3
7532,2013-02-23,12.95,4
7532,2013-05-09,18.56,5
7532,2013-05-21,14.35,6
7532,2014-09-09,18.98,7
4915,2012-10-12,16.28,1
4915,2012-11-02,36.36,2
4915,2012-11-28,29.64,3
4915,2012-12-14,36.35,4
4915,2013-03-10,19.95,5
4915,2013-04-10,27.86,6
4915,2013-07-12,37.26,7
4915,2013-08-03,19.71,8
4915,2013-10-11,29.19,9
4915,2013-10-14,28.8,10
4915,2013-11-15,16.98,11
4915,2013-11-16,43.12,12
4915,2013-12-13,18.71,13
4915,2013-12-28,19.47,14
4915,2014-01-21,22.54,15
4915,2014-02-26,26.19,16
4915,2014-05-18,16.96,17
4915,2014-06-08,28.85,18
4915,2014-07-11,28.79,19
2115,2014-06-20,7.16,1
2115,2014-07-28,15.8,2
2115,2014-07-28,10.28,3
2115,2014-07-28,15.08,4
2115,2014-07-29,15.69,5
6292,2013-03-30,79.21,1
6292,2013-04-08,90.69,2
6292,2013-04-29,157.23,3
6292,2013-06-10,107.63,4
6292,2013-06-12,110.5,5
6292,2013-06-28,114.41,6
6292,2013-09-02,75.02,7
6292,2013-09-06,93.24,8
6292,2013-11-23,84.39,9
6292,2013-12-05,84.84,10
6292,2013-12-29,107.91,11
6292,2014-01-28,101.18,12
6292,2014-03-24,93.74,13
6292,2014-05-16,124.9,14
6292,2014-05-26,128.48,15
6292,2014-06-06,120.95,16
6292,2014-08-06,130.69,17
1631,2012-10-15,88.36,1
1631,2012-10-31,74.56,2
1631,2012-12-12,82.76,3
1631,2013-01-05,51.15,4
1631,2013-03-03,80.27,5
1631,2013-04-03,63.66,6
1631,2013-04-18,67.77,7
1631,2013-04-20,67.28,8
1631,2013-05-12,81.78,9
1631,2013-08-07,75.29,10
1631,2013-08-20,70.05,11
1631,2013-09-02,67.61,12
1631,2013-11-30,56.44,13
1631,2013-12-16,36.31,14
1631,2014-01-11,41.36,15
1631,2014-02-01,59.52,16
1631,2014-04-10,66.01,17
1631,2014-07-02,47.78,18
1631,2014-10-02,92.03,19
10104,2013-11-03,1.87,1
10104,2014-04-13,2.81,2
10104,2014-08-01,1.32,3
3919,2013-03-11,80.49,1
3919,2013-03-21,76.52,2
3919,2013-04-02,161.8,3
3919,2013-05-09,128.72,4
3919,2013-06-10,53.88,5
3919,2013-06-13,119.26,6
3919,2013-07-04,90.48,7
3919,2013-09-14,73.87,8
3919,2013-09-22,102.96,9
3919,2013-10-23,91.56,10
3919,2014-01-25,83.87,11
3919,2014-01-31,120.49,12
3919,2014-03-26,150.22,13
3919,2014-04-05,140.53,14
3919,2014-04-26,107.97,15
3919,2014-05-01,87.16,16
3919,2014-06-20,75.87,17
3919,2014-07-08,98.52,18
3919,2014-08-02,86.82,19
642,2012-11-17,9.9,1
642,2012-12-05,8.38,2
642,2013-05-10,13.29,3
642,2013-09-02,13.98,4
642,2014-07-28,10.45,5
4369,2014-01-10,55.28,1
4369,2014-02-02,67.74,2
4369,2014-02-16,76.55,3
4369,2014-03-13,77.41,4
4369,2014-04-07,53.09,5
4369,2014-04-18,71.33,6
4369,2014-04-30,79.66,7
4369,2014-05-08,74.47,8
4369,2014-05-16,82.11,9
4369,2014-06-06,59.1,10
4369,2014-07-14,98.9,11
4369,2014-07-20,85.63,12
4369,2014-07-25,64.44,13
4369,2014-08-18,60.3,14
10127,2014-04-06,27.31,1
10127,2014-05-12,21.96,2
10127,2014-05-30,21.11,3
10127,2014-06-08,34.32,4
10127,2014-06-24,19.98,5
10127,2014-06-26,18.47,6
10127,2014-07-11,18.86,7
10127,2014-07-22,26.74,8
10127,2014-07-24,50.25,9
10127,2014-08-08,35.95,10
10127,2014-08-11,24.37,11
10127,2014-08-28,22.29,12
10127,2014-09-04,27.5,13
10127,2014-09-14,34.88,14
271,2013-10-02,28.11,1
271,2013-11-19,19.28,2
271,2013-12-11,32.28,3
271,2014-01-04,18.9,4
271,2014-04-06,20.37,5
271,2014-04-27,16.21,6
271,2014-06-12,21.14,7
271,2014-07-24,27.58,8
271,2014-08-27,18.09,9
271,2014-09-05,19.04,10
2948,2014-03-01,22.63,1
2948,2014-03-23,19.1,2
2948,2014-04-30,18.53,3
2948,2014-05-12,15.56,4
2948,2014-05-27,19.17,5
2948,2014-06-02,29.58,6
2948,2014-07-07,18.41,7
2948,2014-07-08,21.76,8
2948,2014-07-21,15.26,9
2715,2013-03-05,13.46,1
2715,2013-04-30,9.57,2
2715,2013-06-11,18.83,3
2715,2013-06-22,13.61,4
2715,2013-11-23,19.48,5
2715,2014-03-25,22.83,6
2715,2014-09-24,18.22,7
10432,2014-01-30,4.1,1
10432,2014-05-06,3.09,2
10432,2014-05-31,5.98,3
10432,2014-09-09,6.82,4
9216,2014-01-23,7.35,1
9216,2014-04-05,8.08,2
9216,2014-04-30,7.26,3
9216,2014-06-16,10.15,4
9216,2014-09-01,7.16,5
7124,2013-02-01,10.45,1
7124,2013-06-09,5.72,2
7124,2013-11-26,16.18,3
7124,2013-12-29,6.95,4
7124,2014-01-11,9.71,5
7124,2014-03-06,7.91,6
7124,2014-07-25,10.09,7
9727,2014-02-28,8.69,1
9727,2014-05-01,8.52,2
9727,2014-07-08,10.86,3
9727,2014-07-09,8.71,4
9727,2014-07-13,6.51,5
9727,2014-09-22,12.71,6
5136,2014-01-17,38.37,1
5136,2014-02-04,27.62,2
5136,2014-02-05,50.46,3
5136,2014-02-19,55.57,4
5136,2014-04-02,34.54,5
5136,2014-04-02,47.35,6
5136,2014-04-13,29.14,7
5136,2014-04-20,28.34,8
5136,2014-04-20,27.56,9
5136,2014-04-27,42.37,10
5136,2014-05-09,32.63,11
5136,2014-05-18,28.13,12
5136,2014-05-28,43.67,13
5136,2014-06-01,40.04,14
5136,2014-06-07,28.57,15
5136,2014-06-29,34.79,16
5136,2014-07-19,48.41,17
5136,2014-07-20,23.78,18
5136,2014-07-23,42.68,19
5136,2014-08-05,37.53,20
5136,2014-08-08,26.46,21
9790,2013-11-23,69.52,1
9790,2013-12-10,57.83,2
9790,2014-01-07,61.91,3
9790,2014-01-09,107.49,4
9790,2014-02-05,82.02,5
9790,2014-02-12,73.24,6
9790,2014-03-06,53.81,7
9790,2014-03-15,74.46,8
9790,2014-03-22,49.47,9
9790,2014-05-14,74.94,10
9790,2014-06-02,86.32,11
9790,2014-06-06,68.89,12
9790,2014-08-12,62.56,13
9790,2014-08-13,54.6,14
9790,2014-08-13,47.23,15
9790,2014-09-09,83.88,16
9790,2014-09-12,55.48,17
9790,2014-09-23,73.34,18
1818,2014-03-25,9.85,1
1818,2014-06-06,5.74,2
1818,2014-07-08,7.53,3
1818,2014-09-12,10.88,4
1100,2014-03-24,5.26,1
1100,2014-05-30,8.35,2
1100,2014-06-02,9.05,3
1100,2014-06-20,5.5,4
1100,2014-07-07,8.03,5
1100,2014-07-08,8.09,6
1100,2014-09-02,7.72,7
7873,2013-07-06,17.75,1
7873,2013-08-17,38.15,2
7873,2013-11-13,22.27,3
7873,2013-12-09,36.35,4
7873,2013-12-20,26.46,5
7873,2014-01-15,12.84,6
7873,2014-03-17,15.95,7
7873,2014-03-18,23.6,8
7873,2014-03-20,25.39,9
7873,2014-03-22,20.0,10
7873,2014-06-29,22.4,11
7873,2014-09-05,33.84,12
10609,2013-10-12,17.15,1
10609,2014-04-06,11.06,2
10609,2014-07-04,9.22,3
10609,2014-08-15,19.8,4
10609,2014-08-29,8.91,5
10609,2014-09-20,21.87,6
6950,2013-12-15,11.79,1
6950,2014-03-21,9.67,2
6950,2014-04-29,12.14,3
6950,2014-05-21,11.66,4
6950,2014-09-10,7.74,5
7233,2012-10-13,103.73,1
7233,2012-10-28,219.05,2
7233,2012-11-17,93.12,3
7233,2012-12-04,92.03,4
7233,2013-03-29,90.97,5
7233,2013-09-07,162.23,6
7233,2013-09-08,151.97,7
7233,2013-12-17,123.72,8
7233,2013-12-22,74.08,9
7233,2014-02-05,93.61,10
7233,2014-02-25,103.7,11
7233,2014-03-09,97.99,12
7233,2014-03-21,89.9,13
7233,2014-10-01,157.9,14
9481,2014-01-28,6.23,1
9481,2014-03-29,6.5,2
9481,2014-05-10,6.26,3
9481,2014-05-15,7.01,4
9481,2014-06-25,9.45,5
9481,2014-07-08,9.58,6
9481,2014-07-17,6.96,7
8933,2014-05-12,11.8,1
8933,2014-07-24,7.05,2
8933,2014-07-25,14.71,3
8933,2014-08-07,8.9,4
8933,2014-08-24,12.83,5
8933,2014-09-19,7.71,6
8726,2014-04-29,20.29,1
8726,2014-06-17,19.68,2
8726,2014-07-05,15.36,3
8726,2014-07-18,24.17,4
8726,2014-07-20,14.34,5
8726,2014-07-22,18.01,6
8726,2014-08-08,18.26,7
8726,2014-08-09,18.88,8
1515,2014-01-22,5.05,1
1515,2014-04-02,8.82,2
1515,2014-07-17,7.14,3
1515,2014-09-26,4.98,4
5186,2014-03-12,40.31,1
5186,2014-04-06,29.99,2
5186,2014-04-28,37.33,3
5186,2014-05-02,32.71,4
5186,2014-05-13,37.17,5
5186,2014-05-15,45.63,6
5186,2014-05-16,33.38,7
5186,2014-06-11,33.2,8
5186,2014-07-01,38.8,9
5186,2014-07-02,48.04,10
5186,2014-07-07,35.09,11
5186,2014-07-17,30.35,12
5186,2014-07-19,42.98,13
5186,2014-07-19,32.96,14
5186,2014-07-20,19.98,15
5186,2014-07-20,33.94,16
5186,2014-07-26,38.08,17
5186,2014-07-27,43.21,18
5186,2014-07-30,43.01,19
5186,2014-08-07,27.84,20
10157,2014-01-25,23.0,1
10157,2014-03-09,23.51,2
10157,2014-03-31,24.58,3
10157,2014-04-06,20.5,4
10157,2014-05-20,23.71,5
10157,2014-05-22,21.07,6
10157,2014-05-24,29.2,7
10157,2014-06-12,26.07,8
10157,2014-06-18,32.54,9
10157,2014-06-26,19.95,10
10157,2014-07-19,24.87,11
5667,2012-10-11,71.11,1
5667,2012-10-18,88.85,2
5667,2012-10-28,65.06,3
5667,2012-10-30,84.68,4
5667,2012-11-30,51.02,5
5667,2013-01-07,51.26,6
5667,2013-01-08,76.53,7
5667,2013-04-23,61.93,8
5667,2013-05-06,93.62,9
5667,2013-05-30,78.22,10
5667,2013-07-02,54.05,11
5667,2013-07-04,39.63,12
5667,2013-07-15,71.28,13
5667,2013-08-03,67.49,14
5667,2013-09-11,65.36,15
5667,2013-11-02,72.6,16
5667,2013-11-09,64.71,17
5667,2013-11-19,86.63,18
5667,2013-12-23,48.57,19
5667,2014-03-13,70.91,20
5667,2014-04-26,57.31,21
5667,2014-05-31,70.77,22
5667,2014-07-07,56.41,23
902,2014-03-04,25.31,1
902,2014-05-02,22.5,2
902,2014-05-09,21.02,3
902,2014-05-11,26.9,4
902,2014-05-11,21.38,5
902,2014-05-25,22.61,6
902,2014-05-30,29.51,7
902,2014-06-04,26.46,8
902,2014-06-12,24.47,9
902,2014-06-20,23.73,10
902,2014-06-20,23.97,11
902,2014-07-23,32.14,12
977,2013-08-01,22.48,1
977,2013-08-04,42.1,2
977,2013-09-13,24.4,3
977,2013-10-13,22.11,4
977,2013-11-16,26.05,5
977,2013-12-23,24.05,6
977,2014-01-11,20.28,7
977,2014-01-28,22.78,8
977,2014-02-27,38.23,9
977,2014-03-24,34.15,10
977,2014-04-25,23.66,11
977,2014-06-04,35.68,12
977,2014-07-08,33.26,13
977,2014-09-25,25.75,14
7313,2013-06-03,55.91,1
7313,2013-06-20,73.53,2
7313,2013-07-11,59.66,3
7313,2013-07-16,61.66,4
7313,2013-08-19,76.53,5
7313,2013-09-16,62.95,6
7313,2013-12-02,61.43,7
7313,2014-01-17,71.39,8
7313,2014-01-23,63.34,9
7313,2014-02-09,37.71,10
7313,2014-02-13,64.89,11
7313,2014-03-05,80.48,12
7313,2014-04-27,63.12,13
7313,2014-05-10,63.89,14
7313,2014-05-13,52.61,15
7313,2014-05-27,49.81,16
7313,2014-06-04,111.29,17
7313,2014-06-21,101.49,18
7313,2014-06-24,63.83,19
7313,2014-07-16,68.66,20
7313,2014-07-23,74.87,21
7313,2014-08-03,72.97,22
7600,2013-10-28,3.29,1
7600,2014-03-07,4.0,2
7600,2014-05-26,5.16,3
7600,2014-09-22,3.56,4
9706,2013-06-24,20.08,1
9706,2013-09-10,14.09,2
9706,2013-10-18,11.06,3
9706,2014-01-02,17.96,4
9706,2014-04-10,13.81,5
9706,2014-06-29,9.99,6
3520,2013-03-27,58.89,1
3520,2013-04-19,81.19,2
3520,2013-05-20,60.01,3
3520,2013-06-29,70.58,4
3520,2013-08-07,110.69,5
3520,2013-09-19,82.23,6
3520,2013-09-27,88.9,7
3520,2013-10-12,53.68,8
3520,2013-10-29,54.65,9
3520,2013-10-30,66.22,10
3520,2014-01-16,65.58,11
3520,2014-01-31,61.61,12
3520,2014-04-26,84.54,13
3520,2014-07-03,97.22,14
10394,2013-12-23,55.23,1
10394,2014-01-14,72.8,2
10394,2014-01-31,61.35,3
10394,2014-03-08,57.71,4
10394,2014-03-31,72.92,5
10394,2014-04-06,85.93,6
10394,2014-04-15,70.18,7
10394,2014-04-21,93.36,8
10394,2014-04-22,71.24,9
10394,2014-05-15,83.85,10
10394,2014-05-27,74.23,11
10394,2014-05-28,67.94,12
10394,2014-05-28,78.44,13
10394,2014-05-30,55.01,14
10394,2014-06-07,68.57,15
10394,2014-06-17,88.07,16
10394,2014-07-06,81.18,17
4548,2013-11-23,10.09,1
4548,2014-02-11,8.16,2
4548,2014-02-20,11.26,3
4548,2014-07-31,9.48,4
9362,2014-03-05,39.89,1
9362,2014-03-22,43.39,2
9362,2014-04-01,17.19,3
9362,2014-05-12,33.01,4
9362,2014-05-12,17.68,5
9362,2014-06-13,47.0,6
9362,2014-06-18,39.66,7
9362,2014-06-18,26.16,8
9362,2014-07-03,30.92,9
9362,2014-07-05,35.77,10
9362,2014-07-09,29.34,11
9362,2014-07-10,31.02,12
9362,2014-07-11,33.99,13
9362,2014-07-19,45.36,14
9362,2014-08-21,25.21,15
9362,2014-08-25,26.66,16
9362,2014-09-21,24.76,17
3968,2013-06-28,44.56,1
3968,2013-07-02,40.34,2
3968,2013-07-29,30.55,3
3968,2013-07-30,33.5,4
3968,2013-08-01,27.25,5
3968,2013-09-25,29.62,6
3968,2013-09-28,60.77,7
3968,2013-10-24,50.08,8
3968,2013-11-09,39.41,9
3968,2013-11-23,45.81,10
3968,2013-12-02,32.97,11
3968,2013-12-18,35.47,12
3968,2013-12-18,17.8,13
3968,2013-12-27,32.53,14
3968,2014-01-14,24.97,15
3968,2014-02-06,38.7,16
3968,2014-02-19,45.64,17
3968,2014-02-21,40.19,18
3968,2014-02-28,66.77,19
3968,2014-04-08,56.77,20
3968,2014-05-04,55.41,21
3968,2014-05-23,46.31,22
3968,2014-05-23,43.92,23
3968,2014-06-11,28.21,24
3968,2014-06-26,61.27,25
3968,2014-07-20,41.18,26
4084,2014-01-17,63.81,1
4084,2014-02-22,31.48,2
4084,2014-02-26,29.41,3
4084,2014-03-11,35.52,4
4084,2014-03-22,34.16,5
4084,2014-04-09,44.9,6
4084,2014-04-17,39.55,7
4084,2014-04-19,42.46,8
4084,2014-04-25,38.22,9
4084,2014-05-03,30.68,10
4084,2014-05-07,30.82,11
4084,2014-06-03,43.61,12
4084,2014-06-12,34.84,13
4084,2014-06-20,46.28,14
4084,2014-07-01,37.09,15
4084,2014-07-09,36.14,16
4084,2014-07-19,41.49,17
4084,2014-07-21,32.15,18
4084,2014-07-26,33.99,19
4084,2014-08-11,38.14,20
4084,2014-08-25,54.27,21
6721,2013-07-29,68.59,1
6721,2013-08-24,77.07,2
6721,2013-09-12,53.87,3
6721,2013-10-16,85.18,4
6721,2014-01-16,69.4,5
6721,2014-01-22,85.91,6
6721,2014-01-29,79.98,7
6721,2014-03-30,70.42,8
6721,2014-04-07,58.27,9
6721,2014-04-12,78.22,10
6721,2014-04-25,47.53,11
6721,2014-05-24,65.04,12
6721,2014-07-13,66.25,13
6721,2014-09-14,59.27,14
2829,2014-03-10,58.88,1
2829,2014-04-13,26.25,2
2829,2014-04-23,30.92,3
2829,2014-04-23,27.27,4
2829,2014-05-24,33.86,5
2829,2014-05-27,51.12,6
2829,2014-05-28,41.52,7
2829,2014-05-29,56.91,8
2829,2014-06-24,28.33,9
2829,2014-06-25,44.55,10
2829,2014-06-25,23.58,11
2829,2014-06-29,46.19,12
2829,2014-07-13,24.3,13
2829,2014-07-14,37.92,14
2829,2014-07-14,33.48,15
2829,2014-07-21,29.24,16
2829,2014-07-24,24.46,17
2829,2014-08-18,33.59,18
2829,2014-08-28,21.59,19
2829,2014-09-10,29.06,20
1772,2013-01-11,158.27,1
1772,2013-02-15,130.45,2
1772,2013-02-26,102.2,3
1772,2013-03-09,132.28,4
1772,2013-06-21,119.2,5
1772,2013-07-15,65.27,6
1772,2013-09-20,127.58,7
1772,2013-12-17,105.92,8
1772,2014-01-14,109.35,9
1772,2014-01-26,108.54,10
1772,2014-02-14,82.42,11
1772,2014-03-22,120.89,12
1772,2014-04-11,94.17,13
1772,2014-04-25,99.62,14
1772,2014-05-16,107.06,15
1772,2014-06-27,111.02,16
1772,2014-08-01,67.72,17
1772,2014-10-03,72.06,18
1544,2012-12-22,108.75,1
1544,2013-01-12,119.54,2
1544,2013-02-02,102.37,3
1544,2013-03-12,112.16,4
1544,2013-03-31,88.63,5
1544,2013-04-22,95.97,6
1544,2013-06-22,143.07,7
1544,2013-08-04,143.25,8
1544,2013-08-26,122.04,9
1544,2013-11-15,103.35,10
1544,2014-05-07,76.31,11
1544,2014-06-03,139.39,12
1544,2014-06-24,128.3,13
1544,2014-06-25,115.24,14
1544,2014-07-15,83.04,15
1544,2014-08-15,108.6,16
4377,2013-01-07,32.01,1
4377,2013-02-12,34.74,2
4377,2013-03-05,26.98,3
4377,2013-05-11,22.6,4
4377,2013-07-02,20.75,5
4377,2013-07-29,29.55,6
4377,2013-10-15,20.2,7
4377,2014-04-25,30.54,8
4377,2014-05-27,22.54,9
4377,2014-06-15,25.64,10
4377,2014-06-17,29.4,11
4377,2014-08-02,30.99,12
4377,2014-09-03,22.05,13
1321,2013-11-04,5.52,1
1321,2014-02-12,8.42,2
1321,2014-04-18,5.83,3
1321,2014-05-23,10.29,4
1321,2014-05-30,8.95,5
1321,2014-08-17,5.0,6
8858,2013-03-07,23.43,1
8858,2013-04-17,36.32,2
8858,2013-05-01,25.91,3
8858,2013-07-16,33.27,4
8858,2013-08-31,30.88,5
8858,2013-09-13,44.24,6
8858,2013-09-17,31.0,7
8858,2013-09-24,33.18,8
8858,2013-10-13,25.09,9
8858,2013-11-05,25.67,10
8858,2013-12-12,39.64,11
8858,2013-12-23,24.23,12
8858,2014-03-20,28.53,13
8858,2014-05-13,34.54,14
8858,2014-06-06,35.58,15
8858,2014-07-10,36.69,16
8858,2014-07-28,28.81,17
11187,2013-05-20,6.39,1
11187,2013-08-10,9.5,2
11187,2013-09-10,10.63,3
11187,2013-12-28,6.09,4
11187,2014-08-01,5.87,5
11187,2014-09-12,7.52,6
8207,2014-03-18,7.86,1
8207,2014-06-07,9.75,2
8207,2014-06-23,10.1,3
8207,2014-09-17,12.29,4
9723,2013-01-10,26.43,1
9723,2013-02-05,37.71,2
9723,2013-02-15,70.06,3
9723,2013-02-22,42.43,4
9723,2013-02-28,28.86,5
9723,2013-04-15,57.91,6
9723,2013-05-04,21.28,7
9723,2013-06-01,44.11,8
9723,2013-06-18,32.54,9
9723,2013-06-22,35.37,10
9723,2013-07-01,27.85,11
9723,2013-07-18,37.29,12
9723,2013-07-27,43.29,13
9723,2013-07-29,38.8,14
9723,2013-10-06,45.71,15
9723,2013-10-09,26.61,16
9723,2013-11-02,35.45,17
9723,2013-12-13,41.26,18
9723,2014-01-22,64.3,19
9723,2014-04-13,44.17,20
9723,2014-05-05,24.46,21
9723,2014-06-01,53.81,22
9723,2014-06-30,39.26,23
9723,2014-09-27,41.03,24
2666,2014-02-06,33.73,1
2666,2014-03-22,38.26,2
2666,2014-03-23,67.42,3
2666,2014-04-03,45.95,4
2666,2014-04-13,48.41,5
2666,2014-04-26,31.56,6
2666,2014-05-09,35.53,7
2666,2014-05-23,36.86,8
2666,2014-05-26,32.62,9
2666,2014-05-31,44.12,10
2666,2014-06-01,39.01,11
2666,2014-06-08,40.31,12
2666,2014-06-08,22.53,13
2666,2014-06-14,32.64,14
2666,2014-06-18,34.5,15
2666,2014-06-30,44.53,16
2666,2014-07-20,33.06,17
2666,2014-07-26,38.39,18
2666,2014-08-03,44.13,19
2666,2014-08-17,27.66,20
2666,2014-09-04,50.78,21
2666,2014-09-14,44.01,22
5721,2014-05-11,80.26,1
5721,2014-05-27,75.23,2
5721,2014-06-14,55.8,3
5721,2014-06-16,77.11,4
5721,2014-07-02,75.9,5
5721,2014-07-10,100.83,6
5721,2014-07-10,87.48,7
5721,2014-07-11,40.84,8
5721,2014-07-15,39.27,9
5721,2014-07-16,67.92,10
5721,2014-07-21,66.33,11
5721,2014-07-21,57.78,12
5721,2014-07-21,82.26,13
5721,2014-07-22,53.08,14
5721,2014-07-23,56.81,15
5721,2014-07-24,73.43,16
5721,2014-07-24,54.63,17
5721,2014-07-29,70.4,18
5721,2014-07-30,78.26,19
5721,2014-07-30,75.19,20
5721,2014-07-30,58.47,21
5721,2014-07-31,65.98,22
5721,2014-08-06,46.75,23
10652,2014-01-10,69.64,1
10652,2014-02-18,87.97,2
10652,2014-02-23,73.79,3
10652,2014-03-11,49.5,4
10652,2014-03-23,66.54,5
10652,2014-04-09,63.11,6
10652,2014-04-24,71.33,7
10652,2014-04-26,119.33,8
10652,2014-05-07,67.11,9
10652,2014-06-19,60.56,10
10652,2014-07-02,74.31,11
10652,2014-08-06,78.74,12
10652,2014-08-06,81.53,13
10652,2014-08-18,42.55,14
1646,2014-03-16,10.12,1
1646,2014-06-12,7.1,2
1646,2014-06-16,5.17,3
1646,2014-06-24,11.53,4
1646,2014-08-30,4.07,5
4418,2013-02-25,67.99,1
4418,2013-03-04,66.46,2
4418,2013-03-13,70.51,3
4418,2013-04-04,45.29,4
4418,2013-04-13,81.17,5
4418,2013-04-28,44.72,6
4418,2013-05-07,59.95,7
4418,2013-05-26,66.89,8
4418,2013-06-01,74.07,9
4418,2013-06-20,90.41,10
4418,2013-06-22,74.56,11
4418,2013-06-28,59.85,12
4418,2013-07-22,120.99,13
4418,2013-07-24,95.54,14
4418,2013-08-07,46.86,15
4418,2013-09-08,69.98,16
4418,2013-09-11,52.4,17
4418,2013-11-28,53.36,18
4418,2013-12-16,81.8,19
4418,2014-01-16,72.37,20
4418,2014-01-17,55.17,21
4418,2014-05-19,59.12,22
4418,2014-06-12,56.27,23
4418,2014-08-30,63.26,24
2656,2013-02-21,5.99,1
2656,2013-08-23,7.65,2
2656,2013-09-26,8.01,3
2656,2014-08-03,13.36,4
7990,2013-10-21,6.37,1
7990,2014-05-23,6.51,2
7990,2014-10-03,4.11,3
7118,2012-10-12,70.66,1
7118,2012-10-30,91.55,2
7118,2012-11-01,92.78,3
7118,2012-11-12,43.53,4
7118,2012-12-14,98.63,5
7118,2012-12-15,52.44,6
7118,2013-02-06,50.09,7
7118,2013-02-09,68.38,8
7118,2013-04-07,69.04,9
7118,2013-04-13,60.98,10
7118,2013-05-27,52.13,11
7118,2013-06-02,51.48,12
7118,2013-06-07,56.07,13
7118,2013-09-14,52.62,14
7118,2013-09-27,74.93,15
7118,2013-10-19,73.22,16
7118,2013-10-31,69.38,17
7118,2014-02-08,100.39,18
7118,2014-02-25,64.37,19
7118,2014-08-05,61.31,20
2980,2013-03-22,8.06,1
2980,2013-08-09,3.97,2
2980,2013-08-17,4.72,3
2980,2014-04-02,4.34,4
2980,2014-04-29,5.22,5
2980,2014-08-14,4.68,6
1839,2014-04-21,18.66,1
1839,2014-07-01,21.41,2
1839,2014-07-12,19.12,3
1839,2014-07-21,24.12,4
1839,2014-07-21,9.98,5
1839,2014-07-24,14.36,6
1839,2014-09-10,15.35,7
10722,2013-08-21,17.93,1
10722,2013-09-30,28.73,2
10722,2013-10-02,33.92,3
10722,2013-11-24,20.89,4
10722,2014-01-05,27.22,5
10722,2014-01-19,53.21,6
10722,2014-01-30,36.81,7
10722,2014-02-05,21.82,8
10722,2014-02-05,40.49,9
10722,2014-02-07,22.8,10
10722,2014-03-15,23.79,11
10722,2014-05-14,26.45,12
10722,2014-06-11,44.73,13
10722,2014-07-01,18.66,14
10722,2014-08-03,22.55,15
2632,2013-06-18,31.28,1
2632,2013-07-15,27.54,2
2632,2013-07-30,21.38,3
2632,2013-10-09,18.97,4
2632,2013-11-12,27.89,5
2632,2014-02-09,20.1,6
2632,2014-03-20,30.52,7
2632,2014-03-31,26.45,8
2632,2014-04-15,26.64,9
2632,2014-04-16,41.42,10
2632,2014-05-29,31.84,11
2632,2014-06-05,15.05,12
2632,2014-09-25,28.92,13
9014,2014-06-26,10.85,1
9014,2014-07-31,8.8,2
9014,2014-07-31,9.83,3
9014,2014-07-31,9.12,4
9014,2014-07-31,9.29,5
9014,2014-08-01,10.1,6
7620,2013-08-05,11.96,1
7620,2013-10-24,9.6,2
7620,2014-01-22,11.14,3
7620,2014-02-09,8.88,4
7620,2014-03-05,10.97,5
7620,2014-07-26,8.45,6
10968,2012-11-23,22.78,1
10968,2012-12-12,22.86,2
10968,2012-12-18,31.96,3
10968,2013-01-09,29.97,4
10968,2013-02-27,27.13,5
10968,2013-03-24,34.25,6
10968,2013-04-05,21.11,7
10968,2013-04-14,41.01,8
10968,2013-06-17,28.41,9
10968,2013-08-19,28.93,10
10968,2013-10-23,29.55,11
10968,2014-01-30,28.82,12
10968,2014-02-26,36.32,13
10968,2014-04-04,38.5,14
10968,2014-04-22,33.63,15
10968,2014-05-07,44.0,16
10968,2014-05-18,21.26,17
10968,2014-06-14,29.3,18
10968,2014-07-04,29.46,19
10968,2014-07-07,21.53,20
10968,2014-08-22,26.38,21
10968,2014-10-05,32.83,22
2736,2013-01-02,38.4,1
2736,2013-01-16,55.17,2
2736,2013-02-21,32.88,3
2736,2013-03-02,36.6,4
2736,2013-03-03,46.35,5
2736,2013-03-16,31.1,6
2736,2013-04-02,24.26,7
2736,2013-05-03,33.84,8
2736,2013-05-24,40.51,9
2736,2013-05-29,23.07,10
2736,2013-07-02,37.38,11
2736,2013-08-06,42.37,12
2736,2013-08-15,32.24,13
2736,2013-09-25,54.66,14
2736,2014-01-11,41.59,15
2736,2014-01-13,49.17,16
2736,2014-04-01,43.25,17
2736,2014-04-04,30.1,18
2736,2014-04-26,21.8,19
2736,2014-05-25,36.63,20
2736,2014-07-09,43.63,21
5959,2012-10-15,28.13,1
5959,2012-12-09,20.17,2
5959,2013-06-10,20.93,3
5959,2013-08-04,10.42,4
5959,2014-02-04,19.46,5
5959,2014-02-18,15.8,6
5959,2014-02-21,22.33,7
5959,2014-02-24,22.84,8
5959,2014-07-17,20.93,9
1092,2012-12-13,79.35,1
1092,2013-02-10,73.32,2
1092,2013-03-02,84.15,3
1092,2013-03-13,61.79,4
1092,2013-03-16,41.71,5
1092,2013-03-31,28.48,6
1092,2013-04-01,65.77,7
1092,2013-04-06,64.45,8
1092,2013-04-28,92.65,9
1092,2013-11-12,48.83,10
1092,2013-11-28,79.23,11
1092,2013-11-30,65.06,12
1092,2013-12-27,66.65,13
1092,2014-03-06,96.83,14
1092,2014-06-08,89.51,15
1092,2014-09-18,80.22,16
4333,2014-03-23,7.12,1
4333,2014-06-01,8.49,2
4333,2014-06-09,7.84,3
4333,2014-06-12,11.82,4
4333,2014-07-02,9.02,5
4333,2014-07-21,6.7,6
3850,2012-12-07,8.63,1
3850,2013-04-02,7.36,2
3850,2013-08-04,7.58,3
3850,2014-08-14,4.42,4
6168,2013-07-15,7.97,1
6168,2013-10-10,11.37,2
6168,2014-03-05,7.19,3
6168,2014-09-07,11.48,4
607,2013-02-13,43.5,1
607,2013-03-22,20.84,2
607,2013-03-28,28.29,3
607,2013-04-29,25.41,4
607,2013-04-30,26.84,5
607,2013-07-17,29.25,6
607,2013-07-25,27.27,7
607,2013-08-20,28.8,8
607,2013-10-20,32.8,9
607,2013-10-20,40.73,10
607,2013-12-27,33.17,11
607,2014-01-18,40.1,12
607,2014-01-21,27.24,13
607,2014-05-28,25.24,14
607,2014-06-19,32.97,15
607,2014-09-04,31.56,16
10469,2014-02-05,71.43,1
10469,2014-02-23,180.64,2
10469,2014-04-01,74.76,3
10469,2014-04-15,106.73,4
10469,2014-04-16,116.06,5
10469,2014-05-03,83.46,6
10469,2014-05-13,112.3,7
10469,2014-05-14,77.64,8
10469,2014-05-15,75.57,9
10469,2014-05-18,72.31,10
10469,2014-05-21,90.4,11
10469,2014-05-26,64.4,12
10469,2014-06-03,63.72,13
10469,2014-07-01,83.34,14
10469,2014-07-06,98.99,15
10469,2014-07-16,136.22,16
10469,2014-08-24,62.04,17
6983,2014-05-01,7.48,1
6983,2014-07-15,7.31,2
6983,2014-08-23,7.35,3
6983,2014-08-27,13.68,4
6983,2014-09-11,9.19,5
3661,2012-10-12,39.35,1
3661,2012-11-24,91.23,2
3661,2012-11-30,86.85,3
3661,2012-12-04,82.77,4
3661,2012-12-13,91.96,5
3661,2013-01-30,73.8,6
3661,2013-04-04,94.59,7
3661,2013-04-16,77.45,8
3661,2013-05-16,77.3,9
3661,2014-01-24,57.19,10
3661,2014-01-28,72.12,11
3661,2014-03-13,91.07,12
3661,2014-03-26,82.83,13
3661,2014-05-21,45.42,14
3661,2014-07-08,85.78,15
3661,2014-07-18,68.45,16
3661,2014-08-06,95.0,17
3661,2014-08-24,89.84,18
9303,2014-09-23,27.0,1
692,2012-12-20,3.31,1
692,2013-03-23,4.92,2
692,2014-07-09,2.77,3
9246,2012-10-14,25.22,1
9246,2012-11-23,26.29,2
9246,2012-12-12,25.91,3
9246,2012-12-14,26.39,4
9246,2013-01-07,32.86,5
9246,2013-01-25,24.9,6
9246,2013-05-20,30.03,7
9246,2013-07-01,29.47,8
9246,2013-11-20,22.69,9
9246,2014-02-20,25.27,10
9246,2014-03-09,23.66,11
9246,2014-03-29,42.03,12
9246,2014-07-24,18.28,13
6261,2013-11-26,28.19,1
6261,2013-12-11,22.55,2
6261,2013-12-11,24.32,3
6261,2014-01-31,31.55,4
6261,2014-02-09,29.89,5
6261,2014-03-21,32.05,6
6261,2014-03-28,31.8,7
6261,2014-04-02,46.18,8
6261,2014-04-17,21.59,9
6261,2014-04-21,24.26,10
6261,2014-05-07,19.35,11
6261,2014-05-20,36.47,12
6261,2014-05-22,39.97,13
6261,2014-06-04,25.94,14
6261,2014-07-16,33.87,15
10659,2013-05-07,4.74,1
10659,2013-10-11,4.67,2
10659,2013-11-08,6.02,3
10659,2013-11-21,3.96,4
10659,2014-01-19,3.69,5
10659,2014-02-25,5.18,6
10659,2014-09-28,3.73,7
1448,2014-06-25,6.46,1
1448,2014-08-26,6.62,2
1448,2014-08-26,6.32,3
1448,2014-08-30,10.43,4
1448,2014-09-01,9.25,5
1448,2014-09-02,8.91,6
4286,2014-01-09,30.5,1
4286,2014-01-14,31.8,2
4286,2014-01-15,29.26,3
4286,2014-01-22,33.32,4
4286,2014-03-16,36.16,5
4286,2014-03-19,51.96,6
4286,2014-03-23,32.92,7
4286,2014-04-10,31.51,8
4286,2014-04-28,28.53,9
4286,2014-05-16,24.9,10
4286,2014-05-24,29.78,11
4286,2014-06-09,55.35,12
4286,2014-06-13,30.04,13
4286,2014-06-18,52.73,14
4286,2014-07-05,33.45,15
4286,2014-08-10,25.08,16
4286,2014-08-25,36.99,17
4286,2014-08-30,30.46,18
4286,2014-09-11,27.26,19
4478,2013-03-24,37.05,1
4478,2013-03-31,26.59,2
4478,2013-04-04,45.35,3
4478,2013-04-07,30.05,4
4478,2013-08-16,33.1,5
4478,2013-08-30,25.84,6
4478,2013-09-28,29.71,7
4478,2013-10-08,40.74,8
4478,2013-11-10,34.73,9
4478,2013-12-04,27.66,10
4478,2013-12-09,58.45,11
4478,2013-12-29,32.75,12
4478,2014-01-26,18.63,13
4478,2014-02-04,35.26,14
4478,2014-04-21,30.89,15
4478,2014-04-25,26.25,16
4478,2014-05-03,27.33,17
4478,2014-07-10,39.6,18
4201,2013-03-03,28.94,1
4201,2013-03-27,37.23,2
4201,2013-04-03,20.73,3
4201,2013-07-02,31.59,4
4201,2013-07-04,40.17,5
4201,2013-10-12,18.61,6
4201,2013-11-13,22.89,7
4201,2013-12-02,32.34,8
4201,2014-02-03,23.19,9
4201,2014-02-23,31.93,10
4201,2014-03-19,36.33,11
4201,2014-03-20,12.9,12
4201,2014-04-10,25.76,13
4201,2014-08-27,14.38,14
10084,2014-05-18,4.81,1
10084,2014-08-04,7.34,2
10084,2014-08-05,6.92,3
10084,2014-08-17,5.47,4
10084,2014-09-26,8.46,5
7004,2013-03-16,12.07,1
7004,2013-12-04,9.69,2
7004,2014-01-18,13.5,3
7004,2014-04-19,9.28,4
7004,2014-04-27,8.48,5
7004,2014-07-15,7.98,6
9817,2012-10-12,46.78,1
9817,2012-10-21,51.84,2
9817,2012-11-08,36.36,3
9817,2012-11-15,37.24,4
9817,2013-01-15,43.1,5
9817,2013-01-19,33.52,6
9817,2013-02-11,36.36,7
9817,2013-02-12,41.44,8
9817,2013-03-06,56.1,9
9817,2013-04-21,31.86,10
9817,2013-05-09,43.95,11
9817,2013-06-01,32.89,12
9817,2013-06-21,36.81,13
9817,2013-08-01,38.43,14
9817,2013-08-06,57.42,15
9817,2013-08-23,30.57,16
9817,2013-08-29,40.48,17
9817,2013-10-31,36.76,18
9817,2013-12-23,36.04,19
9817,2014-01-10,26.47,20
9817,2014-01-27,53.59,21
9817,2014-02-26,50.39,22
9817,2014-03-05,53.81,23
9817,2014-05-23,42.83,24
9817,2014-07-26,33.95,25
8080,2013-01-06,5.16,1
8080,2013-01-17,6.94,2
8080,2014-08-16,6.9,3
9432,2013-06-02,8.98,1
9432,2013-08-07,4.15,2
9432,2013-10-04,5.92,3
9432,2013-12-18,6.68,4
9432,2014-03-11,8.89,5
9432,2014-03-18,9.04,6
9432,2014-09-12,6.33,7
10870,2013-06-13,58.87,1
10870,2013-06-25,50.02,2
10870,2013-06-28,91.57,3
10870,2013-10-28,55.56,4
10870,2013-11-23,69.24,5
10870,2013-12-10,55.86,6
10870,2014-01-02,93.91,7
10870,2014-02-10,55.82,8
10870,2014-03-04,86.51,9
10870,2014-03-24,70.34,10
10870,2014-04-07,53.84,11
10870,2014-05-18,64.05,12
10870,2014-05-22,103.28,13
10870,2014-05-26,63.14,14
10870,2014-06-06,60.53,15
10870,2014-08-20,61.44,16
7270,2014-01-25,85.2,1
7270,2014-03-17,54.38,2
7270,2014-03-18,81.0,3
7270,2014-03-24,58.22,4
7270,2014-03-27,65.61,5
7270,2014-03-27,70.24,6
7270,2014-03-28,73.3,7
7270,2014-04-18,49.8,8
7270,2014-05-10,65.45,9
7270,2014-05-15,71.05,10
7270,2014-05-18,61.73,11
7270,2014-05-18,74.95,12
7270,2014-05-29,89.5,13
7270,2014-05-31,44.24,14
7270,2014-06-07,67.83,15
7270,2014-06-13,76.25,16
7270,2014-06-29,59.46,17
7270,2014-07-06,68.8,18
8235,2014-01-24,28.77,1
8235,2014-02-26,18.92,2
8235,2014-03-04,35.06,3
8235,2014-03-23,28.67,4
8235,2014-03-29,37.59,5
8235,2014-04-06,34.64,6
8235,2014-04-24,50.78,7
8235,2014-05-13,47.13,8
8235,2014-05-15,44.19,9
8235,2014-05-26,36.83,10
8235,2014-06-02,41.17,11
8235,2014-06-03,38.27,12
8235,2014-06-06,35.77,13
8235,2014-06-16,23.08,14
8235,2014-06-20,39.28,15
8235,2014-06-30,25.13,16
8235,2014-07-02,46.38,17
8235,2014-07-11,27.16,18
8235,2014-07-20,37.56,19
8235,2014-09-07,60.2,20
8235,2014-09-27,45.41,21
9405,2012-10-15,22.22,1
9405,2012-11-18,26.89,2
9405,2013-04-10,15.82,3
9405,2013-04-20,18.37,4
9405,2013-04-24,17.12,5
9405,2013-06-08,18.4,6
9405,2013-10-07,13.78,7
9405,2014-08-26,18.41,8
